solid ASCII
  facet normal 0.000000e+00 0.000000e+00 -1.000000e+00
    outer loop
      vertex   -4.025008e+01 -4.480918e+01 -7.300000e+00
      vertex   -3.987876e+01 -4.480918e+01 -7.300000e+00
      vertex   -4.025008e+01 -4.830918e+01 -7.300000e+00
    endloop
  endfacet
  facet normal 0.000000e+00 0.000000e+00 -1.000000e+00
    outer loop
      vertex   -4.025008e+01 -4.830918e+01 -7.300000e+00
      vertex   -3.987876e+01 -4.480918e+01 -7.300000e+00
      vertex   -3.987876e+01 -4.830918e+01 -7.300000e+00
    endloop
  endfacet
  facet normal 0.000000e+00 0.000000e+00 -1.000000e+00
    outer loop
      vertex   -3.987876e+01 -4.830918e+01 -7.300000e+00
      vertex   -3.987876e+01 -4.480918e+01 -7.300000e+00
      vertex   -3.953576e+01 -4.777967e+01 -7.300000e+00
    endloop
  endfacet
  facet normal 0.000000e+00 0.000000e+00 -1.000000e+00
    outer loop
      vertex   -3.953576e+01 -4.777967e+01 -7.300000e+00
      vertex   -3.987876e+01 -4.480918e+01 -7.300000e+00
      vertex   -3.953576e+01 -4.533869e+01 -7.300000e+00
    endloop
  endfacet
  facet normal 0.000000e+00 0.000000e+00 -1.000000e+00
    outer loop
      vertex   -3.953576e+01 -4.777967e+01 -7.300000e+00
      vertex   -3.953576e+01 -4.533869e+01 -7.300000e+00
      vertex   -3.932245e+01 -4.718592e+01 -7.300000e+00
    endloop
  endfacet
  facet normal 0.000000e+00 0.000000e+00 -1.000000e+00
    outer loop
      vertex   -3.932245e+01 -4.718592e+01 -7.300000e+00
      vertex   -3.953576e+01 -4.533869e+01 -7.300000e+00
      vertex   -3.932245e+01 -4.593244e+01 -7.300000e+00
    endloop
  endfacet
  facet normal 0.000000e+00 0.000000e+00 -1.000000e+00
    outer loop
      vertex   -3.932245e+01 -4.718592e+01 -7.300000e+00
      vertex   -3.932245e+01 -4.593244e+01 -7.300000e+00
      vertex   -3.925008e+01 -4.655918e+01 -7.300000e+00
    endloop
  endfacet
  facet normal -0.000000e+00 0.000000e+00 -1.000000e+00
    outer loop
      vertex   4.446441e+01 1.622047e+01 -7.300000e+00
      vertex   4.412140e+01 1.569096e+01 -7.300000e+00
      vertex   4.412140e+01 1.919096e+01 -7.300000e+00
    endloop
  endfacet
  facet normal 0.000000e+00 -0.000000e+00 -1.000000e+00
    outer loop
      vertex   4.412140e+01 1.919096e+01 -7.300000e+00
      vertex   4.412140e+01 1.569096e+01 -7.300000e+00
      vertex   4.375008e+01 1.569096e+01 -7.300000e+00
    endloop
  endfacet
  facet normal -0.000000e+00 0.000000e+00 -1.000000e+00
    outer loop
      vertex   4.412140e+01 1.919096e+01 -7.300000e+00
      vertex   4.375008e+01 1.569096e+01 -7.300000e+00
      vertex   4.375008e+01 1.919096e+01 -7.300000e+00
    endloop
  endfacet
  facet normal 0.000000e+00 0.000000e+00 -1.000000e+00
    outer loop
      vertex   4.412140e+01 1.919096e+01 -7.300000e+00
      vertex   4.446441e+01 1.866145e+01 -7.300000e+00
      vertex   4.446441e+01 1.622047e+01 -7.300000e+00
    endloop
  endfacet
  facet normal 0.000000e+00 0.000000e+00 -1.000000e+00
    outer loop
      vertex   4.446441e+01 1.622047e+01 -7.300000e+00
      vertex   4.446441e+01 1.866145e+01 -7.300000e+00
      vertex   4.467771e+01 1.681422e+01 -7.300000e+00
    endloop
  endfacet
  facet normal 0.000000e+00 0.000000e+00 -1.000000e+00
    outer loop
      vertex   4.467771e+01 1.681422e+01 -7.300000e+00
      vertex   4.446441e+01 1.866145e+01 -7.300000e+00
      vertex   4.467771e+01 1.806769e+01 -7.300000e+00
    endloop
  endfacet
  facet normal 0.000000e+00 0.000000e+00 -1.000000e+00
    outer loop
      vertex   4.467771e+01 1.681422e+01 -7.300000e+00
      vertex   4.467771e+01 1.806769e+01 -7.300000e+00
      vertex   4.475008e+01 1.744096e+01 -7.300000e+00
    endloop
  endfacet
  facet normal -0.000000e+00 -0.000000e+00 -1.000000e+00
    outer loop
      vertex   -4.375008e+01 1.919096e+01 -7.300000e+00
      vertex   -4.375008e+01 1.569096e+01 -7.300000e+00
      vertex   -4.412140e+01 1.919096e+01 -7.300000e+00
    endloop
  endfacet
  facet normal 0.000000e+00 0.000000e+00 -1.000000e+00
    outer loop
      vertex   -4.412140e+01 1.919096e+01 -7.300000e+00
      vertex   -4.375008e+01 1.569096e+01 -7.300000e+00
      vertex   -4.412140e+01 1.569096e+01 -7.300000e+00
    endloop
  endfacet
  facet normal 0.000000e+00 -0.000000e+00 -1.000000e+00
    outer loop
      vertex   -4.412140e+01 1.919096e+01 -7.300000e+00
      vertex   -4.412140e+01 1.569096e+01 -7.300000e+00
      vertex   -4.446441e+01 1.622047e+01 -7.300000e+00
    endloop
  endfacet
  facet normal 0.000000e+00 0.000000e+00 -1.000000e+00
    outer loop
      vertex   -4.412140e+01 1.919096e+01 -7.300000e+00
      vertex   -4.446441e+01 1.622047e+01 -7.300000e+00
      vertex   -4.446441e+01 1.866145e+01 -7.300000e+00
    endloop
  endfacet
  facet normal 0.000000e+00 -0.000000e+00 -1.000000e+00
    outer loop
      vertex   -4.446441e+01 1.866145e+01 -7.300000e+00
      vertex   -4.446441e+01 1.622047e+01 -7.300000e+00
      vertex   -4.467771e+01 1.681422e+01 -7.300000e+00
    endloop
  endfacet
  facet normal 0.000000e+00 0.000000e+00 -1.000000e+00
    outer loop
      vertex   -4.446441e+01 1.866145e+01 -7.300000e+00
      vertex   -4.467771e+01 1.681422e+01 -7.300000e+00
      vertex   -4.467771e+01 1.806769e+01 -7.300000e+00
    endloop
  endfacet
  facet normal 0.000000e+00 -0.000000e+00 -1.000000e+00
    outer loop
      vertex   -4.467771e+01 1.806769e+01 -7.300000e+00
      vertex   -4.467771e+01 1.681422e+01 -7.300000e+00
      vertex   -4.475008e+01 1.744096e+01 -7.300000e+00
    endloop
  endfacet
  facet normal -0.000000e+00 -0.000000e+00 -1.000000e+00
    outer loop
      vertex   4.025008e+01 -4.480918e+01 -7.300000e+00
      vertex   4.025008e+01 -4.830918e+01 -7.300000e+00
      vertex   3.987876e+01 -4.480918e+01 -7.300000e+00
    endloop
  endfacet
  facet normal 0.000000e+00 0.000000e+00 -1.000000e+00
    outer loop
      vertex   3.987876e+01 -4.480918e+01 -7.300000e+00
      vertex   4.025008e+01 -4.830918e+01 -7.300000e+00
      vertex   3.987876e+01 -4.830918e+01 -7.300000e+00
    endloop
  endfacet
  facet normal 0.000000e+00 -0.000000e+00 -1.000000e+00
    outer loop
      vertex   3.987876e+01 -4.480918e+01 -7.300000e+00
      vertex   3.987876e+01 -4.830918e+01 -7.300000e+00
      vertex   3.953575e+01 -4.777967e+01 -7.300000e+00
    endloop
  endfacet
  facet normal 0.000000e+00 0.000000e+00 -1.000000e+00
    outer loop
      vertex   3.987876e+01 -4.480918e+01 -7.300000e+00
      vertex   3.953575e+01 -4.777967e+01 -7.300000e+00
      vertex   3.953575e+01 -4.533869e+01 -7.300000e+00
    endloop
  endfacet
  facet normal 0.000000e+00 -0.000000e+00 -1.000000e+00
    outer loop
      vertex   3.953575e+01 -4.533869e+01 -7.300000e+00
      vertex   3.953575e+01 -4.777967e+01 -7.300000e+00
      vertex   3.932245e+01 -4.718592e+01 -7.300000e+00
    endloop
  endfacet
  facet normal 0.000000e+00 0.000000e+00 -1.000000e+00
    outer loop
      vertex   3.953575e+01 -4.533869e+01 -7.300000e+00
      vertex   3.932245e+01 -4.718592e+01 -7.300000e+00
      vertex   3.932245e+01 -4.593244e+01 -7.300000e+00
    endloop
  endfacet
  facet normal 0.000000e+00 -0.000000e+00 -1.000000e+00
    outer loop
      vertex   3.932245e+01 -4.593244e+01 -7.300000e+00
      vertex   3.932245e+01 -4.718592e+01 -7.300000e+00
      vertex   3.925008e+01 -4.655918e+01 -7.300000e+00
    endloop
  endfacet
  facet normal -0.000000e+00 -0.000000e+00 -1.000000e+00
    outer loop
      vertex   -4.375008e+01 -4.480918e+01 -7.300000e+00
      vertex   -4.375008e+01 -4.830918e+01 -7.300000e+00
      vertex   -4.412140e+01 -4.480918e+01 -7.300000e+00
    endloop
  endfacet
  facet normal 0.000000e+00 0.000000e+00 -1.000000e+00
    outer loop
      vertex   -4.412140e+01 -4.480918e+01 -7.300000e+00
      vertex   -4.375008e+01 -4.830918e+01 -7.300000e+00
      vertex   -4.412140e+01 -4.830918e+01 -7.300000e+00
    endloop
  endfacet
  facet normal 0.000000e+00 -0.000000e+00 -1.000000e+00
    outer loop
      vertex   -4.412140e+01 -4.480918e+01 -7.300000e+00
      vertex   -4.412140e+01 -4.830918e+01 -7.300000e+00
      vertex   -4.446441e+01 -4.777967e+01 -7.300000e+00
    endloop
  endfacet
  facet normal 0.000000e+00 0.000000e+00 -1.000000e+00
    outer loop
      vertex   -4.412140e+01 -4.480918e+01 -7.300000e+00
      vertex   -4.446441e+01 -4.777967e+01 -7.300000e+00
      vertex   -4.446441e+01 -4.533869e+01 -7.300000e+00
    endloop
  endfacet
  facet normal 0.000000e+00 -0.000000e+00 -1.000000e+00
    outer loop
      vertex   -4.446441e+01 -4.533869e+01 -7.300000e+00
      vertex   -4.446441e+01 -4.777967e+01 -7.300000e+00
      vertex   -4.467771e+01 -4.718592e+01 -7.300000e+00
    endloop
  endfacet
  facet normal 0.000000e+00 0.000000e+00 -1.000000e+00
    outer loop
      vertex   -4.446441e+01 -4.533869e+01 -7.300000e+00
      vertex   -4.467771e+01 -4.718592e+01 -7.300000e+00
      vertex   -4.467771e+01 -4.593244e+01 -7.300000e+00
    endloop
  endfacet
  facet normal 0.000000e+00 -0.000000e+00 -1.000000e+00
    outer loop
      vertex   -4.467771e+01 -4.593244e+01 -7.300000e+00
      vertex   -4.467771e+01 -4.718592e+01 -7.300000e+00
      vertex   -4.475008e+01 -4.655918e+01 -7.300000e+00
    endloop
  endfacet
  facet normal -0.000000e+00 -0.000000e+00 -1.000000e+00
    outer loop
      vertex   4.025008e+01 1.919096e+01 -7.300000e+00
      vertex   4.025008e+01 1.569096e+01 -7.300000e+00
      vertex   3.987876e+01 1.919096e+01 -7.300000e+00
    endloop
  endfacet
  facet normal 0.000000e+00 0.000000e+00 -1.000000e+00
    outer loop
      vertex   3.987876e+01 1.919096e+01 -7.300000e+00
      vertex   4.025008e+01 1.569096e+01 -7.300000e+00
      vertex   3.987876e+01 1.569096e+01 -7.300000e+00
    endloop
  endfacet
  facet normal 0.000000e+00 -0.000000e+00 -1.000000e+00
    outer loop
      vertex   3.987876e+01 1.919096e+01 -7.300000e+00
      vertex   3.987876e+01 1.569096e+01 -7.300000e+00
      vertex   3.953575e+01 1.622047e+01 -7.300000e+00
    endloop
  endfacet
  facet normal 0.000000e+00 0.000000e+00 -1.000000e+00
    outer loop
      vertex   3.987876e+01 1.919096e+01 -7.300000e+00
      vertex   3.953575e+01 1.622047e+01 -7.300000e+00
      vertex   3.953575e+01 1.866145e+01 -7.300000e+00
    endloop
  endfacet
  facet normal 0.000000e+00 -0.000000e+00 -1.000000e+00
    outer loop
      vertex   3.953575e+01 1.866145e+01 -7.300000e+00
      vertex   3.953575e+01 1.622047e+01 -7.300000e+00
      vertex   3.932245e+01 1.681422e+01 -7.300000e+00
    endloop
  endfacet
  facet normal 0.000000e+00 0.000000e+00 -1.000000e+00
    outer loop
      vertex   3.953575e+01 1.866145e+01 -7.300000e+00
      vertex   3.932245e+01 1.681422e+01 -7.300000e+00
      vertex   3.932245e+01 1.806769e+01 -7.300000e+00
    endloop
  endfacet
  facet normal 0.000000e+00 -0.000000e+00 -1.000000e+00
    outer loop
      vertex   3.932245e+01 1.806769e+01 -7.300000e+00
      vertex   3.932245e+01 1.681422e+01 -7.300000e+00
      vertex   3.925008e+01 1.744096e+01 -7.300000e+00
    endloop
  endfacet
  facet normal 0.000000e+00 0.000000e+00 -1.000000e+00
    outer loop
      vertex   -4.025008e+01 1.919096e+01 -7.300000e+00
      vertex   -3.987876e+01 1.919096e+01 -7.300000e+00
      vertex   -4.025008e+01 1.569096e+01 -7.300000e+00
    endloop
  endfacet
  facet normal 0.000000e+00 0.000000e+00 -1.000000e+00
    outer loop
      vertex   -4.025008e+01 1.569096e+01 -7.300000e+00
      vertex   -3.987876e+01 1.919096e+01 -7.300000e+00
      vertex   -3.987876e+01 1.569096e+01 -7.300000e+00
    endloop
  endfacet
  facet normal 0.000000e+00 0.000000e+00 -1.000000e+00
    outer loop
      vertex   -3.987876e+01 1.569096e+01 -7.300000e+00
      vertex   -3.987876e+01 1.919096e+01 -7.300000e+00
      vertex   -3.953576e+01 1.622047e+01 -7.300000e+00
    endloop
  endfacet
  facet normal 0.000000e+00 0.000000e+00 -1.000000e+00
    outer loop
      vertex   -3.953576e+01 1.622047e+01 -7.300000e+00
      vertex   -3.987876e+01 1.919096e+01 -7.300000e+00
      vertex   -3.953576e+01 1.866145e+01 -7.300000e+00
    endloop
  endfacet
  facet normal 0.000000e+00 0.000000e+00 -1.000000e+00
    outer loop
      vertex   -3.953576e+01 1.622047e+01 -7.300000e+00
      vertex   -3.953576e+01 1.866145e+01 -7.300000e+00
      vertex   -3.932245e+01 1.681422e+01 -7.300000e+00
    endloop
  endfacet
  facet normal 0.000000e+00 0.000000e+00 -1.000000e+00
    outer loop
      vertex   -3.932245e+01 1.681422e+01 -7.300000e+00
      vertex   -3.953576e+01 1.866145e+01 -7.300000e+00
      vertex   -3.932245e+01 1.806769e+01 -7.300000e+00
    endloop
  endfacet
  facet normal 0.000000e+00 0.000000e+00 -1.000000e+00
    outer loop
      vertex   -3.932245e+01 1.681422e+01 -7.300000e+00
      vertex   -3.932245e+01 1.806769e+01 -7.300000e+00
      vertex   -3.925008e+01 1.744096e+01 -7.300000e+00
    endloop
  endfacet
  facet normal 0.000000e+00 0.000000e+00 -1.000000e+00
    outer loop
      vertex   4.375008e+01 -4.480918e+01 -7.300000e+00
      vertex   4.412140e+01 -4.480918e+01 -7.300000e+00
      vertex   4.375008e+01 -4.830918e+01 -7.300000e+00
    endloop
  endfacet
  facet normal 0.000000e+00 0.000000e+00 -1.000000e+00
    outer loop
      vertex   4.375008e+01 -4.830918e+01 -7.300000e+00
      vertex   4.412140e+01 -4.480918e+01 -7.300000e+00
      vertex   4.412140e+01 -4.830918e+01 -7.300000e+00
    endloop
  endfacet
  facet normal 0.000000e+00 0.000000e+00 -1.000000e+00
    outer loop
      vertex   4.412140e+01 -4.830918e+01 -7.300000e+00
      vertex   4.412140e+01 -4.480918e+01 -7.300000e+00
      vertex   4.446441e+01 -4.777967e+01 -7.300000e+00
    endloop
  endfacet
  facet normal 0.000000e+00 0.000000e+00 -1.000000e+00
    outer loop
      vertex   4.446441e+01 -4.777967e+01 -7.300000e+00
      vertex   4.412140e+01 -4.480918e+01 -7.300000e+00
      vertex   4.446441e+01 -4.533869e+01 -7.300000e+00
    endloop
  endfacet
  facet normal 0.000000e+00 0.000000e+00 -1.000000e+00
    outer loop
      vertex   4.446441e+01 -4.777967e+01 -7.300000e+00
      vertex   4.446441e+01 -4.533869e+01 -7.300000e+00
      vertex   4.467771e+01 -4.718592e+01 -7.300000e+00
    endloop
  endfacet
  facet normal 0.000000e+00 0.000000e+00 -1.000000e+00
    outer loop
      vertex   4.467771e+01 -4.718592e+01 -7.300000e+00
      vertex   4.446441e+01 -4.533869e+01 -7.300000e+00
      vertex   4.467771e+01 -4.593244e+01 -7.300000e+00
    endloop
  endfacet
  facet normal 0.000000e+00 0.000000e+00 -1.000000e+00
    outer loop
      vertex   4.467771e+01 -4.718592e+01 -7.300000e+00
      vertex   4.467771e+01 -4.593244e+01 -7.300000e+00
      vertex   4.475008e+01 -4.655918e+01 -7.300000e+00
    endloop
  endfacet
  facet normal -1.000000e+00 -0.000000e+00 -0.000000e+00
    outer loop
      vertex   4.375008e+01 1.919096e+01 -7.100000e+00
      vertex   4.375008e+01 1.919096e+01 -7.300000e+00
      vertex   4.375008e+01 1.744096e+01 -7.100000e+00
    endloop
  endfacet
  facet normal -1.000000e+00 0.000000e+00 -0.000000e+00
    outer loop
      vertex   4.375008e+01 1.744096e+01 -7.100000e+00
      vertex   4.375008e+01 1.919096e+01 -7.300000e+00
      vertex   4.375008e+01 1.569096e+01 -7.300000e+00
    endloop
  endfacet
  facet normal -1.000000e+00 -0.000000e+00 0.000000e+00
    outer loop
      vertex   4.375008e+01 1.744096e+01 -7.100000e+00
      vertex   4.375008e+01 1.569096e+01 -7.300000e+00
      vertex   4.375008e+01 1.569096e+01 -7.100000e+00
    endloop
  endfacet
  facet normal 0.000000e+00 0.000000e+00 -1.000000e+00
    outer loop
      vertex   -3.987876e+01 -4.480918e+01 -7.500000e+00
      vertex   -4.412140e+01 -4.480918e+01 -7.500000e+00
      vertex   -4.038149e+01 -4.433597e+01 -7.500000e+00
    endloop
  endfacet
  facet normal 0.000000e+00 0.000000e+00 -1.000000e+00
    outer loop
      vertex   -4.038149e+01 -4.433597e+01 -7.500000e+00
      vertex   -4.412140e+01 -4.480918e+01 -7.500000e+00
      vertex   -4.361868e+01 -4.433597e+01 -7.500000e+00
    endloop
  endfacet
  facet normal -0.000000e+00 0.000000e+00 -1.000000e+00
    outer loop
      vertex   -4.038149e+01 -4.433597e+01 -7.500000e+00
      vertex   -4.361868e+01 -4.433597e+01 -7.500000e+00
      vertex   -4.098623e+01 -4.400289e+01 -7.500000e+00
    endloop
  endfacet
  facet normal 0.000000e+00 0.000000e+00 -1.000000e+00
    outer loop
      vertex   -4.098623e+01 -4.400289e+01 -7.500000e+00
      vertex   -4.361868e+01 -4.433597e+01 -7.500000e+00
      vertex   -4.301393e+01 -4.400289e+01 -7.500000e+00
    endloop
  endfacet
  facet normal -0.000000e+00 0.000000e+00 -1.000000e+00
    outer loop
      vertex   -4.098623e+01 -4.400289e+01 -7.500000e+00
      vertex   -4.301393e+01 -4.400289e+01 -7.500000e+00
      vertex   -4.165488e+01 -4.383093e+01 -7.500000e+00
    endloop
  endfacet
  facet normal -0.000000e+00 0.000000e+00 -1.000000e+00
    outer loop
      vertex   -4.165488e+01 -4.383093e+01 -7.500000e+00
      vertex   -4.301393e+01 -4.400289e+01 -7.500000e+00
      vertex   -4.234529e+01 -4.383093e+01 -7.500000e+00
    endloop
  endfacet
  facet normal 1.000000e+00 -0.000000e+00 0.000000e+00
    outer loop
      vertex   4.025008e+01 1.569096e+01 -7.100000e+00
      vertex   4.025008e+01 1.569096e+01 -7.300000e+00
      vertex   4.025008e+01 1.744096e+01 -7.100000e+00
    endloop
  endfacet
  facet normal 1.000000e+00 0.000000e+00 0.000000e+00
    outer loop
      vertex   4.025008e+01 1.744096e+01 -7.100000e+00
      vertex   4.025008e+01 1.569096e+01 -7.300000e+00
      vertex   4.025008e+01 1.919096e+01 -7.300000e+00
    endloop
  endfacet
  facet normal 1.000000e+00 -0.000000e+00 0.000000e+00
    outer loop
      vertex   4.025008e+01 1.744096e+01 -7.100000e+00
      vertex   4.025008e+01 1.919096e+01 -7.300000e+00
      vertex   4.025008e+01 1.919096e+01 -7.100000e+00
    endloop
  endfacet
  facet normal 0.000000e+00 0.000000e+00 -1.000000e+00
    outer loop
      vertex   3.987876e+01 1.569096e+01 -7.500000e+00
      vertex   4.412140e+01 1.569096e+01 -7.500000e+00
      vertex   4.038149e+01 1.521775e+01 -7.500000e+00
    endloop
  endfacet
  facet normal 0.000000e+00 0.000000e+00 -1.000000e+00
    outer loop
      vertex   4.038149e+01 1.521775e+01 -7.500000e+00
      vertex   4.412140e+01 1.569096e+01 -7.500000e+00
      vertex   4.361868e+01 1.521775e+01 -7.500000e+00
    endloop
  endfacet
  facet normal 0.000000e+00 0.000000e+00 -1.000000e+00
    outer loop
      vertex   4.038149e+01 1.521775e+01 -7.500000e+00
      vertex   4.361868e+01 1.521775e+01 -7.500000e+00
      vertex   4.098623e+01 1.488467e+01 -7.500000e+00
    endloop
  endfacet
  facet normal 0.000000e+00 0.000000e+00 -1.000000e+00
    outer loop
      vertex   4.098623e+01 1.488467e+01 -7.500000e+00
      vertex   4.361868e+01 1.521775e+01 -7.500000e+00
      vertex   4.301393e+01 1.488467e+01 -7.500000e+00
    endloop
  endfacet
  facet normal 0.000000e+00 0.000000e+00 -1.000000e+00
    outer loop
      vertex   4.098623e+01 1.488467e+01 -7.500000e+00
      vertex   4.301393e+01 1.488467e+01 -7.500000e+00
      vertex   4.165488e+01 1.471271e+01 -7.500000e+00
    endloop
  endfacet
  facet normal 0.000000e+00 0.000000e+00 -1.000000e+00
    outer loop
      vertex   4.165488e+01 1.471271e+01 -7.500000e+00
      vertex   4.301393e+01 1.488467e+01 -7.500000e+00
      vertex   4.234528e+01 1.471271e+01 -7.500000e+00
    endloop
  endfacet
  facet normal 0.000000e+00 0.000000e+00 -1.000000e+00
    outer loop
      vertex   4.412140e+01 1.919096e+01 -7.500000e+00
      vertex   3.987876e+01 1.919096e+01 -7.500000e+00
      vertex   4.361868e+01 1.966417e+01 -7.500000e+00
    endloop
  endfacet
  facet normal -0.000000e+00 0.000000e+00 -1.000000e+00
    outer loop
      vertex   4.361868e+01 1.966417e+01 -7.500000e+00
      vertex   3.987876e+01 1.919096e+01 -7.500000e+00
      vertex   4.038149e+01 1.966417e+01 -7.500000e+00
    endloop
  endfacet
  facet normal 0.000000e+00 0.000000e+00 -1.000000e+00
    outer loop
      vertex   4.361868e+01 1.966417e+01 -7.500000e+00
      vertex   4.038149e+01 1.966417e+01 -7.500000e+00
      vertex   4.301393e+01 1.999725e+01 -7.500000e+00
    endloop
  endfacet
  facet normal -0.000000e+00 0.000000e+00 -1.000000e+00
    outer loop
      vertex   4.301393e+01 1.999725e+01 -7.500000e+00
      vertex   4.038149e+01 1.966417e+01 -7.500000e+00
      vertex   4.098623e+01 1.999725e+01 -7.500000e+00
    endloop
  endfacet
  facet normal 0.000000e+00 0.000000e+00 -1.000000e+00
    outer loop
      vertex   4.301393e+01 1.999725e+01 -7.500000e+00
      vertex   4.098623e+01 1.999725e+01 -7.500000e+00
      vertex   4.234528e+01 2.016921e+01 -7.500000e+00
    endloop
  endfacet
  facet normal -0.000000e+00 0.000000e+00 -1.000000e+00
    outer loop
      vertex   4.234528e+01 2.016921e+01 -7.500000e+00
      vertex   4.098623e+01 1.999725e+01 -7.500000e+00
      vertex   4.165488e+01 2.016921e+01 -7.500000e+00
    endloop
  endfacet
  facet normal 0.000000e+00 0.000000e+00 -1.000000e+00
    outer loop
      vertex   -4.412140e+01 1.569096e+01 -7.500000e+00
      vertex   -3.987876e+01 1.569096e+01 -7.500000e+00
      vertex   -4.361868e+01 1.521775e+01 -7.500000e+00
    endloop
  endfacet
  facet normal 0.000000e+00 0.000000e+00 -1.000000e+00
    outer loop
      vertex   -4.361868e+01 1.521775e+01 -7.500000e+00
      vertex   -3.987876e+01 1.569096e+01 -7.500000e+00
      vertex   -4.038149e+01 1.521775e+01 -7.500000e+00
    endloop
  endfacet
  facet normal 0.000000e+00 0.000000e+00 -1.000000e+00
    outer loop
      vertex   -4.361868e+01 1.521775e+01 -7.500000e+00
      vertex   -4.038149e+01 1.521775e+01 -7.500000e+00
      vertex   -4.301393e+01 1.488467e+01 -7.500000e+00
    endloop
  endfacet
  facet normal 0.000000e+00 0.000000e+00 -1.000000e+00
    outer loop
      vertex   -4.301393e+01 1.488467e+01 -7.500000e+00
      vertex   -4.038149e+01 1.521775e+01 -7.500000e+00
      vertex   -4.098623e+01 1.488467e+01 -7.500000e+00
    endloop
  endfacet
  facet normal 0.000000e+00 0.000000e+00 -1.000000e+00
    outer loop
      vertex   -4.301393e+01 1.488467e+01 -7.500000e+00
      vertex   -4.098623e+01 1.488467e+01 -7.500000e+00
      vertex   -4.234529e+01 1.471271e+01 -7.500000e+00
    endloop
  endfacet
  facet normal 0.000000e+00 0.000000e+00 -1.000000e+00
    outer loop
      vertex   -4.234529e+01 1.471271e+01 -7.500000e+00
      vertex   -4.098623e+01 1.488467e+01 -7.500000e+00
      vertex   -4.165488e+01 1.471271e+01 -7.500000e+00
    endloop
  endfacet
  facet normal 0.000000e+00 0.000000e+00 -1.000000e+00
    outer loop
      vertex   3.987876e+01 -4.830918e+01 -7.500000e+00
      vertex   4.412140e+01 -4.830918e+01 -7.500000e+00
      vertex   4.038149e+01 -4.878239e+01 -7.500000e+00
    endloop
  endfacet
  facet normal 0.000000e+00 0.000000e+00 -1.000000e+00
    outer loop
      vertex   4.038149e+01 -4.878239e+01 -7.500000e+00
      vertex   4.412140e+01 -4.830918e+01 -7.500000e+00
      vertex   4.361868e+01 -4.878239e+01 -7.500000e+00
    endloop
  endfacet
  facet normal 0.000000e+00 0.000000e+00 -1.000000e+00
    outer loop
      vertex   4.038149e+01 -4.878239e+01 -7.500000e+00
      vertex   4.361868e+01 -4.878239e+01 -7.500000e+00
      vertex   4.098623e+01 -4.911547e+01 -7.500000e+00
    endloop
  endfacet
  facet normal 0.000000e+00 0.000000e+00 -1.000000e+00
    outer loop
      vertex   4.098623e+01 -4.911547e+01 -7.500000e+00
      vertex   4.361868e+01 -4.878239e+01 -7.500000e+00
      vertex   4.301393e+01 -4.911547e+01 -7.500000e+00
    endloop
  endfacet
  facet normal 0.000000e+00 0.000000e+00 -1.000000e+00
    outer loop
      vertex   4.098623e+01 -4.911547e+01 -7.500000e+00
      vertex   4.301393e+01 -4.911547e+01 -7.500000e+00
      vertex   4.165488e+01 -4.928743e+01 -7.500000e+00
    endloop
  endfacet
  facet normal 0.000000e+00 0.000000e+00 -1.000000e+00
    outer loop
      vertex   4.165488e+01 -4.928743e+01 -7.500000e+00
      vertex   4.301393e+01 -4.911547e+01 -7.500000e+00
      vertex   4.234528e+01 -4.928743e+01 -7.500000e+00
    endloop
  endfacet
  facet normal 0.000000e+00 -1.000000e+00 0.000000e+00
    outer loop
      vertex   -4.412140e+01 -4.480918e+01 -7.300000e+00
      vertex   -4.412140e+01 -4.480918e+01 -7.500000e+00
      vertex   -4.375008e+01 -4.480918e+01 -7.300000e+00
    endloop
  endfacet
  facet normal 0.000000e+00 -1.000000e+00 -0.000000e+00
    outer loop
      vertex   -4.375008e+01 -4.480918e+01 -7.300000e+00
      vertex   -4.412140e+01 -4.480918e+01 -7.500000e+00
      vertex   -3.987876e+01 -4.480918e+01 -7.500000e+00
    endloop
  endfacet
  facet normal 0.000000e+00 -1.000000e+00 0.000000e+00
    outer loop
      vertex   -4.375008e+01 -4.480918e+01 -7.300000e+00
      vertex   -3.987876e+01 -4.480918e+01 -7.500000e+00
      vertex   -4.025008e+01 -4.480918e+01 -7.300000e+00
    endloop
  endfacet
  facet normal 0.000000e+00 -1.000000e+00 0.000000e+00
    outer loop
      vertex   -4.025008e+01 -4.480918e+01 -7.300000e+00
      vertex   -3.987876e+01 -4.480918e+01 -7.500000e+00
      vertex   -3.987876e+01 -4.480918e+01 -7.300000e+00
    endloop
  endfacet
  facet normal -0.000000e+00 -1.000000e+00 -0.000000e+00
    outer loop
      vertex   -4.025008e+01 -4.480918e+01 -7.100000e+00
      vertex   -4.200008e+01 -4.480918e+01 -7.100000e+00
      vertex   -4.025008e+01 -4.480918e+01 -7.300000e+00
    endloop
  endfacet
  facet normal 0.000000e+00 -1.000000e+00 0.000000e+00
    outer loop
      vertex   -4.025008e+01 -4.480918e+01 -7.300000e+00
      vertex   -4.200008e+01 -4.480918e+01 -7.100000e+00
      vertex   -4.375008e+01 -4.480918e+01 -7.300000e+00
    endloop
  endfacet
  facet normal -0.000000e+00 -1.000000e+00 0.000000e+00
    outer loop
      vertex   -4.200008e+01 -4.480918e+01 -7.100000e+00
      vertex   -4.375008e+01 -4.480918e+01 -7.100000e+00
      vertex   -4.375008e+01 -4.480918e+01 -7.300000e+00
    endloop
  endfacet
  facet normal 0.000000e+00 0.000000e+00 -1.000000e+00
    outer loop
      vertex   -4.025008e+01 -4.655918e+01 -7.100000e+00
      vertex   -4.030971e+01 -4.610625e+01 -7.100000e+00
      vertex   -4.025008e+01 -4.480918e+01 -7.100000e+00
    endloop
  endfacet
  facet normal 0.000000e+00 0.000000e+00 -1.000000e+00
    outer loop
      vertex   -4.025008e+01 -4.480918e+01 -7.100000e+00
      vertex   -4.030971e+01 -4.610625e+01 -7.100000e+00
      vertex   -4.048454e+01 -4.568418e+01 -7.100000e+00
    endloop
  endfacet
  facet normal 0.000000e+00 0.000000e+00 -1.000000e+00
    outer loop
      vertex   -4.025008e+01 -4.480918e+01 -7.100000e+00
      vertex   -4.048454e+01 -4.568418e+01 -7.100000e+00
      vertex   -4.076265e+01 -4.532175e+01 -7.100000e+00
    endloop
  endfacet
  facet normal 0.000000e+00 0.000000e+00 -1.000000e+00
    outer loop
      vertex   -4.076265e+01 -4.532175e+01 -7.100000e+00
      vertex   -4.112508e+01 -4.504364e+01 -7.100000e+00
      vertex   -4.025008e+01 -4.480918e+01 -7.100000e+00
    endloop
  endfacet
  facet normal 0.000000e+00 0.000000e+00 -1.000000e+00
    outer loop
      vertex   -4.025008e+01 -4.480918e+01 -7.100000e+00
      vertex   -4.112508e+01 -4.504364e+01 -7.100000e+00
      vertex   -4.154715e+01 -4.486881e+01 -7.100000e+00
    endloop
  endfacet
  facet normal -0.000000e+00 0.000000e+00 -1.000000e+00
    outer loop
      vertex   -4.025008e+01 -4.480918e+01 -7.100000e+00
      vertex   -4.154715e+01 -4.486881e+01 -7.100000e+00
      vertex   -4.200008e+01 -4.480918e+01 -7.100000e+00
    endloop
  endfacet
  facet normal 1.000000e+00 -0.000000e+00 0.000000e+00
    outer loop
      vertex   -4.375008e+01 -4.830918e+01 -7.100000e+00
      vertex   -4.375008e+01 -4.830918e+01 -7.300000e+00
      vertex   -4.375008e+01 -4.655918e+01 -7.100000e+00
    endloop
  endfacet
  facet normal 1.000000e+00 0.000000e+00 0.000000e+00
    outer loop
      vertex   -4.375008e+01 -4.655918e+01 -7.100000e+00
      vertex   -4.375008e+01 -4.830918e+01 -7.300000e+00
      vertex   -4.375008e+01 -4.480918e+01 -7.300000e+00
    endloop
  endfacet
  facet normal 1.000000e+00 -0.000000e+00 0.000000e+00
    outer loop
      vertex   -4.375008e+01 -4.655918e+01 -7.100000e+00
      vertex   -4.375008e+01 -4.480918e+01 -7.300000e+00
      vertex   -4.375008e+01 -4.480918e+01 -7.100000e+00
    endloop
  endfacet
  facet normal -0.000000e+00 0.000000e+00 -1.000000e+00
    outer loop
      vertex   -4.200008e+01 -4.480918e+01 -7.100000e+00
      vertex   -4.245302e+01 -4.486881e+01 -7.100000e+00
      vertex   -4.375008e+01 -4.480918e+01 -7.100000e+00
    endloop
  endfacet
  facet normal 0.000000e+00 0.000000e+00 -1.000000e+00
    outer loop
      vertex   -4.375008e+01 -4.480918e+01 -7.100000e+00
      vertex   -4.245302e+01 -4.486881e+01 -7.100000e+00
      vertex   -4.287508e+01 -4.504364e+01 -7.100000e+00
    endloop
  endfacet
  facet normal 0.000000e+00 0.000000e+00 -1.000000e+00
    outer loop
      vertex   -4.375008e+01 -4.480918e+01 -7.100000e+00
      vertex   -4.287508e+01 -4.504364e+01 -7.100000e+00
      vertex   -4.323752e+01 -4.532175e+01 -7.100000e+00
    endloop
  endfacet
  facet normal -0.000000e+00 0.000000e+00 -1.000000e+00
    outer loop
      vertex   -4.323752e+01 -4.532175e+01 -7.100000e+00
      vertex   -4.351563e+01 -4.568418e+01 -7.100000e+00
      vertex   -4.375008e+01 -4.480918e+01 -7.100000e+00
    endloop
  endfacet
  facet normal 0.000000e+00 0.000000e+00 -1.000000e+00
    outer loop
      vertex   -4.375008e+01 -4.480918e+01 -7.100000e+00
      vertex   -4.351563e+01 -4.568418e+01 -7.100000e+00
      vertex   -4.369045e+01 -4.610625e+01 -7.100000e+00
    endloop
  endfacet
  facet normal 0.000000e+00 0.000000e+00 -1.000000e+00
    outer loop
      vertex   -4.375008e+01 -4.480918e+01 -7.100000e+00
      vertex   -4.369045e+01 -4.610625e+01 -7.100000e+00
      vertex   -4.375008e+01 -4.655918e+01 -7.100000e+00
    endloop
  endfacet
  facet normal -1.000000e+00 -0.000000e+00 -0.000000e+00
    outer loop
      vertex   -4.025008e+01 -4.480918e+01 -7.100000e+00
      vertex   -4.025008e+01 -4.480918e+01 -7.300000e+00
      vertex   -4.025008e+01 -4.655918e+01 -7.100000e+00
    endloop
  endfacet
  facet normal -1.000000e+00 0.000000e+00 -0.000000e+00
    outer loop
      vertex   -4.025008e+01 -4.655918e+01 -7.100000e+00
      vertex   -4.025008e+01 -4.480918e+01 -7.300000e+00
      vertex   -4.025008e+01 -4.830918e+01 -7.300000e+00
    endloop
  endfacet
  facet normal -1.000000e+00 -0.000000e+00 0.000000e+00
    outer loop
      vertex   -4.025008e+01 -4.655918e+01 -7.100000e+00
      vertex   -4.025008e+01 -4.830918e+01 -7.300000e+00
      vertex   -4.025008e+01 -4.830918e+01 -7.100000e+00
    endloop
  endfacet
  facet normal 0.000000e+00 0.000000e+00 -1.000000e+00
    outer loop
      vertex   -4.200008e+01 -4.830918e+01 -7.100000e+00
      vertex   -4.154715e+01 -4.824955e+01 -7.100000e+00
      vertex   -4.025008e+01 -4.830918e+01 -7.100000e+00
    endloop
  endfacet
  facet normal 0.000000e+00 0.000000e+00 -1.000000e+00
    outer loop
      vertex   -4.025008e+01 -4.830918e+01 -7.100000e+00
      vertex   -4.154715e+01 -4.824955e+01 -7.100000e+00
      vertex   -4.112508e+01 -4.807473e+01 -7.100000e+00
    endloop
  endfacet
  facet normal 0.000000e+00 0.000000e+00 -1.000000e+00
    outer loop
      vertex   -4.025008e+01 -4.830918e+01 -7.100000e+00
      vertex   -4.112508e+01 -4.807473e+01 -7.100000e+00
      vertex   -4.076265e+01 -4.779662e+01 -7.100000e+00
    endloop
  endfacet
  facet normal 0.000000e+00 0.000000e+00 -1.000000e+00
    outer loop
      vertex   -4.076265e+01 -4.779662e+01 -7.100000e+00
      vertex   -4.048454e+01 -4.743418e+01 -7.100000e+00
      vertex   -4.025008e+01 -4.830918e+01 -7.100000e+00
    endloop
  endfacet
  facet normal 0.000000e+00 0.000000e+00 -1.000000e+00
    outer loop
      vertex   -4.025008e+01 -4.830918e+01 -7.100000e+00
      vertex   -4.048454e+01 -4.743418e+01 -7.100000e+00
      vertex   -4.030971e+01 -4.701212e+01 -7.100000e+00
    endloop
  endfacet
  facet normal 0.000000e+00 0.000000e+00 -1.000000e+00
    outer loop
      vertex   -4.025008e+01 -4.830918e+01 -7.100000e+00
      vertex   -4.030971e+01 -4.701212e+01 -7.100000e+00
      vertex   -4.025008e+01 -4.655918e+01 -7.100000e+00
    endloop
  endfacet
  facet normal 0.000000e+00 1.000000e+00 0.000000e+00
    outer loop
      vertex   -3.987876e+01 -4.830918e+01 -7.300000e+00
      vertex   -3.987876e+01 -4.830918e+01 -7.500000e+00
      vertex   -4.025008e+01 -4.830918e+01 -7.300000e+00
    endloop
  endfacet
  facet normal 0.000000e+00 1.000000e+00 0.000000e+00
    outer loop
      vertex   -4.025008e+01 -4.830918e+01 -7.300000e+00
      vertex   -3.987876e+01 -4.830918e+01 -7.500000e+00
      vertex   -4.412140e+01 -4.830918e+01 -7.500000e+00
    endloop
  endfacet
  facet normal 0.000000e+00 1.000000e+00 0.000000e+00
    outer loop
      vertex   -4.025008e+01 -4.830918e+01 -7.300000e+00
      vertex   -4.412140e+01 -4.830918e+01 -7.500000e+00
      vertex   -4.375008e+01 -4.830918e+01 -7.300000e+00
    endloop
  endfacet
  facet normal 0.000000e+00 1.000000e+00 0.000000e+00
    outer loop
      vertex   -4.375008e+01 -4.830918e+01 -7.300000e+00
      vertex   -4.412140e+01 -4.830918e+01 -7.500000e+00
      vertex   -4.412140e+01 -4.830918e+01 -7.300000e+00
    endloop
  endfacet
  facet normal -0.000000e+00 1.000000e+00 0.000000e+00
    outer loop
      vertex   -4.375008e+01 -4.830918e+01 -7.100000e+00
      vertex   -4.200008e+01 -4.830918e+01 -7.100000e+00
      vertex   -4.375008e+01 -4.830918e+01 -7.300000e+00
    endloop
  endfacet
  facet normal 0.000000e+00 1.000000e+00 0.000000e+00
    outer loop
      vertex   -4.375008e+01 -4.830918e+01 -7.300000e+00
      vertex   -4.200008e+01 -4.830918e+01 -7.100000e+00
      vertex   -4.025008e+01 -4.830918e+01 -7.300000e+00
    endloop
  endfacet
  facet normal -0.000000e+00 1.000000e+00 0.000000e+00
    outer loop
      vertex   -4.200008e+01 -4.830918e+01 -7.100000e+00
      vertex   -4.025008e+01 -4.830918e+01 -7.100000e+00
      vertex   -4.025008e+01 -4.830918e+01 -7.300000e+00
    endloop
  endfacet
  facet normal 0.000000e+00 0.000000e+00 -1.000000e+00
    outer loop
      vertex   -4.375008e+01 -4.655918e+01 -7.100000e+00
      vertex   -4.369045e+01 -4.701212e+01 -7.100000e+00
      vertex   -4.375008e+01 -4.830918e+01 -7.100000e+00
    endloop
  endfacet
  facet normal 0.000000e+00 0.000000e+00 -1.000000e+00
    outer loop
      vertex   -4.375008e+01 -4.830918e+01 -7.100000e+00
      vertex   -4.369045e+01 -4.701212e+01 -7.100000e+00
      vertex   -4.351563e+01 -4.743418e+01 -7.100000e+00
    endloop
  endfacet
  facet normal 0.000000e+00 0.000000e+00 -1.000000e+00
    outer loop
      vertex   -4.375008e+01 -4.830918e+01 -7.100000e+00
      vertex   -4.351563e+01 -4.743418e+01 -7.100000e+00
      vertex   -4.323752e+01 -4.779662e+01 -7.100000e+00
    endloop
  endfacet
  facet normal 0.000000e+00 -0.000000e+00 -1.000000e+00
    outer loop
      vertex   -4.323752e+01 -4.779662e+01 -7.100000e+00
      vertex   -4.287508e+01 -4.807473e+01 -7.100000e+00
      vertex   -4.375008e+01 -4.830918e+01 -7.100000e+00
    endloop
  endfacet
  facet normal 0.000000e+00 0.000000e+00 -1.000000e+00
    outer loop
      vertex   -4.375008e+01 -4.830918e+01 -7.100000e+00
      vertex   -4.287508e+01 -4.807473e+01 -7.100000e+00
      vertex   -4.245302e+01 -4.824955e+01 -7.100000e+00
    endloop
  endfacet
  facet normal 0.000000e+00 0.000000e+00 -1.000000e+00
    outer loop
      vertex   -4.375008e+01 -4.830918e+01 -7.100000e+00
      vertex   -4.245302e+01 -4.824955e+01 -7.100000e+00
      vertex   -4.200008e+01 -4.830918e+01 -7.100000e+00
    endloop
  endfacet
  facet normal 0.000000e+00 -1.000000e+00 0.000000e+00
    outer loop
      vertex   3.987876e+01 -4.480918e+01 -7.300000e+00
      vertex   3.987876e+01 -4.480918e+01 -7.500000e+00
      vertex   4.025008e+01 -4.480918e+01 -7.300000e+00
    endloop
  endfacet
  facet normal 0.000000e+00 -1.000000e+00 -0.000000e+00
    outer loop
      vertex   4.025008e+01 -4.480918e+01 -7.300000e+00
      vertex   3.987876e+01 -4.480918e+01 -7.500000e+00
      vertex   4.412140e+01 -4.480918e+01 -7.500000e+00
    endloop
  endfacet
  facet normal 0.000000e+00 -1.000000e+00 0.000000e+00
    outer loop
      vertex   4.025008e+01 -4.480918e+01 -7.300000e+00
      vertex   4.412140e+01 -4.480918e+01 -7.500000e+00
      vertex   4.375008e+01 -4.480918e+01 -7.300000e+00
    endloop
  endfacet
  facet normal 0.000000e+00 -1.000000e+00 0.000000e+00
    outer loop
      vertex   4.375008e+01 -4.480918e+01 -7.300000e+00
      vertex   4.412140e+01 -4.480918e+01 -7.500000e+00
      vertex   4.412140e+01 -4.480918e+01 -7.300000e+00
    endloop
  endfacet
  facet normal -0.000000e+00 -1.000000e+00 -0.000000e+00
    outer loop
      vertex   4.375008e+01 -4.480918e+01 -7.100000e+00
      vertex   4.200008e+01 -4.480918e+01 -7.100000e+00
      vertex   4.375008e+01 -4.480918e+01 -7.300000e+00
    endloop
  endfacet
  facet normal 0.000000e+00 -1.000000e+00 0.000000e+00
    outer loop
      vertex   4.375008e+01 -4.480918e+01 -7.300000e+00
      vertex   4.200008e+01 -4.480918e+01 -7.100000e+00
      vertex   4.025008e+01 -4.480918e+01 -7.300000e+00
    endloop
  endfacet
  facet normal -0.000000e+00 -1.000000e+00 0.000000e+00
    outer loop
      vertex   4.200008e+01 -4.480918e+01 -7.100000e+00
      vertex   4.025008e+01 -4.480918e+01 -7.100000e+00
      vertex   4.025008e+01 -4.480918e+01 -7.300000e+00
    endloop
  endfacet
  facet normal 0.000000e+00 0.000000e+00 -1.000000e+00
    outer loop
      vertex   4.375008e+01 -4.655918e+01 -7.100000e+00
      vertex   4.369045e+01 -4.610625e+01 -7.100000e+00
      vertex   4.375008e+01 -4.480918e+01 -7.100000e+00
    endloop
  endfacet
  facet normal 0.000000e+00 0.000000e+00 -1.000000e+00
    outer loop
      vertex   4.375008e+01 -4.480918e+01 -7.100000e+00
      vertex   4.369045e+01 -4.610625e+01 -7.100000e+00
      vertex   4.351563e+01 -4.568418e+01 -7.100000e+00
    endloop
  endfacet
  facet normal 0.000000e+00 0.000000e+00 -1.000000e+00
    outer loop
      vertex   4.375008e+01 -4.480918e+01 -7.100000e+00
      vertex   4.351563e+01 -4.568418e+01 -7.100000e+00
      vertex   4.323752e+01 -4.532174e+01 -7.100000e+00
    endloop
  endfacet
  facet normal 0.000000e+00 0.000000e+00 -1.000000e+00
    outer loop
      vertex   4.323752e+01 -4.532174e+01 -7.100000e+00
      vertex   4.287508e+01 -4.504364e+01 -7.100000e+00
      vertex   4.375008e+01 -4.480918e+01 -7.100000e+00
    endloop
  endfacet
  facet normal 0.000000e+00 0.000000e+00 -1.000000e+00
    outer loop
      vertex   4.375008e+01 -4.480918e+01 -7.100000e+00
      vertex   4.287508e+01 -4.504364e+01 -7.100000e+00
      vertex   4.245301e+01 -4.486881e+01 -7.100000e+00
    endloop
  endfacet
  facet normal -0.000000e+00 0.000000e+00 -1.000000e+00
    outer loop
      vertex   4.375008e+01 -4.480918e+01 -7.100000e+00
      vertex   4.245301e+01 -4.486881e+01 -7.100000e+00
      vertex   4.200008e+01 -4.480918e+01 -7.100000e+00
    endloop
  endfacet
  facet normal -1.000000e+00 -0.000000e+00 -0.000000e+00
    outer loop
      vertex   4.375008e+01 -4.480918e+01 -7.100000e+00
      vertex   4.375008e+01 -4.480918e+01 -7.300000e+00
      vertex   4.375008e+01 -4.655918e+01 -7.100000e+00
    endloop
  endfacet
  facet normal -1.000000e+00 0.000000e+00 -0.000000e+00
    outer loop
      vertex   4.375008e+01 -4.655918e+01 -7.100000e+00
      vertex   4.375008e+01 -4.480918e+01 -7.300000e+00
      vertex   4.375008e+01 -4.830918e+01 -7.300000e+00
    endloop
  endfacet
  facet normal -1.000000e+00 -0.000000e+00 0.000000e+00
    outer loop
      vertex   4.375008e+01 -4.655918e+01 -7.100000e+00
      vertex   4.375008e+01 -4.830918e+01 -7.300000e+00
      vertex   4.375008e+01 -4.830918e+01 -7.100000e+00
    endloop
  endfacet
  facet normal 0.000000e+00 0.000000e+00 -1.000000e+00
    outer loop
      vertex   4.200008e+01 -4.830918e+01 -7.100000e+00
      vertex   4.245301e+01 -4.824955e+01 -7.100000e+00
      vertex   4.375008e+01 -4.830918e+01 -7.100000e+00
    endloop
  endfacet
  facet normal 0.000000e+00 0.000000e+00 -1.000000e+00
    outer loop
      vertex   4.375008e+01 -4.830918e+01 -7.100000e+00
      vertex   4.245301e+01 -4.824955e+01 -7.100000e+00
      vertex   4.287508e+01 -4.807472e+01 -7.100000e+00
    endloop
  endfacet
  facet normal 0.000000e+00 0.000000e+00 -1.000000e+00
    outer loop
      vertex   4.375008e+01 -4.830918e+01 -7.100000e+00
      vertex   4.287508e+01 -4.807472e+01 -7.100000e+00
      vertex   4.323752e+01 -4.779662e+01 -7.100000e+00
    endloop
  endfacet
  facet normal 0.000000e+00 0.000000e+00 -1.000000e+00
    outer loop
      vertex   4.323752e+01 -4.779662e+01 -7.100000e+00
      vertex   4.351563e+01 -4.743418e+01 -7.100000e+00
      vertex   4.375008e+01 -4.830918e+01 -7.100000e+00
    endloop
  endfacet
  facet normal 0.000000e+00 0.000000e+00 -1.000000e+00
    outer loop
      vertex   4.375008e+01 -4.830918e+01 -7.100000e+00
      vertex   4.351563e+01 -4.743418e+01 -7.100000e+00
      vertex   4.369045e+01 -4.701211e+01 -7.100000e+00
    endloop
  endfacet
  facet normal 0.000000e+00 0.000000e+00 -1.000000e+00
    outer loop
      vertex   4.375008e+01 -4.830918e+01 -7.100000e+00
      vertex   4.369045e+01 -4.701211e+01 -7.100000e+00
      vertex   4.375008e+01 -4.655918e+01 -7.100000e+00
    endloop
  endfacet
  facet normal 0.000000e+00 1.000000e+00 0.000000e+00
    outer loop
      vertex   4.412140e+01 -4.830918e+01 -7.300000e+00
      vertex   4.412140e+01 -4.830918e+01 -7.500000e+00
      vertex   4.375008e+01 -4.830918e+01 -7.300000e+00
    endloop
  endfacet
  facet normal 0.000000e+00 1.000000e+00 0.000000e+00
    outer loop
      vertex   4.375008e+01 -4.830918e+01 -7.300000e+00
      vertex   4.412140e+01 -4.830918e+01 -7.500000e+00
      vertex   3.987876e+01 -4.830918e+01 -7.500000e+00
    endloop
  endfacet
  facet normal 0.000000e+00 1.000000e+00 0.000000e+00
    outer loop
      vertex   4.375008e+01 -4.830918e+01 -7.300000e+00
      vertex   3.987876e+01 -4.830918e+01 -7.500000e+00
      vertex   4.025008e+01 -4.830918e+01 -7.300000e+00
    endloop
  endfacet
  facet normal 0.000000e+00 1.000000e+00 0.000000e+00
    outer loop
      vertex   4.025008e+01 -4.830918e+01 -7.300000e+00
      vertex   3.987876e+01 -4.830918e+01 -7.500000e+00
      vertex   3.987876e+01 -4.830918e+01 -7.300000e+00
    endloop
  endfacet
  facet normal -0.000000e+00 1.000000e+00 0.000000e+00
    outer loop
      vertex   4.025008e+01 -4.830918e+01 -7.100000e+00
      vertex   4.200008e+01 -4.830918e+01 -7.100000e+00
      vertex   4.025008e+01 -4.830918e+01 -7.300000e+00
    endloop
  endfacet
  facet normal 0.000000e+00 1.000000e+00 0.000000e+00
    outer loop
      vertex   4.025008e+01 -4.830918e+01 -7.300000e+00
      vertex   4.200008e+01 -4.830918e+01 -7.100000e+00
      vertex   4.375008e+01 -4.830918e+01 -7.300000e+00
    endloop
  endfacet
  facet normal -0.000000e+00 1.000000e+00 0.000000e+00
    outer loop
      vertex   4.200008e+01 -4.830918e+01 -7.100000e+00
      vertex   4.375008e+01 -4.830918e+01 -7.100000e+00
      vertex   4.375008e+01 -4.830918e+01 -7.300000e+00
    endloop
  endfacet
  facet normal 0.000000e+00 0.000000e+00 -1.000000e+00
    outer loop
      vertex   4.025008e+01 -4.655918e+01 -7.100000e+00
      vertex   4.030971e+01 -4.701211e+01 -7.100000e+00
      vertex   4.025008e+01 -4.830918e+01 -7.100000e+00
    endloop
  endfacet
  facet normal 0.000000e+00 0.000000e+00 -1.000000e+00
    outer loop
      vertex   4.025008e+01 -4.830918e+01 -7.100000e+00
      vertex   4.030971e+01 -4.701211e+01 -7.100000e+00
      vertex   4.048454e+01 -4.743418e+01 -7.100000e+00
    endloop
  endfacet
  facet normal 0.000000e+00 0.000000e+00 -1.000000e+00
    outer loop
      vertex   4.025008e+01 -4.830918e+01 -7.100000e+00
      vertex   4.048454e+01 -4.743418e+01 -7.100000e+00
      vertex   4.076264e+01 -4.779662e+01 -7.100000e+00
    endloop
  endfacet
  facet normal 0.000000e+00 -0.000000e+00 -1.000000e+00
    outer loop
      vertex   4.076264e+01 -4.779662e+01 -7.100000e+00
      vertex   4.112508e+01 -4.807472e+01 -7.100000e+00
      vertex   4.025008e+01 -4.830918e+01 -7.100000e+00
    endloop
  endfacet
  facet normal 0.000000e+00 0.000000e+00 -1.000000e+00
    outer loop
      vertex   4.025008e+01 -4.830918e+01 -7.100000e+00
      vertex   4.112508e+01 -4.807472e+01 -7.100000e+00
      vertex   4.154715e+01 -4.824955e+01 -7.100000e+00
    endloop
  endfacet
  facet normal 0.000000e+00 0.000000e+00 -1.000000e+00
    outer loop
      vertex   4.025008e+01 -4.830918e+01 -7.100000e+00
      vertex   4.154715e+01 -4.824955e+01 -7.100000e+00
      vertex   4.200008e+01 -4.830918e+01 -7.100000e+00
    endloop
  endfacet
  facet normal 1.000000e+00 -0.000000e+00 0.000000e+00
    outer loop
      vertex   4.025008e+01 -4.830918e+01 -7.100000e+00
      vertex   4.025008e+01 -4.830918e+01 -7.300000e+00
      vertex   4.025008e+01 -4.655918e+01 -7.100000e+00
    endloop
  endfacet
  facet normal 1.000000e+00 0.000000e+00 0.000000e+00
    outer loop
      vertex   4.025008e+01 -4.655918e+01 -7.100000e+00
      vertex   4.025008e+01 -4.830918e+01 -7.300000e+00
      vertex   4.025008e+01 -4.480918e+01 -7.300000e+00
    endloop
  endfacet
  facet normal 1.000000e+00 -0.000000e+00 0.000000e+00
    outer loop
      vertex   4.025008e+01 -4.655918e+01 -7.100000e+00
      vertex   4.025008e+01 -4.480918e+01 -7.300000e+00
      vertex   4.025008e+01 -4.480918e+01 -7.100000e+00
    endloop
  endfacet
  facet normal -0.000000e+00 0.000000e+00 -1.000000e+00
    outer loop
      vertex   4.200008e+01 -4.480918e+01 -7.100000e+00
      vertex   4.154715e+01 -4.486881e+01 -7.100000e+00
      vertex   4.025008e+01 -4.480918e+01 -7.100000e+00
    endloop
  endfacet
  facet normal 0.000000e+00 0.000000e+00 -1.000000e+00
    outer loop
      vertex   4.025008e+01 -4.480918e+01 -7.100000e+00
      vertex   4.154715e+01 -4.486881e+01 -7.100000e+00
      vertex   4.112508e+01 -4.504364e+01 -7.100000e+00
    endloop
  endfacet
  facet normal 0.000000e+00 0.000000e+00 -1.000000e+00
    outer loop
      vertex   4.025008e+01 -4.480918e+01 -7.100000e+00
      vertex   4.112508e+01 -4.504364e+01 -7.100000e+00
      vertex   4.076264e+01 -4.532174e+01 -7.100000e+00
    endloop
  endfacet
  facet normal -0.000000e+00 0.000000e+00 -1.000000e+00
    outer loop
      vertex   4.076264e+01 -4.532174e+01 -7.100000e+00
      vertex   4.048454e+01 -4.568418e+01 -7.100000e+00
      vertex   4.025008e+01 -4.480918e+01 -7.100000e+00
    endloop
  endfacet
  facet normal 0.000000e+00 0.000000e+00 -1.000000e+00
    outer loop
      vertex   4.025008e+01 -4.480918e+01 -7.100000e+00
      vertex   4.048454e+01 -4.568418e+01 -7.100000e+00
      vertex   4.030971e+01 -4.610625e+01 -7.100000e+00
    endloop
  endfacet
  facet normal 0.000000e+00 0.000000e+00 -1.000000e+00
    outer loop
      vertex   4.025008e+01 -4.480918e+01 -7.100000e+00
      vertex   4.030971e+01 -4.610625e+01 -7.100000e+00
      vertex   4.025008e+01 -4.655918e+01 -7.100000e+00
    endloop
  endfacet
  facet normal 0.000000e+00 0.000000e+00 -1.000000e+00
    outer loop
      vertex   4.025008e+01 1.744096e+01 -7.100000e+00
      vertex   4.025008e+01 1.919096e+01 -7.100000e+00
      vertex   4.030971e+01 1.789389e+01 -7.100000e+00
    endloop
  endfacet
  facet normal 0.000000e+00 0.000000e+00 -1.000000e+00
    outer loop
      vertex   4.030971e+01 1.789389e+01 -7.100000e+00
      vertex   4.025008e+01 1.919096e+01 -7.100000e+00
      vertex   4.048454e+01 1.831596e+01 -7.100000e+00
    endloop
  endfacet
  facet normal 0.000000e+00 0.000000e+00 -1.000000e+00
    outer loop
      vertex   4.048454e+01 1.831596e+01 -7.100000e+00
      vertex   4.025008e+01 1.919096e+01 -7.100000e+00
      vertex   4.076264e+01 1.867839e+01 -7.100000e+00
    endloop
  endfacet
  facet normal 0.000000e+00 0.000000e+00 -1.000000e+00
    outer loop
      vertex   4.076264e+01 1.867839e+01 -7.100000e+00
      vertex   4.025008e+01 1.919096e+01 -7.100000e+00
      vertex   4.112508e+01 1.895650e+01 -7.100000e+00
    endloop
  endfacet
  facet normal 0.000000e+00 0.000000e+00 -1.000000e+00
    outer loop
      vertex   4.112508e+01 1.895650e+01 -7.100000e+00
      vertex   4.025008e+01 1.919096e+01 -7.100000e+00
      vertex   4.154715e+01 1.913133e+01 -7.100000e+00
    endloop
  endfacet
  facet normal 0.000000e+00 0.000000e+00 -1.000000e+00
    outer loop
      vertex   4.154715e+01 1.913133e+01 -7.100000e+00
      vertex   4.025008e+01 1.919096e+01 -7.100000e+00
      vertex   4.200008e+01 1.919096e+01 -7.100000e+00
    endloop
  endfacet
  facet normal 0.000000e+00 -1.000000e+00 0.000000e+00
    outer loop
      vertex   3.987876e+01 1.919096e+01 -7.300000e+00
      vertex   3.987876e+01 1.919096e+01 -7.500000e+00
      vertex   4.025008e+01 1.919096e+01 -7.300000e+00
    endloop
  endfacet
  facet normal 0.000000e+00 -1.000000e+00 -0.000000e+00
    outer loop
      vertex   4.025008e+01 1.919096e+01 -7.300000e+00
      vertex   3.987876e+01 1.919096e+01 -7.500000e+00
      vertex   4.412140e+01 1.919096e+01 -7.500000e+00
    endloop
  endfacet
  facet normal 0.000000e+00 -1.000000e+00 0.000000e+00
    outer loop
      vertex   4.025008e+01 1.919096e+01 -7.300000e+00
      vertex   4.412140e+01 1.919096e+01 -7.500000e+00
      vertex   4.375008e+01 1.919096e+01 -7.300000e+00
    endloop
  endfacet
  facet normal 0.000000e+00 -1.000000e+00 0.000000e+00
    outer loop
      vertex   4.375008e+01 1.919096e+01 -7.300000e+00
      vertex   4.412140e+01 1.919096e+01 -7.500000e+00
      vertex   4.412140e+01 1.919096e+01 -7.300000e+00
    endloop
  endfacet
  facet normal -0.000000e+00 -1.000000e+00 -0.000000e+00
    outer loop
      vertex   4.375008e+01 1.919096e+01 -7.100000e+00
      vertex   4.200008e+01 1.919096e+01 -7.100000e+00
      vertex   4.375008e+01 1.919096e+01 -7.300000e+00
    endloop
  endfacet
  facet normal 0.000000e+00 -1.000000e+00 0.000000e+00
    outer loop
      vertex   4.375008e+01 1.919096e+01 -7.300000e+00
      vertex   4.200008e+01 1.919096e+01 -7.100000e+00
      vertex   4.025008e+01 1.919096e+01 -7.300000e+00
    endloop
  endfacet
  facet normal -0.000000e+00 -1.000000e+00 0.000000e+00
    outer loop
      vertex   4.200008e+01 1.919096e+01 -7.100000e+00
      vertex   4.025008e+01 1.919096e+01 -7.100000e+00
      vertex   4.025008e+01 1.919096e+01 -7.300000e+00
    endloop
  endfacet
  facet normal 0.000000e+00 0.000000e+00 -1.000000e+00
    outer loop
      vertex   4.375008e+01 1.744096e+01 -7.100000e+00
      vertex   4.369045e+01 1.789389e+01 -7.100000e+00
      vertex   4.375008e+01 1.919096e+01 -7.100000e+00
    endloop
  endfacet
  facet normal 0.000000e+00 0.000000e+00 -1.000000e+00
    outer loop
      vertex   4.375008e+01 1.919096e+01 -7.100000e+00
      vertex   4.369045e+01 1.789389e+01 -7.100000e+00
      vertex   4.351563e+01 1.831596e+01 -7.100000e+00
    endloop
  endfacet
  facet normal 0.000000e+00 0.000000e+00 -1.000000e+00
    outer loop
      vertex   4.375008e+01 1.919096e+01 -7.100000e+00
      vertex   4.351563e+01 1.831596e+01 -7.100000e+00
      vertex   4.323752e+01 1.867839e+01 -7.100000e+00
    endloop
  endfacet
  facet normal 0.000000e+00 0.000000e+00 -1.000000e+00
    outer loop
      vertex   4.323752e+01 1.867839e+01 -7.100000e+00
      vertex   4.287508e+01 1.895650e+01 -7.100000e+00
      vertex   4.375008e+01 1.919096e+01 -7.100000e+00
    endloop
  endfacet
  facet normal 0.000000e+00 0.000000e+00 -1.000000e+00
    outer loop
      vertex   4.375008e+01 1.919096e+01 -7.100000e+00
      vertex   4.287508e+01 1.895650e+01 -7.100000e+00
      vertex   4.245301e+01 1.913133e+01 -7.100000e+00
    endloop
  endfacet
  facet normal -0.000000e+00 0.000000e+00 -1.000000e+00
    outer loop
      vertex   4.375008e+01 1.919096e+01 -7.100000e+00
      vertex   4.245301e+01 1.913133e+01 -7.100000e+00
      vertex   4.200008e+01 1.919096e+01 -7.100000e+00
    endloop
  endfacet
  facet normal 0.000000e+00 -0.000000e+00 -1.000000e+00
    outer loop
      vertex   4.375008e+01 1.744096e+01 -7.100000e+00
      vertex   4.375008e+01 1.569096e+01 -7.100000e+00
      vertex   4.369045e+01 1.698802e+01 -7.100000e+00
    endloop
  endfacet
  facet normal 0.000000e+00 -0.000000e+00 -1.000000e+00
    outer loop
      vertex   4.369045e+01 1.698802e+01 -7.100000e+00
      vertex   4.375008e+01 1.569096e+01 -7.100000e+00
      vertex   4.351563e+01 1.656596e+01 -7.100000e+00
    endloop
  endfacet
  facet normal 0.000000e+00 -0.000000e+00 -1.000000e+00
    outer loop
      vertex   4.351563e+01 1.656596e+01 -7.100000e+00
      vertex   4.375008e+01 1.569096e+01 -7.100000e+00
      vertex   4.323752e+01 1.620352e+01 -7.100000e+00
    endloop
  endfacet
  facet normal 0.000000e+00 -0.000000e+00 -1.000000e+00
    outer loop
      vertex   4.323752e+01 1.620352e+01 -7.100000e+00
      vertex   4.375008e+01 1.569096e+01 -7.100000e+00
      vertex   4.287508e+01 1.592541e+01 -7.100000e+00
    endloop
  endfacet
  facet normal 0.000000e+00 -0.000000e+00 -1.000000e+00
    outer loop
      vertex   4.287508e+01 1.592541e+01 -7.100000e+00
      vertex   4.375008e+01 1.569096e+01 -7.100000e+00
      vertex   4.245301e+01 1.575059e+01 -7.100000e+00
    endloop
  endfacet
  facet normal 0.000000e+00 -0.000000e+00 -1.000000e+00
    outer loop
      vertex   4.245301e+01 1.575059e+01 -7.100000e+00
      vertex   4.375008e+01 1.569096e+01 -7.100000e+00
      vertex   4.200008e+01 1.569096e+01 -7.100000e+00
    endloop
  endfacet
  facet normal 0.000000e+00 1.000000e+00 0.000000e+00
    outer loop
      vertex   4.412140e+01 1.569096e+01 -7.300000e+00
      vertex   4.412140e+01 1.569096e+01 -7.500000e+00
      vertex   4.375008e+01 1.569096e+01 -7.300000e+00
    endloop
  endfacet
  facet normal 0.000000e+00 1.000000e+00 0.000000e+00
    outer loop
      vertex   4.375008e+01 1.569096e+01 -7.300000e+00
      vertex   4.412140e+01 1.569096e+01 -7.500000e+00
      vertex   3.987876e+01 1.569096e+01 -7.500000e+00
    endloop
  endfacet
  facet normal 0.000000e+00 1.000000e+00 0.000000e+00
    outer loop
      vertex   4.375008e+01 1.569096e+01 -7.300000e+00
      vertex   3.987876e+01 1.569096e+01 -7.500000e+00
      vertex   4.025008e+01 1.569096e+01 -7.300000e+00
    endloop
  endfacet
  facet normal 0.000000e+00 1.000000e+00 0.000000e+00
    outer loop
      vertex   4.025008e+01 1.569096e+01 -7.300000e+00
      vertex   3.987876e+01 1.569096e+01 -7.500000e+00
      vertex   3.987876e+01 1.569096e+01 -7.300000e+00
    endloop
  endfacet
  facet normal -0.000000e+00 1.000000e+00 0.000000e+00
    outer loop
      vertex   4.025008e+01 1.569096e+01 -7.100000e+00
      vertex   4.200008e+01 1.569096e+01 -7.100000e+00
      vertex   4.025008e+01 1.569096e+01 -7.300000e+00
    endloop
  endfacet
  facet normal 0.000000e+00 1.000000e+00 0.000000e+00
    outer loop
      vertex   4.025008e+01 1.569096e+01 -7.300000e+00
      vertex   4.200008e+01 1.569096e+01 -7.100000e+00
      vertex   4.375008e+01 1.569096e+01 -7.300000e+00
    endloop
  endfacet
  facet normal -0.000000e+00 1.000000e+00 0.000000e+00
    outer loop
      vertex   4.200008e+01 1.569096e+01 -7.100000e+00
      vertex   4.375008e+01 1.569096e+01 -7.100000e+00
      vertex   4.375008e+01 1.569096e+01 -7.300000e+00
    endloop
  endfacet
  facet normal 0.000000e+00 0.000000e+00 -1.000000e+00
    outer loop
      vertex   4.025008e+01 1.744096e+01 -7.100000e+00
      vertex   4.030971e+01 1.698802e+01 -7.100000e+00
      vertex   4.025008e+01 1.569096e+01 -7.100000e+00
    endloop
  endfacet
  facet normal 0.000000e+00 0.000000e+00 -1.000000e+00
    outer loop
      vertex   4.025008e+01 1.569096e+01 -7.100000e+00
      vertex   4.030971e+01 1.698802e+01 -7.100000e+00
      vertex   4.048454e+01 1.656596e+01 -7.100000e+00
    endloop
  endfacet
  facet normal 0.000000e+00 0.000000e+00 -1.000000e+00
    outer loop
      vertex   4.025008e+01 1.569096e+01 -7.100000e+00
      vertex   4.048454e+01 1.656596e+01 -7.100000e+00
      vertex   4.076264e+01 1.620352e+01 -7.100000e+00
    endloop
  endfacet
  facet normal 0.000000e+00 -0.000000e+00 -1.000000e+00
    outer loop
      vertex   4.076264e+01 1.620352e+01 -7.100000e+00
      vertex   4.112508e+01 1.592541e+01 -7.100000e+00
      vertex   4.025008e+01 1.569096e+01 -7.100000e+00
    endloop
  endfacet
  facet normal 0.000000e+00 0.000000e+00 -1.000000e+00
    outer loop
      vertex   4.025008e+01 1.569096e+01 -7.100000e+00
      vertex   4.112508e+01 1.592541e+01 -7.100000e+00
      vertex   4.154715e+01 1.575059e+01 -7.100000e+00
    endloop
  endfacet
  facet normal 0.000000e+00 0.000000e+00 -1.000000e+00
    outer loop
      vertex   4.025008e+01 1.569096e+01 -7.100000e+00
      vertex   4.154715e+01 1.575059e+01 -7.100000e+00
      vertex   4.200008e+01 1.569096e+01 -7.100000e+00
    endloop
  endfacet
  facet normal -0.000000e+00 0.000000e+00 -1.000000e+00
    outer loop
      vertex   -4.200008e+01 1.919096e+01 -7.100000e+00
      vertex   -4.245302e+01 1.913133e+01 -7.100000e+00
      vertex   -4.375008e+01 1.919096e+01 -7.100000e+00
    endloop
  endfacet
  facet normal 0.000000e+00 0.000000e+00 -1.000000e+00
    outer loop
      vertex   -4.375008e+01 1.919096e+01 -7.100000e+00
      vertex   -4.245302e+01 1.913133e+01 -7.100000e+00
      vertex   -4.287508e+01 1.895650e+01 -7.100000e+00
    endloop
  endfacet
  facet normal 0.000000e+00 0.000000e+00 -1.000000e+00
    outer loop
      vertex   -4.375008e+01 1.919096e+01 -7.100000e+00
      vertex   -4.287508e+01 1.895650e+01 -7.100000e+00
      vertex   -4.323752e+01 1.867839e+01 -7.100000e+00
    endloop
  endfacet
  facet normal -0.000000e+00 0.000000e+00 -1.000000e+00
    outer loop
      vertex   -4.323752e+01 1.867839e+01 -7.100000e+00
      vertex   -4.351563e+01 1.831596e+01 -7.100000e+00
      vertex   -4.375008e+01 1.919096e+01 -7.100000e+00
    endloop
  endfacet
  facet normal 0.000000e+00 0.000000e+00 -1.000000e+00
    outer loop
      vertex   -4.375008e+01 1.919096e+01 -7.100000e+00
      vertex   -4.351563e+01 1.831596e+01 -7.100000e+00
      vertex   -4.369045e+01 1.789389e+01 -7.100000e+00
    endloop
  endfacet
  facet normal 0.000000e+00 0.000000e+00 -1.000000e+00
    outer loop
      vertex   -4.375008e+01 1.919096e+01 -7.100000e+00
      vertex   -4.369045e+01 1.789389e+01 -7.100000e+00
      vertex   -4.375008e+01 1.744096e+01 -7.100000e+00
    endloop
  endfacet
  facet normal 0.000000e+00 -1.000000e+00 0.000000e+00
    outer loop
      vertex   -4.412140e+01 1.919096e+01 -7.300000e+00
      vertex   -4.412140e+01 1.919096e+01 -7.500000e+00
      vertex   -4.375008e+01 1.919096e+01 -7.300000e+00
    endloop
  endfacet
  facet normal 0.000000e+00 -1.000000e+00 -0.000000e+00
    outer loop
      vertex   -4.375008e+01 1.919096e+01 -7.300000e+00
      vertex   -4.412140e+01 1.919096e+01 -7.500000e+00
      vertex   -3.987876e+01 1.919096e+01 -7.500000e+00
    endloop
  endfacet
  facet normal 0.000000e+00 -1.000000e+00 0.000000e+00
    outer loop
      vertex   -4.375008e+01 1.919096e+01 -7.300000e+00
      vertex   -3.987876e+01 1.919096e+01 -7.500000e+00
      vertex   -4.025008e+01 1.919096e+01 -7.300000e+00
    endloop
  endfacet
  facet normal 0.000000e+00 -1.000000e+00 0.000000e+00
    outer loop
      vertex   -4.025008e+01 1.919096e+01 -7.300000e+00
      vertex   -3.987876e+01 1.919096e+01 -7.500000e+00
      vertex   -3.987876e+01 1.919096e+01 -7.300000e+00
    endloop
  endfacet
  facet normal -0.000000e+00 -1.000000e+00 -0.000000e+00
    outer loop
      vertex   -4.025008e+01 1.919096e+01 -7.100000e+00
      vertex   -4.200008e+01 1.919096e+01 -7.100000e+00
      vertex   -4.025008e+01 1.919096e+01 -7.300000e+00
    endloop
  endfacet
  facet normal 0.000000e+00 -1.000000e+00 0.000000e+00
    outer loop
      vertex   -4.025008e+01 1.919096e+01 -7.300000e+00
      vertex   -4.200008e+01 1.919096e+01 -7.100000e+00
      vertex   -4.375008e+01 1.919096e+01 -7.300000e+00
    endloop
  endfacet
  facet normal -0.000000e+00 -1.000000e+00 0.000000e+00
    outer loop
      vertex   -4.200008e+01 1.919096e+01 -7.100000e+00
      vertex   -4.375008e+01 1.919096e+01 -7.100000e+00
      vertex   -4.375008e+01 1.919096e+01 -7.300000e+00
    endloop
  endfacet
  facet normal 0.000000e+00 0.000000e+00 -1.000000e+00
    outer loop
      vertex   -4.025008e+01 1.744096e+01 -7.100000e+00
      vertex   -4.030971e+01 1.789389e+01 -7.100000e+00
      vertex   -4.025008e+01 1.919096e+01 -7.100000e+00
    endloop
  endfacet
  facet normal 0.000000e+00 0.000000e+00 -1.000000e+00
    outer loop
      vertex   -4.025008e+01 1.919096e+01 -7.100000e+00
      vertex   -4.030971e+01 1.789389e+01 -7.100000e+00
      vertex   -4.048454e+01 1.831596e+01 -7.100000e+00
    endloop
  endfacet
  facet normal 0.000000e+00 0.000000e+00 -1.000000e+00
    outer loop
      vertex   -4.025008e+01 1.919096e+01 -7.100000e+00
      vertex   -4.048454e+01 1.831596e+01 -7.100000e+00
      vertex   -4.076265e+01 1.867839e+01 -7.100000e+00
    endloop
  endfacet
  facet normal 0.000000e+00 0.000000e+00 -1.000000e+00
    outer loop
      vertex   -4.076265e+01 1.867839e+01 -7.100000e+00
      vertex   -4.112508e+01 1.895650e+01 -7.100000e+00
      vertex   -4.025008e+01 1.919096e+01 -7.100000e+00
    endloop
  endfacet
  facet normal 0.000000e+00 0.000000e+00 -1.000000e+00
    outer loop
      vertex   -4.025008e+01 1.919096e+01 -7.100000e+00
      vertex   -4.112508e+01 1.895650e+01 -7.100000e+00
      vertex   -4.154715e+01 1.913133e+01 -7.100000e+00
    endloop
  endfacet
  facet normal -0.000000e+00 0.000000e+00 -1.000000e+00
    outer loop
      vertex   -4.025008e+01 1.919096e+01 -7.100000e+00
      vertex   -4.154715e+01 1.913133e+01 -7.100000e+00
      vertex   -4.200008e+01 1.919096e+01 -7.100000e+00
    endloop
  endfacet
  facet normal -1.000000e+00 -0.000000e+00 -0.000000e+00
    outer loop
      vertex   -4.025008e+01 1.919096e+01 -7.100000e+00
      vertex   -4.025008e+01 1.919096e+01 -7.300000e+00
      vertex   -4.025008e+01 1.744096e+01 -7.100000e+00
    endloop
  endfacet
  facet normal -1.000000e+00 0.000000e+00 -0.000000e+00
    outer loop
      vertex   -4.025008e+01 1.744096e+01 -7.100000e+00
      vertex   -4.025008e+01 1.919096e+01 -7.300000e+00
      vertex   -4.025008e+01 1.569096e+01 -7.300000e+00
    endloop
  endfacet
  facet normal -1.000000e+00 -0.000000e+00 0.000000e+00
    outer loop
      vertex   -4.025008e+01 1.744096e+01 -7.100000e+00
      vertex   -4.025008e+01 1.569096e+01 -7.300000e+00
      vertex   -4.025008e+01 1.569096e+01 -7.100000e+00
    endloop
  endfacet
  facet normal 0.000000e+00 -0.000000e+00 -1.000000e+00
    outer loop
      vertex   -4.025008e+01 1.744096e+01 -7.100000e+00
      vertex   -4.025008e+01 1.569096e+01 -7.100000e+00
      vertex   -4.030971e+01 1.698802e+01 -7.100000e+00
    endloop
  endfacet
  facet normal 0.000000e+00 -0.000000e+00 -1.000000e+00
    outer loop
      vertex   -4.030971e+01 1.698802e+01 -7.100000e+00
      vertex   -4.025008e+01 1.569096e+01 -7.100000e+00
      vertex   -4.048454e+01 1.656596e+01 -7.100000e+00
    endloop
  endfacet
  facet normal 0.000000e+00 -0.000000e+00 -1.000000e+00
    outer loop
      vertex   -4.048454e+01 1.656596e+01 -7.100000e+00
      vertex   -4.025008e+01 1.569096e+01 -7.100000e+00
      vertex   -4.076265e+01 1.620352e+01 -7.100000e+00
    endloop
  endfacet
  facet normal 0.000000e+00 -0.000000e+00 -1.000000e+00
    outer loop
      vertex   -4.076265e+01 1.620352e+01 -7.100000e+00
      vertex   -4.025008e+01 1.569096e+01 -7.100000e+00
      vertex   -4.112508e+01 1.592541e+01 -7.100000e+00
    endloop
  endfacet
  facet normal 0.000000e+00 -0.000000e+00 -1.000000e+00
    outer loop
      vertex   -4.112508e+01 1.592541e+01 -7.100000e+00
      vertex   -4.025008e+01 1.569096e+01 -7.100000e+00
      vertex   -4.154715e+01 1.575059e+01 -7.100000e+00
    endloop
  endfacet
  facet normal 0.000000e+00 -0.000000e+00 -1.000000e+00
    outer loop
      vertex   -4.154715e+01 1.575059e+01 -7.100000e+00
      vertex   -4.025008e+01 1.569096e+01 -7.100000e+00
      vertex   -4.200008e+01 1.569096e+01 -7.100000e+00
    endloop
  endfacet
  facet normal 0.000000e+00 1.000000e+00 0.000000e+00
    outer loop
      vertex   -3.987876e+01 1.569096e+01 -7.300000e+00
      vertex   -3.987876e+01 1.569096e+01 -7.500000e+00
      vertex   -4.025008e+01 1.569096e+01 -7.300000e+00
    endloop
  endfacet
  facet normal 0.000000e+00 1.000000e+00 0.000000e+00
    outer loop
      vertex   -4.025008e+01 1.569096e+01 -7.300000e+00
      vertex   -3.987876e+01 1.569096e+01 -7.500000e+00
      vertex   -4.412140e+01 1.569096e+01 -7.500000e+00
    endloop
  endfacet
  facet normal 0.000000e+00 1.000000e+00 0.000000e+00
    outer loop
      vertex   -4.025008e+01 1.569096e+01 -7.300000e+00
      vertex   -4.412140e+01 1.569096e+01 -7.500000e+00
      vertex   -4.375008e+01 1.569096e+01 -7.300000e+00
    endloop
  endfacet
  facet normal 0.000000e+00 1.000000e+00 0.000000e+00
    outer loop
      vertex   -4.375008e+01 1.569096e+01 -7.300000e+00
      vertex   -4.412140e+01 1.569096e+01 -7.500000e+00
      vertex   -4.412140e+01 1.569096e+01 -7.300000e+00
    endloop
  endfacet
  facet normal -0.000000e+00 1.000000e+00 0.000000e+00
    outer loop
      vertex   -4.375008e+01 1.569096e+01 -7.100000e+00
      vertex   -4.200008e+01 1.569096e+01 -7.100000e+00
      vertex   -4.375008e+01 1.569096e+01 -7.300000e+00
    endloop
  endfacet
  facet normal 0.000000e+00 1.000000e+00 0.000000e+00
    outer loop
      vertex   -4.375008e+01 1.569096e+01 -7.300000e+00
      vertex   -4.200008e+01 1.569096e+01 -7.100000e+00
      vertex   -4.025008e+01 1.569096e+01 -7.300000e+00
    endloop
  endfacet
  facet normal -0.000000e+00 1.000000e+00 0.000000e+00
    outer loop
      vertex   -4.200008e+01 1.569096e+01 -7.100000e+00
      vertex   -4.025008e+01 1.569096e+01 -7.100000e+00
      vertex   -4.025008e+01 1.569096e+01 -7.300000e+00
    endloop
  endfacet
  facet normal 1.000000e+00 -0.000000e+00 0.000000e+00
    outer loop
      vertex   -4.375008e+01 1.569096e+01 -7.100000e+00
      vertex   -4.375008e+01 1.569096e+01 -7.300000e+00
      vertex   -4.375008e+01 1.744096e+01 -7.100000e+00
    endloop
  endfacet
  facet normal 1.000000e+00 0.000000e+00 0.000000e+00
    outer loop
      vertex   -4.375008e+01 1.744096e+01 -7.100000e+00
      vertex   -4.375008e+01 1.569096e+01 -7.300000e+00
      vertex   -4.375008e+01 1.919096e+01 -7.300000e+00
    endloop
  endfacet
  facet normal 1.000000e+00 -0.000000e+00 0.000000e+00
    outer loop
      vertex   -4.375008e+01 1.744096e+01 -7.100000e+00
      vertex   -4.375008e+01 1.919096e+01 -7.300000e+00
      vertex   -4.375008e+01 1.919096e+01 -7.100000e+00
    endloop
  endfacet
  facet normal 0.000000e+00 0.000000e+00 -1.000000e+00
    outer loop
      vertex   -4.375008e+01 1.744096e+01 -7.100000e+00
      vertex   -4.369045e+01 1.698802e+01 -7.100000e+00
      vertex   -4.375008e+01 1.569096e+01 -7.100000e+00
    endloop
  endfacet
  facet normal 0.000000e+00 0.000000e+00 -1.000000e+00
    outer loop
      vertex   -4.375008e+01 1.569096e+01 -7.100000e+00
      vertex   -4.369045e+01 1.698802e+01 -7.100000e+00
      vertex   -4.351563e+01 1.656596e+01 -7.100000e+00
    endloop
  endfacet
  facet normal 0.000000e+00 0.000000e+00 -1.000000e+00
    outer loop
      vertex   -4.375008e+01 1.569096e+01 -7.100000e+00
      vertex   -4.351563e+01 1.656596e+01 -7.100000e+00
      vertex   -4.323752e+01 1.620352e+01 -7.100000e+00
    endloop
  endfacet
  facet normal 0.000000e+00 -0.000000e+00 -1.000000e+00
    outer loop
      vertex   -4.323752e+01 1.620352e+01 -7.100000e+00
      vertex   -4.287508e+01 1.592541e+01 -7.100000e+00
      vertex   -4.375008e+01 1.569096e+01 -7.100000e+00
    endloop
  endfacet
  facet normal 0.000000e+00 0.000000e+00 -1.000000e+00
    outer loop
      vertex   -4.375008e+01 1.569096e+01 -7.100000e+00
      vertex   -4.287508e+01 1.592541e+01 -7.100000e+00
      vertex   -4.245302e+01 1.575059e+01 -7.100000e+00
    endloop
  endfacet
  facet normal 0.000000e+00 0.000000e+00 -1.000000e+00
    outer loop
      vertex   -4.375008e+01 1.569096e+01 -7.100000e+00
      vertex   -4.245302e+01 1.575059e+01 -7.100000e+00
      vertex   -4.200008e+01 1.569096e+01 -7.100000e+00
    endloop
  endfacet
  facet normal -1.000000e+00 0.000000e+00 0.000000e+00
    outer loop
      vertex   -2.871392e+01 5.139128e+00 -1.000000e+01
      vertex   -2.871392e+01 -2.307172e+01 -1.000000e+01
      vertex   -2.871392e+01 5.139128e+00 -3.000000e+00
    endloop
  endfacet
  facet normal -1.000000e+00 -0.000000e+00 0.000000e+00
    outer loop
      vertex   -2.871392e+01 5.139128e+00 -3.000000e+00
      vertex   -2.871392e+01 -2.307172e+01 -1.000000e+01
      vertex   -2.871392e+01 -2.307172e+01 -3.000000e+00
    endloop
  endfacet
  facet normal -3.062684e-17 1.000000e+00 2.537653e-16
    outer loop
      vertex   2.928608e+01 5.139128e+00 -1.000000e+01
      vertex   -2.871392e+01 5.139128e+00 -1.000000e+01
      vertex   2.928608e+01 5.139128e+00 -3.000000e+00
    endloop
  endfacet
  facet normal 0.000000e+00 1.000000e+00 0.000000e+00
    outer loop
      vertex   2.928608e+01 5.139128e+00 -3.000000e+00
      vertex   -2.871392e+01 5.139128e+00 -1.000000e+01
      vertex   -2.871392e+01 5.139128e+00 -3.000000e+00
    endloop
  endfacet
  facet normal 1.000000e+00 0.000000e+00 0.000000e+00
    outer loop
      vertex   2.928608e+01 -2.323209e+01 -1.000000e+01
      vertex   2.928608e+01 5.139128e+00 -1.000000e+01
      vertex   2.928608e+01 -2.323209e+01 -3.000000e+00
    endloop
  endfacet
  facet normal 1.000000e+00 -0.000000e+00 0.000000e+00
    outer loop
      vertex   2.928608e+01 -2.323209e+01 -3.000000e+00
      vertex   2.928608e+01 5.139128e+00 -1.000000e+01
      vertex   2.928608e+01 5.139128e+00 -3.000000e+00
    endloop
  endfacet
  facet normal 0.000000e+00 -1.000000e+00 0.000000e+00
    outer loop
      vertex   2.628608e+01 -2.323209e+01 -1.000000e+01
      vertex   2.928608e+01 -2.323209e+01 -1.000000e+01
      vertex   2.628608e+01 -2.323209e+01 -3.000000e+00
    endloop
  endfacet
  facet normal 0.000000e+00 -1.000000e+00 0.000000e+00
    outer loop
      vertex   2.628608e+01 -2.323209e+01 -3.000000e+00
      vertex   2.928608e+01 -2.323209e+01 -1.000000e+01
      vertex   2.928608e+01 -2.323209e+01 -3.000000e+00
    endloop
  endfacet
  facet normal -1.000000e+00 0.000000e+00 0.000000e+00
    outer loop
      vertex   2.628608e+01 2.139128e+00 -1.000000e+01
      vertex   2.628608e+01 -2.323209e+01 -1.000000e+01
      vertex   2.628608e+01 2.139128e+00 -3.000000e+00
    endloop
  endfacet
  facet normal -1.000000e+00 -0.000000e+00 0.000000e+00
    outer loop
      vertex   2.628608e+01 2.139128e+00 -3.000000e+00
      vertex   2.628608e+01 -2.323209e+01 -1.000000e+01
      vertex   2.628608e+01 -2.323209e+01 -3.000000e+00
    endloop
  endfacet
  facet normal 6.832142e-17 -1.000000e+00 -1.268826e-16
    outer loop
      vertex   -2.571392e+01 2.139128e+00 -1.000000e+01
      vertex   2.628608e+01 2.139128e+00 -1.000000e+01
      vertex   -2.571392e+01 2.139128e+00 -3.000000e+00
    endloop
  endfacet
  facet normal 8.540177e-17 -1.000000e+00 0.000000e+00
    outer loop
      vertex   -2.571392e+01 2.139128e+00 -3.000000e+00
      vertex   2.628608e+01 2.139128e+00 -1.000000e+01
      vertex   2.628608e+01 2.139128e+00 -3.000000e+00
    endloop
  endfacet
  facet normal 1.000000e+00 0.000000e+00 0.000000e+00
    outer loop
      vertex   -2.571392e+01 -2.307172e+01 -1.000000e+01
      vertex   -2.571392e+01 2.139128e+00 -1.000000e+01
      vertex   -2.571392e+01 -2.307172e+01 -3.000000e+00
    endloop
  endfacet
  facet normal 1.000000e+00 -0.000000e+00 0.000000e+00
    outer loop
      vertex   -2.571392e+01 -2.307172e+01 -3.000000e+00
      vertex   -2.571392e+01 2.139128e+00 -1.000000e+01
      vertex   -2.571392e+01 2.139128e+00 -3.000000e+00
    endloop
  endfacet
  facet normal 0.000000e+00 -1.000000e+00 0.000000e+00
    outer loop
      vertex   -2.871392e+01 -2.307172e+01 -1.000000e+01
      vertex   -2.571392e+01 -2.307172e+01 -1.000000e+01
      vertex   -2.871392e+01 -2.307172e+01 -3.000000e+00
    endloop
  endfacet
  facet normal 0.000000e+00 -1.000000e+00 0.000000e+00
    outer loop
      vertex   -2.871392e+01 -2.307172e+01 -3.000000e+00
      vertex   -2.571392e+01 -2.307172e+01 -1.000000e+01
      vertex   -2.571392e+01 -2.307172e+01 -3.000000e+00
    endloop
  endfacet
  facet normal 0.000000e+00 -0.000000e+00 1.000000e+00
    outer loop
      vertex   -2.571392e+01 -2.307172e+01 -3.000000e+00
      vertex   -2.571392e+01 2.139128e+00 -3.000000e+00
      vertex   -2.871392e+01 -2.307172e+01 -3.000000e+00
    endloop
  endfacet
  facet normal 0.000000e+00 0.000000e+00 1.000000e+00
    outer loop
      vertex   -2.871392e+01 -2.307172e+01 -3.000000e+00
      vertex   -2.571392e+01 2.139128e+00 -3.000000e+00
      vertex   -2.871392e+01 5.139128e+00 -3.000000e+00
    endloop
  endfacet
  facet normal 0.000000e+00 0.000000e+00 1.000000e+00
    outer loop
      vertex   -2.871392e+01 5.139128e+00 -3.000000e+00
      vertex   -2.571392e+01 2.139128e+00 -3.000000e+00
      vertex   2.628608e+01 2.139128e+00 -3.000000e+00
    endloop
  endfacet
  facet normal -0.000000e+00 0.000000e+00 1.000000e+00
    outer loop
      vertex   -2.871392e+01 5.139128e+00 -3.000000e+00
      vertex   2.628608e+01 2.139128e+00 -3.000000e+00
      vertex   2.928608e+01 5.139128e+00 -3.000000e+00
    endloop
  endfacet
  facet normal 0.000000e+00 0.000000e+00 1.000000e+00
    outer loop
      vertex   2.928608e+01 5.139128e+00 -3.000000e+00
      vertex   2.628608e+01 2.139128e+00 -3.000000e+00
      vertex   2.928608e+01 -2.323209e+01 -3.000000e+00
    endloop
  endfacet
  facet normal 0.000000e+00 0.000000e+00 1.000000e+00
    outer loop
      vertex   2.928608e+01 -2.323209e+01 -3.000000e+00
      vertex   2.628608e+01 2.139128e+00 -3.000000e+00
      vertex   2.628608e+01 -2.323209e+01 -3.000000e+00
    endloop
  endfacet
  facet normal -1.000000e+00 0.000000e+00 0.000000e+00
    outer loop
      vertex   2.628608e+01 -3.041428e+01 -1.000000e+01
      vertex   2.628608e+01 -3.286087e+01 -1.000000e+01
      vertex   2.628608e+01 -3.041428e+01 -3.000000e+00
    endloop
  endfacet
  facet normal -1.000000e+00 -0.000000e+00 0.000000e+00
    outer loop
      vertex   2.628608e+01 -3.041428e+01 -3.000000e+00
      vertex   2.628608e+01 -3.286087e+01 -1.000000e+01
      vertex   2.628608e+01 -3.286087e+01 -3.000000e+00
    endloop
  endfacet
  facet normal 0.000000e+00 1.000000e+00 -0.000000e+00
    outer loop
      vertex   2.928608e+01 -3.041428e+01 -1.000000e+01
      vertex   2.628608e+01 -3.041428e+01 -1.000000e+01
      vertex   2.928608e+01 -3.041428e+01 -3.000000e+00
    endloop
  endfacet
  facet normal 0.000000e+00 1.000000e+00 0.000000e+00
    outer loop
      vertex   2.928608e+01 -3.041428e+01 -3.000000e+00
      vertex   2.628608e+01 -3.041428e+01 -1.000000e+01
      vertex   2.628608e+01 -3.041428e+01 -3.000000e+00
    endloop
  endfacet
  facet normal 1.000000e+00 0.000000e+00 0.000000e+00
    outer loop
      vertex   2.928608e+01 -3.586087e+01 -1.000000e+01
      vertex   2.928608e+01 -3.041428e+01 -1.000000e+01
      vertex   2.928608e+01 -3.586087e+01 -3.000000e+00
    endloop
  endfacet
  facet normal 1.000000e+00 -0.000000e+00 0.000000e+00
    outer loop
      vertex   2.928608e+01 -3.586087e+01 -3.000000e+00
      vertex   2.928608e+01 -3.041428e+01 -1.000000e+01
      vertex   2.928608e+01 -3.041428e+01 -3.000000e+00
    endloop
  endfacet
  facet normal 0.000000e+00 -1.000000e+00 0.000000e+00
    outer loop
      vertex   -2.871392e+01 -3.586087e+01 -1.000000e+01
      vertex   2.928608e+01 -3.586087e+01 -1.000000e+01
      vertex   -2.871392e+01 -3.586087e+01 -3.000000e+00
    endloop
  endfacet
  facet normal 0.000000e+00 -1.000000e+00 0.000000e+00
    outer loop
      vertex   -2.871392e+01 -3.586087e+01 -3.000000e+00
      vertex   2.928608e+01 -3.586087e+01 -1.000000e+01
      vertex   2.928608e+01 -3.586087e+01 -3.000000e+00
    endloop
  endfacet
  facet normal -1.000000e+00 0.000000e+00 0.000000e+00
    outer loop
      vertex   -2.871392e+01 -3.025391e+01 -1.000000e+01
      vertex   -2.871392e+01 -3.586087e+01 -1.000000e+01
      vertex   -2.871392e+01 -3.025391e+01 -3.000000e+00
    endloop
  endfacet
  facet normal -1.000000e+00 -0.000000e+00 0.000000e+00
    outer loop
      vertex   -2.871392e+01 -3.025391e+01 -3.000000e+00
      vertex   -2.871392e+01 -3.586087e+01 -1.000000e+01
      vertex   -2.871392e+01 -3.586087e+01 -3.000000e+00
    endloop
  endfacet
  facet normal 0.000000e+00 1.000000e+00 -0.000000e+00
    outer loop
      vertex   -2.571392e+01 -3.025391e+01 -1.000000e+01
      vertex   -2.871392e+01 -3.025391e+01 -1.000000e+01
      vertex   -2.571392e+01 -3.025391e+01 -3.000000e+00
    endloop
  endfacet
  facet normal 0.000000e+00 1.000000e+00 0.000000e+00
    outer loop
      vertex   -2.571392e+01 -3.025391e+01 -3.000000e+00
      vertex   -2.871392e+01 -3.025391e+01 -1.000000e+01
      vertex   -2.871392e+01 -3.025391e+01 -3.000000e+00
    endloop
  endfacet
  facet normal 1.000000e+00 0.000000e+00 0.000000e+00
    outer loop
      vertex   -2.571392e+01 -3.286087e+01 -1.000000e+01
      vertex   -2.571392e+01 -3.025391e+01 -1.000000e+01
      vertex   -2.571392e+01 -3.286087e+01 -3.000000e+00
    endloop
  endfacet
  facet normal 1.000000e+00 -0.000000e+00 0.000000e+00
    outer loop
      vertex   -2.571392e+01 -3.286087e+01 -3.000000e+00
      vertex   -2.571392e+01 -3.025391e+01 -1.000000e+01
      vertex   -2.571392e+01 -3.025391e+01 -3.000000e+00
    endloop
  endfacet
  facet normal 0.000000e+00 1.000000e+00 -0.000000e+00
    outer loop
      vertex   2.628608e+01 -3.286087e+01 -1.000000e+01
      vertex   -2.571392e+01 -3.286087e+01 -1.000000e+01
      vertex   2.628608e+01 -3.286087e+01 -3.000000e+00
    endloop
  endfacet
  facet normal 0.000000e+00 1.000000e+00 0.000000e+00
    outer loop
      vertex   2.628608e+01 -3.286087e+01 -3.000000e+00
      vertex   -2.571392e+01 -3.286087e+01 -1.000000e+01
      vertex   -2.571392e+01 -3.286087e+01 -3.000000e+00
    endloop
  endfacet
  facet normal -0.000000e+00 0.000000e+00 1.000000e+00
    outer loop
      vertex   -2.571392e+01 -3.286087e+01 -3.000000e+00
      vertex   2.928608e+01 -3.586087e+01 -3.000000e+00
      vertex   2.628608e+01 -3.286087e+01 -3.000000e+00
    endloop
  endfacet
  facet normal -0.000000e+00 0.000000e+00 1.000000e+00
    outer loop
      vertex   2.628608e+01 -3.286087e+01 -3.000000e+00
      vertex   2.928608e+01 -3.586087e+01 -3.000000e+00
      vertex   2.928608e+01 -3.041428e+01 -3.000000e+00
    endloop
  endfacet
  facet normal 0.000000e+00 0.000000e+00 1.000000e+00
    outer loop
      vertex   2.628608e+01 -3.286087e+01 -3.000000e+00
      vertex   2.928608e+01 -3.041428e+01 -3.000000e+00
      vertex   2.628608e+01 -3.041428e+01 -3.000000e+00
    endloop
  endfacet
  facet normal 0.000000e+00 0.000000e+00 1.000000e+00
    outer loop
      vertex   -2.571392e+01 -3.025391e+01 -3.000000e+00
      vertex   -2.871392e+01 -3.025391e+01 -3.000000e+00
      vertex   -2.571392e+01 -3.286087e+01 -3.000000e+00
    endloop
  endfacet
  facet normal 0.000000e+00 0.000000e+00 1.000000e+00
    outer loop
      vertex   -2.571392e+01 -3.286087e+01 -3.000000e+00
      vertex   -2.871392e+01 -3.025391e+01 -3.000000e+00
      vertex   -2.871392e+01 -3.586087e+01 -3.000000e+00
    endloop
  endfacet
  facet normal 0.000000e+00 0.000000e+00 1.000000e+00
    outer loop
      vertex   -2.571392e+01 -3.286087e+01 -3.000000e+00
      vertex   -2.871392e+01 -3.586087e+01 -3.000000e+00
      vertex   2.928608e+01 -3.586087e+01 -3.000000e+00
    endloop
  endfacet
  facet normal 0.000000e+00 -1.000000e+00 0.000000e+00
    outer loop
      vertex   -3.881278e+01 -5.174649e+01 1.586157e+00
      vertex   -2.381278e+01 -5.174649e+01 1.586157e+00
      vertex   -3.881278e+01 -5.174649e+01 3.586157e+00
    endloop
  endfacet
  facet normal 0.000000e+00 -1.000000e+00 0.000000e+00
    outer loop
      vertex   -3.881278e+01 -5.174649e+01 3.586157e+00
      vertex   -2.381278e+01 -5.174649e+01 1.586157e+00
      vertex   -2.381278e+01 -5.174649e+01 3.586157e+00
    endloop
  endfacet
  facet normal -1.000000e+00 0.000000e+00 0.000000e+00
    outer loop
      vertex   -3.881278e+01 -4.974649e+01 1.586157e+00
      vertex   -3.881278e+01 -5.174649e+01 1.586157e+00
      vertex   -3.881278e+01 -4.974649e+01 3.586157e+00
    endloop
  endfacet
  facet normal -1.000000e+00 -0.000000e+00 0.000000e+00
    outer loop
      vertex   -3.881278e+01 -4.974649e+01 3.586157e+00
      vertex   -3.881278e+01 -5.174649e+01 1.586157e+00
      vertex   -3.881278e+01 -5.174649e+01 3.586157e+00
    endloop
  endfacet
  facet normal 1.000000e+00 0.000000e+00 0.000000e+00
    outer loop
      vertex   -2.381278e+01 -5.174649e+01 1.586157e+00
      vertex   -2.381278e+01 -4.974649e+01 1.586157e+00
      vertex   -2.381278e+01 -5.174649e+01 3.586157e+00
    endloop
  endfacet
  facet normal 1.000000e+00 -0.000000e+00 0.000000e+00
    outer loop
      vertex   -2.381278e+01 -5.174649e+01 3.586157e+00
      vertex   -2.381278e+01 -4.974649e+01 1.586157e+00
      vertex   -2.381278e+01 -4.974649e+01 3.586157e+00
    endloop
  endfacet
  facet normal 0.000000e+00 0.000000e+00 1.000000e+00
    outer loop
      vertex   -2.381278e+01 -4.974649e+01 3.586157e+00
      vertex   -3.881278e+01 -4.974649e+01 3.586157e+00
      vertex   -2.381278e+01 -5.174649e+01 3.586157e+00
    endloop
  endfacet
  facet normal 0.000000e+00 0.000000e+00 1.000000e+00
    outer loop
      vertex   -2.381278e+01 -5.174649e+01 3.586157e+00
      vertex   -3.881278e+01 -4.974649e+01 3.586157e+00
      vertex   -3.881278e+01 -5.174649e+01 3.586157e+00
    endloop
  endfacet
  facet normal -1.000000e+00 0.000000e+00 0.000000e+00
    outer loop
      vertex   2.381309e+01 -4.974649e+01 1.586157e+00
      vertex   2.381309e+01 -5.174649e+01 1.586157e+00
      vertex   2.381309e+01 -4.974649e+01 3.586157e+00
    endloop
  endfacet
  facet normal -1.000000e+00 -0.000000e+00 0.000000e+00
    outer loop
      vertex   2.381309e+01 -4.974649e+01 3.586157e+00
      vertex   2.381309e+01 -5.174649e+01 1.586157e+00
      vertex   2.381309e+01 -5.174649e+01 3.586157e+00
    endloop
  endfacet
  facet normal 1.000000e+00 0.000000e+00 0.000000e+00
    outer loop
      vertex   3.881309e+01 -5.174649e+01 1.586157e+00
      vertex   3.881309e+01 -4.974649e+01 1.586157e+00
      vertex   3.881309e+01 -5.174649e+01 3.586157e+00
    endloop
  endfacet
  facet normal 1.000000e+00 -0.000000e+00 0.000000e+00
    outer loop
      vertex   3.881309e+01 -5.174649e+01 3.586157e+00
      vertex   3.881309e+01 -4.974649e+01 1.586157e+00
      vertex   3.881309e+01 -4.974649e+01 3.586157e+00
    endloop
  endfacet
  facet normal 0.000000e+00 -1.000000e+00 0.000000e+00
    outer loop
      vertex   2.381309e+01 -5.174649e+01 1.586157e+00
      vertex   3.881309e+01 -5.174649e+01 1.586157e+00
      vertex   2.381309e+01 -5.174649e+01 3.586157e+00
    endloop
  endfacet
  facet normal 0.000000e+00 -1.000000e+00 0.000000e+00
    outer loop
      vertex   2.381309e+01 -5.174649e+01 3.586157e+00
      vertex   3.881309e+01 -5.174649e+01 1.586157e+00
      vertex   3.881309e+01 -5.174649e+01 3.586157e+00
    endloop
  endfacet
  facet normal 0.000000e+00 0.000000e+00 1.000000e+00
    outer loop
      vertex   2.381309e+01 -5.174649e+01 3.586157e+00
      vertex   3.881309e+01 -5.174649e+01 3.586157e+00
      vertex   2.381309e+01 -4.974649e+01 3.586157e+00
    endloop
  endfacet
  facet normal -0.000000e+00 0.000000e+00 1.000000e+00
    outer loop
      vertex   2.381309e+01 -4.974649e+01 3.586157e+00
      vertex   3.881309e+01 -5.174649e+01 3.586157e+00
      vertex   3.881309e+01 -4.974649e+01 3.586157e+00
    endloop
  endfacet
  facet normal 0.000000e+00 0.000000e+00 1.000000e+00
    outer loop
      vertex   -3.881278e+01 -4.974649e+01 1.586157e+00
      vertex   -4.518739e+01 -4.974649e+01 1.586157e+00
      vertex   -3.881278e+01 -5.174649e+01 1.586157e+00
    endloop
  endfacet
  facet normal 0.000000e+00 0.000000e+00 1.000000e+00
    outer loop
      vertex   -3.881278e+01 -5.174649e+01 1.586157e+00
      vertex   -4.518739e+01 -4.974649e+01 1.586157e+00
      vertex   -4.418739e+01 -5.500000e+01 1.586157e+00
    endloop
  endfacet
  facet normal -0.000000e+00 0.000000e+00 1.000000e+00
    outer loop
      vertex   -3.881278e+01 -5.174649e+01 1.586157e+00
      vertex   -4.418739e+01 -5.500000e+01 1.586157e+00
      vertex   -2.381278e+01 -5.174649e+01 1.586157e+00
    endloop
  endfacet
  facet normal 0.000000e+00 0.000000e+00 1.000000e+00
    outer loop
      vertex   -2.381278e+01 -5.174649e+01 1.586157e+00
      vertex   -4.418739e+01 -5.500000e+01 1.586157e+00
      vertex   4.418707e+01 -5.500000e+01 1.586157e+00
    endloop
  endfacet
  facet normal -0.000000e+00 0.000000e+00 1.000000e+00
    outer loop
      vertex   -2.381278e+01 -5.174649e+01 1.586157e+00
      vertex   4.418707e+01 -5.500000e+01 1.586157e+00
      vertex   2.381309e+01 -5.174649e+01 1.586157e+00
    endloop
  endfacet
  facet normal -0.000000e+00 0.000000e+00 1.000000e+00
    outer loop
      vertex   2.381309e+01 -5.174649e+01 1.586157e+00
      vertex   4.418707e+01 -5.500000e+01 1.586157e+00
      vertex   3.881309e+01 -5.174649e+01 1.586157e+00
    endloop
  endfacet
  facet normal -0.000000e+00 0.000000e+00 1.000000e+00
    outer loop
      vertex   3.881309e+01 -5.174649e+01 1.586157e+00
      vertex   4.418707e+01 -5.500000e+01 1.586157e+00
      vertex   4.518707e+01 -4.974649e+01 1.586157e+00
    endloop
  endfacet
  facet normal 0.000000e+00 0.000000e+00 1.000000e+00
    outer loop
      vertex   3.881309e+01 -5.174649e+01 1.586157e+00
      vertex   4.518707e+01 -4.974649e+01 1.586157e+00
      vertex   3.881309e+01 -4.974649e+01 1.586157e+00
    endloop
  endfacet
  facet normal 0.000000e+00 0.000000e+00 1.000000e+00
    outer loop
      vertex   -4.518739e+01 2.062799e+01 1.586157e+00
      vertex   -4.718739e+01 2.062799e+01 1.586157e+00
      vertex   -4.518739e+01 -4.974649e+01 1.586157e+00
    endloop
  endfacet
  facet normal 0.000000e+00 0.000000e+00 1.000000e+00
    outer loop
      vertex   -4.518739e+01 -4.974649e+01 1.586157e+00
      vertex   -4.718739e+01 2.062799e+01 1.586157e+00
      vertex   -4.718739e+01 -5.200000e+01 1.586157e+00
    endloop
  endfacet
  facet normal 0.000000e+00 0.000000e+00 1.000000e+00
    outer loop
      vertex   -4.518739e+01 -4.974649e+01 1.586157e+00
      vertex   -4.718739e+01 -5.200000e+01 1.586157e+00
      vertex   -4.711217e+01 -5.266756e+01 1.586157e+00
    endloop
  endfacet
  facet normal 0.000000e+00 0.000000e+00 1.000000e+00
    outer loop
      vertex   4.518707e+01 2.062799e+01 1.586157e+00
      vertex   -4.518739e+01 2.262799e+01 1.586157e+00
      vertex   -4.518739e+01 2.062799e+01 1.586157e+00
    endloop
  endfacet
  facet normal 0.000000e+00 -0.000000e+00 1.000000e+00
    outer loop
      vertex   -4.518739e+01 2.062799e+01 1.586157e+00
      vertex   -4.518739e+01 2.262799e+01 1.586157e+00
      vertex   -4.570503e+01 2.255984e+01 1.586157e+00
    endloop
  endfacet
  facet normal 0.000000e+00 0.000000e+00 1.000000e+00
    outer loop
      vertex   -4.518739e+01 2.062799e+01 1.586157e+00
      vertex   -4.570503e+01 2.255984e+01 1.586157e+00
      vertex   -4.618739e+01 2.236004e+01 1.586157e+00
    endloop
  endfacet
  facet normal 0.000000e+00 -0.000000e+00 1.000000e+00
    outer loop
      vertex   4.518707e+01 -4.974649e+01 1.586157e+00
      vertex   4.718707e+01 2.062799e+01 1.586157e+00
      vertex   4.518707e+01 2.062799e+01 1.586157e+00
    endloop
  endfacet
  facet normal 0.000000e+00 0.000000e+00 1.000000e+00
    outer loop
      vertex   4.518707e+01 2.062799e+01 1.586157e+00
      vertex   4.718707e+01 2.062799e+01 1.586157e+00
      vertex   4.711892e+01 2.114563e+01 1.586157e+00
    endloop
  endfacet
  facet normal 0.000000e+00 0.000000e+00 1.000000e+00
    outer loop
      vertex   4.518707e+01 2.062799e+01 1.586157e+00
      vertex   4.711892e+01 2.114563e+01 1.586157e+00
      vertex   4.691912e+01 2.162799e+01 1.586157e+00
    endloop
  endfacet
  facet normal 0.000000e+00 0.000000e+00 1.000000e+00
    outer loop
      vertex   2.381309e+01 -4.974649e+01 1.586157e+00
      vertex   -2.381278e+01 -4.974649e+01 1.586157e+00
      vertex   2.381309e+01 -5.174649e+01 1.586157e+00
    endloop
  endfacet
  facet normal 0.000000e+00 0.000000e+00 1.000000e+00
    outer loop
      vertex   2.381309e+01 -5.174649e+01 1.586157e+00
      vertex   -2.381278e+01 -4.974649e+01 1.586157e+00
      vertex   -2.381278e+01 -5.174649e+01 1.586157e+00
    endloop
  endfacet
  facet normal 0.000000e+00 0.000000e+00 1.000000e+00
    outer loop
      vertex   -4.618739e+01 2.236004e+01 1.586157e+00
      vertex   -4.660160e+01 2.204220e+01 1.586157e+00
      vertex   -4.518739e+01 2.062799e+01 1.586157e+00
    endloop
  endfacet
  facet normal 0.000000e+00 0.000000e+00 1.000000e+00
    outer loop
      vertex   -4.518739e+01 2.062799e+01 1.586157e+00
      vertex   -4.660160e+01 2.204220e+01 1.586157e+00
      vertex   -4.691944e+01 2.162799e+01 1.586157e+00
    endloop
  endfacet
  facet normal 0.000000e+00 0.000000e+00 1.000000e+00
    outer loop
      vertex   -4.518739e+01 2.062799e+01 1.586157e+00
      vertex   -4.691944e+01 2.162799e+01 1.586157e+00
      vertex   -4.711924e+01 2.114563e+01 1.586157e+00
    endloop
  endfacet
  facet normal 0.000000e+00 0.000000e+00 1.000000e+00
    outer loop
      vertex   -4.711924e+01 2.114563e+01 1.586157e+00
      vertex   -4.718739e+01 2.062799e+01 1.586157e+00
      vertex   -4.518739e+01 2.062799e+01 1.586157e+00
    endloop
  endfacet
  facet normal -0.000000e+00 0.000000e+00 1.000000e+00
    outer loop
      vertex   -4.711217e+01 -5.266756e+01 1.586157e+00
      vertex   -4.689030e+01 -5.330165e+01 1.586157e+00
      vertex   -4.518739e+01 -4.974649e+01 1.586157e+00
    endloop
  endfacet
  facet normal 0.000000e+00 0.000000e+00 1.000000e+00
    outer loop
      vertex   -4.518739e+01 -4.974649e+01 1.586157e+00
      vertex   -4.689030e+01 -5.330165e+01 1.586157e+00
      vertex   -4.418739e+01 -5.500000e+01 1.586157e+00
    endloop
  endfacet
  facet normal 0.000000e+00 0.000000e+00 1.000000e+00
    outer loop
      vertex   -4.689030e+01 -5.330165e+01 1.586157e+00
      vertex   -4.653288e+01 -5.387047e+01 1.586157e+00
      vertex   -4.418739e+01 -5.500000e+01 1.586157e+00
    endloop
  endfacet
  facet normal 0.000000e+00 0.000000e+00 1.000000e+00
    outer loop
      vertex   -4.418739e+01 -5.500000e+01 1.586157e+00
      vertex   -4.653288e+01 -5.387047e+01 1.586157e+00
      vertex   -4.605786e+01 -5.434550e+01 1.586157e+00
    endloop
  endfacet
  facet normal 0.000000e+00 0.000000e+00 1.000000e+00
    outer loop
      vertex   -4.418739e+01 -5.500000e+01 1.586157e+00
      vertex   -4.605786e+01 -5.434550e+01 1.586157e+00
      vertex   -4.548904e+01 -5.470291e+01 1.586157e+00
    endloop
  endfacet
  facet normal 0.000000e+00 0.000000e+00 1.000000e+00
    outer loop
      vertex   -4.548904e+01 -5.470291e+01 1.586157e+00
      vertex   -4.485495e+01 -5.492478e+01 1.586157e+00
      vertex   -4.418739e+01 -5.500000e+01 1.586157e+00
    endloop
  endfacet
  facet normal 0.000000e+00 0.000000e+00 1.000000e+00
    outer loop
      vertex   4.418707e+01 -5.500000e+01 1.586157e+00
      vertex   4.485463e+01 -5.492478e+01 1.586157e+00
      vertex   4.518707e+01 -4.974649e+01 1.586157e+00
    endloop
  endfacet
  facet normal 0.000000e+00 0.000000e+00 1.000000e+00
    outer loop
      vertex   4.518707e+01 -4.974649e+01 1.586157e+00
      vertex   4.485463e+01 -5.492478e+01 1.586157e+00
      vertex   4.548872e+01 -5.470291e+01 1.586157e+00
    endloop
  endfacet
  facet normal 0.000000e+00 0.000000e+00 1.000000e+00
    outer loop
      vertex   4.518707e+01 -4.974649e+01 1.586157e+00
      vertex   4.548872e+01 -5.470291e+01 1.586157e+00
      vertex   4.605754e+01 -5.434550e+01 1.586157e+00
    endloop
  endfacet
  facet normal 0.000000e+00 -0.000000e+00 1.000000e+00
    outer loop
      vertex   4.605754e+01 -5.434550e+01 1.586157e+00
      vertex   4.653256e+01 -5.387047e+01 1.586157e+00
      vertex   4.518707e+01 -4.974649e+01 1.586157e+00
    endloop
  endfacet
  facet normal 0.000000e+00 0.000000e+00 1.000000e+00
    outer loop
      vertex   4.518707e+01 -4.974649e+01 1.586157e+00
      vertex   4.653256e+01 -5.387047e+01 1.586157e+00
      vertex   4.688998e+01 -5.330165e+01 1.586157e+00
    endloop
  endfacet
  facet normal 0.000000e+00 0.000000e+00 1.000000e+00
    outer loop
      vertex   4.518707e+01 -4.974649e+01 1.586157e+00
      vertex   4.688998e+01 -5.330165e+01 1.586157e+00
      vertex   4.711185e+01 -5.266756e+01 1.586157e+00
    endloop
  endfacet
  facet normal 0.000000e+00 -0.000000e+00 1.000000e+00
    outer loop
      vertex   4.711185e+01 -5.266756e+01 1.586157e+00
      vertex   4.718707e+01 -5.200000e+01 1.586157e+00
      vertex   4.518707e+01 -4.974649e+01 1.586157e+00
    endloop
  endfacet
  facet normal -0.000000e+00 0.000000e+00 1.000000e+00
    outer loop
      vertex   4.518707e+01 -4.974649e+01 1.586157e+00
      vertex   4.718707e+01 -5.200000e+01 1.586157e+00
      vertex   4.718707e+01 2.062799e+01 1.586157e+00
    endloop
  endfacet
  facet normal 0.000000e+00 0.000000e+00 1.000000e+00
    outer loop
      vertex   4.691912e+01 2.162799e+01 1.586157e+00
      vertex   4.660128e+01 2.204220e+01 1.586157e+00
      vertex   4.518707e+01 2.062799e+01 1.586157e+00
    endloop
  endfacet
  facet normal 0.000000e+00 0.000000e+00 1.000000e+00
    outer loop
      vertex   4.518707e+01 2.062799e+01 1.586157e+00
      vertex   4.660128e+01 2.204220e+01 1.586157e+00
      vertex   4.618707e+01 2.236004e+01 1.586157e+00
    endloop
  endfacet
  facet normal 0.000000e+00 0.000000e+00 1.000000e+00
    outer loop
      vertex   4.518707e+01 2.062799e+01 1.586157e+00
      vertex   4.618707e+01 2.236004e+01 1.586157e+00
      vertex   4.570471e+01 2.255984e+01 1.586157e+00
    endloop
  endfacet
  facet normal 0.000000e+00 0.000000e+00 1.000000e+00
    outer loop
      vertex   4.570471e+01 2.255984e+01 1.586157e+00
      vertex   4.518707e+01 2.262799e+01 1.586157e+00
      vertex   4.518707e+01 2.062799e+01 1.586157e+00
    endloop
  endfacet
  facet normal 0.000000e+00 0.000000e+00 1.000000e+00
    outer loop
      vertex   4.518707e+01 2.062799e+01 1.586157e+00
      vertex   4.518707e+01 2.262799e+01 1.586157e+00
      vertex   -4.518739e+01 2.262799e+01 1.586157e+00
    endloop
  endfacet
  facet normal 0.000000e+00 0.000000e+00 -1.000000e+00
    outer loop
      vertex   -3.987876e+01 1.919096e+01 -7.500000e+00
      vertex   -4.412140e+01 1.919096e+01 -7.500000e+00
      vertex   -4.038149e+01 1.966417e+01 -7.500000e+00
    endloop
  endfacet
  facet normal -0.000000e+00 0.000000e+00 -1.000000e+00
    outer loop
      vertex   -4.038149e+01 1.966417e+01 -7.500000e+00
      vertex   -4.412140e+01 1.919096e+01 -7.500000e+00
      vertex   -4.361868e+01 1.966417e+01 -7.500000e+00
    endloop
  endfacet
  facet normal 0.000000e+00 0.000000e+00 -1.000000e+00
    outer loop
      vertex   -4.038149e+01 1.966417e+01 -7.500000e+00
      vertex   -4.361868e+01 1.966417e+01 -7.500000e+00
      vertex   -4.098623e+01 1.999725e+01 -7.500000e+00
    endloop
  endfacet
  facet normal -0.000000e+00 0.000000e+00 -1.000000e+00
    outer loop
      vertex   -4.098623e+01 1.999725e+01 -7.500000e+00
      vertex   -4.361868e+01 1.966417e+01 -7.500000e+00
      vertex   -4.301393e+01 1.999725e+01 -7.500000e+00
    endloop
  endfacet
  facet normal 0.000000e+00 0.000000e+00 -1.000000e+00
    outer loop
      vertex   -4.098623e+01 1.999725e+01 -7.500000e+00
      vertex   -4.301393e+01 1.999725e+01 -7.500000e+00
      vertex   -4.165488e+01 2.016921e+01 -7.500000e+00
    endloop
  endfacet
  facet normal -0.000000e+00 0.000000e+00 -1.000000e+00
    outer loop
      vertex   -4.165488e+01 2.016921e+01 -7.500000e+00
      vertex   -4.301393e+01 1.999725e+01 -7.500000e+00
      vertex   -4.234529e+01 2.016921e+01 -7.500000e+00
    endloop
  endfacet
  facet normal 0.000000e+00 0.000000e+00 -1.000000e+00
    outer loop
      vertex   -4.412140e+01 -4.830918e+01 -7.500000e+00
      vertex   -3.987876e+01 -4.830918e+01 -7.500000e+00
      vertex   -4.361868e+01 -4.878239e+01 -7.500000e+00
    endloop
  endfacet
  facet normal 0.000000e+00 0.000000e+00 -1.000000e+00
    outer loop
      vertex   -4.361868e+01 -4.878239e+01 -7.500000e+00
      vertex   -3.987876e+01 -4.830918e+01 -7.500000e+00
      vertex   -4.038149e+01 -4.878239e+01 -7.500000e+00
    endloop
  endfacet
  facet normal 0.000000e+00 0.000000e+00 -1.000000e+00
    outer loop
      vertex   -4.361868e+01 -4.878239e+01 -7.500000e+00
      vertex   -4.038149e+01 -4.878239e+01 -7.500000e+00
      vertex   -4.301393e+01 -4.911547e+01 -7.500000e+00
    endloop
  endfacet
  facet normal 0.000000e+00 0.000000e+00 -1.000000e+00
    outer loop
      vertex   -4.301393e+01 -4.911547e+01 -7.500000e+00
      vertex   -4.038149e+01 -4.878239e+01 -7.500000e+00
      vertex   -4.098623e+01 -4.911547e+01 -7.500000e+00
    endloop
  endfacet
  facet normal 0.000000e+00 0.000000e+00 -1.000000e+00
    outer loop
      vertex   -4.301393e+01 -4.911547e+01 -7.500000e+00
      vertex   -4.098623e+01 -4.911547e+01 -7.500000e+00
      vertex   -4.234529e+01 -4.928743e+01 -7.500000e+00
    endloop
  endfacet
  facet normal 0.000000e+00 0.000000e+00 -1.000000e+00
    outer loop
      vertex   -4.234529e+01 -4.928743e+01 -7.500000e+00
      vertex   -4.098623e+01 -4.911547e+01 -7.500000e+00
      vertex   -4.165488e+01 -4.928743e+01 -7.500000e+00
    endloop
  endfacet
  facet normal 0.000000e+00 0.000000e+00 -1.000000e+00
    outer loop
      vertex   4.412140e+01 -4.480918e+01 -7.500000e+00
      vertex   3.987876e+01 -4.480918e+01 -7.500000e+00
      vertex   4.361868e+01 -4.433597e+01 -7.500000e+00
    endloop
  endfacet
  facet normal -0.000000e+00 0.000000e+00 -1.000000e+00
    outer loop
      vertex   4.361868e+01 -4.433597e+01 -7.500000e+00
      vertex   3.987876e+01 -4.480918e+01 -7.500000e+00
      vertex   4.038149e+01 -4.433597e+01 -7.500000e+00
    endloop
  endfacet
  facet normal 0.000000e+00 0.000000e+00 -1.000000e+00
    outer loop
      vertex   4.361868e+01 -4.433597e+01 -7.500000e+00
      vertex   4.038149e+01 -4.433597e+01 -7.500000e+00
      vertex   4.301393e+01 -4.400289e+01 -7.500000e+00
    endloop
  endfacet
  facet normal -0.000000e+00 0.000000e+00 -1.000000e+00
    outer loop
      vertex   4.301393e+01 -4.400289e+01 -7.500000e+00
      vertex   4.038149e+01 -4.433597e+01 -7.500000e+00
      vertex   4.098623e+01 -4.400289e+01 -7.500000e+00
    endloop
  endfacet
  facet normal 0.000000e+00 0.000000e+00 -1.000000e+00
    outer loop
      vertex   4.301393e+01 -4.400289e+01 -7.500000e+00
      vertex   4.098623e+01 -4.400289e+01 -7.500000e+00
      vertex   4.234528e+01 -4.383093e+01 -7.500000e+00
    endloop
  endfacet
  facet normal -0.000000e+00 0.000000e+00 -1.000000e+00
    outer loop
      vertex   4.234528e+01 -4.383093e+01 -7.500000e+00
      vertex   4.098623e+01 -4.400289e+01 -7.500000e+00
      vertex   4.165488e+01 -4.383093e+01 -7.500000e+00
    endloop
  endfacet
  facet normal 1.305262e-01 9.914449e-01 -0.000000e+00
    outer loop
      vertex   -4.245302e+01 1.575059e+01 -7.100000e+00
      vertex   -4.245302e+01 1.575059e+01 0.000000e+00
      vertex   -4.200008e+01 1.569096e+01 -7.100000e+00
    endloop
  endfacet
  facet normal 1.305262e-01 9.914449e-01 -4.961014e-16
    outer loop
      vertex   -4.200008e+01 1.569096e+01 -7.100000e+00
      vertex   -4.245302e+01 1.575059e+01 0.000000e+00
      vertex   -4.200008e+01 1.569096e+01 0.000000e+00
    endloop
  endfacet
  facet normal -1.305262e-01 9.914449e-01 -4.961014e-16
    outer loop
      vertex   -4.200008e+01 1.569096e+01 -7.100000e+00
      vertex   -4.200008e+01 1.569096e+01 0.000000e+00
      vertex   -4.154715e+01 1.575059e+01 -7.100000e+00
    endloop
  endfacet
  facet normal -1.305262e-01 9.914449e-01 0.000000e+00
    outer loop
      vertex   -4.154715e+01 1.575059e+01 -7.100000e+00
      vertex   -4.200008e+01 1.569096e+01 0.000000e+00
      vertex   -4.154715e+01 1.575059e+01 0.000000e+00
    endloop
  endfacet
  facet normal -3.826834e-01 9.238795e-01 0.000000e+00
    outer loop
      vertex   -4.154715e+01 1.575059e+01 -7.100000e+00
      vertex   -4.154715e+01 1.575059e+01 0.000000e+00
      vertex   -4.112508e+01 1.592541e+01 -7.100000e+00
    endloop
  endfacet
  facet normal -3.826834e-01 9.238795e-01 0.000000e+00
    outer loop
      vertex   -4.112508e+01 1.592541e+01 -7.100000e+00
      vertex   -4.154715e+01 1.575059e+01 0.000000e+00
      vertex   -4.112508e+01 1.592541e+01 0.000000e+00
    endloop
  endfacet
  facet normal -6.087614e-01 7.933533e-01 0.000000e+00
    outer loop
      vertex   -4.112508e+01 1.592541e+01 -7.100000e+00
      vertex   -4.112508e+01 1.592541e+01 0.000000e+00
      vertex   -4.076265e+01 1.620352e+01 -7.100000e+00
    endloop
  endfacet
  facet normal -6.087614e-01 7.933533e-01 -3.969799e-16
    outer loop
      vertex   -4.076265e+01 1.620352e+01 -7.100000e+00
      vertex   -4.112508e+01 1.592541e+01 0.000000e+00
      vertex   -4.076265e+01 1.620352e+01 0.000000e+00
    endloop
  endfacet
  facet normal -7.933533e-01 6.087614e-01 -3.046134e-16
    outer loop
      vertex   -4.076265e+01 1.620352e+01 -7.100000e+00
      vertex   -4.076265e+01 1.620352e+01 0.000000e+00
      vertex   -4.048454e+01 1.656596e+01 -7.100000e+00
    endloop
  endfacet
  facet normal -7.933533e-01 6.087614e-01 0.000000e+00
    outer loop
      vertex   -4.048454e+01 1.656596e+01 -7.100000e+00
      vertex   -4.076265e+01 1.620352e+01 0.000000e+00
      vertex   -4.048454e+01 1.656596e+01 0.000000e+00
    endloop
  endfacet
  facet normal -9.238795e-01 3.826834e-01 0.000000e+00
    outer loop
      vertex   -4.048454e+01 1.656596e+01 -7.100000e+00
      vertex   -4.048454e+01 1.656596e+01 0.000000e+00
      vertex   -4.030971e+01 1.698802e+01 -7.100000e+00
    endloop
  endfacet
  facet normal -9.238795e-01 3.826834e-01 0.000000e+00
    outer loop
      vertex   -4.030971e+01 1.698802e+01 -7.100000e+00
      vertex   -4.048454e+01 1.656596e+01 0.000000e+00
      vertex   -4.030971e+01 1.698802e+01 0.000000e+00
    endloop
  endfacet
  facet normal -9.914449e-01 1.305262e-01 0.000000e+00
    outer loop
      vertex   -4.030971e+01 1.698802e+01 -7.100000e+00
      vertex   -4.030971e+01 1.698802e+01 0.000000e+00
      vertex   -4.025008e+01 1.744096e+01 -7.100000e+00
    endloop
  endfacet
  facet normal -9.914449e-01 1.305262e-01 0.000000e+00
    outer loop
      vertex   -4.025008e+01 1.744096e+01 -7.100000e+00
      vertex   -4.030971e+01 1.698802e+01 0.000000e+00
      vertex   -4.025008e+01 1.744096e+01 0.000000e+00
    endloop
  endfacet
  facet normal -9.914449e-01 -1.305262e-01 0.000000e+00
    outer loop
      vertex   -4.025008e+01 1.744096e+01 -7.100000e+00
      vertex   -4.025008e+01 1.744096e+01 0.000000e+00
      vertex   -4.030971e+01 1.789389e+01 -7.100000e+00
    endloop
  endfacet
  facet normal -9.914449e-01 -1.305262e-01 0.000000e+00
    outer loop
      vertex   -4.030971e+01 1.789389e+01 -7.100000e+00
      vertex   -4.025008e+01 1.744096e+01 0.000000e+00
      vertex   -4.030971e+01 1.789389e+01 0.000000e+00
    endloop
  endfacet
  facet normal -9.238795e-01 -3.826834e-01 0.000000e+00
    outer loop
      vertex   -4.030971e+01 1.789389e+01 -7.100000e+00
      vertex   -4.030971e+01 1.789389e+01 0.000000e+00
      vertex   -4.048454e+01 1.831596e+01 -7.100000e+00
    endloop
  endfacet
  facet normal -9.238795e-01 -3.826834e-01 0.000000e+00
    outer loop
      vertex   -4.048454e+01 1.831596e+01 -7.100000e+00
      vertex   -4.030971e+01 1.789389e+01 0.000000e+00
      vertex   -4.048454e+01 1.831596e+01 0.000000e+00
    endloop
  endfacet
  facet normal -7.933533e-01 -6.087614e-01 0.000000e+00
    outer loop
      vertex   -4.048454e+01 1.831596e+01 -7.100000e+00
      vertex   -4.048454e+01 1.831596e+01 0.000000e+00
      vertex   -4.076265e+01 1.867839e+01 -7.100000e+00
    endloop
  endfacet
  facet normal -7.933533e-01 -6.087614e-01 0.000000e+00
    outer loop
      vertex   -4.076265e+01 1.867839e+01 -7.100000e+00
      vertex   -4.048454e+01 1.831596e+01 0.000000e+00
      vertex   -4.076265e+01 1.867839e+01 0.000000e+00
    endloop
  endfacet
  facet normal -6.087614e-01 -7.933533e-01 0.000000e+00
    outer loop
      vertex   -4.076265e+01 1.867839e+01 -7.100000e+00
      vertex   -4.076265e+01 1.867839e+01 0.000000e+00
      vertex   -4.112508e+01 1.895650e+01 -7.100000e+00
    endloop
  endfacet
  facet normal -6.087614e-01 -7.933533e-01 0.000000e+00
    outer loop
      vertex   -4.112508e+01 1.895650e+01 -7.100000e+00
      vertex   -4.076265e+01 1.867839e+01 0.000000e+00
      vertex   -4.112508e+01 1.895650e+01 0.000000e+00
    endloop
  endfacet
  facet normal -3.826834e-01 -9.238795e-01 0.000000e+00
    outer loop
      vertex   -4.112508e+01 1.895650e+01 -7.100000e+00
      vertex   -4.112508e+01 1.895650e+01 0.000000e+00
      vertex   -4.154715e+01 1.913133e+01 -7.100000e+00
    endloop
  endfacet
  facet normal -3.826834e-01 -9.238795e-01 0.000000e+00
    outer loop
      vertex   -4.154715e+01 1.913133e+01 -7.100000e+00
      vertex   -4.112508e+01 1.895650e+01 0.000000e+00
      vertex   -4.154715e+01 1.913133e+01 0.000000e+00
    endloop
  endfacet
  facet normal -1.305262e-01 -9.914449e-01 0.000000e+00
    outer loop
      vertex   -4.154715e+01 1.913133e+01 -7.100000e+00
      vertex   -4.154715e+01 1.913133e+01 0.000000e+00
      vertex   -4.200008e+01 1.919096e+01 -7.100000e+00
    endloop
  endfacet
  facet normal -1.305262e-01 -9.914449e-01 0.000000e+00
    outer loop
      vertex   -4.200008e+01 1.919096e+01 -7.100000e+00
      vertex   -4.154715e+01 1.913133e+01 0.000000e+00
      vertex   -4.200008e+01 1.919096e+01 0.000000e+00
    endloop
  endfacet
  facet normal 1.305262e-01 -9.914449e-01 0.000000e+00
    outer loop
      vertex   -4.200008e+01 1.919096e+01 -7.100000e+00
      vertex   -4.200008e+01 1.919096e+01 0.000000e+00
      vertex   -4.245302e+01 1.913133e+01 -7.100000e+00
    endloop
  endfacet
  facet normal 1.305262e-01 -9.914449e-01 0.000000e+00
    outer loop
      vertex   -4.245302e+01 1.913133e+01 -7.100000e+00
      vertex   -4.200008e+01 1.919096e+01 0.000000e+00
      vertex   -4.245302e+01 1.913133e+01 0.000000e+00
    endloop
  endfacet
  facet normal 3.826834e-01 -9.238795e-01 0.000000e+00
    outer loop
      vertex   -4.245302e+01 1.913133e+01 -7.100000e+00
      vertex   -4.245302e+01 1.913133e+01 0.000000e+00
      vertex   -4.287508e+01 1.895650e+01 -7.100000e+00
    endloop
  endfacet
  facet normal 3.826834e-01 -9.238795e-01 0.000000e+00
    outer loop
      vertex   -4.287508e+01 1.895650e+01 -7.100000e+00
      vertex   -4.245302e+01 1.913133e+01 0.000000e+00
      vertex   -4.287508e+01 1.895650e+01 0.000000e+00
    endloop
  endfacet
  facet normal 6.087614e-01 -7.933533e-01 0.000000e+00
    outer loop
      vertex   -4.287508e+01 1.895650e+01 -7.100000e+00
      vertex   -4.287508e+01 1.895650e+01 0.000000e+00
      vertex   -4.323752e+01 1.867839e+01 -7.100000e+00
    endloop
  endfacet
  facet normal 6.087614e-01 -7.933533e-01 0.000000e+00
    outer loop
      vertex   -4.323752e+01 1.867839e+01 -7.100000e+00
      vertex   -4.287508e+01 1.895650e+01 0.000000e+00
      vertex   -4.323752e+01 1.867839e+01 0.000000e+00
    endloop
  endfacet
  facet normal 7.933533e-01 -6.087614e-01 0.000000e+00
    outer loop
      vertex   -4.323752e+01 1.867839e+01 -7.100000e+00
      vertex   -4.323752e+01 1.867839e+01 0.000000e+00
      vertex   -4.351563e+01 1.831596e+01 -7.100000e+00
    endloop
  endfacet
  facet normal 7.933533e-01 -6.087614e-01 0.000000e+00
    outer loop
      vertex   -4.351563e+01 1.831596e+01 -7.100000e+00
      vertex   -4.323752e+01 1.867839e+01 0.000000e+00
      vertex   -4.351563e+01 1.831596e+01 0.000000e+00
    endloop
  endfacet
  facet normal 9.238795e-01 -3.826834e-01 0.000000e+00
    outer loop
      vertex   -4.351563e+01 1.831596e+01 -7.100000e+00
      vertex   -4.351563e+01 1.831596e+01 0.000000e+00
      vertex   -4.369045e+01 1.789389e+01 -7.100000e+00
    endloop
  endfacet
  facet normal 9.238795e-01 -3.826834e-01 0.000000e+00
    outer loop
      vertex   -4.369045e+01 1.789389e+01 -7.100000e+00
      vertex   -4.351563e+01 1.831596e+01 0.000000e+00
      vertex   -4.369045e+01 1.789389e+01 0.000000e+00
    endloop
  endfacet
  facet normal 9.914449e-01 -1.305262e-01 0.000000e+00
    outer loop
      vertex   -4.369045e+01 1.789389e+01 -7.100000e+00
      vertex   -4.369045e+01 1.789389e+01 0.000000e+00
      vertex   -4.375008e+01 1.744096e+01 -7.100000e+00
    endloop
  endfacet
  facet normal 9.914449e-01 -1.305262e-01 0.000000e+00
    outer loop
      vertex   -4.375008e+01 1.744096e+01 -7.100000e+00
      vertex   -4.369045e+01 1.789389e+01 0.000000e+00
      vertex   -4.375008e+01 1.744096e+01 0.000000e+00
    endloop
  endfacet
  facet normal 9.914449e-01 1.305262e-01 -0.000000e+00
    outer loop
      vertex   -4.375008e+01 1.744096e+01 -7.100000e+00
      vertex   -4.375008e+01 1.744096e+01 0.000000e+00
      vertex   -4.369045e+01 1.698802e+01 -7.100000e+00
    endloop
  endfacet
  facet normal 9.914449e-01 1.305262e-01 6.531298e-17
    outer loop
      vertex   -4.369045e+01 1.698802e+01 -7.100000e+00
      vertex   -4.375008e+01 1.744096e+01 0.000000e+00
      vertex   -4.369045e+01 1.698802e+01 0.000000e+00
    endloop
  endfacet
  facet normal 9.238795e-01 3.826834e-01 1.914880e-16
    outer loop
      vertex   -4.369045e+01 1.698802e+01 -7.100000e+00
      vertex   -4.369045e+01 1.698802e+01 0.000000e+00
      vertex   -4.351563e+01 1.656596e+01 -7.100000e+00
    endloop
  endfacet
  facet normal 9.238795e-01 3.826834e-01 -0.000000e+00
    outer loop
      vertex   -4.351563e+01 1.656596e+01 -7.100000e+00
      vertex   -4.369045e+01 1.698802e+01 0.000000e+00
      vertex   -4.351563e+01 1.656596e+01 0.000000e+00
    endloop
  endfacet
  facet normal 7.933533e-01 6.087614e-01 -0.000000e+00
    outer loop
      vertex   -4.351563e+01 1.656596e+01 -7.100000e+00
      vertex   -4.351563e+01 1.656596e+01 0.000000e+00
      vertex   -4.323752e+01 1.620352e+01 -7.100000e+00
    endloop
  endfacet
  facet normal 7.933533e-01 6.087614e-01 -0.000000e+00
    outer loop
      vertex   -4.323752e+01 1.620352e+01 -7.100000e+00
      vertex   -4.351563e+01 1.656596e+01 0.000000e+00
      vertex   -4.323752e+01 1.620352e+01 0.000000e+00
    endloop
  endfacet
  facet normal 6.087614e-01 7.933533e-01 -0.000000e+00
    outer loop
      vertex   -4.323752e+01 1.620352e+01 -7.100000e+00
      vertex   -4.323752e+01 1.620352e+01 0.000000e+00
      vertex   -4.287508e+01 1.592541e+01 -7.100000e+00
    endloop
  endfacet
  facet normal 6.087614e-01 7.933533e-01 -0.000000e+00
    outer loop
      vertex   -4.287508e+01 1.592541e+01 -7.100000e+00
      vertex   -4.323752e+01 1.620352e+01 0.000000e+00
      vertex   -4.287508e+01 1.592541e+01 0.000000e+00
    endloop
  endfacet
  facet normal 3.826834e-01 9.238795e-01 -0.000000e+00
    outer loop
      vertex   -4.287508e+01 1.592541e+01 -7.100000e+00
      vertex   -4.287508e+01 1.592541e+01 0.000000e+00
      vertex   -4.245302e+01 1.575059e+01 -7.100000e+00
    endloop
  endfacet
  facet normal 3.826834e-01 9.238795e-01 -0.000000e+00
    outer loop
      vertex   -4.245302e+01 1.575059e+01 -7.100000e+00
      vertex   -4.287508e+01 1.592541e+01 0.000000e+00
      vertex   -4.245302e+01 1.575059e+01 0.000000e+00
    endloop
  endfacet
  facet normal -1.305262e-01 -9.914449e-01 0.000000e+00
    outer loop
      vertex   4.245301e+01 -4.486881e+01 -7.100000e+00
      vertex   4.245301e+01 -4.486881e+01 0.000000e+00
      vertex   4.200008e+01 -4.480918e+01 -7.100000e+00
    endloop
  endfacet
  facet normal -1.305262e-01 -9.914449e-01 0.000000e+00
    outer loop
      vertex   4.200008e+01 -4.480918e+01 -7.100000e+00
      vertex   4.245301e+01 -4.486881e+01 0.000000e+00
      vertex   4.200008e+01 -4.480918e+01 0.000000e+00
    endloop
  endfacet
  facet normal 1.305262e-01 -9.914449e-01 0.000000e+00
    outer loop
      vertex   4.200008e+01 -4.480918e+01 -7.100000e+00
      vertex   4.200008e+01 -4.480918e+01 0.000000e+00
      vertex   4.154715e+01 -4.486881e+01 -7.100000e+00
    endloop
  endfacet
  facet normal 1.305262e-01 -9.914449e-01 0.000000e+00
    outer loop
      vertex   4.154715e+01 -4.486881e+01 -7.100000e+00
      vertex   4.200008e+01 -4.480918e+01 0.000000e+00
      vertex   4.154715e+01 -4.486881e+01 0.000000e+00
    endloop
  endfacet
  facet normal 3.826834e-01 -9.238795e-01 0.000000e+00
    outer loop
      vertex   4.154715e+01 -4.486881e+01 -7.100000e+00
      vertex   4.154715e+01 -4.486881e+01 0.000000e+00
      vertex   4.112508e+01 -4.504364e+01 -7.100000e+00
    endloop
  endfacet
  facet normal 3.826834e-01 -9.238795e-01 0.000000e+00
    outer loop
      vertex   4.112508e+01 -4.504364e+01 -7.100000e+00
      vertex   4.154715e+01 -4.486881e+01 0.000000e+00
      vertex   4.112508e+01 -4.504364e+01 0.000000e+00
    endloop
  endfacet
  facet normal 6.087614e-01 -7.933533e-01 0.000000e+00
    outer loop
      vertex   4.112508e+01 -4.504364e+01 -7.100000e+00
      vertex   4.112508e+01 -4.504364e+01 0.000000e+00
      vertex   4.076264e+01 -4.532174e+01 -7.100000e+00
    endloop
  endfacet
  facet normal 6.087614e-01 -7.933533e-01 0.000000e+00
    outer loop
      vertex   4.076264e+01 -4.532174e+01 -7.100000e+00
      vertex   4.112508e+01 -4.504364e+01 0.000000e+00
      vertex   4.076264e+01 -4.532174e+01 0.000000e+00
    endloop
  endfacet
  facet normal 7.933533e-01 -6.087614e-01 0.000000e+00
    outer loop
      vertex   4.076264e+01 -4.532174e+01 -7.100000e+00
      vertex   4.076264e+01 -4.532174e+01 0.000000e+00
      vertex   4.048454e+01 -4.568418e+01 -7.100000e+00
    endloop
  endfacet
  facet normal 7.933533e-01 -6.087614e-01 0.000000e+00
    outer loop
      vertex   4.048454e+01 -4.568418e+01 -7.100000e+00
      vertex   4.076264e+01 -4.532174e+01 0.000000e+00
      vertex   4.048454e+01 -4.568418e+01 0.000000e+00
    endloop
  endfacet
  facet normal 9.238795e-01 -3.826834e-01 0.000000e+00
    outer loop
      vertex   4.048454e+01 -4.568418e+01 -7.100000e+00
      vertex   4.048454e+01 -4.568418e+01 0.000000e+00
      vertex   4.030971e+01 -4.610625e+01 -7.100000e+00
    endloop
  endfacet
  facet normal 9.238795e-01 -3.826834e-01 0.000000e+00
    outer loop
      vertex   4.030971e+01 -4.610625e+01 -7.100000e+00
      vertex   4.048454e+01 -4.568418e+01 0.000000e+00
      vertex   4.030971e+01 -4.610625e+01 0.000000e+00
    endloop
  endfacet
  facet normal 9.914449e-01 -1.305262e-01 0.000000e+00
    outer loop
      vertex   4.030971e+01 -4.610625e+01 -7.100000e+00
      vertex   4.030971e+01 -4.610625e+01 0.000000e+00
      vertex   4.025008e+01 -4.655918e+01 -7.100000e+00
    endloop
  endfacet
  facet normal 9.914449e-01 -1.305262e-01 0.000000e+00
    outer loop
      vertex   4.025008e+01 -4.655918e+01 -7.100000e+00
      vertex   4.030971e+01 -4.610625e+01 0.000000e+00
      vertex   4.025008e+01 -4.655918e+01 0.000000e+00
    endloop
  endfacet
  facet normal 9.914449e-01 1.305262e-01 -0.000000e+00
    outer loop
      vertex   4.025008e+01 -4.655918e+01 -7.100000e+00
      vertex   4.025008e+01 -4.655918e+01 0.000000e+00
      vertex   4.030971e+01 -4.701211e+01 -7.100000e+00
    endloop
  endfacet
  facet normal 9.914449e-01 1.305262e-01 -0.000000e+00
    outer loop
      vertex   4.030971e+01 -4.701211e+01 -7.100000e+00
      vertex   4.025008e+01 -4.655918e+01 0.000000e+00
      vertex   4.030971e+01 -4.701211e+01 0.000000e+00
    endloop
  endfacet
  facet normal 9.238795e-01 3.826834e-01 -0.000000e+00
    outer loop
      vertex   4.030971e+01 -4.701211e+01 -7.100000e+00
      vertex   4.030971e+01 -4.701211e+01 0.000000e+00
      vertex   4.048454e+01 -4.743418e+01 -7.100000e+00
    endloop
  endfacet
  facet normal 9.238795e-01 3.826834e-01 -0.000000e+00
    outer loop
      vertex   4.048454e+01 -4.743418e+01 -7.100000e+00
      vertex   4.030971e+01 -4.701211e+01 0.000000e+00
      vertex   4.048454e+01 -4.743418e+01 0.000000e+00
    endloop
  endfacet
  facet normal 7.933533e-01 6.087614e-01 -0.000000e+00
    outer loop
      vertex   4.048454e+01 -4.743418e+01 -7.100000e+00
      vertex   4.048454e+01 -4.743418e+01 0.000000e+00
      vertex   4.076264e+01 -4.779662e+01 -7.100000e+00
    endloop
  endfacet
  facet normal 7.933533e-01 6.087614e-01 -0.000000e+00
    outer loop
      vertex   4.076264e+01 -4.779662e+01 -7.100000e+00
      vertex   4.048454e+01 -4.743418e+01 0.000000e+00
      vertex   4.076264e+01 -4.779662e+01 0.000000e+00
    endloop
  endfacet
  facet normal 6.087614e-01 7.933533e-01 -0.000000e+00
    outer loop
      vertex   4.076264e+01 -4.779662e+01 -7.100000e+00
      vertex   4.076264e+01 -4.779662e+01 0.000000e+00
      vertex   4.112508e+01 -4.807472e+01 -7.100000e+00
    endloop
  endfacet
  facet normal 6.087614e-01 7.933533e-01 -0.000000e+00
    outer loop
      vertex   4.112508e+01 -4.807472e+01 -7.100000e+00
      vertex   4.076264e+01 -4.779662e+01 0.000000e+00
      vertex   4.112508e+01 -4.807472e+01 0.000000e+00
    endloop
  endfacet
  facet normal 3.826834e-01 9.238795e-01 -0.000000e+00
    outer loop
      vertex   4.112508e+01 -4.807472e+01 -7.100000e+00
      vertex   4.112508e+01 -4.807472e+01 0.000000e+00
      vertex   4.154715e+01 -4.824955e+01 -7.100000e+00
    endloop
  endfacet
  facet normal 3.826834e-01 9.238795e-01 -0.000000e+00
    outer loop
      vertex   4.154715e+01 -4.824955e+01 -7.100000e+00
      vertex   4.112508e+01 -4.807472e+01 0.000000e+00
      vertex   4.154715e+01 -4.824955e+01 0.000000e+00
    endloop
  endfacet
  facet normal 1.305262e-01 9.914449e-01 -0.000000e+00
    outer loop
      vertex   4.154715e+01 -4.824955e+01 -7.100000e+00
      vertex   4.154715e+01 -4.824955e+01 0.000000e+00
      vertex   4.200008e+01 -4.830918e+01 -7.100000e+00
    endloop
  endfacet
  facet normal 1.305262e-01 9.914449e-01 -0.000000e+00
    outer loop
      vertex   4.200008e+01 -4.830918e+01 -7.100000e+00
      vertex   4.154715e+01 -4.824955e+01 0.000000e+00
      vertex   4.200008e+01 -4.830918e+01 0.000000e+00
    endloop
  endfacet
  facet normal -1.305262e-01 9.914449e-01 0.000000e+00
    outer loop
      vertex   4.200008e+01 -4.830918e+01 -7.100000e+00
      vertex   4.200008e+01 -4.830918e+01 0.000000e+00
      vertex   4.245301e+01 -4.824955e+01 -7.100000e+00
    endloop
  endfacet
  facet normal -1.305262e-01 9.914449e-01 0.000000e+00
    outer loop
      vertex   4.245301e+01 -4.824955e+01 -7.100000e+00
      vertex   4.200008e+01 -4.830918e+01 0.000000e+00
      vertex   4.245301e+01 -4.824955e+01 0.000000e+00
    endloop
  endfacet
  facet normal -3.826834e-01 9.238795e-01 0.000000e+00
    outer loop
      vertex   4.245301e+01 -4.824955e+01 -7.100000e+00
      vertex   4.245301e+01 -4.824955e+01 0.000000e+00
      vertex   4.287508e+01 -4.807472e+01 -7.100000e+00
    endloop
  endfacet
  facet normal -3.826834e-01 9.238795e-01 0.000000e+00
    outer loop
      vertex   4.287508e+01 -4.807472e+01 -7.100000e+00
      vertex   4.245301e+01 -4.824955e+01 0.000000e+00
      vertex   4.287508e+01 -4.807472e+01 0.000000e+00
    endloop
  endfacet
  facet normal -6.087614e-01 7.933533e-01 0.000000e+00
    outer loop
      vertex   4.287508e+01 -4.807472e+01 -7.100000e+00
      vertex   4.287508e+01 -4.807472e+01 0.000000e+00
      vertex   4.323752e+01 -4.779662e+01 -7.100000e+00
    endloop
  endfacet
  facet normal -6.087614e-01 7.933533e-01 0.000000e+00
    outer loop
      vertex   4.323752e+01 -4.779662e+01 -7.100000e+00
      vertex   4.287508e+01 -4.807472e+01 0.000000e+00
      vertex   4.323752e+01 -4.779662e+01 0.000000e+00
    endloop
  endfacet
  facet normal -7.933533e-01 6.087614e-01 0.000000e+00
    outer loop
      vertex   4.323752e+01 -4.779662e+01 -7.100000e+00
      vertex   4.323752e+01 -4.779662e+01 0.000000e+00
      vertex   4.351563e+01 -4.743418e+01 -7.100000e+00
    endloop
  endfacet
  facet normal -7.933533e-01 6.087614e-01 0.000000e+00
    outer loop
      vertex   4.351563e+01 -4.743418e+01 -7.100000e+00
      vertex   4.323752e+01 -4.779662e+01 0.000000e+00
      vertex   4.351563e+01 -4.743418e+01 0.000000e+00
    endloop
  endfacet
  facet normal -9.238795e-01 3.826834e-01 0.000000e+00
    outer loop
      vertex   4.351563e+01 -4.743418e+01 -7.100000e+00
      vertex   4.351563e+01 -4.743418e+01 0.000000e+00
      vertex   4.369045e+01 -4.701211e+01 -7.100000e+00
    endloop
  endfacet
  facet normal -9.238795e-01 3.826834e-01 0.000000e+00
    outer loop
      vertex   4.369045e+01 -4.701211e+01 -7.100000e+00
      vertex   4.351563e+01 -4.743418e+01 0.000000e+00
      vertex   4.369045e+01 -4.701211e+01 0.000000e+00
    endloop
  endfacet
  facet normal -9.914449e-01 1.305262e-01 0.000000e+00
    outer loop
      vertex   4.369045e+01 -4.701211e+01 -7.100000e+00
      vertex   4.369045e+01 -4.701211e+01 0.000000e+00
      vertex   4.375008e+01 -4.655918e+01 -7.100000e+00
    endloop
  endfacet
  facet normal -9.914449e-01 1.305262e-01 0.000000e+00
    outer loop
      vertex   4.375008e+01 -4.655918e+01 -7.100000e+00
      vertex   4.369045e+01 -4.701211e+01 0.000000e+00
      vertex   4.375008e+01 -4.655918e+01 0.000000e+00
    endloop
  endfacet
  facet normal -9.914449e-01 -1.305262e-01 0.000000e+00
    outer loop
      vertex   4.375008e+01 -4.655918e+01 -7.100000e+00
      vertex   4.375008e+01 -4.655918e+01 0.000000e+00
      vertex   4.369045e+01 -4.610625e+01 -7.100000e+00
    endloop
  endfacet
  facet normal -9.914449e-01 -1.305262e-01 0.000000e+00
    outer loop
      vertex   4.369045e+01 -4.610625e+01 -7.100000e+00
      vertex   4.375008e+01 -4.655918e+01 0.000000e+00
      vertex   4.369045e+01 -4.610625e+01 0.000000e+00
    endloop
  endfacet
  facet normal -9.238795e-01 -3.826834e-01 0.000000e+00
    outer loop
      vertex   4.369045e+01 -4.610625e+01 -7.100000e+00
      vertex   4.369045e+01 -4.610625e+01 0.000000e+00
      vertex   4.351563e+01 -4.568418e+01 -7.100000e+00
    endloop
  endfacet
  facet normal -9.238795e-01 -3.826834e-01 7.659519e-16
    outer loop
      vertex   4.351563e+01 -4.568418e+01 -7.100000e+00
      vertex   4.369045e+01 -4.610625e+01 0.000000e+00
      vertex   4.351563e+01 -4.568418e+01 0.000000e+00
    endloop
  endfacet
  facet normal -7.933533e-01 -6.087614e-01 1.218454e-15
    outer loop
      vertex   4.351563e+01 -4.568418e+01 -7.100000e+00
      vertex   4.351563e+01 -4.568418e+01 0.000000e+00
      vertex   4.323752e+01 -4.532174e+01 -7.100000e+00
    endloop
  endfacet
  facet normal -7.933533e-01 -6.087614e-01 0.000000e+00
    outer loop
      vertex   4.323752e+01 -4.532174e+01 -7.100000e+00
      vertex   4.351563e+01 -4.568418e+01 0.000000e+00
      vertex   4.323752e+01 -4.532174e+01 0.000000e+00
    endloop
  endfacet
  facet normal -6.087614e-01 -7.933533e-01 0.000000e+00
    outer loop
      vertex   4.323752e+01 -4.532174e+01 -7.100000e+00
      vertex   4.323752e+01 -4.532174e+01 0.000000e+00
      vertex   4.287508e+01 -4.504364e+01 -7.100000e+00
    endloop
  endfacet
  facet normal -6.087614e-01 -7.933533e-01 0.000000e+00
    outer loop
      vertex   4.287508e+01 -4.504364e+01 -7.100000e+00
      vertex   4.323752e+01 -4.532174e+01 0.000000e+00
      vertex   4.287508e+01 -4.504364e+01 0.000000e+00
    endloop
  endfacet
  facet normal -3.826834e-01 -9.238795e-01 0.000000e+00
    outer loop
      vertex   4.287508e+01 -4.504364e+01 -7.100000e+00
      vertex   4.287508e+01 -4.504364e+01 0.000000e+00
      vertex   4.245301e+01 -4.486881e+01 -7.100000e+00
    endloop
  endfacet
  facet normal -3.826834e-01 -9.238795e-01 0.000000e+00
    outer loop
      vertex   4.245301e+01 -4.486881e+01 -7.100000e+00
      vertex   4.287508e+01 -4.504364e+01 0.000000e+00
      vertex   4.245301e+01 -4.486881e+01 0.000000e+00
    endloop
  endfacet
  facet normal 6.854029e-01 7.281578e-01 -3.004988e-03
    outer loop
      vertex   4.038149e+01 -4.878239e+01 -7.500000e+00
      vertex   3.999542e+01 -4.844168e+01 -1.300000e+01
      vertex   3.987876e+01 -4.830918e+01 -7.500000e+00
    endloop
  endfacet
  facet normal 8.090134e-01 5.877826e-01 2.998709e-03
    outer loop
      vertex   3.987876e+01 -4.830918e+01 -7.500000e+00
      vertex   3.999542e+01 -4.844168e+01 -1.300000e+01
      vertex   3.959024e+01 -4.788400e+01 -1.300000e+01
    endloop
  endfacet
  facet normal 8.274669e-01 5.615145e-01 -0.000000e+00
    outer loop
      vertex   3.987876e+01 -4.830918e+01 -7.500000e+00
      vertex   3.959024e+01 -4.788400e+01 -1.300000e+01
      vertex   3.987876e+01 -4.830918e+01 -7.300000e+00
    endloop
  endfacet
  facet normal 8.392927e-01 5.436764e-01 -1.929183e-03
    outer loop
      vertex   3.987876e+01 -4.830918e+01 -7.300000e+00
      vertex   3.959024e+01 -4.788400e+01 -1.300000e+01
      vertex   3.953575e+01 -4.777967e+01 -7.300000e+00
    endloop
  endfacet
  facet normal 9.297743e-01 3.681237e-01 2.149079e-03
    outer loop
      vertex   3.953575e+01 -4.777967e+01 -7.300000e+00
      vertex   3.959024e+01 -4.788400e+01 -1.300000e+01
      vertex   3.933648e+01 -4.724308e+01 -1.300000e+01
    endloop
  endfacet
  facet normal 9.411130e-01 3.380906e-01 -1.074603e-03
    outer loop
      vertex   3.953575e+01 -4.777967e+01 -7.300000e+00
      vertex   3.933648e+01 -4.724308e+01 -1.300000e+01
      vertex   3.932245e+01 -4.718592e+01 -7.300000e+00
    endloop
  endfacet
  facet normal 9.921140e-01 1.253331e-01 1.184435e-03
    outer loop
      vertex   3.932245e+01 -4.718592e+01 -7.300000e+00
      vertex   3.933648e+01 -4.724308e+01 -1.300000e+01
      vertex   3.925008e+01 -4.655918e+01 -1.300000e+01
    endloop
  endfacet
  facet normal 9.933991e-01 1.147094e-01 0.000000e+00
    outer loop
      vertex   3.932245e+01 -4.718592e+01 -7.300000e+00
      vertex   3.925008e+01 -4.655918e+01 -1.300000e+01
      vertex   3.925008e+01 -4.655918e+01 -7.300000e+00
    endloop
  endfacet
  facet normal 9.933991e-01 -1.147094e-01 0.000000e+00
    outer loop
      vertex   3.925008e+01 -4.655918e+01 -7.300000e+00
      vertex   3.925008e+01 -4.655918e+01 -1.300000e+01
      vertex   3.932245e+01 -4.593244e+01 -7.300000e+00
    endloop
  endfacet
  facet normal 9.921140e-01 -1.253331e-01 1.184435e-03
    outer loop
      vertex   3.932245e+01 -4.593244e+01 -7.300000e+00
      vertex   3.925008e+01 -4.655918e+01 -1.300000e+01
      vertex   3.933648e+01 -4.587528e+01 -1.300000e+01
    endloop
  endfacet
  facet normal 9.411130e-01 -3.380906e-01 -1.074603e-03
    outer loop
      vertex   3.932245e+01 -4.593244e+01 -7.300000e+00
      vertex   3.933648e+01 -4.587528e+01 -1.300000e+01
      vertex   3.953575e+01 -4.533869e+01 -7.300000e+00
    endloop
  endfacet
  facet normal 9.297743e-01 -3.681237e-01 2.149079e-03
    outer loop
      vertex   3.953575e+01 -4.533869e+01 -7.300000e+00
      vertex   3.933648e+01 -4.587528e+01 -1.300000e+01
      vertex   3.959024e+01 -4.523436e+01 -1.300000e+01
    endloop
  endfacet
  facet normal 8.392927e-01 -5.436764e-01 -1.929183e-03
    outer loop
      vertex   3.953575e+01 -4.533869e+01 -7.300000e+00
      vertex   3.959024e+01 -4.523436e+01 -1.300000e+01
      vertex   3.987876e+01 -4.480918e+01 -7.300000e+00
    endloop
  endfacet
  facet normal 8.274669e-01 -5.615145e-01 0.000000e+00
    outer loop
      vertex   3.987876e+01 -4.480918e+01 -7.300000e+00
      vertex   3.959024e+01 -4.523436e+01 -1.300000e+01
      vertex   3.987876e+01 -4.480918e+01 -7.500000e+00
    endloop
  endfacet
  facet normal 8.090134e-01 -5.877826e-01 2.998709e-03
    outer loop
      vertex   3.987876e+01 -4.480918e+01 -7.500000e+00
      vertex   3.959024e+01 -4.523436e+01 -1.300000e+01
      vertex   3.999542e+01 -4.467668e+01 -1.300000e+01
    endloop
  endfacet
  facet normal 6.854029e-01 -7.281578e-01 -3.004988e-03
    outer loop
      vertex   3.987876e+01 -4.480918e+01 -7.500000e+00
      vertex   3.999542e+01 -4.467668e+01 -1.300000e+01
      vertex   4.038149e+01 -4.433597e+01 -7.500000e+00
    endloop
  endfacet
  facet normal 6.374211e-01 -7.705098e-01 2.986603e-03
    outer loop
      vertex   4.038149e+01 -4.433597e+01 -7.500000e+00
      vertex   3.999542e+01 -4.467668e+01 -1.300000e+01
      vertex   4.052656e+01 -4.423728e+01 -1.300000e+01
    endloop
  endfacet
  facet normal 4.824401e-01 -8.759239e-01 -2.992843e-03
    outer loop
      vertex   4.038149e+01 -4.433597e+01 -7.500000e+00
      vertex   4.052656e+01 -4.423728e+01 -1.300000e+01
      vertex   4.098623e+01 -4.400289e+01 -7.500000e+00
    endloop
  endfacet
  facet normal 4.257774e-01 -9.048230e-01 2.974420e-03
    outer loop
      vertex   4.098623e+01 -4.400289e+01 -7.500000e+00
      vertex   4.052656e+01 -4.423728e+01 -1.300000e+01
      vertex   4.115028e+01 -4.394377e+01 -1.300000e+01
    endloop
  endfacet
  facet normal 2.490694e-01 -9.684811e-01 -2.980622e-03
    outer loop
      vertex   4.098623e+01 -4.400289e+01 -7.500000e+00
      vertex   4.115028e+01 -4.394377e+01 -1.300000e+01
      vertex   4.165488e+01 -4.383093e+01 -7.500000e+00
    endloop
  endfacet
  facet normal 1.873805e-01 -9.822829e-01 2.962160e-03
    outer loop
      vertex   4.165488e+01 -4.383093e+01 -7.500000e+00
      vertex   4.115028e+01 -4.394377e+01 -1.300000e+01
      vertex   4.182741e+01 -4.381461e+01 -1.300000e+01
    endloop
  endfacet
  facet normal 0.000000e+00 -9.999956e-01 -2.968323e-03
    outer loop
      vertex   4.165488e+01 -4.383093e+01 -7.500000e+00
      vertex   4.182741e+01 -4.381461e+01 -1.300000e+01
      vertex   4.234528e+01 -4.383093e+01 -7.500000e+00
    endloop
  endfacet
  facet normal -6.279025e-02 -9.980224e-01 2.949822e-03
    outer loop
      vertex   4.234528e+01 -4.383093e+01 -7.500000e+00
      vertex   4.182741e+01 -4.381461e+01 -1.300000e+01
      vertex   4.251538e+01 -4.385789e+01 -1.300000e+01
    endloop
  endfacet
  facet normal -2.490694e-01 -9.684811e-01 -2.955947e-03
    outer loop
      vertex   4.234528e+01 -4.383093e+01 -7.500000e+00
      vertex   4.251538e+01 -4.385789e+01 -1.300000e+01
      vertex   4.301393e+01 -4.400289e+01 -7.500000e+00
    endloop
  endfacet
  facet normal -3.090157e-01 -9.510524e-01 2.937408e-03
    outer loop
      vertex   4.301393e+01 -4.400289e+01 -7.500000e+00
      vertex   4.251538e+01 -4.385789e+01 -1.300000e+01
      vertex   4.317097e+01 -4.407091e+01 -1.300000e+01
    endloop
  endfacet
  facet normal -4.824402e-01 -8.759240e-01 -2.943495e-03
    outer loop
      vertex   4.301393e+01 -4.400289e+01 -7.500000e+00
      vertex   4.317097e+01 -4.407091e+01 -1.300000e+01
      vertex   4.361868e+01 -4.433597e+01 -7.500000e+00
    endloop
  endfacet
  facet normal -5.358245e-01 -8.443243e-01 2.924917e-03
    outer loop
      vertex   4.361868e+01 -4.433597e+01 -7.500000e+00
      vertex   4.317097e+01 -4.407091e+01 -1.300000e+01
      vertex   4.375300e+01 -4.444027e+01 -1.300000e+01
    endloop
  endfacet
  facet normal -6.854031e-01 -7.281580e-01 -2.930965e-03
    outer loop
      vertex   4.361868e+01 -4.433597e+01 -7.500000e+00
      vertex   4.375300e+01 -4.444027e+01 -1.300000e+01
      vertex   4.412140e+01 -4.480918e+01 -7.500000e+00
    endloop
  endfacet
  facet normal -7.289655e-01 -6.845442e-01 2.912349e-03
    outer loop
      vertex   4.412140e+01 -4.480918e+01 -7.500000e+00
      vertex   4.375300e+01 -4.444027e+01 -1.300000e+01
      vertex   4.422488e+01 -4.494277e+01 -1.300000e+01
    endloop
  endfacet
  facet normal -7.905763e-01 -6.123635e-01 0.000000e+00
    outer loop
      vertex   4.412140e+01 -4.480918e+01 -7.500000e+00
      vertex   4.422488e+01 -4.494277e+01 -1.300000e+01
      vertex   4.412140e+01 -4.480918e+01 -7.300000e+00
    endloop
  endfacet
  facet normal -8.392916e-01 -5.436757e-01 -2.494197e-03
    outer loop
      vertex   4.412140e+01 -4.480918e+01 -7.300000e+00
      vertex   4.422488e+01 -4.494277e+01 -1.300000e+01
      vertex   4.446441e+01 -4.533869e+01 -7.300000e+00
    endloop
  endfacet
  facet normal -8.763017e-01 -4.817510e-01 3.362368e-03
    outer loop
      vertex   4.446441e+01 -4.533869e+01 -7.300000e+00
      vertex   4.422488e+01 -4.494277e+01 -1.300000e+01
      vertex   4.455697e+01 -4.554684e+01 -1.300000e+01
    endloop
  endfacet
  facet normal -9.411094e-01 -3.380893e-01 -2.936040e-03
    outer loop
      vertex   4.446441e+01 -4.533869e+01 -7.300000e+00
      vertex   4.455697e+01 -4.554684e+01 -1.300000e+01
      vertex   4.467771e+01 -4.593244e+01 -7.300000e+00
    endloop
  endfacet
  facet normal -9.685766e-01 -2.486882e-01 3.693792e-03
    outer loop
      vertex   4.467771e+01 -4.593244e+01 -7.300000e+00
      vertex   4.455697e+01 -4.554684e+01 -1.300000e+01
      vertex   4.472840e+01 -4.621451e+01 -1.300000e+01
    endloop
  endfacet
  facet normal -9.933941e-01 -1.147089e-01 -3.157011e-03
    outer loop
      vertex   4.467771e+01 -4.593244e+01 -7.300000e+00
      vertex   4.472840e+01 -4.621451e+01 -1.300000e+01
      vertex   4.475008e+01 -4.655918e+01 -7.300000e+00
    endloop
  endfacet
  facet normal -9.999928e-01 0.000000e+00 3.804283e-03
    outer loop
      vertex   4.475008e+01 -4.655918e+01 -7.300000e+00
      vertex   4.472840e+01 -4.621451e+01 -1.300000e+01
      vertex   4.472840e+01 -4.690385e+01 -1.300000e+01
    endloop
  endfacet
  facet normal -9.933941e-01 1.147089e-01 -3.157011e-03
    outer loop
      vertex   4.475008e+01 -4.655918e+01 -7.300000e+00
      vertex   4.472840e+01 -4.690385e+01 -1.300000e+01
      vertex   4.467771e+01 -4.718592e+01 -7.300000e+00
    endloop
  endfacet
  facet normal -9.685766e-01 2.486882e-01 3.693792e-03
    outer loop
      vertex   4.467771e+01 -4.718592e+01 -7.300000e+00
      vertex   4.472840e+01 -4.690385e+01 -1.300000e+01
      vertex   4.455697e+01 -4.757152e+01 -1.300000e+01
    endloop
  endfacet
  facet normal -9.411094e-01 3.380893e-01 -2.936040e-03
    outer loop
      vertex   4.467771e+01 -4.718592e+01 -7.300000e+00
      vertex   4.455697e+01 -4.757152e+01 -1.300000e+01
      vertex   4.446441e+01 -4.777967e+01 -7.300000e+00
    endloop
  endfacet
  facet normal -8.763017e-01 4.817510e-01 3.362368e-03
    outer loop
      vertex   4.446441e+01 -4.777967e+01 -7.300000e+00
      vertex   4.455697e+01 -4.757152e+01 -1.300000e+01
      vertex   4.422488e+01 -4.817559e+01 -1.300000e+01
    endloop
  endfacet
  facet normal -8.392916e-01 5.436757e-01 -2.494197e-03
    outer loop
      vertex   4.446441e+01 -4.777967e+01 -7.300000e+00
      vertex   4.422488e+01 -4.817559e+01 -1.300000e+01
      vertex   4.412140e+01 -4.830918e+01 -7.300000e+00
    endloop
  endfacet
  facet normal -7.905763e-01 6.123635e-01 0.000000e+00
    outer loop
      vertex   4.412140e+01 -4.830918e+01 -7.300000e+00
      vertex   4.422488e+01 -4.817559e+01 -1.300000e+01
      vertex   4.412140e+01 -4.830918e+01 -7.500000e+00
    endloop
  endfacet
  facet normal -7.289655e-01 6.845442e-01 2.912349e-03
    outer loop
      vertex   4.412140e+01 -4.830918e+01 -7.500000e+00
      vertex   4.422488e+01 -4.817559e+01 -1.300000e+01
      vertex   4.375300e+01 -4.867809e+01 -1.300000e+01
    endloop
  endfacet
  facet normal -6.854031e-01 7.281580e-01 -2.930965e-03
    outer loop
      vertex   4.412140e+01 -4.830918e+01 -7.500000e+00
      vertex   4.375300e+01 -4.867809e+01 -1.300000e+01
      vertex   4.361868e+01 -4.878239e+01 -7.500000e+00
    endloop
  endfacet
  facet normal -5.358245e-01 8.443243e-01 2.924917e-03
    outer loop
      vertex   4.361868e+01 -4.878239e+01 -7.500000e+00
      vertex   4.375300e+01 -4.867809e+01 -1.300000e+01
      vertex   4.317097e+01 -4.904745e+01 -1.300000e+01
    endloop
  endfacet
  facet normal -4.824402e-01 8.759240e-01 -2.943495e-03
    outer loop
      vertex   4.361868e+01 -4.878239e+01 -7.500000e+00
      vertex   4.317097e+01 -4.904745e+01 -1.300000e+01
      vertex   4.301393e+01 -4.911547e+01 -7.500000e+00
    endloop
  endfacet
  facet normal -3.090157e-01 9.510524e-01 2.937408e-03
    outer loop
      vertex   4.301393e+01 -4.911547e+01 -7.500000e+00
      vertex   4.317097e+01 -4.904745e+01 -1.300000e+01
      vertex   4.251538e+01 -4.926047e+01 -1.300000e+01
    endloop
  endfacet
  facet normal -2.490694e-01 9.684811e-01 -2.955947e-03
    outer loop
      vertex   4.301393e+01 -4.911547e+01 -7.500000e+00
      vertex   4.251538e+01 -4.926047e+01 -1.300000e+01
      vertex   4.234528e+01 -4.928743e+01 -7.500000e+00
    endloop
  endfacet
  facet normal -6.279025e-02 9.980224e-01 2.949822e-03
    outer loop
      vertex   4.234528e+01 -4.928743e+01 -7.500000e+00
      vertex   4.251538e+01 -4.926047e+01 -1.300000e+01
      vertex   4.182741e+01 -4.930375e+01 -1.300000e+01
    endloop
  endfacet
  facet normal 0.000000e+00 9.999956e-01 -2.968323e-03
    outer loop
      vertex   4.234528e+01 -4.928743e+01 -7.500000e+00
      vertex   4.182741e+01 -4.930375e+01 -1.300000e+01
      vertex   4.165488e+01 -4.928743e+01 -7.500000e+00
    endloop
  endfacet
  facet normal 1.873805e-01 9.822829e-01 2.962160e-03
    outer loop
      vertex   4.165488e+01 -4.928743e+01 -7.500000e+00
      vertex   4.182741e+01 -4.930375e+01 -1.300000e+01
      vertex   4.115028e+01 -4.917458e+01 -1.300000e+01
    endloop
  endfacet
  facet normal 2.490694e-01 9.684811e-01 -2.980622e-03
    outer loop
      vertex   4.165488e+01 -4.928743e+01 -7.500000e+00
      vertex   4.115028e+01 -4.917458e+01 -1.300000e+01
      vertex   4.098623e+01 -4.911547e+01 -7.500000e+00
    endloop
  endfacet
  facet normal 4.257774e-01 9.048230e-01 2.974420e-03
    outer loop
      vertex   4.098623e+01 -4.911547e+01 -7.500000e+00
      vertex   4.115028e+01 -4.917458e+01 -1.300000e+01
      vertex   4.052656e+01 -4.888108e+01 -1.300000e+01
    endloop
  endfacet
  facet normal 4.824401e-01 8.759239e-01 -2.992843e-03
    outer loop
      vertex   4.098623e+01 -4.911547e+01 -7.500000e+00
      vertex   4.052656e+01 -4.888108e+01 -1.300000e+01
      vertex   4.038149e+01 -4.878239e+01 -7.500000e+00
    endloop
  endfacet
  facet normal 6.374211e-01 7.705098e-01 2.986603e-03
    outer loop
      vertex   4.038149e+01 -4.878239e+01 -7.500000e+00
      vertex   4.052656e+01 -4.888108e+01 -1.300000e+01
      vertex   3.999542e+01 -4.844168e+01 -1.300000e+01
    endloop
  endfacet
  facet normal 6.854029e-01 7.281578e-01 -3.004988e-03
    outer loop
      vertex   -4.361868e+01 -4.878239e+01 -7.500000e+00
      vertex   -4.400475e+01 -4.844169e+01 -1.300000e+01
      vertex   -4.412140e+01 -4.830918e+01 -7.500000e+00
    endloop
  endfacet
  facet normal 8.090134e-01 5.877826e-01 2.998709e-03
    outer loop
      vertex   -4.412140e+01 -4.830918e+01 -7.500000e+00
      vertex   -4.400475e+01 -4.844169e+01 -1.300000e+01
      vertex   -4.440993e+01 -4.788400e+01 -1.300000e+01
    endloop
  endfacet
  facet normal 8.274669e-01 5.615145e-01 -0.000000e+00
    outer loop
      vertex   -4.412140e+01 -4.830918e+01 -7.500000e+00
      vertex   -4.440993e+01 -4.788400e+01 -1.300000e+01
      vertex   -4.412140e+01 -4.830918e+01 -7.300000e+00
    endloop
  endfacet
  facet normal 8.392927e-01 5.436764e-01 -1.929183e-03
    outer loop
      vertex   -4.412140e+01 -4.830918e+01 -7.300000e+00
      vertex   -4.440993e+01 -4.788400e+01 -1.300000e+01
      vertex   -4.446441e+01 -4.777967e+01 -7.300000e+00
    endloop
  endfacet
  facet normal 9.297743e-01 3.681237e-01 2.149079e-03
    outer loop
      vertex   -4.446441e+01 -4.777967e+01 -7.300000e+00
      vertex   -4.440993e+01 -4.788400e+01 -1.300000e+01
      vertex   -4.466369e+01 -4.724308e+01 -1.300000e+01
    endloop
  endfacet
  facet normal 9.411130e-01 3.380906e-01 -1.074603e-03
    outer loop
      vertex   -4.446441e+01 -4.777967e+01 -7.300000e+00
      vertex   -4.466369e+01 -4.724308e+01 -1.300000e+01
      vertex   -4.467771e+01 -4.718592e+01 -7.300000e+00
    endloop
  endfacet
  facet normal 9.921140e-01 1.253331e-01 1.184435e-03
    outer loop
      vertex   -4.467771e+01 -4.718592e+01 -7.300000e+00
      vertex   -4.466369e+01 -4.724308e+01 -1.300000e+01
      vertex   -4.475008e+01 -4.655918e+01 -1.300000e+01
    endloop
  endfacet
  facet normal 9.933991e-01 1.147094e-01 0.000000e+00
    outer loop
      vertex   -4.467771e+01 -4.718592e+01 -7.300000e+00
      vertex   -4.475008e+01 -4.655918e+01 -1.300000e+01
      vertex   -4.475008e+01 -4.655918e+01 -7.300000e+00
    endloop
  endfacet
  facet normal 9.933991e-01 -1.147094e-01 0.000000e+00
    outer loop
      vertex   -4.475008e+01 -4.655918e+01 -7.300000e+00
      vertex   -4.475008e+01 -4.655918e+01 -1.300000e+01
      vertex   -4.467771e+01 -4.593244e+01 -7.300000e+00
    endloop
  endfacet
  facet normal 9.921140e-01 -1.253331e-01 1.184435e-03
    outer loop
      vertex   -4.467771e+01 -4.593244e+01 -7.300000e+00
      vertex   -4.475008e+01 -4.655918e+01 -1.300000e+01
      vertex   -4.466369e+01 -4.587528e+01 -1.300000e+01
    endloop
  endfacet
  facet normal 9.411130e-01 -3.380906e-01 -1.074603e-03
    outer loop
      vertex   -4.467771e+01 -4.593244e+01 -7.300000e+00
      vertex   -4.466369e+01 -4.587528e+01 -1.300000e+01
      vertex   -4.446441e+01 -4.533869e+01 -7.300000e+00
    endloop
  endfacet
  facet normal 9.297743e-01 -3.681237e-01 2.149079e-03
    outer loop
      vertex   -4.446441e+01 -4.533869e+01 -7.300000e+00
      vertex   -4.466369e+01 -4.587528e+01 -1.300000e+01
      vertex   -4.440993e+01 -4.523436e+01 -1.300000e+01
    endloop
  endfacet
  facet normal 8.392927e-01 -5.436764e-01 -1.929183e-03
    outer loop
      vertex   -4.446441e+01 -4.533869e+01 -7.300000e+00
      vertex   -4.440993e+01 -4.523436e+01 -1.300000e+01
      vertex   -4.412140e+01 -4.480918e+01 -7.300000e+00
    endloop
  endfacet
  facet normal 8.274669e-01 -5.615145e-01 0.000000e+00
    outer loop
      vertex   -4.412140e+01 -4.480918e+01 -7.300000e+00
      vertex   -4.440993e+01 -4.523436e+01 -1.300000e+01
      vertex   -4.412140e+01 -4.480918e+01 -7.500000e+00
    endloop
  endfacet
  facet normal 8.090134e-01 -5.877826e-01 2.998709e-03
    outer loop
      vertex   -4.412140e+01 -4.480918e+01 -7.500000e+00
      vertex   -4.440993e+01 -4.523436e+01 -1.300000e+01
      vertex   -4.400475e+01 -4.467668e+01 -1.300000e+01
    endloop
  endfacet
  facet normal 6.854029e-01 -7.281578e-01 -3.004988e-03
    outer loop
      vertex   -4.412140e+01 -4.480918e+01 -7.500000e+00
      vertex   -4.400475e+01 -4.467668e+01 -1.300000e+01
      vertex   -4.361868e+01 -4.433597e+01 -7.500000e+00
    endloop
  endfacet
  facet normal 6.374211e-01 -7.705098e-01 2.986603e-03
    outer loop
      vertex   -4.361868e+01 -4.433597e+01 -7.500000e+00
      vertex   -4.400475e+01 -4.467668e+01 -1.300000e+01
      vertex   -4.347361e+01 -4.423728e+01 -1.300000e+01
    endloop
  endfacet
  facet normal 4.824401e-01 -8.759239e-01 -2.992843e-03
    outer loop
      vertex   -4.361868e+01 -4.433597e+01 -7.500000e+00
      vertex   -4.347361e+01 -4.423728e+01 -1.300000e+01
      vertex   -4.301393e+01 -4.400289e+01 -7.500000e+00
    endloop
  endfacet
  facet normal 4.257774e-01 -9.048230e-01 2.974420e-03
    outer loop
      vertex   -4.301393e+01 -4.400289e+01 -7.500000e+00
      vertex   -4.347361e+01 -4.423728e+01 -1.300000e+01
      vertex   -4.284988e+01 -4.394378e+01 -1.300000e+01
    endloop
  endfacet
  facet normal 2.490694e-01 -9.684811e-01 -2.980622e-03
    outer loop
      vertex   -4.301393e+01 -4.400289e+01 -7.500000e+00
      vertex   -4.284988e+01 -4.394378e+01 -1.300000e+01
      vertex   -4.234529e+01 -4.383093e+01 -7.500000e+00
    endloop
  endfacet
  facet normal 1.873805e-01 -9.822829e-01 2.962160e-03
    outer loop
      vertex   -4.234529e+01 -4.383093e+01 -7.500000e+00
      vertex   -4.284988e+01 -4.394378e+01 -1.300000e+01
      vertex   -4.217276e+01 -4.381461e+01 -1.300000e+01
    endloop
  endfacet
  facet normal 0.000000e+00 -9.999956e-01 -2.968323e-03
    outer loop
      vertex   -4.234529e+01 -4.383093e+01 -7.500000e+00
      vertex   -4.217276e+01 -4.381461e+01 -1.300000e+01
      vertex   -4.165488e+01 -4.383093e+01 -7.500000e+00
    endloop
  endfacet
  facet normal -6.279025e-02 -9.980224e-01 2.949822e-03
    outer loop
      vertex   -4.165488e+01 -4.383093e+01 -7.500000e+00
      vertex   -4.217276e+01 -4.381461e+01 -1.300000e+01
      vertex   -4.148479e+01 -4.385789e+01 -1.300000e+01
    endloop
  endfacet
  facet normal -2.490694e-01 -9.684811e-01 -2.955947e-03
    outer loop
      vertex   -4.165488e+01 -4.383093e+01 -7.500000e+00
      vertex   -4.148479e+01 -4.385789e+01 -1.300000e+01
      vertex   -4.098623e+01 -4.400289e+01 -7.500000e+00
    endloop
  endfacet
  facet normal -3.090157e-01 -9.510524e-01 2.937408e-03
    outer loop
      vertex   -4.098623e+01 -4.400289e+01 -7.500000e+00
      vertex   -4.148479e+01 -4.385789e+01 -1.300000e+01
      vertex   -4.082919e+01 -4.407091e+01 -1.300000e+01
    endloop
  endfacet
  facet normal -4.824402e-01 -8.759240e-01 -2.943495e-03
    outer loop
      vertex   -4.098623e+01 -4.400289e+01 -7.500000e+00
      vertex   -4.082919e+01 -4.407091e+01 -1.300000e+01
      vertex   -4.038149e+01 -4.433597e+01 -7.500000e+00
    endloop
  endfacet
  facet normal -5.358245e-01 -8.443243e-01 2.924917e-03
    outer loop
      vertex   -4.038149e+01 -4.433597e+01 -7.500000e+00
      vertex   -4.082919e+01 -4.407091e+01 -1.300000e+01
      vertex   -4.024717e+01 -4.444027e+01 -1.300000e+01
    endloop
  endfacet
  facet normal -6.854031e-01 -7.281580e-01 -2.930965e-03
    outer loop
      vertex   -4.038149e+01 -4.433597e+01 -7.500000e+00
      vertex   -4.024717e+01 -4.444027e+01 -1.300000e+01
      vertex   -3.987876e+01 -4.480918e+01 -7.500000e+00
    endloop
  endfacet
  facet normal -7.289655e-01 -6.845442e-01 2.912349e-03
    outer loop
      vertex   -3.987876e+01 -4.480918e+01 -7.500000e+00
      vertex   -4.024717e+01 -4.444027e+01 -1.300000e+01
      vertex   -3.977529e+01 -4.494277e+01 -1.300000e+01
    endloop
  endfacet
  facet normal -7.905763e-01 -6.123635e-01 0.000000e+00
    outer loop
      vertex   -3.987876e+01 -4.480918e+01 -7.500000e+00
      vertex   -3.977529e+01 -4.494277e+01 -1.300000e+01
      vertex   -3.987876e+01 -4.480918e+01 -7.300000e+00
    endloop
  endfacet
  facet normal -8.392916e-01 -5.436757e-01 -2.494197e-03
    outer loop
      vertex   -3.987876e+01 -4.480918e+01 -7.300000e+00
      vertex   -3.977529e+01 -4.494277e+01 -1.300000e+01
      vertex   -3.953576e+01 -4.533869e+01 -7.300000e+00
    endloop
  endfacet
  facet normal -8.763017e-01 -4.817510e-01 3.362368e-03
    outer loop
      vertex   -3.953576e+01 -4.533869e+01 -7.300000e+00
      vertex   -3.977529e+01 -4.494277e+01 -1.300000e+01
      vertex   -3.944320e+01 -4.554684e+01 -1.300000e+01
    endloop
  endfacet
  facet normal -9.411094e-01 -3.380893e-01 -2.936040e-03
    outer loop
      vertex   -3.953576e+01 -4.533869e+01 -7.300000e+00
      vertex   -3.944320e+01 -4.554684e+01 -1.300000e+01
      vertex   -3.932245e+01 -4.593244e+01 -7.300000e+00
    endloop
  endfacet
  facet normal -9.685766e-01 -2.486882e-01 3.693792e-03
    outer loop
      vertex   -3.932245e+01 -4.593244e+01 -7.300000e+00
      vertex   -3.944320e+01 -4.554684e+01 -1.300000e+01
      vertex   -3.927177e+01 -4.621452e+01 -1.300000e+01
    endloop
  endfacet
  facet normal -9.933941e-01 -1.147089e-01 -3.157011e-03
    outer loop
      vertex   -3.932245e+01 -4.593244e+01 -7.300000e+00
      vertex   -3.927177e+01 -4.621452e+01 -1.300000e+01
      vertex   -3.925008e+01 -4.655918e+01 -7.300000e+00
    endloop
  endfacet
  facet normal -9.999928e-01 0.000000e+00 3.804283e-03
    outer loop
      vertex   -3.925008e+01 -4.655918e+01 -7.300000e+00
      vertex   -3.927177e+01 -4.621452e+01 -1.300000e+01
      vertex   -3.927177e+01 -4.690385e+01 -1.300000e+01
    endloop
  endfacet
  facet normal -9.933941e-01 1.147089e-01 -3.157011e-03
    outer loop
      vertex   -3.925008e+01 -4.655918e+01 -7.300000e+00
      vertex   -3.927177e+01 -4.690385e+01 -1.300000e+01
      vertex   -3.932245e+01 -4.718592e+01 -7.300000e+00
    endloop
  endfacet
  facet normal -9.685766e-01 2.486882e-01 3.693792e-03
    outer loop
      vertex   -3.932245e+01 -4.718592e+01 -7.300000e+00
      vertex   -3.927177e+01 -4.690385e+01 -1.300000e+01
      vertex   -3.944320e+01 -4.757152e+01 -1.300000e+01
    endloop
  endfacet
  facet normal -9.411094e-01 3.380893e-01 -2.936040e-03
    outer loop
      vertex   -3.932245e+01 -4.718592e+01 -7.300000e+00
      vertex   -3.944320e+01 -4.757152e+01 -1.300000e+01
      vertex   -3.953576e+01 -4.777967e+01 -7.300000e+00
    endloop
  endfacet
  facet normal -8.763017e-01 4.817510e-01 3.362368e-03
    outer loop
      vertex   -3.953576e+01 -4.777967e+01 -7.300000e+00
      vertex   -3.944320e+01 -4.757152e+01 -1.300000e+01
      vertex   -3.977529e+01 -4.817559e+01 -1.300000e+01
    endloop
  endfacet
  facet normal -8.392916e-01 5.436757e-01 -2.494197e-03
    outer loop
      vertex   -3.953576e+01 -4.777967e+01 -7.300000e+00
      vertex   -3.977529e+01 -4.817559e+01 -1.300000e+01
      vertex   -3.987876e+01 -4.830918e+01 -7.300000e+00
    endloop
  endfacet
  facet normal -7.905763e-01 6.123635e-01 0.000000e+00
    outer loop
      vertex   -3.987876e+01 -4.830918e+01 -7.300000e+00
      vertex   -3.977529e+01 -4.817559e+01 -1.300000e+01
      vertex   -3.987876e+01 -4.830918e+01 -7.500000e+00
    endloop
  endfacet
  facet normal -7.289655e-01 6.845442e-01 2.912349e-03
    outer loop
      vertex   -3.987876e+01 -4.830918e+01 -7.500000e+00
      vertex   -3.977529e+01 -4.817559e+01 -1.300000e+01
      vertex   -4.024717e+01 -4.867809e+01 -1.300000e+01
    endloop
  endfacet
  facet normal -6.854031e-01 7.281580e-01 -2.930965e-03
    outer loop
      vertex   -3.987876e+01 -4.830918e+01 -7.500000e+00
      vertex   -4.024717e+01 -4.867809e+01 -1.300000e+01
      vertex   -4.038149e+01 -4.878239e+01 -7.500000e+00
    endloop
  endfacet
  facet normal -5.358245e-01 8.443243e-01 2.924917e-03
    outer loop
      vertex   -4.038149e+01 -4.878239e+01 -7.500000e+00
      vertex   -4.024717e+01 -4.867809e+01 -1.300000e+01
      vertex   -4.082919e+01 -4.904746e+01 -1.300000e+01
    endloop
  endfacet
  facet normal -4.824402e-01 8.759240e-01 -2.943495e-03
    outer loop
      vertex   -4.038149e+01 -4.878239e+01 -7.500000e+00
      vertex   -4.082919e+01 -4.904746e+01 -1.300000e+01
      vertex   -4.098623e+01 -4.911547e+01 -7.500000e+00
    endloop
  endfacet
  facet normal -3.090157e-01 9.510524e-01 2.937408e-03
    outer loop
      vertex   -4.098623e+01 -4.911547e+01 -7.500000e+00
      vertex   -4.082919e+01 -4.904746e+01 -1.300000e+01
      vertex   -4.148479e+01 -4.926047e+01 -1.300000e+01
    endloop
  endfacet
  facet normal -2.490694e-01 9.684811e-01 -2.955947e-03
    outer loop
      vertex   -4.098623e+01 -4.911547e+01 -7.500000e+00
      vertex   -4.148479e+01 -4.926047e+01 -1.300000e+01
      vertex   -4.165488e+01 -4.928743e+01 -7.500000e+00
    endloop
  endfacet
  facet normal -6.279025e-02 9.980224e-01 2.949822e-03
    outer loop
      vertex   -4.165488e+01 -4.928743e+01 -7.500000e+00
      vertex   -4.148479e+01 -4.926047e+01 -1.300000e+01
      vertex   -4.217276e+01 -4.930376e+01 -1.300000e+01
    endloop
  endfacet
  facet normal 0.000000e+00 9.999956e-01 -2.968323e-03
    outer loop
      vertex   -4.165488e+01 -4.928743e+01 -7.500000e+00
      vertex   -4.217276e+01 -4.930376e+01 -1.300000e+01
      vertex   -4.234529e+01 -4.928743e+01 -7.500000e+00
    endloop
  endfacet
  facet normal 1.873805e-01 9.822829e-01 2.962160e-03
    outer loop
      vertex   -4.234529e+01 -4.928743e+01 -7.500000e+00
      vertex   -4.217276e+01 -4.930376e+01 -1.300000e+01
      vertex   -4.284988e+01 -4.917459e+01 -1.300000e+01
    endloop
  endfacet
  facet normal 2.490694e-01 9.684811e-01 -2.980622e-03
    outer loop
      vertex   -4.234529e+01 -4.928743e+01 -7.500000e+00
      vertex   -4.284988e+01 -4.917459e+01 -1.300000e+01
      vertex   -4.301393e+01 -4.911547e+01 -7.500000e+00
    endloop
  endfacet
  facet normal 4.257774e-01 9.048230e-01 2.974420e-03
    outer loop
      vertex   -4.301393e+01 -4.911547e+01 -7.500000e+00
      vertex   -4.284988e+01 -4.917459e+01 -1.300000e+01
      vertex   -4.347361e+01 -4.888108e+01 -1.300000e+01
    endloop
  endfacet
  facet normal 4.824401e-01 8.759239e-01 -2.992843e-03
    outer loop
      vertex   -4.301393e+01 -4.911547e+01 -7.500000e+00
      vertex   -4.347361e+01 -4.888108e+01 -1.300000e+01
      vertex   -4.361868e+01 -4.878239e+01 -7.500000e+00
    endloop
  endfacet
  facet normal 6.374211e-01 7.705098e-01 2.986603e-03
    outer loop
      vertex   -4.361868e+01 -4.878239e+01 -7.500000e+00
      vertex   -4.347361e+01 -4.888108e+01 -1.300000e+01
      vertex   -4.400475e+01 -4.844169e+01 -1.300000e+01
    endloop
  endfacet
  facet normal 6.854029e-01 7.281578e-01 -3.004988e-03
    outer loop
      vertex   4.038149e+01 1.521775e+01 -7.500000e+00
      vertex   3.999542e+01 1.555845e+01 -1.300000e+01
      vertex   3.987876e+01 1.569096e+01 -7.500000e+00
    endloop
  endfacet
  facet normal 8.090134e-01 5.877826e-01 2.998709e-03
    outer loop
      vertex   3.987876e+01 1.569096e+01 -7.500000e+00
      vertex   3.999542e+01 1.555845e+01 -1.300000e+01
      vertex   3.959024e+01 1.611613e+01 -1.300000e+01
    endloop
  endfacet
  facet normal 8.274669e-01 5.615145e-01 -0.000000e+00
    outer loop
      vertex   3.987876e+01 1.569096e+01 -7.500000e+00
      vertex   3.959024e+01 1.611613e+01 -1.300000e+01
      vertex   3.987876e+01 1.569096e+01 -7.300000e+00
    endloop
  endfacet
  facet normal 8.392927e-01 5.436764e-01 -1.929183e-03
    outer loop
      vertex   3.987876e+01 1.569096e+01 -7.300000e+00
      vertex   3.959024e+01 1.611613e+01 -1.300000e+01
      vertex   3.953575e+01 1.622047e+01 -7.300000e+00
    endloop
  endfacet
  facet normal 9.297743e-01 3.681237e-01 2.149079e-03
    outer loop
      vertex   3.953575e+01 1.622047e+01 -7.300000e+00
      vertex   3.959024e+01 1.611613e+01 -1.300000e+01
      vertex   3.933648e+01 1.675706e+01 -1.300000e+01
    endloop
  endfacet
  facet normal 9.411130e-01 3.380906e-01 -1.074603e-03
    outer loop
      vertex   3.953575e+01 1.622047e+01 -7.300000e+00
      vertex   3.933648e+01 1.675706e+01 -1.300000e+01
      vertex   3.932245e+01 1.681422e+01 -7.300000e+00
    endloop
  endfacet
  facet normal 9.921140e-01 1.253331e-01 1.184435e-03
    outer loop
      vertex   3.932245e+01 1.681422e+01 -7.300000e+00
      vertex   3.933648e+01 1.675706e+01 -1.300000e+01
      vertex   3.925008e+01 1.744096e+01 -1.300000e+01
    endloop
  endfacet
  facet normal 9.933991e-01 1.147094e-01 0.000000e+00
    outer loop
      vertex   3.932245e+01 1.681422e+01 -7.300000e+00
      vertex   3.925008e+01 1.744096e+01 -1.300000e+01
      vertex   3.925008e+01 1.744096e+01 -7.300000e+00
    endloop
  endfacet
  facet normal 9.933991e-01 -1.147094e-01 0.000000e+00
    outer loop
      vertex   3.925008e+01 1.744096e+01 -7.300000e+00
      vertex   3.925008e+01 1.744096e+01 -1.300000e+01
      vertex   3.932245e+01 1.806769e+01 -7.300000e+00
    endloop
  endfacet
  facet normal 9.921140e-01 -1.253331e-01 1.184435e-03
    outer loop
      vertex   3.932245e+01 1.806769e+01 -7.300000e+00
      vertex   3.925008e+01 1.744096e+01 -1.300000e+01
      vertex   3.933648e+01 1.812485e+01 -1.300000e+01
    endloop
  endfacet
  facet normal 9.411130e-01 -3.380906e-01 -1.074603e-03
    outer loop
      vertex   3.932245e+01 1.806769e+01 -7.300000e+00
      vertex   3.933648e+01 1.812485e+01 -1.300000e+01
      vertex   3.953575e+01 1.866145e+01 -7.300000e+00
    endloop
  endfacet
  facet normal 9.297743e-01 -3.681237e-01 2.149079e-03
    outer loop
      vertex   3.953575e+01 1.866145e+01 -7.300000e+00
      vertex   3.933648e+01 1.812485e+01 -1.300000e+01
      vertex   3.959024e+01 1.876578e+01 -1.300000e+01
    endloop
  endfacet
  facet normal 8.392927e-01 -5.436764e-01 -1.929183e-03
    outer loop
      vertex   3.953575e+01 1.866145e+01 -7.300000e+00
      vertex   3.959024e+01 1.876578e+01 -1.300000e+01
      vertex   3.987876e+01 1.919096e+01 -7.300000e+00
    endloop
  endfacet
  facet normal 8.274669e-01 -5.615145e-01 0.000000e+00
    outer loop
      vertex   3.987876e+01 1.919096e+01 -7.300000e+00
      vertex   3.959024e+01 1.876578e+01 -1.300000e+01
      vertex   3.987876e+01 1.919096e+01 -7.500000e+00
    endloop
  endfacet
  facet normal 8.090134e-01 -5.877826e-01 2.998709e-03
    outer loop
      vertex   3.987876e+01 1.919096e+01 -7.500000e+00
      vertex   3.959024e+01 1.876578e+01 -1.300000e+01
      vertex   3.999542e+01 1.932346e+01 -1.300000e+01
    endloop
  endfacet
  facet normal 6.854029e-01 -7.281578e-01 -3.004988e-03
    outer loop
      vertex   3.987876e+01 1.919096e+01 -7.500000e+00
      vertex   3.999542e+01 1.932346e+01 -1.300000e+01
      vertex   4.038149e+01 1.966417e+01 -7.500000e+00
    endloop
  endfacet
  facet normal 6.374211e-01 -7.705098e-01 2.986603e-03
    outer loop
      vertex   4.038149e+01 1.966417e+01 -7.500000e+00
      vertex   3.999542e+01 1.932346e+01 -1.300000e+01
      vertex   4.052656e+01 1.976286e+01 -1.300000e+01
    endloop
  endfacet
  facet normal 4.824401e-01 -8.759239e-01 -2.992843e-03
    outer loop
      vertex   4.038149e+01 1.966417e+01 -7.500000e+00
      vertex   4.052656e+01 1.976286e+01 -1.300000e+01
      vertex   4.098623e+01 1.999725e+01 -7.500000e+00
    endloop
  endfacet
  facet normal 4.257774e-01 -9.048230e-01 2.974420e-03
    outer loop
      vertex   4.098623e+01 1.999725e+01 -7.500000e+00
      vertex   4.052656e+01 1.976286e+01 -1.300000e+01
      vertex   4.115028e+01 2.005636e+01 -1.300000e+01
    endloop
  endfacet
  facet normal 2.490694e-01 -9.684811e-01 -2.980622e-03
    outer loop
      vertex   4.098623e+01 1.999725e+01 -7.500000e+00
      vertex   4.115028e+01 2.005636e+01 -1.300000e+01
      vertex   4.165488e+01 2.016921e+01 -7.500000e+00
    endloop
  endfacet
  facet normal 1.873805e-01 -9.822829e-01 2.962160e-03
    outer loop
      vertex   4.165488e+01 2.016921e+01 -7.500000e+00
      vertex   4.115028e+01 2.005636e+01 -1.300000e+01
      vertex   4.182741e+01 2.018553e+01 -1.300000e+01
    endloop
  endfacet
  facet normal 0.000000e+00 -9.999956e-01 -2.968323e-03
    outer loop
      vertex   4.165488e+01 2.016921e+01 -7.500000e+00
      vertex   4.182741e+01 2.018553e+01 -1.300000e+01
      vertex   4.234528e+01 2.016921e+01 -7.500000e+00
    endloop
  endfacet
  facet normal -6.279025e-02 -9.980224e-01 2.949822e-03
    outer loop
      vertex   4.234528e+01 2.016921e+01 -7.500000e+00
      vertex   4.182741e+01 2.018553e+01 -1.300000e+01
      vertex   4.251538e+01 2.014225e+01 -1.300000e+01
    endloop
  endfacet
  facet normal -2.490694e-01 -9.684811e-01 -2.955947e-03
    outer loop
      vertex   4.234528e+01 2.016921e+01 -7.500000e+00
      vertex   4.251538e+01 2.014225e+01 -1.300000e+01
      vertex   4.301393e+01 1.999725e+01 -7.500000e+00
    endloop
  endfacet
  facet normal -3.090157e-01 -9.510524e-01 2.937408e-03
    outer loop
      vertex   4.301393e+01 1.999725e+01 -7.500000e+00
      vertex   4.251538e+01 2.014225e+01 -1.300000e+01
      vertex   4.317097e+01 1.992923e+01 -1.300000e+01
    endloop
  endfacet
  facet normal -4.824402e-01 -8.759240e-01 -2.943495e-03
    outer loop
      vertex   4.301393e+01 1.999725e+01 -7.500000e+00
      vertex   4.317097e+01 1.992923e+01 -1.300000e+01
      vertex   4.361868e+01 1.966417e+01 -7.500000e+00
    endloop
  endfacet
  facet normal -5.358245e-01 -8.443243e-01 2.924917e-03
    outer loop
      vertex   4.361868e+01 1.966417e+01 -7.500000e+00
      vertex   4.317097e+01 1.992923e+01 -1.300000e+01
      vertex   4.375300e+01 1.955987e+01 -1.300000e+01
    endloop
  endfacet
  facet normal -6.854031e-01 -7.281580e-01 -2.930965e-03
    outer loop
      vertex   4.361868e+01 1.966417e+01 -7.500000e+00
      vertex   4.375300e+01 1.955987e+01 -1.300000e+01
      vertex   4.412140e+01 1.919096e+01 -7.500000e+00
    endloop
  endfacet
  facet normal -7.289655e-01 -6.845442e-01 2.912349e-03
    outer loop
      vertex   4.412140e+01 1.919096e+01 -7.500000e+00
      vertex   4.375300e+01 1.955987e+01 -1.300000e+01
      vertex   4.422488e+01 1.905737e+01 -1.300000e+01
    endloop
  endfacet
  facet normal -7.905763e-01 -6.123635e-01 0.000000e+00
    outer loop
      vertex   4.412140e+01 1.919096e+01 -7.500000e+00
      vertex   4.422488e+01 1.905737e+01 -1.300000e+01
      vertex   4.412140e+01 1.919096e+01 -7.300000e+00
    endloop
  endfacet
  facet normal -8.392916e-01 -5.436757e-01 -2.494197e-03
    outer loop
      vertex   4.412140e+01 1.919096e+01 -7.300000e+00
      vertex   4.422488e+01 1.905737e+01 -1.300000e+01
      vertex   4.446441e+01 1.866145e+01 -7.300000e+00
    endloop
  endfacet
  facet normal -8.763017e-01 -4.817510e-01 3.362368e-03
    outer loop
      vertex   4.446441e+01 1.866145e+01 -7.300000e+00
      vertex   4.422488e+01 1.905737e+01 -1.300000e+01
      vertex   4.455697e+01 1.845330e+01 -1.300000e+01
    endloop
  endfacet
  facet normal -9.411094e-01 -3.380893e-01 -2.936040e-03
    outer loop
      vertex   4.446441e+01 1.866145e+01 -7.300000e+00
      vertex   4.455697e+01 1.845330e+01 -1.300000e+01
      vertex   4.467771e+01 1.806769e+01 -7.300000e+00
    endloop
  endfacet
  facet normal -9.685766e-01 -2.486882e-01 3.693792e-03
    outer loop
      vertex   4.467771e+01 1.806769e+01 -7.300000e+00
      vertex   4.455697e+01 1.845330e+01 -1.300000e+01
      vertex   4.472840e+01 1.778562e+01 -1.300000e+01
    endloop
  endfacet
  facet normal -9.933941e-01 -1.147089e-01 -3.157011e-03
    outer loop
      vertex   4.467771e+01 1.806769e+01 -7.300000e+00
      vertex   4.472840e+01 1.778562e+01 -1.300000e+01
      vertex   4.475008e+01 1.744096e+01 -7.300000e+00
    endloop
  endfacet
  facet normal -9.999928e-01 0.000000e+00 3.804283e-03
    outer loop
      vertex   4.475008e+01 1.744096e+01 -7.300000e+00
      vertex   4.472840e+01 1.778562e+01 -1.300000e+01
      vertex   4.472840e+01 1.709629e+01 -1.300000e+01
    endloop
  endfacet
  facet normal -9.933941e-01 1.147089e-01 -3.157011e-03
    outer loop
      vertex   4.475008e+01 1.744096e+01 -7.300000e+00
      vertex   4.472840e+01 1.709629e+01 -1.300000e+01
      vertex   4.467771e+01 1.681422e+01 -7.300000e+00
    endloop
  endfacet
  facet normal -9.685766e-01 2.486882e-01 3.693792e-03
    outer loop
      vertex   4.467771e+01 1.681422e+01 -7.300000e+00
      vertex   4.472840e+01 1.709629e+01 -1.300000e+01
      vertex   4.455697e+01 1.642862e+01 -1.300000e+01
    endloop
  endfacet
  facet normal -9.411094e-01 3.380893e-01 -2.936040e-03
    outer loop
      vertex   4.467771e+01 1.681422e+01 -7.300000e+00
      vertex   4.455697e+01 1.642862e+01 -1.300000e+01
      vertex   4.446441e+01 1.622047e+01 -7.300000e+00
    endloop
  endfacet
  facet normal -8.763017e-01 4.817510e-01 3.362368e-03
    outer loop
      vertex   4.446441e+01 1.622047e+01 -7.300000e+00
      vertex   4.455697e+01 1.642862e+01 -1.300000e+01
      vertex   4.422488e+01 1.582455e+01 -1.300000e+01
    endloop
  endfacet
  facet normal -8.392916e-01 5.436757e-01 -2.494197e-03
    outer loop
      vertex   4.446441e+01 1.622047e+01 -7.300000e+00
      vertex   4.422488e+01 1.582455e+01 -1.300000e+01
      vertex   4.412140e+01 1.569096e+01 -7.300000e+00
    endloop
  endfacet
  facet normal -7.905763e-01 6.123635e-01 0.000000e+00
    outer loop
      vertex   4.412140e+01 1.569096e+01 -7.300000e+00
      vertex   4.422488e+01 1.582455e+01 -1.300000e+01
      vertex   4.412140e+01 1.569096e+01 -7.500000e+00
    endloop
  endfacet
  facet normal -7.289655e-01 6.845442e-01 2.912349e-03
    outer loop
      vertex   4.412140e+01 1.569096e+01 -7.500000e+00
      vertex   4.422488e+01 1.582455e+01 -1.300000e+01
      vertex   4.375300e+01 1.532205e+01 -1.300000e+01
    endloop
  endfacet
  facet normal -6.854031e-01 7.281580e-01 -2.930965e-03
    outer loop
      vertex   4.412140e+01 1.569096e+01 -7.500000e+00
      vertex   4.375300e+01 1.532205e+01 -1.300000e+01
      vertex   4.361868e+01 1.521775e+01 -7.500000e+00
    endloop
  endfacet
  facet normal -5.358245e-01 8.443243e-01 2.924917e-03
    outer loop
      vertex   4.361868e+01 1.521775e+01 -7.500000e+00
      vertex   4.375300e+01 1.532205e+01 -1.300000e+01
      vertex   4.317097e+01 1.495268e+01 -1.300000e+01
    endloop
  endfacet
  facet normal -4.824402e-01 8.759240e-01 -2.943495e-03
    outer loop
      vertex   4.361868e+01 1.521775e+01 -7.500000e+00
      vertex   4.317097e+01 1.495268e+01 -1.300000e+01
      vertex   4.301393e+01 1.488467e+01 -7.500000e+00
    endloop
  endfacet
  facet normal -3.090157e-01 9.510524e-01 2.937408e-03
    outer loop
      vertex   4.301393e+01 1.488467e+01 -7.500000e+00
      vertex   4.317097e+01 1.495268e+01 -1.300000e+01
      vertex   4.251538e+01 1.473967e+01 -1.300000e+01
    endloop
  endfacet
  facet normal -2.490694e-01 9.684811e-01 -2.955947e-03
    outer loop
      vertex   4.301393e+01 1.488467e+01 -7.500000e+00
      vertex   4.251538e+01 1.473967e+01 -1.300000e+01
      vertex   4.234528e+01 1.471271e+01 -7.500000e+00
    endloop
  endfacet
  facet normal -6.279025e-02 9.980224e-01 2.949822e-03
    outer loop
      vertex   4.234528e+01 1.471271e+01 -7.500000e+00
      vertex   4.251538e+01 1.473967e+01 -1.300000e+01
      vertex   4.182741e+01 1.469638e+01 -1.300000e+01
    endloop
  endfacet
  facet normal 0.000000e+00 9.999956e-01 -2.968323e-03
    outer loop
      vertex   4.234528e+01 1.471271e+01 -7.500000e+00
      vertex   4.182741e+01 1.469638e+01 -1.300000e+01
      vertex   4.165488e+01 1.471271e+01 -7.500000e+00
    endloop
  endfacet
  facet normal 1.873805e-01 9.822829e-01 2.962160e-03
    outer loop
      vertex   4.165488e+01 1.471271e+01 -7.500000e+00
      vertex   4.182741e+01 1.469638e+01 -1.300000e+01
      vertex   4.115028e+01 1.482555e+01 -1.300000e+01
    endloop
  endfacet
  facet normal 2.490694e-01 9.684811e-01 -2.980622e-03
    outer loop
      vertex   4.165488e+01 1.471271e+01 -7.500000e+00
      vertex   4.115028e+01 1.482555e+01 -1.300000e+01
      vertex   4.098623e+01 1.488467e+01 -7.500000e+00
    endloop
  endfacet
  facet normal 4.257774e-01 9.048230e-01 2.974420e-03
    outer loop
      vertex   4.098623e+01 1.488467e+01 -7.500000e+00
      vertex   4.115028e+01 1.482555e+01 -1.300000e+01
      vertex   4.052656e+01 1.511906e+01 -1.300000e+01
    endloop
  endfacet
  facet normal 4.824401e-01 8.759239e-01 -2.992843e-03
    outer loop
      vertex   4.098623e+01 1.488467e+01 -7.500000e+00
      vertex   4.052656e+01 1.511906e+01 -1.300000e+01
      vertex   4.038149e+01 1.521775e+01 -7.500000e+00
    endloop
  endfacet
  facet normal 6.374211e-01 7.705098e-01 2.986603e-03
    outer loop
      vertex   4.038149e+01 1.521775e+01 -7.500000e+00
      vertex   4.052656e+01 1.511906e+01 -1.300000e+01
      vertex   3.999542e+01 1.555845e+01 -1.300000e+01
    endloop
  endfacet
  facet normal 6.854029e-01 7.281578e-01 -3.004988e-03
    outer loop
      vertex   -4.361868e+01 1.521775e+01 -7.500000e+00
      vertex   -4.400475e+01 1.555845e+01 -1.300000e+01
      vertex   -4.412140e+01 1.569096e+01 -7.500000e+00
    endloop
  endfacet
  facet normal 8.090134e-01 5.877826e-01 2.998709e-03
    outer loop
      vertex   -4.412140e+01 1.569096e+01 -7.500000e+00
      vertex   -4.400475e+01 1.555845e+01 -1.300000e+01
      vertex   -4.440993e+01 1.611613e+01 -1.300000e+01
    endloop
  endfacet
  facet normal 8.274669e-01 5.615145e-01 -0.000000e+00
    outer loop
      vertex   -4.412140e+01 1.569096e+01 -7.500000e+00
      vertex   -4.440993e+01 1.611613e+01 -1.300000e+01
      vertex   -4.412140e+01 1.569096e+01 -7.300000e+00
    endloop
  endfacet
  facet normal 8.392927e-01 5.436764e-01 -1.929183e-03
    outer loop
      vertex   -4.412140e+01 1.569096e+01 -7.300000e+00
      vertex   -4.440993e+01 1.611613e+01 -1.300000e+01
      vertex   -4.446441e+01 1.622047e+01 -7.300000e+00
    endloop
  endfacet
  facet normal 9.297743e-01 3.681237e-01 2.149079e-03
    outer loop
      vertex   -4.446441e+01 1.622047e+01 -7.300000e+00
      vertex   -4.440993e+01 1.611613e+01 -1.300000e+01
      vertex   -4.466369e+01 1.675706e+01 -1.300000e+01
    endloop
  endfacet
  facet normal 9.411130e-01 3.380906e-01 -1.074603e-03
    outer loop
      vertex   -4.446441e+01 1.622047e+01 -7.300000e+00
      vertex   -4.466369e+01 1.675706e+01 -1.300000e+01
      vertex   -4.467771e+01 1.681422e+01 -7.300000e+00
    endloop
  endfacet
  facet normal 9.921140e-01 1.253331e-01 1.184435e-03
    outer loop
      vertex   -4.467771e+01 1.681422e+01 -7.300000e+00
      vertex   -4.466369e+01 1.675706e+01 -1.300000e+01
      vertex   -4.475008e+01 1.744096e+01 -1.300000e+01
    endloop
  endfacet
  facet normal 9.933991e-01 1.147094e-01 0.000000e+00
    outer loop
      vertex   -4.467771e+01 1.681422e+01 -7.300000e+00
      vertex   -4.475008e+01 1.744096e+01 -1.300000e+01
      vertex   -4.475008e+01 1.744096e+01 -7.300000e+00
    endloop
  endfacet
  facet normal 9.933991e-01 -1.147094e-01 0.000000e+00
    outer loop
      vertex   -4.475008e+01 1.744096e+01 -7.300000e+00
      vertex   -4.475008e+01 1.744096e+01 -1.300000e+01
      vertex   -4.467771e+01 1.806769e+01 -7.300000e+00
    endloop
  endfacet
  facet normal 9.921140e-01 -1.253331e-01 1.184435e-03
    outer loop
      vertex   -4.467771e+01 1.806769e+01 -7.300000e+00
      vertex   -4.475008e+01 1.744096e+01 -1.300000e+01
      vertex   -4.466369e+01 1.812485e+01 -1.300000e+01
    endloop
  endfacet
  facet normal 9.411130e-01 -3.380906e-01 -1.074603e-03
    outer loop
      vertex   -4.467771e+01 1.806769e+01 -7.300000e+00
      vertex   -4.466369e+01 1.812485e+01 -1.300000e+01
      vertex   -4.446441e+01 1.866145e+01 -7.300000e+00
    endloop
  endfacet
  facet normal 9.297743e-01 -3.681237e-01 2.149079e-03
    outer loop
      vertex   -4.446441e+01 1.866145e+01 -7.300000e+00
      vertex   -4.466369e+01 1.812485e+01 -1.300000e+01
      vertex   -4.440993e+01 1.876578e+01 -1.300000e+01
    endloop
  endfacet
  facet normal 8.392927e-01 -5.436764e-01 -1.929183e-03
    outer loop
      vertex   -4.446441e+01 1.866145e+01 -7.300000e+00
      vertex   -4.440993e+01 1.876578e+01 -1.300000e+01
      vertex   -4.412140e+01 1.919096e+01 -7.300000e+00
    endloop
  endfacet
  facet normal 8.274669e-01 -5.615145e-01 0.000000e+00
    outer loop
      vertex   -4.412140e+01 1.919096e+01 -7.300000e+00
      vertex   -4.440993e+01 1.876578e+01 -1.300000e+01
      vertex   -4.412140e+01 1.919096e+01 -7.500000e+00
    endloop
  endfacet
  facet normal 8.090134e-01 -5.877826e-01 2.998709e-03
    outer loop
      vertex   -4.412140e+01 1.919096e+01 -7.500000e+00
      vertex   -4.440993e+01 1.876578e+01 -1.300000e+01
      vertex   -4.400475e+01 1.932346e+01 -1.300000e+01
    endloop
  endfacet
  facet normal 6.854029e-01 -7.281578e-01 -3.004988e-03
    outer loop
      vertex   -4.412140e+01 1.919096e+01 -7.500000e+00
      vertex   -4.400475e+01 1.932346e+01 -1.300000e+01
      vertex   -4.361868e+01 1.966417e+01 -7.500000e+00
    endloop
  endfacet
  facet normal 6.374211e-01 -7.705098e-01 2.986603e-03
    outer loop
      vertex   -4.361868e+01 1.966417e+01 -7.500000e+00
      vertex   -4.400475e+01 1.932346e+01 -1.300000e+01
      vertex   -4.347361e+01 1.976286e+01 -1.300000e+01
    endloop
  endfacet
  facet normal 4.824401e-01 -8.759239e-01 -2.992843e-03
    outer loop
      vertex   -4.361868e+01 1.966417e+01 -7.500000e+00
      vertex   -4.347361e+01 1.976286e+01 -1.300000e+01
      vertex   -4.301393e+01 1.999725e+01 -7.500000e+00
    endloop
  endfacet
  facet normal 4.257774e-01 -9.048230e-01 2.974420e-03
    outer loop
      vertex   -4.301393e+01 1.999725e+01 -7.500000e+00
      vertex   -4.347361e+01 1.976286e+01 -1.300000e+01
      vertex   -4.284988e+01 2.005636e+01 -1.300000e+01
    endloop
  endfacet
  facet normal 2.490694e-01 -9.684811e-01 -2.980622e-03
    outer loop
      vertex   -4.301393e+01 1.999725e+01 -7.500000e+00
      vertex   -4.284988e+01 2.005636e+01 -1.300000e+01
      vertex   -4.234529e+01 2.016921e+01 -7.500000e+00
    endloop
  endfacet
  facet normal 1.873805e-01 -9.822829e-01 2.962160e-03
    outer loop
      vertex   -4.234529e+01 2.016921e+01 -7.500000e+00
      vertex   -4.284988e+01 2.005636e+01 -1.300000e+01
      vertex   -4.217276e+01 2.018553e+01 -1.300000e+01
    endloop
  endfacet
  facet normal 0.000000e+00 -9.999956e-01 -2.968323e-03
    outer loop
      vertex   -4.234529e+01 2.016921e+01 -7.500000e+00
      vertex   -4.217276e+01 2.018553e+01 -1.300000e+01
      vertex   -4.165488e+01 2.016921e+01 -7.500000e+00
    endloop
  endfacet
  facet normal -6.279025e-02 -9.980224e-01 2.949822e-03
    outer loop
      vertex   -4.165488e+01 2.016921e+01 -7.500000e+00
      vertex   -4.217276e+01 2.018553e+01 -1.300000e+01
      vertex   -4.148479e+01 2.014225e+01 -1.300000e+01
    endloop
  endfacet
  facet normal -2.490694e-01 -9.684811e-01 -2.955947e-03
    outer loop
      vertex   -4.165488e+01 2.016921e+01 -7.500000e+00
      vertex   -4.148479e+01 2.014225e+01 -1.300000e+01
      vertex   -4.098623e+01 1.999725e+01 -7.500000e+00
    endloop
  endfacet
  facet normal -3.090157e-01 -9.510524e-01 2.937408e-03
    outer loop
      vertex   -4.098623e+01 1.999725e+01 -7.500000e+00
      vertex   -4.148479e+01 2.014225e+01 -1.300000e+01
      vertex   -4.082919e+01 1.992923e+01 -1.300000e+01
    endloop
  endfacet
  facet normal -4.824402e-01 -8.759240e-01 -2.943495e-03
    outer loop
      vertex   -4.098623e+01 1.999725e+01 -7.500000e+00
      vertex   -4.082919e+01 1.992923e+01 -1.300000e+01
      vertex   -4.038149e+01 1.966417e+01 -7.500000e+00
    endloop
  endfacet
  facet normal -5.358245e-01 -8.443243e-01 2.924917e-03
    outer loop
      vertex   -4.038149e+01 1.966417e+01 -7.500000e+00
      vertex   -4.082919e+01 1.992923e+01 -1.300000e+01
      vertex   -4.024717e+01 1.955987e+01 -1.300000e+01
    endloop
  endfacet
  facet normal -6.854031e-01 -7.281580e-01 -2.930965e-03
    outer loop
      vertex   -4.038149e+01 1.966417e+01 -7.500000e+00
      vertex   -4.024717e+01 1.955987e+01 -1.300000e+01
      vertex   -3.987876e+01 1.919096e+01 -7.500000e+00
    endloop
  endfacet
  facet normal -7.289655e-01 -6.845442e-01 2.912349e-03
    outer loop
      vertex   -3.987876e+01 1.919096e+01 -7.500000e+00
      vertex   -4.024717e+01 1.955987e+01 -1.300000e+01
      vertex   -3.977529e+01 1.905737e+01 -1.300000e+01
    endloop
  endfacet
  facet normal -7.905763e-01 -6.123635e-01 0.000000e+00
    outer loop
      vertex   -3.987876e+01 1.919096e+01 -7.500000e+00
      vertex   -3.977529e+01 1.905737e+01 -1.300000e+01
      vertex   -3.987876e+01 1.919096e+01 -7.300000e+00
    endloop
  endfacet
  facet normal -8.392916e-01 -5.436757e-01 -2.494197e-03
    outer loop
      vertex   -3.987876e+01 1.919096e+01 -7.300000e+00
      vertex   -3.977529e+01 1.905737e+01 -1.300000e+01
      vertex   -3.953576e+01 1.866145e+01 -7.300000e+00
    endloop
  endfacet
  facet normal -8.763017e-01 -4.817510e-01 3.362368e-03
    outer loop
      vertex   -3.953576e+01 1.866145e+01 -7.300000e+00
      vertex   -3.977529e+01 1.905737e+01 -1.300000e+01
      vertex   -3.944320e+01 1.845330e+01 -1.300000e+01
    endloop
  endfacet
  facet normal -9.411094e-01 -3.380893e-01 -2.936040e-03
    outer loop
      vertex   -3.953576e+01 1.866145e+01 -7.300000e+00
      vertex   -3.944320e+01 1.845330e+01 -1.300000e+01
      vertex   -3.932245e+01 1.806769e+01 -7.300000e+00
    endloop
  endfacet
  facet normal -9.685766e-01 -2.486882e-01 3.693792e-03
    outer loop
      vertex   -3.932245e+01 1.806769e+01 -7.300000e+00
      vertex   -3.944320e+01 1.845330e+01 -1.300000e+01
      vertex   -3.927177e+01 1.778562e+01 -1.300000e+01
    endloop
  endfacet
  facet normal -9.933941e-01 -1.147089e-01 -3.157011e-03
    outer loop
      vertex   -3.932245e+01 1.806769e+01 -7.300000e+00
      vertex   -3.927177e+01 1.778562e+01 -1.300000e+01
      vertex   -3.925008e+01 1.744096e+01 -7.300000e+00
    endloop
  endfacet
  facet normal -9.999928e-01 0.000000e+00 3.804283e-03
    outer loop
      vertex   -3.925008e+01 1.744096e+01 -7.300000e+00
      vertex   -3.927177e+01 1.778562e+01 -1.300000e+01
      vertex   -3.927177e+01 1.709629e+01 -1.300000e+01
    endloop
  endfacet
  facet normal -9.933941e-01 1.147089e-01 -3.157011e-03
    outer loop
      vertex   -3.925008e+01 1.744096e+01 -7.300000e+00
      vertex   -3.927177e+01 1.709629e+01 -1.300000e+01
      vertex   -3.932245e+01 1.681422e+01 -7.300000e+00
    endloop
  endfacet
  facet normal -9.685766e-01 2.486882e-01 3.693792e-03
    outer loop
      vertex   -3.932245e+01 1.681422e+01 -7.300000e+00
      vertex   -3.927177e+01 1.709629e+01 -1.300000e+01
      vertex   -3.944320e+01 1.642862e+01 -1.300000e+01
    endloop
  endfacet
  facet normal -9.411094e-01 3.380893e-01 -2.936040e-03
    outer loop
      vertex   -3.932245e+01 1.681422e+01 -7.300000e+00
      vertex   -3.944320e+01 1.642862e+01 -1.300000e+01
      vertex   -3.953576e+01 1.622047e+01 -7.300000e+00
    endloop
  endfacet
  facet normal -8.763017e-01 4.817510e-01 3.362368e-03
    outer loop
      vertex   -3.953576e+01 1.622047e+01 -7.300000e+00
      vertex   -3.944320e+01 1.642862e+01 -1.300000e+01
      vertex   -3.977529e+01 1.582455e+01 -1.300000e+01
    endloop
  endfacet
  facet normal -8.392916e-01 5.436757e-01 -2.494197e-03
    outer loop
      vertex   -3.953576e+01 1.622047e+01 -7.300000e+00
      vertex   -3.977529e+01 1.582455e+01 -1.300000e+01
      vertex   -3.987876e+01 1.569096e+01 -7.300000e+00
    endloop
  endfacet
  facet normal -7.905763e-01 6.123635e-01 0.000000e+00
    outer loop
      vertex   -3.987876e+01 1.569096e+01 -7.300000e+00
      vertex   -3.977529e+01 1.582455e+01 -1.300000e+01
      vertex   -3.987876e+01 1.569096e+01 -7.500000e+00
    endloop
  endfacet
  facet normal -7.289655e-01 6.845442e-01 2.912349e-03
    outer loop
      vertex   -3.987876e+01 1.569096e+01 -7.500000e+00
      vertex   -3.977529e+01 1.582455e+01 -1.300000e+01
      vertex   -4.024717e+01 1.532205e+01 -1.300000e+01
    endloop
  endfacet
  facet normal -6.854031e-01 7.281580e-01 -2.930965e-03
    outer loop
      vertex   -3.987876e+01 1.569096e+01 -7.500000e+00
      vertex   -4.024717e+01 1.532205e+01 -1.300000e+01
      vertex   -4.038149e+01 1.521775e+01 -7.500000e+00
    endloop
  endfacet
  facet normal -5.358245e-01 8.443243e-01 2.924917e-03
    outer loop
      vertex   -4.038149e+01 1.521775e+01 -7.500000e+00
      vertex   -4.024717e+01 1.532205e+01 -1.300000e+01
      vertex   -4.082919e+01 1.495268e+01 -1.300000e+01
    endloop
  endfacet
  facet normal -4.824402e-01 8.759240e-01 -2.943495e-03
    outer loop
      vertex   -4.038149e+01 1.521775e+01 -7.500000e+00
      vertex   -4.082919e+01 1.495268e+01 -1.300000e+01
      vertex   -4.098623e+01 1.488467e+01 -7.500000e+00
    endloop
  endfacet
  facet normal -3.090157e-01 9.510524e-01 2.937408e-03
    outer loop
      vertex   -4.098623e+01 1.488467e+01 -7.500000e+00
      vertex   -4.082919e+01 1.495268e+01 -1.300000e+01
      vertex   -4.148479e+01 1.473967e+01 -1.300000e+01
    endloop
  endfacet
  facet normal -2.490694e-01 9.684811e-01 -2.955947e-03
    outer loop
      vertex   -4.098623e+01 1.488467e+01 -7.500000e+00
      vertex   -4.148479e+01 1.473967e+01 -1.300000e+01
      vertex   -4.165488e+01 1.471271e+01 -7.500000e+00
    endloop
  endfacet
  facet normal -6.279025e-02 9.980224e-01 2.949822e-03
    outer loop
      vertex   -4.165488e+01 1.471271e+01 -7.500000e+00
      vertex   -4.148479e+01 1.473967e+01 -1.300000e+01
      vertex   -4.217276e+01 1.469638e+01 -1.300000e+01
    endloop
  endfacet
  facet normal 0.000000e+00 9.999956e-01 -2.968323e-03
    outer loop
      vertex   -4.165488e+01 1.471271e+01 -7.500000e+00
      vertex   -4.217276e+01 1.469638e+01 -1.300000e+01
      vertex   -4.234529e+01 1.471271e+01 -7.500000e+00
    endloop
  endfacet
  facet normal 1.873805e-01 9.822829e-01 2.962160e-03
    outer loop
      vertex   -4.234529e+01 1.471271e+01 -7.500000e+00
      vertex   -4.217276e+01 1.469638e+01 -1.300000e+01
      vertex   -4.284988e+01 1.482555e+01 -1.300000e+01
    endloop
  endfacet
  facet normal 2.490694e-01 9.684811e-01 -2.980622e-03
    outer loop
      vertex   -4.234529e+01 1.471271e+01 -7.500000e+00
      vertex   -4.284988e+01 1.482555e+01 -1.300000e+01
      vertex   -4.301393e+01 1.488467e+01 -7.500000e+00
    endloop
  endfacet
  facet normal 4.257774e-01 9.048230e-01 2.974420e-03
    outer loop
      vertex   -4.301393e+01 1.488467e+01 -7.500000e+00
      vertex   -4.284988e+01 1.482555e+01 -1.300000e+01
      vertex   -4.347361e+01 1.511906e+01 -1.300000e+01
    endloop
  endfacet
  facet normal 4.824401e-01 8.759239e-01 -2.992843e-03
    outer loop
      vertex   -4.301393e+01 1.488467e+01 -7.500000e+00
      vertex   -4.347361e+01 1.511906e+01 -1.300000e+01
      vertex   -4.361868e+01 1.521775e+01 -7.500000e+00
    endloop
  endfacet
  facet normal 6.374211e-01 7.705098e-01 2.986603e-03
    outer loop
      vertex   -4.361868e+01 1.521775e+01 -7.500000e+00
      vertex   -4.347361e+01 1.511906e+01 -1.300000e+01
      vertex   -4.400475e+01 1.555845e+01 -1.300000e+01
    endloop
  endfacet
  facet normal 9.914449e-01 -1.305262e-01 0.000000e+00
    outer loop
      vertex   -4.369045e+01 -4.610625e+01 -7.100000e+00
      vertex   -4.369045e+01 -4.610625e+01 0.000000e+00
      vertex   -4.375008e+01 -4.655918e+01 -7.100000e+00
    endloop
  endfacet
  facet normal 9.914449e-01 -1.305262e-01 0.000000e+00
    outer loop
      vertex   -4.375008e+01 -4.655918e+01 -7.100000e+00
      vertex   -4.369045e+01 -4.610625e+01 0.000000e+00
      vertex   -4.375008e+01 -4.655918e+01 0.000000e+00
    endloop
  endfacet
  facet normal 9.914449e-01 1.305262e-01 -0.000000e+00
    outer loop
      vertex   -4.375008e+01 -4.655918e+01 -7.100000e+00
      vertex   -4.375008e+01 -4.655918e+01 0.000000e+00
      vertex   -4.369045e+01 -4.701212e+01 -7.100000e+00
    endloop
  endfacet
  facet normal 9.914449e-01 1.305262e-01 -0.000000e+00
    outer loop
      vertex   -4.369045e+01 -4.701212e+01 -7.100000e+00
      vertex   -4.375008e+01 -4.655918e+01 0.000000e+00
      vertex   -4.369045e+01 -4.701212e+01 0.000000e+00
    endloop
  endfacet
  facet normal 9.238795e-01 3.826834e-01 -0.000000e+00
    outer loop
      vertex   -4.369045e+01 -4.701212e+01 -7.100000e+00
      vertex   -4.369045e+01 -4.701212e+01 0.000000e+00
      vertex   -4.351563e+01 -4.743418e+01 -7.100000e+00
    endloop
  endfacet
  facet normal 9.238795e-01 3.826834e-01 -0.000000e+00
    outer loop
      vertex   -4.351563e+01 -4.743418e+01 -7.100000e+00
      vertex   -4.369045e+01 -4.701212e+01 0.000000e+00
      vertex   -4.351563e+01 -4.743418e+01 0.000000e+00
    endloop
  endfacet
  facet normal 7.933533e-01 6.087614e-01 -0.000000e+00
    outer loop
      vertex   -4.351563e+01 -4.743418e+01 -7.100000e+00
      vertex   -4.351563e+01 -4.743418e+01 0.000000e+00
      vertex   -4.323752e+01 -4.779662e+01 -7.100000e+00
    endloop
  endfacet
  facet normal 7.933533e-01 6.087614e-01 -0.000000e+00
    outer loop
      vertex   -4.323752e+01 -4.779662e+01 -7.100000e+00
      vertex   -4.351563e+01 -4.743418e+01 0.000000e+00
      vertex   -4.323752e+01 -4.779662e+01 0.000000e+00
    endloop
  endfacet
  facet normal 6.087614e-01 7.933533e-01 -0.000000e+00
    outer loop
      vertex   -4.323752e+01 -4.779662e+01 -7.100000e+00
      vertex   -4.323752e+01 -4.779662e+01 0.000000e+00
      vertex   -4.287508e+01 -4.807473e+01 -7.100000e+00
    endloop
  endfacet
  facet normal 6.087614e-01 7.933533e-01 -0.000000e+00
    outer loop
      vertex   -4.287508e+01 -4.807473e+01 -7.100000e+00
      vertex   -4.323752e+01 -4.779662e+01 0.000000e+00
      vertex   -4.287508e+01 -4.807473e+01 0.000000e+00
    endloop
  endfacet
  facet normal 3.826834e-01 9.238795e-01 -0.000000e+00
    outer loop
      vertex   -4.287508e+01 -4.807473e+01 -7.100000e+00
      vertex   -4.287508e+01 -4.807473e+01 0.000000e+00
      vertex   -4.245302e+01 -4.824955e+01 -7.100000e+00
    endloop
  endfacet
  facet normal 3.826834e-01 9.238795e-01 -0.000000e+00
    outer loop
      vertex   -4.245302e+01 -4.824955e+01 -7.100000e+00
      vertex   -4.287508e+01 -4.807473e+01 0.000000e+00
      vertex   -4.245302e+01 -4.824955e+01 0.000000e+00
    endloop
  endfacet
  facet normal 1.305262e-01 9.914449e-01 -0.000000e+00
    outer loop
      vertex   -4.245302e+01 -4.824955e+01 -7.100000e+00
      vertex   -4.245302e+01 -4.824955e+01 0.000000e+00
      vertex   -4.200008e+01 -4.830918e+01 -7.100000e+00
    endloop
  endfacet
  facet normal 1.305262e-01 9.914449e-01 -0.000000e+00
    outer loop
      vertex   -4.200008e+01 -4.830918e+01 -7.100000e+00
      vertex   -4.245302e+01 -4.824955e+01 0.000000e+00
      vertex   -4.200008e+01 -4.830918e+01 0.000000e+00
    endloop
  endfacet
  facet normal -1.305262e-01 9.914449e-01 0.000000e+00
    outer loop
      vertex   -4.200008e+01 -4.830918e+01 -7.100000e+00
      vertex   -4.200008e+01 -4.830918e+01 0.000000e+00
      vertex   -4.154715e+01 -4.824955e+01 -7.100000e+00
    endloop
  endfacet
  facet normal -1.305262e-01 9.914449e-01 0.000000e+00
    outer loop
      vertex   -4.154715e+01 -4.824955e+01 -7.100000e+00
      vertex   -4.200008e+01 -4.830918e+01 0.000000e+00
      vertex   -4.154715e+01 -4.824955e+01 0.000000e+00
    endloop
  endfacet
  facet normal -3.826834e-01 9.238795e-01 0.000000e+00
    outer loop
      vertex   -4.154715e+01 -4.824955e+01 -7.100000e+00
      vertex   -4.154715e+01 -4.824955e+01 0.000000e+00
      vertex   -4.112508e+01 -4.807473e+01 -7.100000e+00
    endloop
  endfacet
  facet normal -3.826834e-01 9.238795e-01 0.000000e+00
    outer loop
      vertex   -4.112508e+01 -4.807473e+01 -7.100000e+00
      vertex   -4.154715e+01 -4.824955e+01 0.000000e+00
      vertex   -4.112508e+01 -4.807473e+01 0.000000e+00
    endloop
  endfacet
  facet normal -6.087614e-01 7.933533e-01 0.000000e+00
    outer loop
      vertex   -4.112508e+01 -4.807473e+01 -7.100000e+00
      vertex   -4.112508e+01 -4.807473e+01 0.000000e+00
      vertex   -4.076265e+01 -4.779662e+01 -7.100000e+00
    endloop
  endfacet
  facet normal -6.087614e-01 7.933533e-01 0.000000e+00
    outer loop
      vertex   -4.076265e+01 -4.779662e+01 -7.100000e+00
      vertex   -4.112508e+01 -4.807473e+01 0.000000e+00
      vertex   -4.076265e+01 -4.779662e+01 0.000000e+00
    endloop
  endfacet
  facet normal -7.933533e-01 6.087614e-01 0.000000e+00
    outer loop
      vertex   -4.076265e+01 -4.779662e+01 -7.100000e+00
      vertex   -4.076265e+01 -4.779662e+01 0.000000e+00
      vertex   -4.048454e+01 -4.743418e+01 -7.100000e+00
    endloop
  endfacet
  facet normal -7.933533e-01 6.087614e-01 0.000000e+00
    outer loop
      vertex   -4.048454e+01 -4.743418e+01 -7.100000e+00
      vertex   -4.076265e+01 -4.779662e+01 0.000000e+00
      vertex   -4.048454e+01 -4.743418e+01 0.000000e+00
    endloop
  endfacet
  facet normal -9.238795e-01 3.826834e-01 0.000000e+00
    outer loop
      vertex   -4.048454e+01 -4.743418e+01 -7.100000e+00
      vertex   -4.048454e+01 -4.743418e+01 0.000000e+00
      vertex   -4.030971e+01 -4.701212e+01 -7.100000e+00
    endloop
  endfacet
  facet normal -9.238795e-01 3.826834e-01 0.000000e+00
    outer loop
      vertex   -4.030971e+01 -4.701212e+01 -7.100000e+00
      vertex   -4.048454e+01 -4.743418e+01 0.000000e+00
      vertex   -4.030971e+01 -4.701212e+01 0.000000e+00
    endloop
  endfacet
  facet normal -9.914449e-01 1.305262e-01 0.000000e+00
    outer loop
      vertex   -4.030971e+01 -4.701212e+01 -7.100000e+00
      vertex   -4.030971e+01 -4.701212e+01 0.000000e+00
      vertex   -4.025008e+01 -4.655918e+01 -7.100000e+00
    endloop
  endfacet
  facet normal -9.914449e-01 1.305262e-01 0.000000e+00
    outer loop
      vertex   -4.025008e+01 -4.655918e+01 -7.100000e+00
      vertex   -4.030971e+01 -4.701212e+01 0.000000e+00
      vertex   -4.025008e+01 -4.655918e+01 0.000000e+00
    endloop
  endfacet
  facet normal -9.914449e-01 -1.305262e-01 0.000000e+00
    outer loop
      vertex   -4.025008e+01 -4.655918e+01 -7.100000e+00
      vertex   -4.025008e+01 -4.655918e+01 0.000000e+00
      vertex   -4.030971e+01 -4.610625e+01 -7.100000e+00
    endloop
  endfacet
  facet normal -9.914449e-01 -1.305262e-01 0.000000e+00
    outer loop
      vertex   -4.030971e+01 -4.610625e+01 -7.100000e+00
      vertex   -4.025008e+01 -4.655918e+01 0.000000e+00
      vertex   -4.030971e+01 -4.610625e+01 0.000000e+00
    endloop
  endfacet
  facet normal -9.238795e-01 -3.826834e-01 0.000000e+00
    outer loop
      vertex   -4.030971e+01 -4.610625e+01 -7.100000e+00
      vertex   -4.030971e+01 -4.610625e+01 0.000000e+00
      vertex   -4.048454e+01 -4.568418e+01 -7.100000e+00
    endloop
  endfacet
  facet normal -9.238795e-01 -3.826834e-01 3.829760e-16
    outer loop
      vertex   -4.048454e+01 -4.568418e+01 -7.100000e+00
      vertex   -4.030971e+01 -4.610625e+01 0.000000e+00
      vertex   -4.048454e+01 -4.568418e+01 0.000000e+00
    endloop
  endfacet
  facet normal -7.933533e-01 -6.087614e-01 6.092268e-16
    outer loop
      vertex   -4.048454e+01 -4.568418e+01 -7.100000e+00
      vertex   -4.048454e+01 -4.568418e+01 0.000000e+00
      vertex   -4.076265e+01 -4.532175e+01 -7.100000e+00
    endloop
  endfacet
  facet normal -7.933533e-01 -6.087614e-01 0.000000e+00
    outer loop
      vertex   -4.076265e+01 -4.532175e+01 -7.100000e+00
      vertex   -4.048454e+01 -4.568418e+01 0.000000e+00
      vertex   -4.076265e+01 -4.532175e+01 0.000000e+00
    endloop
  endfacet
  facet normal -6.087614e-01 -7.933533e-01 0.000000e+00
    outer loop
      vertex   -4.076265e+01 -4.532175e+01 -7.100000e+00
      vertex   -4.076265e+01 -4.532175e+01 0.000000e+00
      vertex   -4.112508e+01 -4.504364e+01 -7.100000e+00
    endloop
  endfacet
  facet normal -6.087614e-01 -7.933533e-01 0.000000e+00
    outer loop
      vertex   -4.112508e+01 -4.504364e+01 -7.100000e+00
      vertex   -4.076265e+01 -4.532175e+01 0.000000e+00
      vertex   -4.112508e+01 -4.504364e+01 0.000000e+00
    endloop
  endfacet
  facet normal -3.826834e-01 -9.238795e-01 0.000000e+00
    outer loop
      vertex   -4.112508e+01 -4.504364e+01 -7.100000e+00
      vertex   -4.112508e+01 -4.504364e+01 0.000000e+00
      vertex   -4.154715e+01 -4.486881e+01 -7.100000e+00
    endloop
  endfacet
  facet normal -3.826834e-01 -9.238795e-01 0.000000e+00
    outer loop
      vertex   -4.154715e+01 -4.486881e+01 -7.100000e+00
      vertex   -4.112508e+01 -4.504364e+01 0.000000e+00
      vertex   -4.154715e+01 -4.486881e+01 0.000000e+00
    endloop
  endfacet
  facet normal -1.305262e-01 -9.914449e-01 0.000000e+00
    outer loop
      vertex   -4.154715e+01 -4.486881e+01 -7.100000e+00
      vertex   -4.154715e+01 -4.486881e+01 0.000000e+00
      vertex   -4.200008e+01 -4.480918e+01 -7.100000e+00
    endloop
  endfacet
  facet normal -1.305262e-01 -9.914449e-01 0.000000e+00
    outer loop
      vertex   -4.200008e+01 -4.480918e+01 -7.100000e+00
      vertex   -4.154715e+01 -4.486881e+01 0.000000e+00
      vertex   -4.200008e+01 -4.480918e+01 0.000000e+00
    endloop
  endfacet
  facet normal 1.305262e-01 -9.914449e-01 0.000000e+00
    outer loop
      vertex   -4.200008e+01 -4.480918e+01 -7.100000e+00
      vertex   -4.200008e+01 -4.480918e+01 0.000000e+00
      vertex   -4.245302e+01 -4.486881e+01 -7.100000e+00
    endloop
  endfacet
  facet normal 1.305262e-01 -9.914449e-01 0.000000e+00
    outer loop
      vertex   -4.245302e+01 -4.486881e+01 -7.100000e+00
      vertex   -4.200008e+01 -4.480918e+01 0.000000e+00
      vertex   -4.245302e+01 -4.486881e+01 0.000000e+00
    endloop
  endfacet
  facet normal 3.826834e-01 -9.238795e-01 0.000000e+00
    outer loop
      vertex   -4.245302e+01 -4.486881e+01 -7.100000e+00
      vertex   -4.245302e+01 -4.486881e+01 0.000000e+00
      vertex   -4.287508e+01 -4.504364e+01 -7.100000e+00
    endloop
  endfacet
  facet normal 3.826834e-01 -9.238795e-01 0.000000e+00
    outer loop
      vertex   -4.287508e+01 -4.504364e+01 -7.100000e+00
      vertex   -4.245302e+01 -4.486881e+01 0.000000e+00
      vertex   -4.287508e+01 -4.504364e+01 0.000000e+00
    endloop
  endfacet
  facet normal 6.087614e-01 -7.933533e-01 0.000000e+00
    outer loop
      vertex   -4.287508e+01 -4.504364e+01 -7.100000e+00
      vertex   -4.287508e+01 -4.504364e+01 0.000000e+00
      vertex   -4.323752e+01 -4.532175e+01 -7.100000e+00
    endloop
  endfacet
  facet normal 6.087614e-01 -7.933533e-01 0.000000e+00
    outer loop
      vertex   -4.323752e+01 -4.532175e+01 -7.100000e+00
      vertex   -4.287508e+01 -4.504364e+01 0.000000e+00
      vertex   -4.323752e+01 -4.532175e+01 0.000000e+00
    endloop
  endfacet
  facet normal 7.933533e-01 -6.087614e-01 0.000000e+00
    outer loop
      vertex   -4.323752e+01 -4.532175e+01 -7.100000e+00
      vertex   -4.323752e+01 -4.532175e+01 0.000000e+00
      vertex   -4.351563e+01 -4.568418e+01 -7.100000e+00
    endloop
  endfacet
  facet normal 7.933533e-01 -6.087614e-01 0.000000e+00
    outer loop
      vertex   -4.351563e+01 -4.568418e+01 -7.100000e+00
      vertex   -4.323752e+01 -4.532175e+01 0.000000e+00
      vertex   -4.351563e+01 -4.568418e+01 0.000000e+00
    endloop
  endfacet
  facet normal 9.238795e-01 -3.826834e-01 0.000000e+00
    outer loop
      vertex   -4.351563e+01 -4.568418e+01 -7.100000e+00
      vertex   -4.351563e+01 -4.568418e+01 0.000000e+00
      vertex   -4.369045e+01 -4.610625e+01 -7.100000e+00
    endloop
  endfacet
  facet normal 9.238795e-01 -3.826834e-01 0.000000e+00
    outer loop
      vertex   -4.369045e+01 -4.610625e+01 -7.100000e+00
      vertex   -4.351563e+01 -4.568418e+01 0.000000e+00
      vertex   -4.369045e+01 -4.610625e+01 0.000000e+00
    endloop
  endfacet
  facet normal 1.305262e-01 9.914449e-01 -0.000000e+00
    outer loop
      vertex   4.154715e+01 1.575059e+01 -7.100000e+00
      vertex   4.154715e+01 1.575059e+01 0.000000e+00
      vertex   4.200008e+01 1.569096e+01 -7.100000e+00
    endloop
  endfacet
  facet normal 1.305262e-01 9.914449e-01 -4.961014e-16
    outer loop
      vertex   4.200008e+01 1.569096e+01 -7.100000e+00
      vertex   4.154715e+01 1.575059e+01 0.000000e+00
      vertex   4.200008e+01 1.569096e+01 0.000000e+00
    endloop
  endfacet
  facet normal -1.305262e-01 9.914449e-01 -4.961014e-16
    outer loop
      vertex   4.200008e+01 1.569096e+01 -7.100000e+00
      vertex   4.200008e+01 1.569096e+01 0.000000e+00
      vertex   4.245301e+01 1.575059e+01 -7.100000e+00
    endloop
  endfacet
  facet normal -1.305262e-01 9.914449e-01 0.000000e+00
    outer loop
      vertex   4.245301e+01 1.575059e+01 -7.100000e+00
      vertex   4.200008e+01 1.569096e+01 0.000000e+00
      vertex   4.245301e+01 1.575059e+01 0.000000e+00
    endloop
  endfacet
  facet normal -3.826834e-01 9.238795e-01 0.000000e+00
    outer loop
      vertex   4.245301e+01 1.575059e+01 -7.100000e+00
      vertex   4.245301e+01 1.575059e+01 0.000000e+00
      vertex   4.287508e+01 1.592541e+01 -7.100000e+00
    endloop
  endfacet
  facet normal -3.826834e-01 9.238795e-01 0.000000e+00
    outer loop
      vertex   4.287508e+01 1.592541e+01 -7.100000e+00
      vertex   4.245301e+01 1.575059e+01 0.000000e+00
      vertex   4.287508e+01 1.592541e+01 0.000000e+00
    endloop
  endfacet
  facet normal -6.087614e-01 7.933533e-01 0.000000e+00
    outer loop
      vertex   4.287508e+01 1.592541e+01 -7.100000e+00
      vertex   4.287508e+01 1.592541e+01 0.000000e+00
      vertex   4.323752e+01 1.620352e+01 -7.100000e+00
    endloop
  endfacet
  facet normal -6.087614e-01 7.933533e-01 -3.969799e-16
    outer loop
      vertex   4.323752e+01 1.620352e+01 -7.100000e+00
      vertex   4.287508e+01 1.592541e+01 0.000000e+00
      vertex   4.323752e+01 1.620352e+01 0.000000e+00
    endloop
  endfacet
  facet normal -7.933533e-01 6.087614e-01 -3.046134e-16
    outer loop
      vertex   4.323752e+01 1.620352e+01 -7.100000e+00
      vertex   4.323752e+01 1.620352e+01 0.000000e+00
      vertex   4.351563e+01 1.656596e+01 -7.100000e+00
    endloop
  endfacet
  facet normal -7.933533e-01 6.087614e-01 0.000000e+00
    outer loop
      vertex   4.351563e+01 1.656596e+01 -7.100000e+00
      vertex   4.323752e+01 1.620352e+01 0.000000e+00
      vertex   4.351563e+01 1.656596e+01 0.000000e+00
    endloop
  endfacet
  facet normal -9.238795e-01 3.826834e-01 0.000000e+00
    outer loop
      vertex   4.351563e+01 1.656596e+01 -7.100000e+00
      vertex   4.351563e+01 1.656596e+01 0.000000e+00
      vertex   4.369045e+01 1.698802e+01 -7.100000e+00
    endloop
  endfacet
  facet normal -9.238795e-01 3.826834e-01 0.000000e+00
    outer loop
      vertex   4.369045e+01 1.698802e+01 -7.100000e+00
      vertex   4.351563e+01 1.656596e+01 0.000000e+00
      vertex   4.369045e+01 1.698802e+01 0.000000e+00
    endloop
  endfacet
  facet normal -9.914449e-01 1.305262e-01 0.000000e+00
    outer loop
      vertex   4.369045e+01 1.698802e+01 -7.100000e+00
      vertex   4.369045e+01 1.698802e+01 0.000000e+00
      vertex   4.375008e+01 1.744096e+01 -7.100000e+00
    endloop
  endfacet
  facet normal -9.914449e-01 1.305262e-01 0.000000e+00
    outer loop
      vertex   4.375008e+01 1.744096e+01 -7.100000e+00
      vertex   4.369045e+01 1.698802e+01 0.000000e+00
      vertex   4.375008e+01 1.744096e+01 0.000000e+00
    endloop
  endfacet
  facet normal -9.914449e-01 -1.305262e-01 0.000000e+00
    outer loop
      vertex   4.375008e+01 1.744096e+01 -7.100000e+00
      vertex   4.375008e+01 1.744096e+01 0.000000e+00
      vertex   4.369045e+01 1.789389e+01 -7.100000e+00
    endloop
  endfacet
  facet normal -9.914449e-01 -1.305262e-01 0.000000e+00
    outer loop
      vertex   4.369045e+01 1.789389e+01 -7.100000e+00
      vertex   4.375008e+01 1.744096e+01 0.000000e+00
      vertex   4.369045e+01 1.789389e+01 0.000000e+00
    endloop
  endfacet
  facet normal -9.238795e-01 -3.826834e-01 0.000000e+00
    outer loop
      vertex   4.369045e+01 1.789389e+01 -7.100000e+00
      vertex   4.369045e+01 1.789389e+01 0.000000e+00
      vertex   4.351563e+01 1.831596e+01 -7.100000e+00
    endloop
  endfacet
  facet normal -9.238795e-01 -3.826834e-01 0.000000e+00
    outer loop
      vertex   4.351563e+01 1.831596e+01 -7.100000e+00
      vertex   4.369045e+01 1.789389e+01 0.000000e+00
      vertex   4.351563e+01 1.831596e+01 0.000000e+00
    endloop
  endfacet
  facet normal -7.933533e-01 -6.087614e-01 0.000000e+00
    outer loop
      vertex   4.351563e+01 1.831596e+01 -7.100000e+00
      vertex   4.351563e+01 1.831596e+01 0.000000e+00
      vertex   4.323752e+01 1.867839e+01 -7.100000e+00
    endloop
  endfacet
  facet normal -7.933533e-01 -6.087614e-01 0.000000e+00
    outer loop
      vertex   4.323752e+01 1.867839e+01 -7.100000e+00
      vertex   4.351563e+01 1.831596e+01 0.000000e+00
      vertex   4.323752e+01 1.867839e+01 0.000000e+00
    endloop
  endfacet
  facet normal -6.087614e-01 -7.933533e-01 0.000000e+00
    outer loop
      vertex   4.323752e+01 1.867839e+01 -7.100000e+00
      vertex   4.323752e+01 1.867839e+01 0.000000e+00
      vertex   4.287508e+01 1.895650e+01 -7.100000e+00
    endloop
  endfacet
  facet normal -6.087614e-01 -7.933533e-01 0.000000e+00
    outer loop
      vertex   4.287508e+01 1.895650e+01 -7.100000e+00
      vertex   4.323752e+01 1.867839e+01 0.000000e+00
      vertex   4.287508e+01 1.895650e+01 0.000000e+00
    endloop
  endfacet
  facet normal -3.826834e-01 -9.238795e-01 0.000000e+00
    outer loop
      vertex   4.287508e+01 1.895650e+01 -7.100000e+00
      vertex   4.287508e+01 1.895650e+01 0.000000e+00
      vertex   4.245301e+01 1.913133e+01 -7.100000e+00
    endloop
  endfacet
  facet normal -3.826834e-01 -9.238795e-01 0.000000e+00
    outer loop
      vertex   4.245301e+01 1.913133e+01 -7.100000e+00
      vertex   4.287508e+01 1.895650e+01 0.000000e+00
      vertex   4.245301e+01 1.913133e+01 0.000000e+00
    endloop
  endfacet
  facet normal -1.305262e-01 -9.914449e-01 0.000000e+00
    outer loop
      vertex   4.245301e+01 1.913133e+01 -7.100000e+00
      vertex   4.245301e+01 1.913133e+01 0.000000e+00
      vertex   4.200008e+01 1.919096e+01 -7.100000e+00
    endloop
  endfacet
  facet normal -1.305262e-01 -9.914449e-01 0.000000e+00
    outer loop
      vertex   4.200008e+01 1.919096e+01 -7.100000e+00
      vertex   4.245301e+01 1.913133e+01 0.000000e+00
      vertex   4.200008e+01 1.919096e+01 0.000000e+00
    endloop
  endfacet
  facet normal 1.305262e-01 -9.914449e-01 0.000000e+00
    outer loop
      vertex   4.200008e+01 1.919096e+01 -7.100000e+00
      vertex   4.200008e+01 1.919096e+01 0.000000e+00
      vertex   4.154715e+01 1.913133e+01 -7.100000e+00
    endloop
  endfacet
  facet normal 1.305262e-01 -9.914449e-01 0.000000e+00
    outer loop
      vertex   4.154715e+01 1.913133e+01 -7.100000e+00
      vertex   4.200008e+01 1.919096e+01 0.000000e+00
      vertex   4.154715e+01 1.913133e+01 0.000000e+00
    endloop
  endfacet
  facet normal 3.826834e-01 -9.238795e-01 0.000000e+00
    outer loop
      vertex   4.154715e+01 1.913133e+01 -7.100000e+00
      vertex   4.154715e+01 1.913133e+01 0.000000e+00
      vertex   4.112508e+01 1.895650e+01 -7.100000e+00
    endloop
  endfacet
  facet normal 3.826834e-01 -9.238795e-01 0.000000e+00
    outer loop
      vertex   4.112508e+01 1.895650e+01 -7.100000e+00
      vertex   4.154715e+01 1.913133e+01 0.000000e+00
      vertex   4.112508e+01 1.895650e+01 0.000000e+00
    endloop
  endfacet
  facet normal 6.087614e-01 -7.933533e-01 0.000000e+00
    outer loop
      vertex   4.112508e+01 1.895650e+01 -7.100000e+00
      vertex   4.112508e+01 1.895650e+01 0.000000e+00
      vertex   4.076264e+01 1.867839e+01 -7.100000e+00
    endloop
  endfacet
  facet normal 6.087614e-01 -7.933533e-01 0.000000e+00
    outer loop
      vertex   4.076264e+01 1.867839e+01 -7.100000e+00
      vertex   4.112508e+01 1.895650e+01 0.000000e+00
      vertex   4.076264e+01 1.867839e+01 0.000000e+00
    endloop
  endfacet
  facet normal 7.933533e-01 -6.087614e-01 0.000000e+00
    outer loop
      vertex   4.076264e+01 1.867839e+01 -7.100000e+00
      vertex   4.076264e+01 1.867839e+01 0.000000e+00
      vertex   4.048454e+01 1.831596e+01 -7.100000e+00
    endloop
  endfacet
  facet normal 7.933533e-01 -6.087614e-01 0.000000e+00
    outer loop
      vertex   4.048454e+01 1.831596e+01 -7.100000e+00
      vertex   4.076264e+01 1.867839e+01 0.000000e+00
      vertex   4.048454e+01 1.831596e+01 0.000000e+00
    endloop
  endfacet
  facet normal 9.238795e-01 -3.826834e-01 0.000000e+00
    outer loop
      vertex   4.048454e+01 1.831596e+01 -7.100000e+00
      vertex   4.048454e+01 1.831596e+01 0.000000e+00
      vertex   4.030971e+01 1.789389e+01 -7.100000e+00
    endloop
  endfacet
  facet normal 9.238795e-01 -3.826834e-01 0.000000e+00
    outer loop
      vertex   4.030971e+01 1.789389e+01 -7.100000e+00
      vertex   4.048454e+01 1.831596e+01 0.000000e+00
      vertex   4.030971e+01 1.789389e+01 0.000000e+00
    endloop
  endfacet
  facet normal 9.914449e-01 -1.305262e-01 0.000000e+00
    outer loop
      vertex   4.030971e+01 1.789389e+01 -7.100000e+00
      vertex   4.030971e+01 1.789389e+01 0.000000e+00
      vertex   4.025008e+01 1.744096e+01 -7.100000e+00
    endloop
  endfacet
  facet normal 9.914449e-01 -1.305262e-01 0.000000e+00
    outer loop
      vertex   4.025008e+01 1.744096e+01 -7.100000e+00
      vertex   4.030971e+01 1.789389e+01 0.000000e+00
      vertex   4.025008e+01 1.744096e+01 0.000000e+00
    endloop
  endfacet
  facet normal 9.914449e-01 1.305262e-01 -0.000000e+00
    outer loop
      vertex   4.025008e+01 1.744096e+01 -7.100000e+00
      vertex   4.025008e+01 1.744096e+01 0.000000e+00
      vertex   4.030971e+01 1.698802e+01 -7.100000e+00
    endloop
  endfacet
  facet normal 9.914449e-01 1.305262e-01 6.531298e-17
    outer loop
      vertex   4.030971e+01 1.698802e+01 -7.100000e+00
      vertex   4.025008e+01 1.744096e+01 0.000000e+00
      vertex   4.030971e+01 1.698802e+01 0.000000e+00
    endloop
  endfacet
  facet normal 9.238795e-01 3.826834e-01 1.914880e-16
    outer loop
      vertex   4.030971e+01 1.698802e+01 -7.100000e+00
      vertex   4.030971e+01 1.698802e+01 0.000000e+00
      vertex   4.048454e+01 1.656596e+01 -7.100000e+00
    endloop
  endfacet
  facet normal 9.238795e-01 3.826834e-01 -0.000000e+00
    outer loop
      vertex   4.048454e+01 1.656596e+01 -7.100000e+00
      vertex   4.030971e+01 1.698802e+01 0.000000e+00
      vertex   4.048454e+01 1.656596e+01 0.000000e+00
    endloop
  endfacet
  facet normal 7.933533e-01 6.087614e-01 -0.000000e+00
    outer loop
      vertex   4.048454e+01 1.656596e+01 -7.100000e+00
      vertex   4.048454e+01 1.656596e+01 0.000000e+00
      vertex   4.076264e+01 1.620352e+01 -7.100000e+00
    endloop
  endfacet
  facet normal 7.933533e-01 6.087614e-01 -0.000000e+00
    outer loop
      vertex   4.076264e+01 1.620352e+01 -7.100000e+00
      vertex   4.048454e+01 1.656596e+01 0.000000e+00
      vertex   4.076264e+01 1.620352e+01 0.000000e+00
    endloop
  endfacet
  facet normal 6.087614e-01 7.933533e-01 -0.000000e+00
    outer loop
      vertex   4.076264e+01 1.620352e+01 -7.100000e+00
      vertex   4.076264e+01 1.620352e+01 0.000000e+00
      vertex   4.112508e+01 1.592541e+01 -7.100000e+00
    endloop
  endfacet
  facet normal 6.087614e-01 7.933533e-01 -0.000000e+00
    outer loop
      vertex   4.112508e+01 1.592541e+01 -7.100000e+00
      vertex   4.076264e+01 1.620352e+01 0.000000e+00
      vertex   4.112508e+01 1.592541e+01 0.000000e+00
    endloop
  endfacet
  facet normal 3.826834e-01 9.238795e-01 -0.000000e+00
    outer loop
      vertex   4.112508e+01 1.592541e+01 -7.100000e+00
      vertex   4.112508e+01 1.592541e+01 0.000000e+00
      vertex   4.154715e+01 1.575059e+01 -7.100000e+00
    endloop
  endfacet
  facet normal 3.826834e-01 9.238795e-01 -0.000000e+00
    outer loop
      vertex   4.154715e+01 1.575059e+01 -7.100000e+00
      vertex   4.112508e+01 1.592541e+01 0.000000e+00
      vertex   4.154715e+01 1.575059e+01 0.000000e+00
    endloop
  endfacet
  facet normal -9.937122e-01 -1.119645e-01 -0.000000e+00
    outer loop
      vertex   -4.518739e+01 -4.655918e+01 0.000000e+00
      vertex   -4.518739e+01 -4.655918e+01 -1.000000e+01
      vertex   -4.510748e+01 -4.726842e+01 0.000000e+00
    endloop
  endfacet
  facet normal -9.937122e-01 -1.119645e-01 -0.000000e+00
    outer loop
      vertex   -4.510748e+01 -4.726842e+01 0.000000e+00
      vertex   -4.518739e+01 -4.655918e+01 -1.000000e+01
      vertex   -4.510748e+01 -4.726842e+01 -1.000000e+01
    endloop
  endfacet
  facet normal -9.438833e-01 -3.302791e-01 -0.000000e+00
    outer loop
      vertex   -4.510748e+01 -4.726842e+01 0.000000e+00
      vertex   -4.510748e+01 -4.726842e+01 -1.000000e+01
      vertex   -4.487175e+01 -4.794210e+01 0.000000e+00
    endloop
  endfacet
  facet normal -9.438833e-01 -3.302791e-01 -0.000000e+00
    outer loop
      vertex   -4.487175e+01 -4.794210e+01 0.000000e+00
      vertex   -4.510748e+01 -4.726842e+01 -1.000000e+01
      vertex   -4.487175e+01 -4.794210e+01 -1.000000e+01
    endloop
  endfacet
  facet normal -8.467242e-01 -5.320321e-01 -0.000000e+00
    outer loop
      vertex   -4.487175e+01 -4.794210e+01 0.000000e+00
      vertex   -4.487175e+01 -4.794210e+01 -1.000000e+01
      vertex   -4.449202e+01 -4.854643e+01 0.000000e+00
    endloop
  endfacet
  facet normal -8.467242e-01 -5.320321e-01 -0.000000e+00
    outer loop
      vertex   -4.449202e+01 -4.854643e+01 0.000000e+00
      vertex   -4.487175e+01 -4.794210e+01 -1.000000e+01
      vertex   -4.449202e+01 -4.854643e+01 -1.000000e+01
    endloop
  endfacet
  facet normal -7.071068e-01 -7.071068e-01 -0.000000e+00
    outer loop
      vertex   -4.449202e+01 -4.854643e+01 0.000000e+00
      vertex   -4.449202e+01 -4.854643e+01 -1.000000e+01
      vertex   -4.398734e+01 -4.905112e+01 0.000000e+00
    endloop
  endfacet
  facet normal -7.071068e-01 -7.071068e-01 -0.000000e+00
    outer loop
      vertex   -4.398734e+01 -4.905112e+01 0.000000e+00
      vertex   -4.449202e+01 -4.854643e+01 -1.000000e+01
      vertex   -4.398734e+01 -4.905112e+01 -1.000000e+01
    endloop
  endfacet
  facet normal -5.320321e-01 -8.467242e-01 -0.000000e+00
    outer loop
      vertex   -4.398734e+01 -4.905112e+01 0.000000e+00
      vertex   -4.398734e+01 -4.905112e+01 -1.000000e+01
      vertex   -4.338300e+01 -4.943084e+01 0.000000e+00
    endloop
  endfacet
  facet normal -5.320321e-01 -8.467242e-01 -0.000000e+00
    outer loop
      vertex   -4.338300e+01 -4.943084e+01 0.000000e+00
      vertex   -4.398734e+01 -4.905112e+01 -1.000000e+01
      vertex   -4.338300e+01 -4.943084e+01 -1.000000e+01
    endloop
  endfacet
  facet normal -3.302791e-01 -9.438833e-01 -0.000000e+00
    outer loop
      vertex   -4.338300e+01 -4.943084e+01 0.000000e+00
      vertex   -4.338300e+01 -4.943084e+01 -1.000000e+01
      vertex   -4.270933e+01 -4.966657e+01 0.000000e+00
    endloop
  endfacet
  facet normal -3.302791e-01 -9.438833e-01 -0.000000e+00
    outer loop
      vertex   -4.270933e+01 -4.966657e+01 0.000000e+00
      vertex   -4.338300e+01 -4.943084e+01 -1.000000e+01
      vertex   -4.270933e+01 -4.966657e+01 -1.000000e+01
    endloop
  endfacet
  facet normal -1.119645e-01 -9.937122e-01 -0.000000e+00
    outer loop
      vertex   -4.270933e+01 -4.966657e+01 0.000000e+00
      vertex   -4.270933e+01 -4.966657e+01 -1.000000e+01
      vertex   -4.200008e+01 -4.974649e+01 0.000000e+00
    endloop
  endfacet
  facet normal -1.119645e-01 -9.937122e-01 -0.000000e+00
    outer loop
      vertex   -4.200008e+01 -4.974649e+01 0.000000e+00
      vertex   -4.270933e+01 -4.966657e+01 -1.000000e+01
      vertex   -4.200008e+01 -4.974649e+01 -1.000000e+01
    endloop
  endfacet
  facet normal -9.930685e-01 1.175374e-01 0.000000e+00
    outer loop
      vertex   -4.518739e+01 -4.655918e+01 -1.000000e+01
      vertex   -4.518739e+01 -4.655918e+01 0.000000e+00
      vertex   -4.509932e+01 -4.581512e+01 -1.000000e+01
    endloop
  endfacet
  facet normal -9.930685e-01 1.175374e-01 0.000000e+00
    outer loop
      vertex   -4.509932e+01 -4.581512e+01 -1.000000e+01
      vertex   -4.518739e+01 -4.655918e+01 0.000000e+00
      vertex   -4.509932e+01 -4.581512e+01 0.000000e+00
    endloop
  endfacet
  facet normal -9.381913e-01 3.461171e-01 0.000000e+00
    outer loop
      vertex   -4.509932e+01 -4.581512e+01 -1.000000e+01
      vertex   -4.509932e+01 -4.581512e+01 0.000000e+00
      vertex   -4.483999e+01 -4.511218e+01 -1.000000e+01
    endloop
  endfacet
  facet normal -9.381913e-01 3.461171e-01 0.000000e+00
    outer loop
      vertex   -4.483999e+01 -4.511218e+01 -1.000000e+01
      vertex   -4.509932e+01 -4.581512e+01 0.000000e+00
      vertex   -4.483999e+01 -4.511218e+01 0.000000e+00
    endloop
  endfacet
  facet normal -8.314696e-01 5.555702e-01 0.000000e+00
    outer loop
      vertex   -4.483999e+01 -4.511218e+01 -1.000000e+01
      vertex   -4.483999e+01 -4.511218e+01 0.000000e+00
      vertex   -4.442373e+01 -4.448919e+01 -1.000000e+01
    endloop
  endfacet
  facet normal -8.314696e-01 5.555702e-01 0.000000e+00
    outer loop
      vertex   -4.442373e+01 -4.448919e+01 -1.000000e+01
      vertex   -4.483999e+01 -4.511218e+01 0.000000e+00
      vertex   -4.442373e+01 -4.448919e+01 0.000000e+00
    endloop
  endfacet
  facet normal -6.788007e-01 7.343225e-01 0.000000e+00
    outer loop
      vertex   -4.442373e+01 -4.448919e+01 -1.000000e+01
      vertex   -4.442373e+01 -4.448919e+01 0.000000e+00
      vertex   -4.387353e+01 -4.398060e+01 -1.000000e+01
    endloop
  endfacet
  facet normal -6.788007e-01 7.343225e-01 0.000000e+00
    outer loop
      vertex   -4.387353e+01 -4.398060e+01 -1.000000e+01
      vertex   -4.442373e+01 -4.448919e+01 0.000000e+00
      vertex   -4.387353e+01 -4.398060e+01 0.000000e+00
    endloop
  endfacet
  facet normal -4.886212e-01 8.724960e-01 0.000000e+00
    outer loop
      vertex   -4.387353e+01 -4.398060e+01 -1.000000e+01
      vertex   -4.387353e+01 -4.398060e+01 0.000000e+00
      vertex   -4.321981e+01 -4.361450e+01 -1.000000e+01
    endloop
  endfacet
  facet normal -4.886212e-01 8.724960e-01 0.000000e+00
    outer loop
      vertex   -4.321981e+01 -4.361450e+01 -1.000000e+01
      vertex   -4.387353e+01 -4.398060e+01 0.000000e+00
      vertex   -4.321981e+01 -4.361450e+01 0.000000e+00
    endloop
  endfacet
  facet normal -2.714404e-01 9.624552e-01 0.000000e+00
    outer loop
      vertex   -4.321981e+01 -4.361450e+01 -1.000000e+01
      vertex   -4.321981e+01 -4.361450e+01 0.000000e+00
      vertex   -4.249869e+01 -4.341112e+01 -1.000000e+01
    endloop
  endfacet
  facet normal -2.714404e-01 9.624552e-01 0.000000e+00
    outer loop
      vertex   -4.249869e+01 -4.341112e+01 -1.000000e+01
      vertex   -4.321981e+01 -4.361450e+01 0.000000e+00
      vertex   -4.249869e+01 -4.341112e+01 0.000000e+00
    endloop
  endfacet
  facet normal -3.925982e-02 9.992290e-01 0.000000e+00
    outer loop
      vertex   -4.249869e+01 -4.341112e+01 -1.000000e+01
      vertex   -4.249869e+01 -4.341112e+01 0.000000e+00
      vertex   -4.175001e+01 -4.338170e+01 -1.000000e+01
    endloop
  endfacet
  facet normal -3.925982e-02 9.992290e-01 0.000000e+00
    outer loop
      vertex   -4.175001e+01 -4.338170e+01 -1.000000e+01
      vertex   -4.249869e+01 -4.341112e+01 0.000000e+00
      vertex   -4.175001e+01 -4.338170e+01 0.000000e+00
    endloop
  endfacet
  facet normal 1.950903e-01 9.807853e-01 -0.000000e+00
    outer loop
      vertex   -4.175001e+01 -4.338170e+01 -1.000000e+01
      vertex   -4.175001e+01 -4.338170e+01 0.000000e+00
      vertex   -4.101515e+01 -4.352787e+01 -1.000000e+01
    endloop
  endfacet
  facet normal 1.950903e-01 9.807853e-01 -0.000000e+00
    outer loop
      vertex   -4.101515e+01 -4.352787e+01 -1.000000e+01
      vertex   -4.175001e+01 -4.338170e+01 0.000000e+00
      vertex   -4.101515e+01 -4.352787e+01 0.000000e+00
    endloop
  endfacet
  facet normal 4.186597e-01 9.081432e-01 -0.000000e+00
    outer loop
      vertex   -4.101515e+01 -4.352787e+01 -1.000000e+01
      vertex   -4.101515e+01 -4.352787e+01 0.000000e+00
      vertex   -4.033472e+01 -4.384156e+01 -1.000000e+01
    endloop
  endfacet
  facet normal 4.186597e-01 9.081432e-01 -0.000000e+00
    outer loop
      vertex   -4.033472e+01 -4.384156e+01 -1.000000e+01
      vertex   -4.101515e+01 -4.352787e+01 0.000000e+00
      vertex   -4.033472e+01 -4.384156e+01 0.000000e+00
    endloop
  endfacet
  facet normal 6.190939e-01 7.853169e-01 -0.000000e+00
    outer loop
      vertex   -4.033472e+01 -4.384156e+01 -1.000000e+01
      vertex   -4.033472e+01 -4.384156e+01 0.000000e+00
      vertex   -3.974632e+01 -4.430542e+01 -1.000000e+01
    endloop
  endfacet
  facet normal 6.190939e-01 7.853169e-01 -0.000000e+00
    outer loop
      vertex   -3.974632e+01 -4.430542e+01 -1.000000e+01
      vertex   -4.033472e+01 -4.384156e+01 0.000000e+00
      vertex   -3.974632e+01 -4.430542e+01 0.000000e+00
    endloop
  endfacet
  facet normal 7.853169e-01 6.190939e-01 -0.000000e+00
    outer loop
      vertex   -3.974632e+01 -4.430542e+01 -1.000000e+01
      vertex   -3.974632e+01 -4.430542e+01 0.000000e+00
      vertex   -3.928246e+01 -4.489382e+01 -1.000000e+01
    endloop
  endfacet
  facet normal 7.853169e-01 6.190939e-01 -0.000000e+00
    outer loop
      vertex   -3.928246e+01 -4.489382e+01 -1.000000e+01
      vertex   -3.974632e+01 -4.430542e+01 0.000000e+00
      vertex   -3.928246e+01 -4.489382e+01 0.000000e+00
    endloop
  endfacet
  facet normal 9.081432e-01 4.186597e-01 -0.000000e+00
    outer loop
      vertex   -3.928246e+01 -4.489382e+01 -1.000000e+01
      vertex   -3.928246e+01 -4.489382e+01 0.000000e+00
      vertex   -3.896878e+01 -4.557425e+01 -1.000000e+01
    endloop
  endfacet
  facet normal 9.081432e-01 4.186597e-01 -0.000000e+00
    outer loop
      vertex   -3.896878e+01 -4.557425e+01 -1.000000e+01
      vertex   -3.928246e+01 -4.489382e+01 0.000000e+00
      vertex   -3.896878e+01 -4.557425e+01 0.000000e+00
    endloop
  endfacet
  facet normal 9.807853e-01 1.950903e-01 -0.000000e+00
    outer loop
      vertex   -3.896878e+01 -4.557425e+01 -1.000000e+01
      vertex   -3.896878e+01 -4.557425e+01 0.000000e+00
      vertex   -3.882260e+01 -4.630911e+01 -1.000000e+01
    endloop
  endfacet
  facet normal 9.807853e-01 1.950903e-01 -0.000000e+00
    outer loop
      vertex   -3.882260e+01 -4.630911e+01 -1.000000e+01
      vertex   -3.896878e+01 -4.557425e+01 0.000000e+00
      vertex   -3.882260e+01 -4.630911e+01 0.000000e+00
    endloop
  endfacet
  facet normal 9.992290e-01 -3.925982e-02 0.000000e+00
    outer loop
      vertex   -3.882260e+01 -4.630911e+01 -1.000000e+01
      vertex   -3.882260e+01 -4.630911e+01 0.000000e+00
      vertex   -3.885202e+01 -4.705779e+01 -1.000000e+01
    endloop
  endfacet
  facet normal 9.992290e-01 -3.925982e-02 0.000000e+00
    outer loop
      vertex   -3.885202e+01 -4.705779e+01 -1.000000e+01
      vertex   -3.882260e+01 -4.630911e+01 0.000000e+00
      vertex   -3.885202e+01 -4.705779e+01 0.000000e+00
    endloop
  endfacet
  facet normal 9.624552e-01 -2.714404e-01 0.000000e+00
    outer loop
      vertex   -3.885202e+01 -4.705779e+01 -1.000000e+01
      vertex   -3.885202e+01 -4.705779e+01 0.000000e+00
      vertex   -3.905540e+01 -4.777891e+01 -1.000000e+01
    endloop
  endfacet
  facet normal 9.624552e-01 -2.714404e-01 0.000000e+00
    outer loop
      vertex   -3.905540e+01 -4.777891e+01 -1.000000e+01
      vertex   -3.885202e+01 -4.705779e+01 0.000000e+00
      vertex   -3.905540e+01 -4.777891e+01 0.000000e+00
    endloop
  endfacet
  facet normal 8.724960e-01 -4.886212e-01 0.000000e+00
    outer loop
      vertex   -3.905540e+01 -4.777891e+01 -1.000000e+01
      vertex   -3.905540e+01 -4.777891e+01 0.000000e+00
      vertex   -3.942150e+01 -4.843263e+01 -1.000000e+01
    endloop
  endfacet
  facet normal 8.724960e-01 -4.886212e-01 0.000000e+00
    outer loop
      vertex   -3.942150e+01 -4.843263e+01 -1.000000e+01
      vertex   -3.905540e+01 -4.777891e+01 0.000000e+00
      vertex   -3.942150e+01 -4.843263e+01 0.000000e+00
    endloop
  endfacet
  facet normal 7.343225e-01 -6.788007e-01 0.000000e+00
    outer loop
      vertex   -3.942150e+01 -4.843263e+01 -1.000000e+01
      vertex   -3.942150e+01 -4.843263e+01 0.000000e+00
      vertex   -3.993009e+01 -4.898283e+01 -1.000000e+01
    endloop
  endfacet
  facet normal 7.343225e-01 -6.788007e-01 0.000000e+00
    outer loop
      vertex   -3.993009e+01 -4.898283e+01 -1.000000e+01
      vertex   -3.942150e+01 -4.843263e+01 0.000000e+00
      vertex   -3.993009e+01 -4.898283e+01 0.000000e+00
    endloop
  endfacet
  facet normal 5.555702e-01 -8.314696e-01 0.000000e+00
    outer loop
      vertex   -3.993009e+01 -4.898283e+01 -1.000000e+01
      vertex   -3.993009e+01 -4.898283e+01 0.000000e+00
      vertex   -4.055308e+01 -4.939909e+01 -1.000000e+01
    endloop
  endfacet
  facet normal 5.555702e-01 -8.314696e-01 0.000000e+00
    outer loop
      vertex   -4.055308e+01 -4.939909e+01 -1.000000e+01
      vertex   -3.993009e+01 -4.898283e+01 0.000000e+00
      vertex   -4.055308e+01 -4.939909e+01 0.000000e+00
    endloop
  endfacet
  facet normal 3.461171e-01 -9.381913e-01 0.000000e+00
    outer loop
      vertex   -4.055308e+01 -4.939909e+01 -1.000000e+01
      vertex   -4.055308e+01 -4.939909e+01 0.000000e+00
      vertex   -4.125602e+01 -4.965842e+01 -1.000000e+01
    endloop
  endfacet
  facet normal 3.461171e-01 -9.381913e-01 0.000000e+00
    outer loop
      vertex   -4.125602e+01 -4.965842e+01 -1.000000e+01
      vertex   -4.055308e+01 -4.939909e+01 0.000000e+00
      vertex   -4.125602e+01 -4.965842e+01 0.000000e+00
    endloop
  endfacet
  facet normal 1.175374e-01 -9.930685e-01 0.000000e+00
    outer loop
      vertex   -4.125602e+01 -4.965842e+01 -1.000000e+01
      vertex   -4.125602e+01 -4.965842e+01 0.000000e+00
      vertex   -4.200008e+01 -4.974649e+01 -1.000000e+01
    endloop
  endfacet
  facet normal 1.175374e-01 -9.930685e-01 0.000000e+00
    outer loop
      vertex   -4.200008e+01 -4.974649e+01 -1.000000e+01
      vertex   -4.125602e+01 -4.965842e+01 0.000000e+00
      vertex   -4.200008e+01 -4.974649e+01 0.000000e+00
    endloop
  endfacet
  facet normal 0.000000e+00 0.000000e+00 1.000000e+00
    outer loop
      vertex   -4.369045e+01 -4.610625e+01 0.000000e+00
      vertex   -4.509932e+01 -4.581512e+01 0.000000e+00
      vertex   -4.375008e+01 -4.655918e+01 0.000000e+00
    endloop
  endfacet
  facet normal 0.000000e+00 0.000000e+00 1.000000e+00
    outer loop
      vertex   -4.375008e+01 -4.655918e+01 0.000000e+00
      vertex   -4.509932e+01 -4.581512e+01 0.000000e+00
      vertex   -4.518739e+01 -4.655918e+01 0.000000e+00
    endloop
  endfacet
  facet normal 0.000000e+00 0.000000e+00 1.000000e+00
    outer loop
      vertex   -4.375008e+01 -4.655918e+01 0.000000e+00
      vertex   -4.518739e+01 -4.655918e+01 0.000000e+00
      vertex   -4.510748e+01 -4.726842e+01 0.000000e+00
    endloop
  endfacet
  facet normal -0.000000e+00 0.000000e+00 1.000000e+00
    outer loop
      vertex   -4.509932e+01 -4.581512e+01 0.000000e+00
      vertex   -4.369045e+01 -4.610625e+01 0.000000e+00
      vertex   -4.483999e+01 -4.511218e+01 0.000000e+00
    endloop
  endfacet
  facet normal 0.000000e+00 0.000000e+00 1.000000e+00
    outer loop
      vertex   -4.483999e+01 -4.511218e+01 0.000000e+00
      vertex   -4.369045e+01 -4.610625e+01 0.000000e+00
      vertex   -4.351563e+01 -4.568418e+01 0.000000e+00
    endloop
  endfacet
  facet normal -0.000000e+00 0.000000e+00 1.000000e+00
    outer loop
      vertex   -4.483999e+01 -4.511218e+01 0.000000e+00
      vertex   -4.351563e+01 -4.568418e+01 0.000000e+00
      vertex   -4.442373e+01 -4.448919e+01 0.000000e+00
    endloop
  endfacet
  facet normal 0.000000e+00 0.000000e+00 1.000000e+00
    outer loop
      vertex   -4.442373e+01 -4.448919e+01 0.000000e+00
      vertex   -4.351563e+01 -4.568418e+01 0.000000e+00
      vertex   -4.323752e+01 -4.532175e+01 0.000000e+00
    endloop
  endfacet
  facet normal -0.000000e+00 0.000000e+00 1.000000e+00
    outer loop
      vertex   -4.442373e+01 -4.448919e+01 0.000000e+00
      vertex   -4.323752e+01 -4.532175e+01 0.000000e+00
      vertex   -4.387353e+01 -4.398060e+01 0.000000e+00
    endloop
  endfacet
  facet normal 0.000000e+00 0.000000e+00 1.000000e+00
    outer loop
      vertex   -4.387353e+01 -4.398060e+01 0.000000e+00
      vertex   -4.323752e+01 -4.532175e+01 0.000000e+00
      vertex   -4.287508e+01 -4.504364e+01 0.000000e+00
    endloop
  endfacet
  facet normal -0.000000e+00 0.000000e+00 1.000000e+00
    outer loop
      vertex   -4.387353e+01 -4.398060e+01 0.000000e+00
      vertex   -4.287508e+01 -4.504364e+01 0.000000e+00
      vertex   -4.321981e+01 -4.361450e+01 0.000000e+00
    endloop
  endfacet
  facet normal 0.000000e+00 0.000000e+00 1.000000e+00
    outer loop
      vertex   -4.321981e+01 -4.361450e+01 0.000000e+00
      vertex   -4.287508e+01 -4.504364e+01 0.000000e+00
      vertex   -4.245302e+01 -4.486881e+01 0.000000e+00
    endloop
  endfacet
  facet normal -0.000000e+00 0.000000e+00 1.000000e+00
    outer loop
      vertex   -4.321981e+01 -4.361450e+01 0.000000e+00
      vertex   -4.245302e+01 -4.486881e+01 0.000000e+00
      vertex   -4.249869e+01 -4.341112e+01 0.000000e+00
    endloop
  endfacet
  facet normal 0.000000e+00 0.000000e+00 1.000000e+00
    outer loop
      vertex   -4.249869e+01 -4.341112e+01 0.000000e+00
      vertex   -4.245302e+01 -4.486881e+01 0.000000e+00
      vertex   -4.200008e+01 -4.480918e+01 0.000000e+00
    endloop
  endfacet
  facet normal -0.000000e+00 0.000000e+00 1.000000e+00
    outer loop
      vertex   -4.249869e+01 -4.341112e+01 0.000000e+00
      vertex   -4.200008e+01 -4.480918e+01 0.000000e+00
      vertex   -4.175001e+01 -4.338170e+01 0.000000e+00
    endloop
  endfacet
  facet normal 0.000000e+00 0.000000e+00 1.000000e+00
    outer loop
      vertex   -4.175001e+01 -4.338170e+01 0.000000e+00
      vertex   -4.200008e+01 -4.480918e+01 0.000000e+00
      vertex   -4.154715e+01 -4.486881e+01 0.000000e+00
    endloop
  endfacet
  facet normal 0.000000e+00 0.000000e+00 1.000000e+00
    outer loop
      vertex   -4.175001e+01 -4.338170e+01 0.000000e+00
      vertex   -4.154715e+01 -4.486881e+01 0.000000e+00
      vertex   -4.101515e+01 -4.352787e+01 0.000000e+00
    endloop
  endfacet
  facet normal 0.000000e+00 0.000000e+00 1.000000e+00
    outer loop
      vertex   -4.101515e+01 -4.352787e+01 0.000000e+00
      vertex   -4.154715e+01 -4.486881e+01 0.000000e+00
      vertex   -4.112508e+01 -4.504364e+01 0.000000e+00
    endloop
  endfacet
  facet normal 0.000000e+00 0.000000e+00 1.000000e+00
    outer loop
      vertex   -4.101515e+01 -4.352787e+01 0.000000e+00
      vertex   -4.112508e+01 -4.504364e+01 0.000000e+00
      vertex   -4.033472e+01 -4.384156e+01 0.000000e+00
    endloop
  endfacet
  facet normal 0.000000e+00 0.000000e+00 1.000000e+00
    outer loop
      vertex   -4.033472e+01 -4.384156e+01 0.000000e+00
      vertex   -4.112508e+01 -4.504364e+01 0.000000e+00
      vertex   -4.076265e+01 -4.532175e+01 0.000000e+00
    endloop
  endfacet
  facet normal 0.000000e+00 0.000000e+00 1.000000e+00
    outer loop
      vertex   -4.033472e+01 -4.384156e+01 0.000000e+00
      vertex   -4.076265e+01 -4.532175e+01 0.000000e+00
      vertex   -3.974632e+01 -4.430542e+01 0.000000e+00
    endloop
  endfacet
  facet normal 0.000000e+00 0.000000e+00 1.000000e+00
    outer loop
      vertex   -3.974632e+01 -4.430542e+01 0.000000e+00
      vertex   -4.076265e+01 -4.532175e+01 0.000000e+00
      vertex   -3.928246e+01 -4.489382e+01 0.000000e+00
    endloop
  endfacet
  facet normal 0.000000e+00 0.000000e+00 1.000000e+00
    outer loop
      vertex   -3.928246e+01 -4.489382e+01 0.000000e+00
      vertex   -4.076265e+01 -4.532175e+01 0.000000e+00
      vertex   -4.048454e+01 -4.568418e+01 0.000000e+00
    endloop
  endfacet
  facet normal 0.000000e+00 0.000000e+00 1.000000e+00
    outer loop
      vertex   -3.928246e+01 -4.489382e+01 0.000000e+00
      vertex   -4.048454e+01 -4.568418e+01 0.000000e+00
      vertex   -3.896878e+01 -4.557425e+01 0.000000e+00
    endloop
  endfacet
  facet normal 0.000000e+00 0.000000e+00 1.000000e+00
    outer loop
      vertex   -3.896878e+01 -4.557425e+01 0.000000e+00
      vertex   -4.048454e+01 -4.568418e+01 0.000000e+00
      vertex   -4.030971e+01 -4.610625e+01 0.000000e+00
    endloop
  endfacet
  facet normal 0.000000e+00 0.000000e+00 1.000000e+00
    outer loop
      vertex   -3.896878e+01 -4.557425e+01 0.000000e+00
      vertex   -4.030971e+01 -4.610625e+01 0.000000e+00
      vertex   -3.882260e+01 -4.630911e+01 0.000000e+00
    endloop
  endfacet
  facet normal 0.000000e+00 0.000000e+00 1.000000e+00
    outer loop
      vertex   -3.882260e+01 -4.630911e+01 0.000000e+00
      vertex   -4.030971e+01 -4.610625e+01 0.000000e+00
      vertex   -4.025008e+01 -4.655918e+01 0.000000e+00
    endloop
  endfacet
  facet normal 0.000000e+00 0.000000e+00 1.000000e+00
    outer loop
      vertex   -3.882260e+01 -4.630911e+01 0.000000e+00
      vertex   -4.025008e+01 -4.655918e+01 0.000000e+00
      vertex   -3.885202e+01 -4.705779e+01 0.000000e+00
    endloop
  endfacet
  facet normal 0.000000e+00 0.000000e+00 1.000000e+00
    outer loop
      vertex   -3.885202e+01 -4.705779e+01 0.000000e+00
      vertex   -4.025008e+01 -4.655918e+01 0.000000e+00
      vertex   -4.030971e+01 -4.701212e+01 0.000000e+00
    endloop
  endfacet
  facet normal 0.000000e+00 0.000000e+00 1.000000e+00
    outer loop
      vertex   -3.885202e+01 -4.705779e+01 0.000000e+00
      vertex   -4.030971e+01 -4.701212e+01 0.000000e+00
      vertex   -3.905540e+01 -4.777891e+01 0.000000e+00
    endloop
  endfacet
  facet normal 0.000000e+00 0.000000e+00 1.000000e+00
    outer loop
      vertex   -3.905540e+01 -4.777891e+01 0.000000e+00
      vertex   -4.030971e+01 -4.701212e+01 0.000000e+00
      vertex   -4.048454e+01 -4.743418e+01 0.000000e+00
    endloop
  endfacet
  facet normal 0.000000e+00 0.000000e+00 1.000000e+00
    outer loop
      vertex   -3.905540e+01 -4.777891e+01 0.000000e+00
      vertex   -4.048454e+01 -4.743418e+01 0.000000e+00
      vertex   -3.942150e+01 -4.843263e+01 0.000000e+00
    endloop
  endfacet
  facet normal 0.000000e+00 0.000000e+00 1.000000e+00
    outer loop
      vertex   -3.942150e+01 -4.843263e+01 0.000000e+00
      vertex   -4.048454e+01 -4.743418e+01 0.000000e+00
      vertex   -4.076265e+01 -4.779662e+01 0.000000e+00
    endloop
  endfacet
  facet normal 0.000000e+00 0.000000e+00 1.000000e+00
    outer loop
      vertex   -3.942150e+01 -4.843263e+01 0.000000e+00
      vertex   -4.076265e+01 -4.779662e+01 0.000000e+00
      vertex   -3.993009e+01 -4.898283e+01 0.000000e+00
    endloop
  endfacet
  facet normal 0.000000e+00 0.000000e+00 1.000000e+00
    outer loop
      vertex   -3.993009e+01 -4.898283e+01 0.000000e+00
      vertex   -4.076265e+01 -4.779662e+01 0.000000e+00
      vertex   -4.112508e+01 -4.807473e+01 0.000000e+00
    endloop
  endfacet
  facet normal 0.000000e+00 0.000000e+00 1.000000e+00
    outer loop
      vertex   -3.993009e+01 -4.898283e+01 0.000000e+00
      vertex   -4.112508e+01 -4.807473e+01 0.000000e+00
      vertex   -4.055308e+01 -4.939909e+01 0.000000e+00
    endloop
  endfacet
  facet normal 0.000000e+00 0.000000e+00 1.000000e+00
    outer loop
      vertex   -4.055308e+01 -4.939909e+01 0.000000e+00
      vertex   -4.112508e+01 -4.807473e+01 0.000000e+00
      vertex   -4.154715e+01 -4.824955e+01 0.000000e+00
    endloop
  endfacet
  facet normal 0.000000e+00 0.000000e+00 1.000000e+00
    outer loop
      vertex   -4.055308e+01 -4.939909e+01 0.000000e+00
      vertex   -4.154715e+01 -4.824955e+01 0.000000e+00
      vertex   -4.125602e+01 -4.965842e+01 0.000000e+00
    endloop
  endfacet
  facet normal 0.000000e+00 0.000000e+00 1.000000e+00
    outer loop
      vertex   -4.125602e+01 -4.965842e+01 0.000000e+00
      vertex   -4.154715e+01 -4.824955e+01 0.000000e+00
      vertex   -4.200008e+01 -4.830918e+01 0.000000e+00
    endloop
  endfacet
  facet normal 0.000000e+00 0.000000e+00 1.000000e+00
    outer loop
      vertex   -4.125602e+01 -4.965842e+01 0.000000e+00
      vertex   -4.200008e+01 -4.830918e+01 0.000000e+00
      vertex   -4.200008e+01 -4.974649e+01 0.000000e+00
    endloop
  endfacet
  facet normal 0.000000e+00 -0.000000e+00 1.000000e+00
    outer loop
      vertex   -4.200008e+01 -4.974649e+01 0.000000e+00
      vertex   -4.200008e+01 -4.830918e+01 0.000000e+00
      vertex   -4.270933e+01 -4.966657e+01 0.000000e+00
    endloop
  endfacet
  facet normal 0.000000e+00 0.000000e+00 1.000000e+00
    outer loop
      vertex   -4.270933e+01 -4.966657e+01 0.000000e+00
      vertex   -4.200008e+01 -4.830918e+01 0.000000e+00
      vertex   -4.245302e+01 -4.824955e+01 0.000000e+00
    endloop
  endfacet
  facet normal 0.000000e+00 -0.000000e+00 1.000000e+00
    outer loop
      vertex   -4.270933e+01 -4.966657e+01 0.000000e+00
      vertex   -4.245302e+01 -4.824955e+01 0.000000e+00
      vertex   -4.338300e+01 -4.943084e+01 0.000000e+00
    endloop
  endfacet
  facet normal 0.000000e+00 0.000000e+00 1.000000e+00
    outer loop
      vertex   -4.338300e+01 -4.943084e+01 0.000000e+00
      vertex   -4.245302e+01 -4.824955e+01 0.000000e+00
      vertex   -4.287508e+01 -4.807473e+01 0.000000e+00
    endloop
  endfacet
  facet normal 0.000000e+00 -0.000000e+00 1.000000e+00
    outer loop
      vertex   -4.338300e+01 -4.943084e+01 0.000000e+00
      vertex   -4.287508e+01 -4.807473e+01 0.000000e+00
      vertex   -4.398734e+01 -4.905112e+01 0.000000e+00
    endloop
  endfacet
  facet normal 0.000000e+00 0.000000e+00 1.000000e+00
    outer loop
      vertex   -4.398734e+01 -4.905112e+01 0.000000e+00
      vertex   -4.287508e+01 -4.807473e+01 0.000000e+00
      vertex   -4.323752e+01 -4.779662e+01 0.000000e+00
    endloop
  endfacet
  facet normal 0.000000e+00 -0.000000e+00 1.000000e+00
    outer loop
      vertex   -4.398734e+01 -4.905112e+01 0.000000e+00
      vertex   -4.323752e+01 -4.779662e+01 0.000000e+00
      vertex   -4.449202e+01 -4.854643e+01 0.000000e+00
    endloop
  endfacet
  facet normal 0.000000e+00 0.000000e+00 1.000000e+00
    outer loop
      vertex   -4.449202e+01 -4.854643e+01 0.000000e+00
      vertex   -4.323752e+01 -4.779662e+01 0.000000e+00
      vertex   -4.351563e+01 -4.743418e+01 0.000000e+00
    endloop
  endfacet
  facet normal 0.000000e+00 -0.000000e+00 1.000000e+00
    outer loop
      vertex   -4.449202e+01 -4.854643e+01 0.000000e+00
      vertex   -4.351563e+01 -4.743418e+01 0.000000e+00
      vertex   -4.487175e+01 -4.794210e+01 0.000000e+00
    endloop
  endfacet
  facet normal 0.000000e+00 0.000000e+00 1.000000e+00
    outer loop
      vertex   -4.487175e+01 -4.794210e+01 0.000000e+00
      vertex   -4.351563e+01 -4.743418e+01 0.000000e+00
      vertex   -4.369045e+01 -4.701212e+01 0.000000e+00
    endloop
  endfacet
  facet normal 0.000000e+00 -0.000000e+00 1.000000e+00
    outer loop
      vertex   -4.487175e+01 -4.794210e+01 0.000000e+00
      vertex   -4.369045e+01 -4.701212e+01 0.000000e+00
      vertex   -4.510748e+01 -4.726842e+01 0.000000e+00
    endloop
  endfacet
  facet normal 0.000000e+00 0.000000e+00 1.000000e+00
    outer loop
      vertex   -4.510748e+01 -4.726842e+01 0.000000e+00
      vertex   -4.369045e+01 -4.701212e+01 0.000000e+00
      vertex   -4.375008e+01 -4.655918e+01 0.000000e+00
    endloop
  endfacet
  facet normal 0.000000e+00 0.000000e+00 1.000000e+00
    outer loop
      vertex   -2.871392e+01 5.139128e+00 -1.000000e+01
      vertex   -4.309011e+01 1.444613e+01 -1.000000e+01
      vertex   -2.871392e+01 -2.307172e+01 -1.000000e+01
    endloop
  endfacet
  facet normal 0.000000e+00 0.000000e+00 1.000000e+00
    outer loop
      vertex   -2.871392e+01 -2.307172e+01 -1.000000e+01
      vertex   -4.309011e+01 1.444613e+01 -1.000000e+01
      vertex   -4.375139e+01 1.477823e+01 -1.000000e+01
    endloop
  endfacet
  facet normal 0.000000e+00 0.000000e+00 1.000000e+00
    outer loop
      vertex   -2.871392e+01 -2.307172e+01 -1.000000e+01
      vertex   -4.375139e+01 1.477823e+01 -1.000000e+01
      vertex   -4.387353e+01 -4.398060e+01 -1.000000e+01
    endloop
  endfacet
  facet normal 0.000000e+00 -0.000000e+00 1.000000e+00
    outer loop
      vertex   -4.387353e+01 -4.398060e+01 -1.000000e+01
      vertex   -4.375139e+01 1.477823e+01 -1.000000e+01
      vertex   -4.431825e+01 1.525388e+01 -1.000000e+01
    endloop
  endfacet
  facet normal 0.000000e+00 0.000000e+00 1.000000e+00
    outer loop
      vertex   -4.387353e+01 -4.398060e+01 -1.000000e+01
      vertex   -4.431825e+01 1.525388e+01 -1.000000e+01
      vertex   -4.442373e+01 -4.448919e+01 -1.000000e+01
    endloop
  endfacet
  facet normal 0.000000e+00 -0.000000e+00 1.000000e+00
    outer loop
      vertex   -4.442373e+01 -4.448919e+01 -1.000000e+01
      vertex   -4.431825e+01 1.525388e+01 -1.000000e+01
      vertex   -4.476014e+01 1.584744e+01 -1.000000e+01
    endloop
  endfacet
  facet normal 0.000000e+00 0.000000e+00 1.000000e+00
    outer loop
      vertex   -4.442373e+01 -4.448919e+01 -1.000000e+01
      vertex   -4.476014e+01 1.584744e+01 -1.000000e+01
      vertex   -4.483999e+01 -4.511218e+01 -1.000000e+01
    endloop
  endfacet
  facet normal 0.000000e+00 -0.000000e+00 1.000000e+00
    outer loop
      vertex   -4.483999e+01 -4.511218e+01 -1.000000e+01
      vertex   -4.476014e+01 1.584744e+01 -1.000000e+01
      vertex   -4.505323e+01 1.652691e+01 -1.000000e+01
    endloop
  endfacet
  facet normal 0.000000e+00 0.000000e+00 1.000000e+00
    outer loop
      vertex   -4.483999e+01 -4.511218e+01 -1.000000e+01
      vertex   -4.505323e+01 1.652691e+01 -1.000000e+01
      vertex   -4.509932e+01 -4.581512e+01 -1.000000e+01
    endloop
  endfacet
  facet normal 0.000000e+00 -0.000000e+00 1.000000e+00
    outer loop
      vertex   -4.509932e+01 -4.581512e+01 -1.000000e+01
      vertex   -4.505323e+01 1.652691e+01 -1.000000e+01
      vertex   -4.518173e+01 1.725565e+01 -1.000000e+01
    endloop
  endfacet
  facet normal 0.000000e+00 0.000000e+00 1.000000e+00
    outer loop
      vertex   -4.509932e+01 -4.581512e+01 -1.000000e+01
      vertex   -4.518173e+01 1.725565e+01 -1.000000e+01
      vertex   -4.518739e+01 -4.655918e+01 -1.000000e+01
    endloop
  endfacet
  facet normal 0.000000e+00 0.000000e+00 1.000000e+00
    outer loop
      vertex   -4.518739e+01 -4.655918e+01 -1.000000e+01
      vertex   -4.518173e+01 1.725565e+01 -1.000000e+01
      vertex   -4.518739e+01 2.062799e+01 -1.000000e+01
    endloop
  endfacet
  facet normal 0.000000e+00 0.000000e+00 1.000000e+00
    outer loop
      vertex   -4.518739e+01 2.062799e+01 -1.000000e+01
      vertex   -4.518173e+01 1.725565e+01 -1.000000e+01
      vertex   -4.513870e+01 1.799438e+01 -1.000000e+01
    endloop
  endfacet
  facet normal 0.000000e+00 0.000000e+00 1.000000e+00
    outer loop
      vertex   -4.518739e+01 2.062799e+01 -1.000000e+01
      vertex   -4.513870e+01 1.799438e+01 -1.000000e+01
      vertex   -4.492647e+01 1.870328e+01 -1.000000e+01
    endloop
  endfacet
  facet normal 0.000000e+00 -0.000000e+00 1.000000e+00
    outer loop
      vertex   2.928608e+01 5.139128e+00 -1.000000e+01
      vertex   3.905728e+01 1.866452e+01 -1.000000e+01
      vertex   -2.871392e+01 5.139128e+00 -1.000000e+01
    endloop
  endfacet
  facet normal 0.000000e+00 -0.000000e+00 1.000000e+00
    outer loop
      vertex   -2.871392e+01 5.139128e+00 -1.000000e+01
      vertex   3.905728e+01 1.866452e+01 -1.000000e+01
      vertex   -3.907370e+01 1.870328e+01 -1.000000e+01
    endloop
  endfacet
  facet normal 0.000000e+00 0.000000e+00 1.000000e+00
    outer loop
      vertex   -2.871392e+01 5.139128e+00 -1.000000e+01
      vertex   -3.907370e+01 1.870328e+01 -1.000000e+01
      vertex   -3.886147e+01 1.799438e+01 -1.000000e+01
    endloop
  endfacet
  facet normal 0.000000e+00 0.000000e+00 1.000000e+00
    outer loop
      vertex   2.928608e+01 -2.323209e+01 -1.000000e+01
      vertex   4.320787e+01 1.449165e+01 -1.000000e+01
      vertex   2.928608e+01 5.139128e+00 -1.000000e+01
    endloop
  endfacet
  facet normal 0.000000e+00 0.000000e+00 1.000000e+00
    outer loop
      vertex   2.928608e+01 5.139128e+00 -1.000000e+01
      vertex   4.320787e+01 1.449165e+01 -1.000000e+01
      vertex   4.248684e+01 1.429131e+01 -1.000000e+01
    endloop
  endfacet
  facet normal 0.000000e+00 0.000000e+00 1.000000e+00
    outer loop
      vertex   2.928608e+01 5.139128e+00 -1.000000e+01
      vertex   4.248684e+01 1.429131e+01 -1.000000e+01
      vertex   4.173897e+01 1.426464e+01 -1.000000e+01
    endloop
  endfacet
  facet normal -0.000000e+00 0.000000e+00 1.000000e+00
    outer loop
      vertex   2.628608e+01 -2.323209e+01 -1.000000e+01
      vertex   2.928608e+01 -3.041428e+01 -1.000000e+01
      vertex   2.928608e+01 -2.323209e+01 -1.000000e+01
    endloop
  endfacet
  facet normal 0.000000e+00 0.000000e+00 1.000000e+00
    outer loop
      vertex   2.928608e+01 -2.323209e+01 -1.000000e+01
      vertex   2.928608e+01 -3.041428e+01 -1.000000e+01
      vertex   4.326238e+01 -4.363284e+01 -1.000000e+01
    endloop
  endfacet
  facet normal 0.000000e+00 0.000000e+00 1.000000e+00
    outer loop
      vertex   2.928608e+01 -2.323209e+01 -1.000000e+01
      vertex   4.326238e+01 -4.363284e+01 -1.000000e+01
      vertex   4.390322e+01 -4.400282e+01 -1.000000e+01
    endloop
  endfacet
  facet normal 0.000000e+00 0.000000e+00 1.000000e+00
    outer loop
      vertex   2.628608e+01 2.139128e+00 -1.000000e+01
      vertex   -2.571392e+01 -2.307172e+01 -1.000000e+01
      vertex   2.628608e+01 -2.323209e+01 -1.000000e+01
    endloop
  endfacet
  facet normal 0.000000e+00 0.000000e+00 1.000000e+00
    outer loop
      vertex   2.628608e+01 -2.323209e+01 -1.000000e+01
      vertex   -2.571392e+01 -2.307172e+01 -1.000000e+01
      vertex   -2.571392e+01 -3.025391e+01 -1.000000e+01
    endloop
  endfacet
  facet normal 0.000000e+00 0.000000e+00 1.000000e+00
    outer loop
      vertex   2.628608e+01 -2.323209e+01 -1.000000e+01
      vertex   -2.571392e+01 -3.025391e+01 -1.000000e+01
      vertex   2.628608e+01 -3.041428e+01 -1.000000e+01
    endloop
  endfacet
  facet normal 0.000000e+00 0.000000e+00 1.000000e+00
    outer loop
      vertex   2.628608e+01 -3.041428e+01 -1.000000e+01
      vertex   -2.571392e+01 -3.025391e+01 -1.000000e+01
      vertex   -2.571392e+01 -3.286087e+01 -1.000000e+01
    endloop
  endfacet
  facet normal 0.000000e+00 0.000000e+00 1.000000e+00
    outer loop
      vertex   2.628608e+01 -3.041428e+01 -1.000000e+01
      vertex   -2.571392e+01 -3.286087e+01 -1.000000e+01
      vertex   2.628608e+01 -3.286087e+01 -1.000000e+01
    endloop
  endfacet
  facet normal 0.000000e+00 0.000000e+00 1.000000e+00
    outer loop
      vertex   2.628608e+01 2.139128e+00 -1.000000e+01
      vertex   -2.571392e+01 2.139128e+00 -1.000000e+01
      vertex   -2.571392e+01 -2.307172e+01 -1.000000e+01
    endloop
  endfacet
  facet normal 0.000000e+00 0.000000e+00 1.000000e+00
    outer loop
      vertex   -2.571392e+01 -2.307172e+01 -1.000000e+01
      vertex   -2.871392e+01 -2.307172e+01 -1.000000e+01
      vertex   -2.571392e+01 -3.025391e+01 -1.000000e+01
    endloop
  endfacet
  facet normal 0.000000e+00 0.000000e+00 1.000000e+00
    outer loop
      vertex   -2.571392e+01 -3.025391e+01 -1.000000e+01
      vertex   -2.871392e+01 -2.307172e+01 -1.000000e+01
      vertex   -2.871392e+01 -3.025391e+01 -1.000000e+01
    endloop
  endfacet
  facet normal 0.000000e+00 -0.000000e+00 1.000000e+00
    outer loop
      vertex   -2.871392e+01 -3.025391e+01 -1.000000e+01
      vertex   -2.871392e+01 -2.307172e+01 -1.000000e+01
      vertex   -4.321981e+01 -4.361450e+01 -1.000000e+01
    endloop
  endfacet
  facet normal 0.000000e+00 0.000000e+00 1.000000e+00
    outer loop
      vertex   -2.871392e+01 -3.025391e+01 -1.000000e+01
      vertex   -4.321981e+01 -4.361450e+01 -1.000000e+01
      vertex   -4.249869e+01 -4.341112e+01 -1.000000e+01
    endloop
  endfacet
  facet normal 0.000000e+00 0.000000e+00 1.000000e+00
    outer loop
      vertex   2.628608e+01 -3.041428e+01 -1.000000e+01
      vertex   2.928608e+01 -3.041428e+01 -1.000000e+01
      vertex   2.628608e+01 -2.323209e+01 -1.000000e+01
    endloop
  endfacet
  facet normal -0.000000e+00 0.000000e+00 1.000000e+00
    outer loop
      vertex   2.928608e+01 -3.586087e+01 -1.000000e+01
      vertex   4.181477e+01 -4.337758e+01 -1.000000e+01
      vertex   2.928608e+01 -3.041428e+01 -1.000000e+01
    endloop
  endfacet
  facet normal 0.000000e+00 0.000000e+00 1.000000e+00
    outer loop
      vertex   2.928608e+01 -3.041428e+01 -1.000000e+01
      vertex   4.181477e+01 -4.337758e+01 -1.000000e+01
      vertex   4.255350e+01 -4.342061e+01 -1.000000e+01
    endloop
  endfacet
  facet normal 0.000000e+00 0.000000e+00 1.000000e+00
    outer loop
      vertex   2.928608e+01 -3.041428e+01 -1.000000e+01
      vertex   4.255350e+01 -4.342061e+01 -1.000000e+01
      vertex   4.326238e+01 -4.363284e+01 -1.000000e+01
    endloop
  endfacet
  facet normal -0.000000e+00 0.000000e+00 1.000000e+00
    outer loop
      vertex   -2.871392e+01 -3.586087e+01 -1.000000e+01
      vertex   3.900529e+01 -4.764919e+01 -1.000000e+01
      vertex   2.928608e+01 -3.586087e+01 -1.000000e+01
    endloop
  endfacet
  facet normal 0.000000e+00 0.000000e+00 1.000000e+00
    outer loop
      vertex   2.928608e+01 -3.586087e+01 -1.000000e+01
      vertex   3.900529e+01 -4.764919e+01 -1.000000e+01
      vertex   3.883464e+01 -4.692917e+01 -1.000000e+01
    endloop
  endfacet
  facet normal 0.000000e+00 0.000000e+00 1.000000e+00
    outer loop
      vertex   2.928608e+01 -3.586087e+01 -1.000000e+01
      vertex   3.883464e+01 -4.692917e+01 -1.000000e+01
      vertex   3.883464e+01 -4.618919e+01 -1.000000e+01
    endloop
  endfacet
  facet normal 0.000000e+00 0.000000e+00 1.000000e+00
    outer loop
      vertex   -2.871392e+01 -3.025391e+01 -1.000000e+01
      vertex   -4.175001e+01 -4.338170e+01 -1.000000e+01
      vertex   -2.871392e+01 -3.586087e+01 -1.000000e+01
    endloop
  endfacet
  facet normal 0.000000e+00 0.000000e+00 1.000000e+00
    outer loop
      vertex   -2.871392e+01 -3.586087e+01 -1.000000e+01
      vertex   -4.175001e+01 -4.338170e+01 -1.000000e+01
      vertex   -4.101515e+01 -4.352787e+01 -1.000000e+01
    endloop
  endfacet
  facet normal 0.000000e+00 0.000000e+00 1.000000e+00
    outer loop
      vertex   -2.871392e+01 -3.586087e+01 -1.000000e+01
      vertex   -4.101515e+01 -4.352787e+01 -1.000000e+01
      vertex   -4.033472e+01 -4.384156e+01 -1.000000e+01
    endloop
  endfacet
  facet normal 0.000000e+00 0.000000e+00 1.000000e+00
    outer loop
      vertex   -4.387353e+01 -4.398060e+01 -1.000000e+01
      vertex   -4.321981e+01 -4.361450e+01 -1.000000e+01
      vertex   -2.871392e+01 -2.307172e+01 -1.000000e+01
    endloop
  endfacet
  facet normal 0.000000e+00 0.000000e+00 1.000000e+00
    outer loop
      vertex   -4.249869e+01 -4.341112e+01 -1.000000e+01
      vertex   -4.175001e+01 -4.338170e+01 -1.000000e+01
      vertex   -2.871392e+01 -3.025391e+01 -1.000000e+01
    endloop
  endfacet
  facet normal -0.000000e+00 0.000000e+00 1.000000e+00
    outer loop
      vertex   -4.033472e+01 -4.384156e+01 -1.000000e+01
      vertex   -3.974632e+01 -4.430542e+01 -1.000000e+01
      vertex   -2.871392e+01 -3.586087e+01 -1.000000e+01
    endloop
  endfacet
  facet normal 0.000000e+00 0.000000e+00 1.000000e+00
    outer loop
      vertex   -2.871392e+01 -3.586087e+01 -1.000000e+01
      vertex   -3.974632e+01 -4.430542e+01 -1.000000e+01
      vertex   -3.928246e+01 -4.489382e+01 -1.000000e+01
    endloop
  endfacet
  facet normal 0.000000e+00 0.000000e+00 1.000000e+00
    outer loop
      vertex   -2.871392e+01 -3.586087e+01 -1.000000e+01
      vertex   -3.928246e+01 -4.489382e+01 -1.000000e+01
      vertex   -3.896878e+01 -4.557425e+01 -1.000000e+01
    endloop
  endfacet
  facet normal -0.000000e+00 0.000000e+00 1.000000e+00
    outer loop
      vertex   -3.896878e+01 -4.557425e+01 -1.000000e+01
      vertex   -3.882260e+01 -4.630911e+01 -1.000000e+01
      vertex   -2.871392e+01 -3.586087e+01 -1.000000e+01
    endloop
  endfacet
  facet normal 0.000000e+00 0.000000e+00 1.000000e+00
    outer loop
      vertex   -2.871392e+01 -3.586087e+01 -1.000000e+01
      vertex   -3.882260e+01 -4.630911e+01 -1.000000e+01
      vertex   -3.885202e+01 -4.705779e+01 -1.000000e+01
    endloop
  endfacet
  facet normal 0.000000e+00 0.000000e+00 1.000000e+00
    outer loop
      vertex   -2.871392e+01 -3.586087e+01 -1.000000e+01
      vertex   -3.885202e+01 -4.705779e+01 -1.000000e+01
      vertex   -3.905540e+01 -4.777891e+01 -1.000000e+01
    endloop
  endfacet
  facet normal 0.000000e+00 0.000000e+00 1.000000e+00
    outer loop
      vertex   -3.942150e+01 -4.843263e+01 -1.000000e+01
      vertex   3.933739e+01 -4.831046e+01 -1.000000e+01
      vertex   -3.905540e+01 -4.777891e+01 -1.000000e+01
    endloop
  endfacet
  facet normal -0.000000e+00 0.000000e+00 1.000000e+00
    outer loop
      vertex   -3.905540e+01 -4.777891e+01 -1.000000e+01
      vertex   3.933739e+01 -4.831046e+01 -1.000000e+01
      vertex   3.900529e+01 -4.764919e+01 -1.000000e+01
    endloop
  endfacet
  facet normal 0.000000e+00 0.000000e+00 1.000000e+00
    outer loop
      vertex   -3.905540e+01 -4.777891e+01 -1.000000e+01
      vertex   3.900529e+01 -4.764919e+01 -1.000000e+01
      vertex   -2.871392e+01 -3.586087e+01 -1.000000e+01
    endloop
  endfacet
  facet normal 0.000000e+00 0.000000e+00 1.000000e+00
    outer loop
      vertex   3.933739e+01 -4.831046e+01 -1.000000e+01
      vertex   -3.942150e+01 -4.843263e+01 -1.000000e+01
      vertex   3.981304e+01 -4.887731e+01 -1.000000e+01
    endloop
  endfacet
  facet normal 0.000000e+00 0.000000e+00 1.000000e+00
    outer loop
      vertex   3.981304e+01 -4.887731e+01 -1.000000e+01
      vertex   -3.942150e+01 -4.843263e+01 -1.000000e+01
      vertex   -3.993009e+01 -4.898283e+01 -1.000000e+01
    endloop
  endfacet
  facet normal 0.000000e+00 0.000000e+00 1.000000e+00
    outer loop
      vertex   3.981304e+01 -4.887731e+01 -1.000000e+01
      vertex   -3.993009e+01 -4.898283e+01 -1.000000e+01
      vertex   4.040659e+01 -4.931919e+01 -1.000000e+01
    endloop
  endfacet
  facet normal 0.000000e+00 0.000000e+00 1.000000e+00
    outer loop
      vertex   4.040659e+01 -4.931919e+01 -1.000000e+01
      vertex   -3.993009e+01 -4.898283e+01 -1.000000e+01
      vertex   -4.055308e+01 -4.939909e+01 -1.000000e+01
    endloop
  endfacet
  facet normal 0.000000e+00 0.000000e+00 1.000000e+00
    outer loop
      vertex   4.040659e+01 -4.931919e+01 -1.000000e+01
      vertex   -4.055308e+01 -4.939909e+01 -1.000000e+01
      vertex   4.108604e+01 -4.961228e+01 -1.000000e+01
    endloop
  endfacet
  facet normal 0.000000e+00 0.000000e+00 1.000000e+00
    outer loop
      vertex   4.108604e+01 -4.961228e+01 -1.000000e+01
      vertex   -4.055308e+01 -4.939909e+01 -1.000000e+01
      vertex   -4.125602e+01 -4.965842e+01 -1.000000e+01
    endloop
  endfacet
  facet normal 0.000000e+00 0.000000e+00 1.000000e+00
    outer loop
      vertex   4.108604e+01 -4.961228e+01 -1.000000e+01
      vertex   -4.125602e+01 -4.965842e+01 -1.000000e+01
      vertex   4.181477e+01 -4.974078e+01 -1.000000e+01
    endloop
  endfacet
  facet normal 0.000000e+00 0.000000e+00 1.000000e+00
    outer loop
      vertex   4.181477e+01 -4.974078e+01 -1.000000e+01
      vertex   -4.125602e+01 -4.965842e+01 -1.000000e+01
      vertex   -4.200008e+01 -4.974649e+01 -1.000000e+01
    endloop
  endfacet
  facet normal 0.000000e+00 0.000000e+00 1.000000e+00
    outer loop
      vertex   4.181477e+01 -4.974078e+01 -1.000000e+01
      vertex   -4.200008e+01 -4.974649e+01 -1.000000e+01
      vertex   4.518707e+01 -4.974649e+01 -1.000000e+01
    endloop
  endfacet
  facet normal 0.000000e+00 0.000000e+00 1.000000e+00
    outer loop
      vertex   4.518707e+01 -4.655918e+01 -1.000000e+01
      vertex   4.510116e+01 -4.729415e+01 -1.000000e+01
      vertex   4.518707e+01 -4.974649e+01 -1.000000e+01
    endloop
  endfacet
  facet normal 0.000000e+00 0.000000e+00 1.000000e+00
    outer loop
      vertex   4.518707e+01 -4.974649e+01 -1.000000e+01
      vertex   4.510116e+01 -4.729415e+01 -1.000000e+01
      vertex   4.484808e+01 -4.798950e+01 -1.000000e+01
    endloop
  endfacet
  facet normal 0.000000e+00 0.000000e+00 1.000000e+00
    outer loop
      vertex   4.518707e+01 -4.974649e+01 -1.000000e+01
      vertex   4.484808e+01 -4.798950e+01 -1.000000e+01
      vertex   4.444146e+01 -4.860774e+01 -1.000000e+01
    endloop
  endfacet
  facet normal 0.000000e+00 0.000000e+00 1.000000e+00
    outer loop
      vertex   4.444146e+01 -4.860774e+01 -1.000000e+01
      vertex   4.390322e+01 -4.911554e+01 -1.000000e+01
      vertex   4.518707e+01 -4.974649e+01 -1.000000e+01
    endloop
  endfacet
  facet normal 0.000000e+00 0.000000e+00 1.000000e+00
    outer loop
      vertex   4.518707e+01 -4.974649e+01 -1.000000e+01
      vertex   4.390322e+01 -4.911554e+01 -1.000000e+01
      vertex   4.326238e+01 -4.948552e+01 -1.000000e+01
    endloop
  endfacet
  facet normal 0.000000e+00 0.000000e+00 1.000000e+00
    outer loop
      vertex   4.518707e+01 -4.974649e+01 -1.000000e+01
      vertex   4.326238e+01 -4.948552e+01 -1.000000e+01
      vertex   4.255350e+01 -4.969775e+01 -1.000000e+01
    endloop
  endfacet
  facet normal 0.000000e+00 0.000000e+00 1.000000e+00
    outer loop
      vertex   4.255350e+01 -4.969775e+01 -1.000000e+01
      vertex   4.181477e+01 -4.974078e+01 -1.000000e+01
      vertex   4.518707e+01 -4.974649e+01 -1.000000e+01
    endloop
  endfacet
  facet normal 0.000000e+00 -0.000000e+00 1.000000e+00
    outer loop
      vertex   3.883464e+01 -4.618919e+01 -1.000000e+01
      vertex   3.900529e+01 -4.546917e+01 -1.000000e+01
      vertex   2.928608e+01 -3.586087e+01 -1.000000e+01
    endloop
  endfacet
  facet normal 0.000000e+00 0.000000e+00 1.000000e+00
    outer loop
      vertex   2.928608e+01 -3.586087e+01 -1.000000e+01
      vertex   3.900529e+01 -4.546917e+01 -1.000000e+01
      vertex   3.933739e+01 -4.480790e+01 -1.000000e+01
    endloop
  endfacet
  facet normal 0.000000e+00 0.000000e+00 1.000000e+00
    outer loop
      vertex   2.928608e+01 -3.586087e+01 -1.000000e+01
      vertex   3.933739e+01 -4.480790e+01 -1.000000e+01
      vertex   3.981304e+01 -4.424105e+01 -1.000000e+01
    endloop
  endfacet
  facet normal 0.000000e+00 -0.000000e+00 1.000000e+00
    outer loop
      vertex   3.981304e+01 -4.424105e+01 -1.000000e+01
      vertex   4.040659e+01 -4.379917e+01 -1.000000e+01
      vertex   2.928608e+01 -3.586087e+01 -1.000000e+01
    endloop
  endfacet
  facet normal 0.000000e+00 0.000000e+00 1.000000e+00
    outer loop
      vertex   2.928608e+01 -3.586087e+01 -1.000000e+01
      vertex   4.040659e+01 -4.379917e+01 -1.000000e+01
      vertex   4.108604e+01 -4.350608e+01 -1.000000e+01
    endloop
  endfacet
  facet normal 0.000000e+00 0.000000e+00 1.000000e+00
    outer loop
      vertex   2.928608e+01 -3.586087e+01 -1.000000e+01
      vertex   4.108604e+01 -4.350608e+01 -1.000000e+01
      vertex   4.181477e+01 -4.337758e+01 -1.000000e+01
    endloop
  endfacet
  facet normal 0.000000e+00 0.000000e+00 1.000000e+00
    outer loop
      vertex   4.444146e+01 -4.451062e+01 -1.000000e+01
      vertex   4.441407e+01 1.536013e+01 -1.000000e+01
      vertex   4.390322e+01 -4.400282e+01 -1.000000e+01
    endloop
  endfacet
  facet normal 0.000000e+00 -0.000000e+00 1.000000e+00
    outer loop
      vertex   4.390322e+01 -4.400282e+01 -1.000000e+01
      vertex   4.441407e+01 1.536013e+01 -1.000000e+01
      vertex   4.386231e+01 1.485459e+01 -1.000000e+01
    endloop
  endfacet
  facet normal 0.000000e+00 0.000000e+00 1.000000e+00
    outer loop
      vertex   4.390322e+01 -4.400282e+01 -1.000000e+01
      vertex   4.386231e+01 1.485459e+01 -1.000000e+01
      vertex   2.928608e+01 -2.323209e+01 -1.000000e+01
    endloop
  endfacet
  facet normal 0.000000e+00 0.000000e+00 1.000000e+00
    outer loop
      vertex   2.928608e+01 -2.323209e+01 -1.000000e+01
      vertex   4.386231e+01 1.485459e+01 -1.000000e+01
      vertex   4.320787e+01 1.449165e+01 -1.000000e+01
    endloop
  endfacet
  facet normal -0.000000e+00 0.000000e+00 1.000000e+00
    outer loop
      vertex   4.441407e+01 1.536013e+01 -1.000000e+01
      vertex   4.444146e+01 -4.451062e+01 -1.000000e+01
      vertex   4.483274e+01 1.598040e+01 -1.000000e+01
    endloop
  endfacet
  facet normal 0.000000e+00 0.000000e+00 1.000000e+00
    outer loop
      vertex   4.483274e+01 1.598040e+01 -1.000000e+01
      vertex   4.444146e+01 -4.451062e+01 -1.000000e+01
      vertex   4.484808e+01 -4.512886e+01 -1.000000e+01
    endloop
  endfacet
  facet normal -0.000000e+00 0.000000e+00 1.000000e+00
    outer loop
      vertex   4.483274e+01 1.598040e+01 -1.000000e+01
      vertex   4.484808e+01 -4.512886e+01 -1.000000e+01
      vertex   4.509523e+01 1.668120e+01 -1.000000e+01
    endloop
  endfacet
  facet normal 0.000000e+00 0.000000e+00 1.000000e+00
    outer loop
      vertex   4.509523e+01 1.668120e+01 -1.000000e+01
      vertex   4.484808e+01 -4.512886e+01 -1.000000e+01
      vertex   4.510116e+01 -4.582421e+01 -1.000000e+01
    endloop
  endfacet
  facet normal -0.000000e+00 0.000000e+00 1.000000e+00
    outer loop
      vertex   4.509523e+01 1.668120e+01 -1.000000e+01
      vertex   4.510116e+01 -4.582421e+01 -1.000000e+01
      vertex   4.518707e+01 1.742389e+01 -1.000000e+01
    endloop
  endfacet
  facet normal 0.000000e+00 0.000000e+00 1.000000e+00
    outer loop
      vertex   4.518707e+01 1.742389e+01 -1.000000e+01
      vertex   4.510116e+01 -4.582421e+01 -1.000000e+01
      vertex   4.518707e+01 -4.655918e+01 -1.000000e+01
    endloop
  endfacet
  facet normal 0.000000e+00 0.000000e+00 1.000000e+00
    outer loop
      vertex   4.173897e+01 1.426464e+01 -1.000000e+01
      vertex   4.100550e+01 1.441309e+01 -1.000000e+01
      vertex   2.928608e+01 5.139128e+00 -1.000000e+01
    endloop
  endfacet
  facet normal 0.000000e+00 0.000000e+00 1.000000e+00
    outer loop
      vertex   2.928608e+01 5.139128e+00 -1.000000e+01
      vertex   4.100550e+01 1.441309e+01 -1.000000e+01
      vertex   4.032686e+01 1.472848e+01 -1.000000e+01
    endloop
  endfacet
  facet normal 0.000000e+00 0.000000e+00 1.000000e+00
    outer loop
      vertex   2.928608e+01 5.139128e+00 -1.000000e+01
      vertex   4.032686e+01 1.472848e+01 -1.000000e+01
      vertex   3.974048e+01 1.519343e+01 -1.000000e+01
    endloop
  endfacet
  facet normal 0.000000e+00 0.000000e+00 1.000000e+00
    outer loop
      vertex   3.974048e+01 1.519343e+01 -1.000000e+01
      vertex   3.927868e+01 1.578229e+01 -1.000000e+01
      vertex   2.928608e+01 5.139128e+00 -1.000000e+01
    endloop
  endfacet
  facet normal 0.000000e+00 0.000000e+00 1.000000e+00
    outer loop
      vertex   2.928608e+01 5.139128e+00 -1.000000e+01
      vertex   3.927868e+01 1.578229e+01 -1.000000e+01
      vertex   3.896693e+01 1.646261e+01 -1.000000e+01
    endloop
  endfacet
  facet normal 0.000000e+00 0.000000e+00 1.000000e+00
    outer loop
      vertex   2.928608e+01 5.139128e+00 -1.000000e+01
      vertex   3.896693e+01 1.646261e+01 -1.000000e+01
      vertex   3.882241e+01 1.719686e+01 -1.000000e+01
    endloop
  endfacet
  facet normal 0.000000e+00 -0.000000e+00 1.000000e+00
    outer loop
      vertex   3.882241e+01 1.719686e+01 -1.000000e+01
      vertex   3.885309e+01 1.794458e+01 -1.000000e+01
      vertex   2.928608e+01 5.139128e+00 -1.000000e+01
    endloop
  endfacet
  facet normal 0.000000e+00 0.000000e+00 1.000000e+00
    outer loop
      vertex   2.928608e+01 5.139128e+00 -1.000000e+01
      vertex   3.885309e+01 1.794458e+01 -1.000000e+01
      vertex   3.905728e+01 1.866452e+01 -1.000000e+01
    endloop
  endfacet
  facet normal 0.000000e+00 -0.000000e+00 1.000000e+00
    outer loop
      vertex   3.905728e+01 1.866452e+01 -1.000000e+01
      vertex   3.942373e+01 1.931701e+01 -1.000000e+01
      vertex   -3.907370e+01 1.870328e+01 -1.000000e+01
    endloop
  endfacet
  facet normal 0.000000e+00 -0.000000e+00 1.000000e+00
    outer loop
      vertex   -3.907370e+01 1.870328e+01 -1.000000e+01
      vertex   3.942373e+01 1.931701e+01 -1.000000e+01
      vertex   -3.944369e+01 1.934412e+01 -1.000000e+01
    endloop
  endfacet
  facet normal -0.000000e+00 0.000000e+00 1.000000e+00
    outer loop
      vertex   -3.944369e+01 1.934412e+01 -1.000000e+01
      vertex   3.942373e+01 1.931701e+01 -1.000000e+01
      vertex   3.993222e+01 1.986606e+01 -1.000000e+01
    endloop
  endfacet
  facet normal 0.000000e+00 -0.000000e+00 1.000000e+00
    outer loop
      vertex   -3.944369e+01 1.934412e+01 -1.000000e+01
      vertex   3.993222e+01 1.986606e+01 -1.000000e+01
      vertex   -3.995150e+01 1.988237e+01 -1.000000e+01
    endloop
  endfacet
  facet normal -0.000000e+00 0.000000e+00 1.000000e+00
    outer loop
      vertex   -3.995150e+01 1.988237e+01 -1.000000e+01
      vertex   3.993222e+01 1.986606e+01 -1.000000e+01
      vertex   4.055472e+01 2.028140e+01 -1.000000e+01
    endloop
  endfacet
  facet normal 0.000000e+00 -0.000000e+00 1.000000e+00
    outer loop
      vertex   -3.995150e+01 1.988237e+01 -1.000000e+01
      vertex   4.055472e+01 2.028140e+01 -1.000000e+01
      vertex   -4.056975e+01 2.028899e+01 -1.000000e+01
    endloop
  endfacet
  facet normal -0.000000e+00 0.000000e+00 1.000000e+00
    outer loop
      vertex   -4.056975e+01 2.028899e+01 -1.000000e+01
      vertex   4.055472e+01 2.028140e+01 -1.000000e+01
      vertex   4.125691e+01 2.054013e+01 -1.000000e+01
    endloop
  endfacet
  facet normal 0.000000e+00 -0.000000e+00 1.000000e+00
    outer loop
      vertex   -4.056975e+01 2.028899e+01 -1.000000e+01
      vertex   4.125691e+01 2.054013e+01 -1.000000e+01
      vertex   -4.126510e+01 2.054208e+01 -1.000000e+01
    endloop
  endfacet
  facet normal -0.000000e+00 0.000000e+00 1.000000e+00
    outer loop
      vertex   -4.126510e+01 2.054208e+01 -1.000000e+01
      vertex   4.125691e+01 2.054013e+01 -1.000000e+01
      vertex   4.200008e+01 2.062799e+01 -1.000000e+01
    endloop
  endfacet
  facet normal 0.000000e+00 -0.000000e+00 1.000000e+00
    outer loop
      vertex   -4.126510e+01 2.054208e+01 -1.000000e+01
      vertex   4.200008e+01 2.062799e+01 -1.000000e+01
      vertex   -4.200008e+01 2.062799e+01 -1.000000e+01
    endloop
  endfacet
  facet normal 0.000000e+00 0.000000e+00 1.000000e+00
    outer loop
      vertex   -3.886147e+01 1.799438e+01 -1.000000e+01
      vertex   -3.881844e+01 1.725565e+01 -1.000000e+01
      vertex   -2.871392e+01 5.139128e+00 -1.000000e+01
    endloop
  endfacet
  facet normal 0.000000e+00 0.000000e+00 1.000000e+00
    outer loop
      vertex   -2.871392e+01 5.139128e+00 -1.000000e+01
      vertex   -3.881844e+01 1.725565e+01 -1.000000e+01
      vertex   -3.894694e+01 1.652691e+01 -1.000000e+01
    endloop
  endfacet
  facet normal 0.000000e+00 0.000000e+00 1.000000e+00
    outer loop
      vertex   -2.871392e+01 5.139128e+00 -1.000000e+01
      vertex   -3.894694e+01 1.652691e+01 -1.000000e+01
      vertex   -3.924003e+01 1.584744e+01 -1.000000e+01
    endloop
  endfacet
  facet normal 0.000000e+00 0.000000e+00 1.000000e+00
    outer loop
      vertex   -3.924003e+01 1.584744e+01 -1.000000e+01
      vertex   -3.968192e+01 1.525388e+01 -1.000000e+01
      vertex   -2.871392e+01 5.139128e+00 -1.000000e+01
    endloop
  endfacet
  facet normal 0.000000e+00 0.000000e+00 1.000000e+00
    outer loop
      vertex   -2.871392e+01 5.139128e+00 -1.000000e+01
      vertex   -3.968192e+01 1.525388e+01 -1.000000e+01
      vertex   -4.024878e+01 1.477823e+01 -1.000000e+01
    endloop
  endfacet
  facet normal 0.000000e+00 0.000000e+00 1.000000e+00
    outer loop
      vertex   -2.871392e+01 5.139128e+00 -1.000000e+01
      vertex   -4.024878e+01 1.477823e+01 -1.000000e+01
      vertex   -4.091005e+01 1.444613e+01 -1.000000e+01
    endloop
  endfacet
  facet normal 0.000000e+00 0.000000e+00 1.000000e+00
    outer loop
      vertex   -4.091005e+01 1.444613e+01 -1.000000e+01
      vertex   -4.163009e+01 1.427547e+01 -1.000000e+01
      vertex   -2.871392e+01 5.139128e+00 -1.000000e+01
    endloop
  endfacet
  facet normal 0.000000e+00 0.000000e+00 1.000000e+00
    outer loop
      vertex   -2.871392e+01 5.139128e+00 -1.000000e+01
      vertex   -4.163009e+01 1.427547e+01 -1.000000e+01
      vertex   -4.237008e+01 1.427547e+01 -1.000000e+01
    endloop
  endfacet
  facet normal 0.000000e+00 0.000000e+00 1.000000e+00
    outer loop
      vertex   -2.871392e+01 5.139128e+00 -1.000000e+01
      vertex   -4.237008e+01 1.427547e+01 -1.000000e+01
      vertex   -4.309011e+01 1.444613e+01 -1.000000e+01
    endloop
  endfacet
  facet normal 0.000000e+00 -0.000000e+00 1.000000e+00
    outer loop
      vertex   -4.492647e+01 1.870328e+01 -1.000000e+01
      vertex   -4.455648e+01 1.934412e+01 -1.000000e+01
      vertex   -4.518739e+01 2.062799e+01 -1.000000e+01
    endloop
  endfacet
  facet normal 0.000000e+00 0.000000e+00 1.000000e+00
    outer loop
      vertex   -4.518739e+01 2.062799e+01 -1.000000e+01
      vertex   -4.455648e+01 1.934412e+01 -1.000000e+01
      vertex   -4.404867e+01 1.988237e+01 -1.000000e+01
    endloop
  endfacet
  facet normal 0.000000e+00 0.000000e+00 1.000000e+00
    outer loop
      vertex   -4.518739e+01 2.062799e+01 -1.000000e+01
      vertex   -4.404867e+01 1.988237e+01 -1.000000e+01
      vertex   -4.343042e+01 2.028899e+01 -1.000000e+01
    endloop
  endfacet
  facet normal 0.000000e+00 -0.000000e+00 1.000000e+00
    outer loop
      vertex   -4.343042e+01 2.028899e+01 -1.000000e+01
      vertex   -4.273506e+01 2.054208e+01 -1.000000e+01
      vertex   -4.518739e+01 2.062799e+01 -1.000000e+01
    endloop
  endfacet
  facet normal -0.000000e+00 0.000000e+00 1.000000e+00
    outer loop
      vertex   -4.518739e+01 2.062799e+01 -1.000000e+01
      vertex   -4.273506e+01 2.054208e+01 -1.000000e+01
      vertex   -4.200008e+01 2.062799e+01 -1.000000e+01
    endloop
  endfacet
  facet normal 0.000000e+00 0.000000e+00 1.000000e+00
    outer loop
      vertex   -4.200008e+01 -4.974649e+01 -1.000000e+01
      vertex   -4.270933e+01 -4.966657e+01 -1.000000e+01
      vertex   -4.518739e+01 -4.974649e+01 -1.000000e+01
    endloop
  endfacet
  facet normal 0.000000e+00 0.000000e+00 1.000000e+00
    outer loop
      vertex   -4.518739e+01 -4.974649e+01 -1.000000e+01
      vertex   -4.270933e+01 -4.966657e+01 -1.000000e+01
      vertex   -4.338300e+01 -4.943084e+01 -1.000000e+01
    endloop
  endfacet
  facet normal 0.000000e+00 0.000000e+00 1.000000e+00
    outer loop
      vertex   -4.518739e+01 -4.974649e+01 -1.000000e+01
      vertex   -4.338300e+01 -4.943084e+01 -1.000000e+01
      vertex   -4.398734e+01 -4.905112e+01 -1.000000e+01
    endloop
  endfacet
  facet normal 0.000000e+00 0.000000e+00 1.000000e+00
    outer loop
      vertex   -4.398734e+01 -4.905112e+01 -1.000000e+01
      vertex   -4.449202e+01 -4.854643e+01 -1.000000e+01
      vertex   -4.518739e+01 -4.974649e+01 -1.000000e+01
    endloop
  endfacet
  facet normal 0.000000e+00 0.000000e+00 1.000000e+00
    outer loop
      vertex   -4.518739e+01 -4.974649e+01 -1.000000e+01
      vertex   -4.449202e+01 -4.854643e+01 -1.000000e+01
      vertex   -4.487175e+01 -4.794210e+01 -1.000000e+01
    endloop
  endfacet
  facet normal 0.000000e+00 0.000000e+00 1.000000e+00
    outer loop
      vertex   -4.518739e+01 -4.974649e+01 -1.000000e+01
      vertex   -4.487175e+01 -4.794210e+01 -1.000000e+01
      vertex   -4.510748e+01 -4.726842e+01 -1.000000e+01
    endloop
  endfacet
  facet normal 0.000000e+00 0.000000e+00 1.000000e+00
    outer loop
      vertex   -4.510748e+01 -4.726842e+01 -1.000000e+01
      vertex   -4.518739e+01 -4.655918e+01 -1.000000e+01
      vertex   -4.518739e+01 -4.974649e+01 -1.000000e+01
    endloop
  endfacet
  facet normal -1.160929e-01 9.932384e-01 0.000000e+00
    outer loop
      vertex   -4.200008e+01 2.062799e+01 -1.000000e+01
      vertex   -4.273506e+01 2.054208e+01 -1.000000e+01
      vertex   -4.200008e+01 2.062799e+01 0.000000e+00
    endloop
  endfacet
  facet normal -1.160929e-01 9.932384e-01 0.000000e+00
    outer loop
      vertex   -4.200008e+01 2.062799e+01 0.000000e+00
      vertex   -4.273506e+01 2.054208e+01 -1.000000e+01
      vertex   -4.273506e+01 2.054208e+01 0.000000e+00
    endloop
  endfacet
  facet normal -3.420201e-01 9.396926e-01 0.000000e+00
    outer loop
      vertex   -4.273506e+01 2.054208e+01 0.000000e+00
      vertex   -4.273506e+01 2.054208e+01 -1.000000e+01
      vertex   -4.343042e+01 2.028899e+01 -1.000000e+01
    endloop
  endfacet
  facet normal -3.420201e-01 9.396926e-01 0.000000e+00
    outer loop
      vertex   -4.273506e+01 2.054208e+01 0.000000e+00
      vertex   -4.343042e+01 2.028899e+01 -1.000000e+01
      vertex   -4.343042e+01 2.028899e+01 0.000000e+00
    endloop
  endfacet
  facet normal -5.495090e-01 8.354878e-01 0.000000e+00
    outer loop
      vertex   -4.343042e+01 2.028899e+01 0.000000e+00
      vertex   -4.343042e+01 2.028899e+01 -1.000000e+01
      vertex   -4.404867e+01 1.988237e+01 -1.000000e+01
    endloop
  endfacet
  facet normal -5.495090e-01 8.354878e-01 0.000000e+00
    outer loop
      vertex   -4.343042e+01 2.028899e+01 0.000000e+00
      vertex   -4.404867e+01 1.988237e+01 -1.000000e+01
      vertex   -4.404867e+01 1.988237e+01 0.000000e+00
    endloop
  endfacet
  facet normal -7.273736e-01 6.862416e-01 0.000000e+00
    outer loop
      vertex   -4.404867e+01 1.988237e+01 0.000000e+00
      vertex   -4.404867e+01 1.988237e+01 -1.000000e+01
      vertex   -4.455648e+01 1.934412e+01 -1.000000e+01
    endloop
  endfacet
  facet normal -7.273736e-01 6.862416e-01 0.000000e+00
    outer loop
      vertex   -4.404867e+01 1.988237e+01 0.000000e+00
      vertex   -4.455648e+01 1.934412e+01 -1.000000e+01
      vertex   -4.455648e+01 1.934412e+01 0.000000e+00
    endloop
  endfacet
  facet normal -8.660254e-01 5.000000e-01 0.000000e+00
    outer loop
      vertex   -4.455648e+01 1.934412e+01 0.000000e+00
      vertex   -4.455648e+01 1.934412e+01 -1.000000e+01
      vertex   -4.492647e+01 1.870328e+01 -1.000000e+01
    endloop
  endfacet
  facet normal -8.660254e-01 5.000000e-01 0.000000e+00
    outer loop
      vertex   -4.455648e+01 1.934412e+01 0.000000e+00
      vertex   -4.492647e+01 1.870328e+01 -1.000000e+01
      vertex   -4.492647e+01 1.870328e+01 0.000000e+00
    endloop
  endfacet
  facet normal -9.579895e-01 2.868032e-01 0.000000e+00
    outer loop
      vertex   -4.492647e+01 1.870328e+01 0.000000e+00
      vertex   -4.492647e+01 1.870328e+01 -1.000000e+01
      vertex   -4.513870e+01 1.799438e+01 -1.000000e+01
    endloop
  endfacet
  facet normal -9.579895e-01 2.868032e-01 0.000000e+00
    outer loop
      vertex   -4.492647e+01 1.870328e+01 0.000000e+00
      vertex   -4.513870e+01 1.799438e+01 -1.000000e+01
      vertex   -4.513870e+01 1.799438e+01 0.000000e+00
    endloop
  endfacet
  facet normal -9.983082e-01 5.814483e-02 0.000000e+00
    outer loop
      vertex   -4.513870e+01 1.799438e+01 0.000000e+00
      vertex   -4.513870e+01 1.799438e+01 -1.000000e+01
      vertex   -4.518173e+01 1.725565e+01 -1.000000e+01
    endloop
  endfacet
  facet normal -9.983082e-01 5.814483e-02 0.000000e+00
    outer loop
      vertex   -4.513870e+01 1.799438e+01 0.000000e+00
      vertex   -4.518173e+01 1.725565e+01 -1.000000e+01
      vertex   -4.518173e+01 1.725565e+01 0.000000e+00
    endloop
  endfacet
  facet normal -9.848078e-01 -1.736482e-01 -0.000000e+00
    outer loop
      vertex   -4.518173e+01 1.725565e+01 0.000000e+00
      vertex   -4.518173e+01 1.725565e+01 -1.000000e+01
      vertex   -4.505323e+01 1.652691e+01 -1.000000e+01
    endloop
  endfacet
  facet normal -9.848078e-01 -1.736482e-01 0.000000e+00
    outer loop
      vertex   -4.518173e+01 1.725565e+01 0.000000e+00
      vertex   -4.505323e+01 1.652691e+01 -1.000000e+01
      vertex   -4.505323e+01 1.652691e+01 0.000000e+00
    endloop
  endfacet
  facet normal -9.182161e-01 -3.960798e-01 -0.000000e+00
    outer loop
      vertex   -4.505323e+01 1.652691e+01 0.000000e+00
      vertex   -4.505323e+01 1.652691e+01 -1.000000e+01
      vertex   -4.476014e+01 1.584744e+01 -1.000000e+01
    endloop
  endfacet
  facet normal -9.182161e-01 -3.960798e-01 0.000000e+00
    outer loop
      vertex   -4.505323e+01 1.652691e+01 0.000000e+00
      vertex   -4.476014e+01 1.584744e+01 -1.000000e+01
      vertex   -4.476014e+01 1.584744e+01 0.000000e+00
    endloop
  endfacet
  facet normal -8.021232e-01 -5.971586e-01 -0.000000e+00
    outer loop
      vertex   -4.476014e+01 1.584744e+01 0.000000e+00
      vertex   -4.476014e+01 1.584744e+01 -1.000000e+01
      vertex   -4.431825e+01 1.525388e+01 -1.000000e+01
    endloop
  endfacet
  facet normal -8.021232e-01 -5.971586e-01 0.000000e+00
    outer loop
      vertex   -4.476014e+01 1.584744e+01 0.000000e+00
      vertex   -4.431825e+01 1.525388e+01 -1.000000e+01
      vertex   -4.431825e+01 1.525388e+01 0.000000e+00
    endloop
  endfacet
  facet normal -6.427876e-01 -7.660444e-01 -0.000000e+00
    outer loop
      vertex   -4.431825e+01 1.525388e+01 0.000000e+00
      vertex   -4.431825e+01 1.525388e+01 -1.000000e+01
      vertex   -4.375139e+01 1.477823e+01 -1.000000e+01
    endloop
  endfacet
  facet normal -6.427876e-01 -7.660444e-01 0.000000e+00
    outer loop
      vertex   -4.431825e+01 1.525388e+01 0.000000e+00
      vertex   -4.375139e+01 1.477823e+01 -1.000000e+01
      vertex   -4.375139e+01 1.477823e+01 0.000000e+00
    endloop
  endfacet
  facet normal -4.487992e-01 -8.936326e-01 -0.000000e+00
    outer loop
      vertex   -4.375139e+01 1.477823e+01 0.000000e+00
      vertex   -4.375139e+01 1.477823e+01 -1.000000e+01
      vertex   -4.309011e+01 1.444613e+01 -1.000000e+01
    endloop
  endfacet
  facet normal -4.487992e-01 -8.936326e-01 0.000000e+00
    outer loop
      vertex   -4.375139e+01 1.477823e+01 0.000000e+00
      vertex   -4.309011e+01 1.444613e+01 -1.000000e+01
      vertex   -4.309011e+01 1.444613e+01 0.000000e+00
    endloop
  endfacet
  facet normal -2.306159e-01 -9.730449e-01 -0.000000e+00
    outer loop
      vertex   -4.309011e+01 1.444613e+01 0.000000e+00
      vertex   -4.309011e+01 1.444613e+01 -1.000000e+01
      vertex   -4.237008e+01 1.427547e+01 -1.000000e+01
    endloop
  endfacet
  facet normal -2.306159e-01 -9.730449e-01 0.000000e+00
    outer loop
      vertex   -4.309011e+01 1.444613e+01 0.000000e+00
      vertex   -4.237008e+01 1.427547e+01 -1.000000e+01
      vertex   -4.237008e+01 1.427547e+01 0.000000e+00
    endloop
  endfacet
  facet normal 0.000000e+00 -1.000000e+00 0.000000e+00
    outer loop
      vertex   -4.237008e+01 1.427547e+01 0.000000e+00
      vertex   -4.237008e+01 1.427547e+01 -1.000000e+01
      vertex   -4.163009e+01 1.427547e+01 -1.000000e+01
    endloop
  endfacet
  facet normal 0.000000e+00 -1.000000e+00 0.000000e+00
    outer loop
      vertex   -4.237008e+01 1.427547e+01 0.000000e+00
      vertex   -4.163009e+01 1.427547e+01 -1.000000e+01
      vertex   -4.163009e+01 1.427547e+01 0.000000e+00
    endloop
  endfacet
  facet normal 2.306159e-01 -9.730449e-01 0.000000e+00
    outer loop
      vertex   -4.163009e+01 1.427547e+01 0.000000e+00
      vertex   -4.163009e+01 1.427547e+01 -1.000000e+01
      vertex   -4.091005e+01 1.444613e+01 -1.000000e+01
    endloop
  endfacet
  facet normal 2.306159e-01 -9.730449e-01 0.000000e+00
    outer loop
      vertex   -4.163009e+01 1.427547e+01 0.000000e+00
      vertex   -4.091005e+01 1.444613e+01 -1.000000e+01
      vertex   -4.091005e+01 1.444613e+01 0.000000e+00
    endloop
  endfacet
  facet normal 4.487992e-01 -8.936326e-01 0.000000e+00
    outer loop
      vertex   -4.091005e+01 1.444613e+01 0.000000e+00
      vertex   -4.091005e+01 1.444613e+01 -1.000000e+01
      vertex   -4.024878e+01 1.477823e+01 -1.000000e+01
    endloop
  endfacet
  facet normal 4.487992e-01 -8.936326e-01 0.000000e+00
    outer loop
      vertex   -4.091005e+01 1.444613e+01 0.000000e+00
      vertex   -4.024878e+01 1.477823e+01 -1.000000e+01
      vertex   -4.024878e+01 1.477823e+01 0.000000e+00
    endloop
  endfacet
  facet normal 6.427876e-01 -7.660444e-01 0.000000e+00
    outer loop
      vertex   -4.024878e+01 1.477823e+01 0.000000e+00
      vertex   -4.024878e+01 1.477823e+01 -1.000000e+01
      vertex   -3.968192e+01 1.525388e+01 -1.000000e+01
    endloop
  endfacet
  facet normal 6.427876e-01 -7.660444e-01 0.000000e+00
    outer loop
      vertex   -4.024878e+01 1.477823e+01 0.000000e+00
      vertex   -3.968192e+01 1.525388e+01 -1.000000e+01
      vertex   -3.968192e+01 1.525388e+01 0.000000e+00
    endloop
  endfacet
  facet normal 8.021232e-01 -5.971586e-01 0.000000e+00
    outer loop
      vertex   -3.968192e+01 1.525388e+01 0.000000e+00
      vertex   -3.968192e+01 1.525388e+01 -1.000000e+01
      vertex   -3.924003e+01 1.584744e+01 -1.000000e+01
    endloop
  endfacet
  facet normal 8.021232e-01 -5.971586e-01 0.000000e+00
    outer loop
      vertex   -3.968192e+01 1.525388e+01 0.000000e+00
      vertex   -3.924003e+01 1.584744e+01 -1.000000e+01
      vertex   -3.924003e+01 1.584744e+01 0.000000e+00
    endloop
  endfacet
  facet normal 9.182161e-01 -3.960798e-01 0.000000e+00
    outer loop
      vertex   -3.924003e+01 1.584744e+01 0.000000e+00
      vertex   -3.924003e+01 1.584744e+01 -1.000000e+01
      vertex   -3.894694e+01 1.652691e+01 -1.000000e+01
    endloop
  endfacet
  facet normal 9.182161e-01 -3.960798e-01 0.000000e+00
    outer loop
      vertex   -3.924003e+01 1.584744e+01 0.000000e+00
      vertex   -3.894694e+01 1.652691e+01 -1.000000e+01
      vertex   -3.894694e+01 1.652691e+01 0.000000e+00
    endloop
  endfacet
  facet normal 9.848078e-01 -1.736482e-01 0.000000e+00
    outer loop
      vertex   -3.894694e+01 1.652691e+01 0.000000e+00
      vertex   -3.894694e+01 1.652691e+01 -1.000000e+01
      vertex   -3.881844e+01 1.725565e+01 -1.000000e+01
    endloop
  endfacet
  facet normal 9.848078e-01 -1.736482e-01 0.000000e+00
    outer loop
      vertex   -3.894694e+01 1.652691e+01 0.000000e+00
      vertex   -3.881844e+01 1.725565e+01 -1.000000e+01
      vertex   -3.881844e+01 1.725565e+01 0.000000e+00
    endloop
  endfacet
  facet normal 9.983082e-01 5.814483e-02 0.000000e+00
    outer loop
      vertex   -3.881844e+01 1.725565e+01 0.000000e+00
      vertex   -3.881844e+01 1.725565e+01 -1.000000e+01
      vertex   -3.886147e+01 1.799438e+01 -1.000000e+01
    endloop
  endfacet
  facet normal 9.983082e-01 5.814483e-02 0.000000e+00
    outer loop
      vertex   -3.881844e+01 1.725565e+01 0.000000e+00
      vertex   -3.886147e+01 1.799438e+01 -1.000000e+01
      vertex   -3.886147e+01 1.799438e+01 0.000000e+00
    endloop
  endfacet
  facet normal 9.579895e-01 2.868032e-01 0.000000e+00
    outer loop
      vertex   -3.886147e+01 1.799438e+01 0.000000e+00
      vertex   -3.886147e+01 1.799438e+01 -1.000000e+01
      vertex   -3.907370e+01 1.870328e+01 -1.000000e+01
    endloop
  endfacet
  facet normal 9.579895e-01 2.868032e-01 0.000000e+00
    outer loop
      vertex   -3.886147e+01 1.799438e+01 0.000000e+00
      vertex   -3.907370e+01 1.870328e+01 -1.000000e+01
      vertex   -3.907370e+01 1.870328e+01 0.000000e+00
    endloop
  endfacet
  facet normal 8.660254e-01 5.000000e-01 0.000000e+00
    outer loop
      vertex   -3.907370e+01 1.870328e+01 0.000000e+00
      vertex   -3.907370e+01 1.870328e+01 -1.000000e+01
      vertex   -3.944369e+01 1.934412e+01 -1.000000e+01
    endloop
  endfacet
  facet normal 8.660254e-01 5.000000e-01 0.000000e+00
    outer loop
      vertex   -3.907370e+01 1.870328e+01 0.000000e+00
      vertex   -3.944369e+01 1.934412e+01 -1.000000e+01
      vertex   -3.944369e+01 1.934412e+01 0.000000e+00
    endloop
  endfacet
  facet normal 7.273736e-01 6.862416e-01 0.000000e+00
    outer loop
      vertex   -3.944369e+01 1.934412e+01 0.000000e+00
      vertex   -3.944369e+01 1.934412e+01 -1.000000e+01
      vertex   -3.995150e+01 1.988237e+01 -1.000000e+01
    endloop
  endfacet
  facet normal 7.273736e-01 6.862416e-01 0.000000e+00
    outer loop
      vertex   -3.944369e+01 1.934412e+01 0.000000e+00
      vertex   -3.995150e+01 1.988237e+01 -1.000000e+01
      vertex   -3.995150e+01 1.988237e+01 0.000000e+00
    endloop
  endfacet
  facet normal 5.495090e-01 8.354878e-01 0.000000e+00
    outer loop
      vertex   -3.995150e+01 1.988237e+01 0.000000e+00
      vertex   -3.995150e+01 1.988237e+01 -1.000000e+01
      vertex   -4.056975e+01 2.028899e+01 -1.000000e+01
    endloop
  endfacet
  facet normal 5.495090e-01 8.354878e-01 0.000000e+00
    outer loop
      vertex   -3.995150e+01 1.988237e+01 0.000000e+00
      vertex   -4.056975e+01 2.028899e+01 -1.000000e+01
      vertex   -4.056975e+01 2.028899e+01 0.000000e+00
    endloop
  endfacet
  facet normal 3.420201e-01 9.396926e-01 0.000000e+00
    outer loop
      vertex   -4.056975e+01 2.028899e+01 0.000000e+00
      vertex   -4.056975e+01 2.028899e+01 -1.000000e+01
      vertex   -4.126510e+01 2.054208e+01 -1.000000e+01
    endloop
  endfacet
  facet normal 3.420201e-01 9.396926e-01 0.000000e+00
    outer loop
      vertex   -4.056975e+01 2.028899e+01 0.000000e+00
      vertex   -4.126510e+01 2.054208e+01 -1.000000e+01
      vertex   -4.126510e+01 2.054208e+01 0.000000e+00
    endloop
  endfacet
  facet normal 1.160929e-01 9.932384e-01 0.000000e+00
    outer loop
      vertex   -4.126510e+01 2.054208e+01 0.000000e+00
      vertex   -4.126510e+01 2.054208e+01 -1.000000e+01
      vertex   -4.200008e+01 2.062799e+01 -1.000000e+01
    endloop
  endfacet
  facet normal 1.160929e-01 9.932384e-01 0.000000e+00
    outer loop
      vertex   -4.126510e+01 2.054208e+01 0.000000e+00
      vertex   -4.200008e+01 2.062799e+01 -1.000000e+01
      vertex   -4.200008e+01 2.062799e+01 0.000000e+00
    endloop
  endfacet
  facet normal 0.000000e+00 0.000000e+00 1.000000e+00
    outer loop
      vertex   -4.369045e+01 1.789389e+01 0.000000e+00
      vertex   -4.513870e+01 1.799438e+01 0.000000e+00
      vertex   -4.375008e+01 1.744096e+01 0.000000e+00
    endloop
  endfacet
  facet normal 0.000000e+00 0.000000e+00 1.000000e+00
    outer loop
      vertex   -4.375008e+01 1.744096e+01 0.000000e+00
      vertex   -4.513870e+01 1.799438e+01 0.000000e+00
      vertex   -4.518173e+01 1.725565e+01 0.000000e+00
    endloop
  endfacet
  facet normal 0.000000e+00 0.000000e+00 1.000000e+00
    outer loop
      vertex   -4.375008e+01 1.744096e+01 0.000000e+00
      vertex   -4.518173e+01 1.725565e+01 0.000000e+00
      vertex   -4.369045e+01 1.698802e+01 0.000000e+00
    endloop
  endfacet
  facet normal 0.000000e+00 0.000000e+00 1.000000e+00
    outer loop
      vertex   -4.369045e+01 1.698802e+01 0.000000e+00
      vertex   -4.518173e+01 1.725565e+01 0.000000e+00
      vertex   -4.505323e+01 1.652691e+01 0.000000e+00
    endloop
  endfacet
  facet normal 0.000000e+00 0.000000e+00 1.000000e+00
    outer loop
      vertex   -4.369045e+01 1.698802e+01 0.000000e+00
      vertex   -4.505323e+01 1.652691e+01 0.000000e+00
      vertex   -4.351563e+01 1.656596e+01 0.000000e+00
    endloop
  endfacet
  facet normal 0.000000e+00 0.000000e+00 1.000000e+00
    outer loop
      vertex   -4.351563e+01 1.656596e+01 0.000000e+00
      vertex   -4.505323e+01 1.652691e+01 0.000000e+00
      vertex   -4.476014e+01 1.584744e+01 0.000000e+00
    endloop
  endfacet
  facet normal 0.000000e+00 0.000000e+00 1.000000e+00
    outer loop
      vertex   -4.351563e+01 1.656596e+01 0.000000e+00
      vertex   -4.476014e+01 1.584744e+01 0.000000e+00
      vertex   -4.431825e+01 1.525388e+01 0.000000e+00
    endloop
  endfacet
  facet normal -0.000000e+00 0.000000e+00 1.000000e+00
    outer loop
      vertex   -4.513870e+01 1.799438e+01 0.000000e+00
      vertex   -4.369045e+01 1.789389e+01 0.000000e+00
      vertex   -4.492647e+01 1.870328e+01 0.000000e+00
    endloop
  endfacet
  facet normal 0.000000e+00 0.000000e+00 1.000000e+00
    outer loop
      vertex   -4.492647e+01 1.870328e+01 0.000000e+00
      vertex   -4.369045e+01 1.789389e+01 0.000000e+00
      vertex   -4.351563e+01 1.831596e+01 0.000000e+00
    endloop
  endfacet
  facet normal -0.000000e+00 0.000000e+00 1.000000e+00
    outer loop
      vertex   -4.492647e+01 1.870328e+01 0.000000e+00
      vertex   -4.351563e+01 1.831596e+01 0.000000e+00
      vertex   -4.455648e+01 1.934412e+01 0.000000e+00
    endloop
  endfacet
  facet normal 0.000000e+00 0.000000e+00 1.000000e+00
    outer loop
      vertex   -4.455648e+01 1.934412e+01 0.000000e+00
      vertex   -4.351563e+01 1.831596e+01 0.000000e+00
      vertex   -4.323752e+01 1.867839e+01 0.000000e+00
    endloop
  endfacet
  facet normal -0.000000e+00 0.000000e+00 1.000000e+00
    outer loop
      vertex   -4.455648e+01 1.934412e+01 0.000000e+00
      vertex   -4.323752e+01 1.867839e+01 0.000000e+00
      vertex   -4.404867e+01 1.988237e+01 0.000000e+00
    endloop
  endfacet
  facet normal 0.000000e+00 0.000000e+00 1.000000e+00
    outer loop
      vertex   -4.404867e+01 1.988237e+01 0.000000e+00
      vertex   -4.323752e+01 1.867839e+01 0.000000e+00
      vertex   -4.287508e+01 1.895650e+01 0.000000e+00
    endloop
  endfacet
  facet normal -0.000000e+00 0.000000e+00 1.000000e+00
    outer loop
      vertex   -4.404867e+01 1.988237e+01 0.000000e+00
      vertex   -4.287508e+01 1.895650e+01 0.000000e+00
      vertex   -4.343042e+01 2.028899e+01 0.000000e+00
    endloop
  endfacet
  facet normal 0.000000e+00 0.000000e+00 1.000000e+00
    outer loop
      vertex   -4.343042e+01 2.028899e+01 0.000000e+00
      vertex   -4.287508e+01 1.895650e+01 0.000000e+00
      vertex   -4.245302e+01 1.913133e+01 0.000000e+00
    endloop
  endfacet
  facet normal -0.000000e+00 0.000000e+00 1.000000e+00
    outer loop
      vertex   -4.343042e+01 2.028899e+01 0.000000e+00
      vertex   -4.245302e+01 1.913133e+01 0.000000e+00
      vertex   -4.273506e+01 2.054208e+01 0.000000e+00
    endloop
  endfacet
  facet normal 0.000000e+00 0.000000e+00 1.000000e+00
    outer loop
      vertex   -4.273506e+01 2.054208e+01 0.000000e+00
      vertex   -4.245302e+01 1.913133e+01 0.000000e+00
      vertex   -4.200008e+01 1.919096e+01 0.000000e+00
    endloop
  endfacet
  facet normal -0.000000e+00 0.000000e+00 1.000000e+00
    outer loop
      vertex   -4.273506e+01 2.054208e+01 0.000000e+00
      vertex   -4.200008e+01 1.919096e+01 0.000000e+00
      vertex   -4.200008e+01 2.062799e+01 0.000000e+00
    endloop
  endfacet
  facet normal 0.000000e+00 0.000000e+00 1.000000e+00
    outer loop
      vertex   -4.200008e+01 2.062799e+01 0.000000e+00
      vertex   -4.200008e+01 1.919096e+01 0.000000e+00
      vertex   -4.126510e+01 2.054208e+01 0.000000e+00
    endloop
  endfacet
  facet normal 0.000000e+00 0.000000e+00 1.000000e+00
    outer loop
      vertex   -4.126510e+01 2.054208e+01 0.000000e+00
      vertex   -4.200008e+01 1.919096e+01 0.000000e+00
      vertex   -4.154715e+01 1.913133e+01 0.000000e+00
    endloop
  endfacet
  facet normal 0.000000e+00 0.000000e+00 1.000000e+00
    outer loop
      vertex   -4.126510e+01 2.054208e+01 0.000000e+00
      vertex   -4.154715e+01 1.913133e+01 0.000000e+00
      vertex   -4.056975e+01 2.028899e+01 0.000000e+00
    endloop
  endfacet
  facet normal 0.000000e+00 0.000000e+00 1.000000e+00
    outer loop
      vertex   -4.056975e+01 2.028899e+01 0.000000e+00
      vertex   -4.154715e+01 1.913133e+01 0.000000e+00
      vertex   -4.112508e+01 1.895650e+01 0.000000e+00
    endloop
  endfacet
  facet normal 0.000000e+00 0.000000e+00 1.000000e+00
    outer loop
      vertex   -4.056975e+01 2.028899e+01 0.000000e+00
      vertex   -4.112508e+01 1.895650e+01 0.000000e+00
      vertex   -3.995150e+01 1.988237e+01 0.000000e+00
    endloop
  endfacet
  facet normal 0.000000e+00 0.000000e+00 1.000000e+00
    outer loop
      vertex   -3.995150e+01 1.988237e+01 0.000000e+00
      vertex   -4.112508e+01 1.895650e+01 0.000000e+00
      vertex   -4.076265e+01 1.867839e+01 0.000000e+00
    endloop
  endfacet
  facet normal 0.000000e+00 0.000000e+00 1.000000e+00
    outer loop
      vertex   -3.995150e+01 1.988237e+01 0.000000e+00
      vertex   -4.076265e+01 1.867839e+01 0.000000e+00
      vertex   -3.944369e+01 1.934412e+01 0.000000e+00
    endloop
  endfacet
  facet normal 0.000000e+00 0.000000e+00 1.000000e+00
    outer loop
      vertex   -3.944369e+01 1.934412e+01 0.000000e+00
      vertex   -4.076265e+01 1.867839e+01 0.000000e+00
      vertex   -4.048454e+01 1.831596e+01 0.000000e+00
    endloop
  endfacet
  facet normal 0.000000e+00 0.000000e+00 1.000000e+00
    outer loop
      vertex   -3.944369e+01 1.934412e+01 0.000000e+00
      vertex   -4.048454e+01 1.831596e+01 0.000000e+00
      vertex   -3.907370e+01 1.870328e+01 0.000000e+00
    endloop
  endfacet
  facet normal 0.000000e+00 0.000000e+00 1.000000e+00
    outer loop
      vertex   -3.907370e+01 1.870328e+01 0.000000e+00
      vertex   -4.048454e+01 1.831596e+01 0.000000e+00
      vertex   -4.030971e+01 1.789389e+01 0.000000e+00
    endloop
  endfacet
  facet normal 0.000000e+00 0.000000e+00 1.000000e+00
    outer loop
      vertex   -3.907370e+01 1.870328e+01 0.000000e+00
      vertex   -4.030971e+01 1.789389e+01 0.000000e+00
      vertex   -3.886147e+01 1.799438e+01 0.000000e+00
    endloop
  endfacet
  facet normal 0.000000e+00 0.000000e+00 1.000000e+00
    outer loop
      vertex   -3.886147e+01 1.799438e+01 0.000000e+00
      vertex   -4.030971e+01 1.789389e+01 0.000000e+00
      vertex   -4.025008e+01 1.744096e+01 0.000000e+00
    endloop
  endfacet
  facet normal 0.000000e+00 0.000000e+00 1.000000e+00
    outer loop
      vertex   -3.886147e+01 1.799438e+01 0.000000e+00
      vertex   -4.025008e+01 1.744096e+01 0.000000e+00
      vertex   -3.881844e+01 1.725565e+01 0.000000e+00
    endloop
  endfacet
  facet normal 0.000000e+00 0.000000e+00 1.000000e+00
    outer loop
      vertex   -3.881844e+01 1.725565e+01 0.000000e+00
      vertex   -4.025008e+01 1.744096e+01 0.000000e+00
      vertex   -4.030971e+01 1.698802e+01 0.000000e+00
    endloop
  endfacet
  facet normal 0.000000e+00 0.000000e+00 1.000000e+00
    outer loop
      vertex   -3.881844e+01 1.725565e+01 0.000000e+00
      vertex   -4.030971e+01 1.698802e+01 0.000000e+00
      vertex   -3.894694e+01 1.652691e+01 0.000000e+00
    endloop
  endfacet
  facet normal 0.000000e+00 0.000000e+00 1.000000e+00
    outer loop
      vertex   -3.894694e+01 1.652691e+01 0.000000e+00
      vertex   -4.030971e+01 1.698802e+01 0.000000e+00
      vertex   -4.048454e+01 1.656596e+01 0.000000e+00
    endloop
  endfacet
  facet normal 0.000000e+00 0.000000e+00 1.000000e+00
    outer loop
      vertex   -3.894694e+01 1.652691e+01 0.000000e+00
      vertex   -4.048454e+01 1.656596e+01 0.000000e+00
      vertex   -3.924003e+01 1.584744e+01 0.000000e+00
    endloop
  endfacet
  facet normal 0.000000e+00 0.000000e+00 1.000000e+00
    outer loop
      vertex   -3.924003e+01 1.584744e+01 0.000000e+00
      vertex   -4.048454e+01 1.656596e+01 0.000000e+00
      vertex   -3.968192e+01 1.525388e+01 0.000000e+00
    endloop
  endfacet
  facet normal 0.000000e+00 0.000000e+00 1.000000e+00
    outer loop
      vertex   -3.968192e+01 1.525388e+01 0.000000e+00
      vertex   -4.048454e+01 1.656596e+01 0.000000e+00
      vertex   -4.076265e+01 1.620352e+01 0.000000e+00
    endloop
  endfacet
  facet normal 0.000000e+00 0.000000e+00 1.000000e+00
    outer loop
      vertex   -3.968192e+01 1.525388e+01 0.000000e+00
      vertex   -4.076265e+01 1.620352e+01 0.000000e+00
      vertex   -4.024878e+01 1.477823e+01 0.000000e+00
    endloop
  endfacet
  facet normal 0.000000e+00 0.000000e+00 1.000000e+00
    outer loop
      vertex   -4.024878e+01 1.477823e+01 0.000000e+00
      vertex   -4.076265e+01 1.620352e+01 0.000000e+00
      vertex   -4.112508e+01 1.592541e+01 0.000000e+00
    endloop
  endfacet
  facet normal 0.000000e+00 0.000000e+00 1.000000e+00
    outer loop
      vertex   -4.024878e+01 1.477823e+01 0.000000e+00
      vertex   -4.112508e+01 1.592541e+01 0.000000e+00
      vertex   -4.091005e+01 1.444613e+01 0.000000e+00
    endloop
  endfacet
  facet normal 0.000000e+00 0.000000e+00 1.000000e+00
    outer loop
      vertex   -4.091005e+01 1.444613e+01 0.000000e+00
      vertex   -4.112508e+01 1.592541e+01 0.000000e+00
      vertex   -4.154715e+01 1.575059e+01 0.000000e+00
    endloop
  endfacet
  facet normal 0.000000e+00 0.000000e+00 1.000000e+00
    outer loop
      vertex   -4.091005e+01 1.444613e+01 0.000000e+00
      vertex   -4.154715e+01 1.575059e+01 0.000000e+00
      vertex   -4.163009e+01 1.427547e+01 0.000000e+00
    endloop
  endfacet
  facet normal 0.000000e+00 -0.000000e+00 1.000000e+00
    outer loop
      vertex   -4.163009e+01 1.427547e+01 0.000000e+00
      vertex   -4.154715e+01 1.575059e+01 0.000000e+00
      vertex   -4.200008e+01 1.569096e+01 0.000000e+00
    endloop
  endfacet
  facet normal 0.000000e+00 0.000000e+00 1.000000e+00
    outer loop
      vertex   -4.163009e+01 1.427547e+01 0.000000e+00
      vertex   -4.200008e+01 1.569096e+01 0.000000e+00
      vertex   -4.237008e+01 1.427547e+01 0.000000e+00
    endloop
  endfacet
  facet normal 0.000000e+00 -0.000000e+00 1.000000e+00
    outer loop
      vertex   -4.237008e+01 1.427547e+01 0.000000e+00
      vertex   -4.200008e+01 1.569096e+01 0.000000e+00
      vertex   -4.245302e+01 1.575059e+01 0.000000e+00
    endloop
  endfacet
  facet normal 0.000000e+00 0.000000e+00 1.000000e+00
    outer loop
      vertex   -4.237008e+01 1.427547e+01 0.000000e+00
      vertex   -4.245302e+01 1.575059e+01 0.000000e+00
      vertex   -4.309011e+01 1.444613e+01 0.000000e+00
    endloop
  endfacet
  facet normal 0.000000e+00 0.000000e+00 1.000000e+00
    outer loop
      vertex   -4.309011e+01 1.444613e+01 0.000000e+00
      vertex   -4.245302e+01 1.575059e+01 0.000000e+00
      vertex   -4.287508e+01 1.592541e+01 0.000000e+00
    endloop
  endfacet
  facet normal 0.000000e+00 -0.000000e+00 1.000000e+00
    outer loop
      vertex   -4.309011e+01 1.444613e+01 0.000000e+00
      vertex   -4.287508e+01 1.592541e+01 0.000000e+00
      vertex   -4.375139e+01 1.477823e+01 0.000000e+00
    endloop
  endfacet
  facet normal 0.000000e+00 0.000000e+00 1.000000e+00
    outer loop
      vertex   -4.375139e+01 1.477823e+01 0.000000e+00
      vertex   -4.287508e+01 1.592541e+01 0.000000e+00
      vertex   -4.323752e+01 1.620352e+01 0.000000e+00
    endloop
  endfacet
  facet normal 0.000000e+00 -0.000000e+00 1.000000e+00
    outer loop
      vertex   -4.375139e+01 1.477823e+01 0.000000e+00
      vertex   -4.323752e+01 1.620352e+01 0.000000e+00
      vertex   -4.431825e+01 1.525388e+01 0.000000e+00
    endloop
  endfacet
  facet normal 0.000000e+00 0.000000e+00 1.000000e+00
    outer loop
      vertex   -4.431825e+01 1.525388e+01 0.000000e+00
      vertex   -4.323752e+01 1.620352e+01 0.000000e+00
      vertex   -4.351563e+01 1.656596e+01 0.000000e+00
    endloop
  endfacet
  facet normal 9.932384e-01 -1.160929e-01 0.000000e+00
    outer loop
      vertex   4.518707e+01 -4.655918e+01 0.000000e+00
      vertex   4.510116e+01 -4.729415e+01 0.000000e+00
      vertex   4.518707e+01 -4.655918e+01 -1.000000e+01
    endloop
  endfacet
  facet normal 9.932384e-01 -1.160929e-01 0.000000e+00
    outer loop
      vertex   4.518707e+01 -4.655918e+01 -1.000000e+01
      vertex   4.510116e+01 -4.729415e+01 0.000000e+00
      vertex   4.510116e+01 -4.729415e+01 -1.000000e+01
    endloop
  endfacet
  facet normal 9.396926e-01 -3.420201e-01 0.000000e+00
    outer loop
      vertex   4.510116e+01 -4.729415e+01 -1.000000e+01
      vertex   4.510116e+01 -4.729415e+01 0.000000e+00
      vertex   4.484808e+01 -4.798950e+01 0.000000e+00
    endloop
  endfacet
  facet normal 9.396926e-01 -3.420201e-01 0.000000e+00
    outer loop
      vertex   4.510116e+01 -4.729415e+01 -1.000000e+01
      vertex   4.484808e+01 -4.798950e+01 0.000000e+00
      vertex   4.484808e+01 -4.798950e+01 -1.000000e+01
    endloop
  endfacet
  facet normal 8.354878e-01 -5.495090e-01 0.000000e+00
    outer loop
      vertex   4.484808e+01 -4.798950e+01 -1.000000e+01
      vertex   4.484808e+01 -4.798950e+01 0.000000e+00
      vertex   4.444146e+01 -4.860774e+01 0.000000e+00
    endloop
  endfacet
  facet normal 8.354878e-01 -5.495090e-01 0.000000e+00
    outer loop
      vertex   4.484808e+01 -4.798950e+01 -1.000000e+01
      vertex   4.444146e+01 -4.860774e+01 0.000000e+00
      vertex   4.444146e+01 -4.860774e+01 -1.000000e+01
    endloop
  endfacet
  facet normal 6.862416e-01 -7.273736e-01 0.000000e+00
    outer loop
      vertex   4.444146e+01 -4.860774e+01 -1.000000e+01
      vertex   4.444146e+01 -4.860774e+01 0.000000e+00
      vertex   4.390322e+01 -4.911554e+01 0.000000e+00
    endloop
  endfacet
  facet normal 6.862416e-01 -7.273736e-01 0.000000e+00
    outer loop
      vertex   4.444146e+01 -4.860774e+01 -1.000000e+01
      vertex   4.390322e+01 -4.911554e+01 0.000000e+00
      vertex   4.390322e+01 -4.911554e+01 -1.000000e+01
    endloop
  endfacet
  facet normal 5.000000e-01 -8.660254e-01 0.000000e+00
    outer loop
      vertex   4.390322e+01 -4.911554e+01 -1.000000e+01
      vertex   4.390322e+01 -4.911554e+01 0.000000e+00
      vertex   4.326238e+01 -4.948552e+01 0.000000e+00
    endloop
  endfacet
  facet normal 5.000000e-01 -8.660254e-01 0.000000e+00
    outer loop
      vertex   4.390322e+01 -4.911554e+01 -1.000000e+01
      vertex   4.326238e+01 -4.948552e+01 0.000000e+00
      vertex   4.326238e+01 -4.948552e+01 -1.000000e+01
    endloop
  endfacet
  facet normal 2.868032e-01 -9.579895e-01 0.000000e+00
    outer loop
      vertex   4.326238e+01 -4.948552e+01 -1.000000e+01
      vertex   4.326238e+01 -4.948552e+01 0.000000e+00
      vertex   4.255350e+01 -4.969775e+01 0.000000e+00
    endloop
  endfacet
  facet normal 2.868032e-01 -9.579895e-01 0.000000e+00
    outer loop
      vertex   4.326238e+01 -4.948552e+01 -1.000000e+01
      vertex   4.255350e+01 -4.969775e+01 0.000000e+00
      vertex   4.255350e+01 -4.969775e+01 -1.000000e+01
    endloop
  endfacet
  facet normal 5.814483e-02 -9.983082e-01 0.000000e+00
    outer loop
      vertex   4.255350e+01 -4.969775e+01 -1.000000e+01
      vertex   4.255350e+01 -4.969775e+01 0.000000e+00
      vertex   4.181477e+01 -4.974078e+01 0.000000e+00
    endloop
  endfacet
  facet normal 5.814483e-02 -9.983082e-01 0.000000e+00
    outer loop
      vertex   4.255350e+01 -4.969775e+01 -1.000000e+01
      vertex   4.181477e+01 -4.974078e+01 0.000000e+00
      vertex   4.181477e+01 -4.974078e+01 -1.000000e+01
    endloop
  endfacet
  facet normal -1.736482e-01 -9.848078e-01 0.000000e+00
    outer loop
      vertex   4.181477e+01 -4.974078e+01 -1.000000e+01
      vertex   4.181477e+01 -4.974078e+01 0.000000e+00
      vertex   4.108604e+01 -4.961228e+01 0.000000e+00
    endloop
  endfacet
  facet normal -1.736482e-01 -9.848078e-01 0.000000e+00
    outer loop
      vertex   4.181477e+01 -4.974078e+01 -1.000000e+01
      vertex   4.108604e+01 -4.961228e+01 0.000000e+00
      vertex   4.108604e+01 -4.961228e+01 -1.000000e+01
    endloop
  endfacet
  facet normal -3.960798e-01 -9.182161e-01 0.000000e+00
    outer loop
      vertex   4.108604e+01 -4.961228e+01 -1.000000e+01
      vertex   4.108604e+01 -4.961228e+01 0.000000e+00
      vertex   4.040659e+01 -4.931919e+01 0.000000e+00
    endloop
  endfacet
  facet normal -3.960798e-01 -9.182161e-01 0.000000e+00
    outer loop
      vertex   4.108604e+01 -4.961228e+01 -1.000000e+01
      vertex   4.040659e+01 -4.931919e+01 0.000000e+00
      vertex   4.040659e+01 -4.931919e+01 -1.000000e+01
    endloop
  endfacet
  facet normal -5.971586e-01 -8.021232e-01 0.000000e+00
    outer loop
      vertex   4.040659e+01 -4.931919e+01 -1.000000e+01
      vertex   4.040659e+01 -4.931919e+01 0.000000e+00
      vertex   3.981304e+01 -4.887731e+01 0.000000e+00
    endloop
  endfacet
  facet normal -5.971586e-01 -8.021232e-01 0.000000e+00
    outer loop
      vertex   4.040659e+01 -4.931919e+01 -1.000000e+01
      vertex   3.981304e+01 -4.887731e+01 0.000000e+00
      vertex   3.981304e+01 -4.887731e+01 -1.000000e+01
    endloop
  endfacet
  facet normal -7.660444e-01 -6.427876e-01 0.000000e+00
    outer loop
      vertex   3.981304e+01 -4.887731e+01 -1.000000e+01
      vertex   3.981304e+01 -4.887731e+01 0.000000e+00
      vertex   3.933739e+01 -4.831046e+01 0.000000e+00
    endloop
  endfacet
  facet normal -7.660444e-01 -6.427876e-01 0.000000e+00
    outer loop
      vertex   3.981304e+01 -4.887731e+01 -1.000000e+01
      vertex   3.933739e+01 -4.831046e+01 0.000000e+00
      vertex   3.933739e+01 -4.831046e+01 -1.000000e+01
    endloop
  endfacet
  facet normal -8.936326e-01 -4.487992e-01 0.000000e+00
    outer loop
      vertex   3.933739e+01 -4.831046e+01 -1.000000e+01
      vertex   3.933739e+01 -4.831046e+01 0.000000e+00
      vertex   3.900529e+01 -4.764919e+01 0.000000e+00
    endloop
  endfacet
  facet normal -8.936326e-01 -4.487992e-01 0.000000e+00
    outer loop
      vertex   3.933739e+01 -4.831046e+01 -1.000000e+01
      vertex   3.900529e+01 -4.764919e+01 0.000000e+00
      vertex   3.900529e+01 -4.764919e+01 -1.000000e+01
    endloop
  endfacet
  facet normal -9.730449e-01 -2.306159e-01 0.000000e+00
    outer loop
      vertex   3.900529e+01 -4.764919e+01 -1.000000e+01
      vertex   3.900529e+01 -4.764919e+01 0.000000e+00
      vertex   3.883464e+01 -4.692917e+01 0.000000e+00
    endloop
  endfacet
  facet normal -9.730449e-01 -2.306159e-01 0.000000e+00
    outer loop
      vertex   3.900529e+01 -4.764919e+01 -1.000000e+01
      vertex   3.883464e+01 -4.692917e+01 0.000000e+00
      vertex   3.883464e+01 -4.692917e+01 -1.000000e+01
    endloop
  endfacet
  facet normal -1.000000e+00 0.000000e+00 0.000000e+00
    outer loop
      vertex   3.883464e+01 -4.692917e+01 -1.000000e+01
      vertex   3.883464e+01 -4.692917e+01 0.000000e+00
      vertex   3.883464e+01 -4.618919e+01 0.000000e+00
    endloop
  endfacet
  facet normal -1.000000e+00 0.000000e+00 0.000000e+00
    outer loop
      vertex   3.883464e+01 -4.692917e+01 -1.000000e+01
      vertex   3.883464e+01 -4.618919e+01 0.000000e+00
      vertex   3.883464e+01 -4.618919e+01 -1.000000e+01
    endloop
  endfacet
  facet normal -9.730449e-01 2.306159e-01 0.000000e+00
    outer loop
      vertex   3.883464e+01 -4.618919e+01 -1.000000e+01
      vertex   3.883464e+01 -4.618919e+01 0.000000e+00
      vertex   3.900529e+01 -4.546917e+01 0.000000e+00
    endloop
  endfacet
  facet normal -9.730449e-01 2.306159e-01 0.000000e+00
    outer loop
      vertex   3.883464e+01 -4.618919e+01 -1.000000e+01
      vertex   3.900529e+01 -4.546917e+01 0.000000e+00
      vertex   3.900529e+01 -4.546917e+01 -1.000000e+01
    endloop
  endfacet
  facet normal -8.936326e-01 4.487992e-01 0.000000e+00
    outer loop
      vertex   3.900529e+01 -4.546917e+01 -1.000000e+01
      vertex   3.900529e+01 -4.546917e+01 0.000000e+00
      vertex   3.933739e+01 -4.480790e+01 0.000000e+00
    endloop
  endfacet
  facet normal -8.936326e-01 4.487992e-01 0.000000e+00
    outer loop
      vertex   3.900529e+01 -4.546917e+01 -1.000000e+01
      vertex   3.933739e+01 -4.480790e+01 0.000000e+00
      vertex   3.933739e+01 -4.480790e+01 -1.000000e+01
    endloop
  endfacet
  facet normal -7.660444e-01 6.427876e-01 0.000000e+00
    outer loop
      vertex   3.933739e+01 -4.480790e+01 -1.000000e+01
      vertex   3.933739e+01 -4.480790e+01 0.000000e+00
      vertex   3.981304e+01 -4.424105e+01 0.000000e+00
    endloop
  endfacet
  facet normal -7.660444e-01 6.427876e-01 0.000000e+00
    outer loop
      vertex   3.933739e+01 -4.480790e+01 -1.000000e+01
      vertex   3.981304e+01 -4.424105e+01 0.000000e+00
      vertex   3.981304e+01 -4.424105e+01 -1.000000e+01
    endloop
  endfacet
  facet normal -5.971586e-01 8.021232e-01 0.000000e+00
    outer loop
      vertex   3.981304e+01 -4.424105e+01 -1.000000e+01
      vertex   3.981304e+01 -4.424105e+01 0.000000e+00
      vertex   4.040659e+01 -4.379917e+01 0.000000e+00
    endloop
  endfacet
  facet normal -5.971586e-01 8.021232e-01 0.000000e+00
    outer loop
      vertex   3.981304e+01 -4.424105e+01 -1.000000e+01
      vertex   4.040659e+01 -4.379917e+01 0.000000e+00
      vertex   4.040659e+01 -4.379917e+01 -1.000000e+01
    endloop
  endfacet
  facet normal -3.960798e-01 9.182161e-01 0.000000e+00
    outer loop
      vertex   4.040659e+01 -4.379917e+01 -1.000000e+01
      vertex   4.040659e+01 -4.379917e+01 0.000000e+00
      vertex   4.108604e+01 -4.350608e+01 0.000000e+00
    endloop
  endfacet
  facet normal -3.960798e-01 9.182161e-01 0.000000e+00
    outer loop
      vertex   4.040659e+01 -4.379917e+01 -1.000000e+01
      vertex   4.108604e+01 -4.350608e+01 0.000000e+00
      vertex   4.108604e+01 -4.350608e+01 -1.000000e+01
    endloop
  endfacet
  facet normal -1.736482e-01 9.848078e-01 0.000000e+00
    outer loop
      vertex   4.108604e+01 -4.350608e+01 -1.000000e+01
      vertex   4.108604e+01 -4.350608e+01 0.000000e+00
      vertex   4.181477e+01 -4.337758e+01 0.000000e+00
    endloop
  endfacet
  facet normal -1.736482e-01 9.848078e-01 0.000000e+00
    outer loop
      vertex   4.108604e+01 -4.350608e+01 -1.000000e+01
      vertex   4.181477e+01 -4.337758e+01 0.000000e+00
      vertex   4.181477e+01 -4.337758e+01 -1.000000e+01
    endloop
  endfacet
  facet normal 5.814483e-02 9.983082e-01 -0.000000e+00
    outer loop
      vertex   4.181477e+01 -4.337758e+01 -1.000000e+01
      vertex   4.181477e+01 -4.337758e+01 0.000000e+00
      vertex   4.255350e+01 -4.342061e+01 0.000000e+00
    endloop
  endfacet
  facet normal 5.814483e-02 9.983082e-01 0.000000e+00
    outer loop
      vertex   4.181477e+01 -4.337758e+01 -1.000000e+01
      vertex   4.255350e+01 -4.342061e+01 0.000000e+00
      vertex   4.255350e+01 -4.342061e+01 -1.000000e+01
    endloop
  endfacet
  facet normal 2.868032e-01 9.579895e-01 -0.000000e+00
    outer loop
      vertex   4.255350e+01 -4.342061e+01 -1.000000e+01
      vertex   4.255350e+01 -4.342061e+01 0.000000e+00
      vertex   4.326238e+01 -4.363284e+01 0.000000e+00
    endloop
  endfacet
  facet normal 2.868032e-01 9.579895e-01 0.000000e+00
    outer loop
      vertex   4.255350e+01 -4.342061e+01 -1.000000e+01
      vertex   4.326238e+01 -4.363284e+01 0.000000e+00
      vertex   4.326238e+01 -4.363284e+01 -1.000000e+01
    endloop
  endfacet
  facet normal 5.000000e-01 8.660254e-01 -0.000000e+00
    outer loop
      vertex   4.326238e+01 -4.363284e+01 -1.000000e+01
      vertex   4.326238e+01 -4.363284e+01 0.000000e+00
      vertex   4.390322e+01 -4.400282e+01 0.000000e+00
    endloop
  endfacet
  facet normal 5.000000e-01 8.660254e-01 0.000000e+00
    outer loop
      vertex   4.326238e+01 -4.363284e+01 -1.000000e+01
      vertex   4.390322e+01 -4.400282e+01 0.000000e+00
      vertex   4.390322e+01 -4.400282e+01 -1.000000e+01
    endloop
  endfacet
  facet normal 6.862416e-01 7.273736e-01 -0.000000e+00
    outer loop
      vertex   4.390322e+01 -4.400282e+01 -1.000000e+01
      vertex   4.390322e+01 -4.400282e+01 0.000000e+00
      vertex   4.444146e+01 -4.451062e+01 0.000000e+00
    endloop
  endfacet
  facet normal 6.862416e-01 7.273736e-01 0.000000e+00
    outer loop
      vertex   4.390322e+01 -4.400282e+01 -1.000000e+01
      vertex   4.444146e+01 -4.451062e+01 0.000000e+00
      vertex   4.444146e+01 -4.451062e+01 -1.000000e+01
    endloop
  endfacet
  facet normal 8.354878e-01 5.495090e-01 -0.000000e+00
    outer loop
      vertex   4.444146e+01 -4.451062e+01 -1.000000e+01
      vertex   4.444146e+01 -4.451062e+01 0.000000e+00
      vertex   4.484808e+01 -4.512886e+01 0.000000e+00
    endloop
  endfacet
  facet normal 8.354878e-01 5.495090e-01 0.000000e+00
    outer loop
      vertex   4.444146e+01 -4.451062e+01 -1.000000e+01
      vertex   4.484808e+01 -4.512886e+01 0.000000e+00
      vertex   4.484808e+01 -4.512886e+01 -1.000000e+01
    endloop
  endfacet
  facet normal 9.396926e-01 3.420201e-01 -0.000000e+00
    outer loop
      vertex   4.484808e+01 -4.512886e+01 -1.000000e+01
      vertex   4.484808e+01 -4.512886e+01 0.000000e+00
      vertex   4.510116e+01 -4.582421e+01 0.000000e+00
    endloop
  endfacet
  facet normal 9.396926e-01 3.420201e-01 0.000000e+00
    outer loop
      vertex   4.484808e+01 -4.512886e+01 -1.000000e+01
      vertex   4.510116e+01 -4.582421e+01 0.000000e+00
      vertex   4.510116e+01 -4.582421e+01 -1.000000e+01
    endloop
  endfacet
  facet normal 9.932384e-01 1.160929e-01 -0.000000e+00
    outer loop
      vertex   4.510116e+01 -4.582421e+01 -1.000000e+01
      vertex   4.510116e+01 -4.582421e+01 0.000000e+00
      vertex   4.518707e+01 -4.655918e+01 0.000000e+00
    endloop
  endfacet
  facet normal 9.932384e-01 1.160929e-01 0.000000e+00
    outer loop
      vertex   4.510116e+01 -4.582421e+01 -1.000000e+01
      vertex   4.518707e+01 -4.655918e+01 0.000000e+00
      vertex   4.518707e+01 -4.655918e+01 -1.000000e+01
    endloop
  endfacet
  facet normal 0.000000e+00 0.000000e+00 1.000000e+00
    outer loop
      vertex   4.030971e+01 -4.610625e+01 0.000000e+00
      vertex   3.883464e+01 -4.618919e+01 0.000000e+00
      vertex   4.025008e+01 -4.655918e+01 0.000000e+00
    endloop
  endfacet
  facet normal 0.000000e+00 0.000000e+00 1.000000e+00
    outer loop
      vertex   4.025008e+01 -4.655918e+01 0.000000e+00
      vertex   3.883464e+01 -4.618919e+01 0.000000e+00
      vertex   3.883464e+01 -4.692917e+01 0.000000e+00
    endloop
  endfacet
  facet normal 0.000000e+00 0.000000e+00 1.000000e+00
    outer loop
      vertex   4.025008e+01 -4.655918e+01 0.000000e+00
      vertex   3.883464e+01 -4.692917e+01 0.000000e+00
      vertex   4.030971e+01 -4.701211e+01 0.000000e+00
    endloop
  endfacet
  facet normal 0.000000e+00 0.000000e+00 1.000000e+00
    outer loop
      vertex   4.030971e+01 -4.701211e+01 0.000000e+00
      vertex   3.883464e+01 -4.692917e+01 0.000000e+00
      vertex   3.900529e+01 -4.764919e+01 0.000000e+00
    endloop
  endfacet
  facet normal 0.000000e+00 0.000000e+00 1.000000e+00
    outer loop
      vertex   4.030971e+01 -4.701211e+01 0.000000e+00
      vertex   3.900529e+01 -4.764919e+01 0.000000e+00
      vertex   4.048454e+01 -4.743418e+01 0.000000e+00
    endloop
  endfacet
  facet normal 0.000000e+00 0.000000e+00 1.000000e+00
    outer loop
      vertex   4.048454e+01 -4.743418e+01 0.000000e+00
      vertex   3.900529e+01 -4.764919e+01 0.000000e+00
      vertex   3.933739e+01 -4.831046e+01 0.000000e+00
    endloop
  endfacet
  facet normal 0.000000e+00 0.000000e+00 1.000000e+00
    outer loop
      vertex   4.048454e+01 -4.743418e+01 0.000000e+00
      vertex   3.933739e+01 -4.831046e+01 0.000000e+00
      vertex   4.076264e+01 -4.779662e+01 0.000000e+00
    endloop
  endfacet
  facet normal 0.000000e+00 0.000000e+00 1.000000e+00
    outer loop
      vertex   4.076264e+01 -4.779662e+01 0.000000e+00
      vertex   3.933739e+01 -4.831046e+01 0.000000e+00
      vertex   3.981304e+01 -4.887731e+01 0.000000e+00
    endloop
  endfacet
  facet normal 0.000000e+00 0.000000e+00 1.000000e+00
    outer loop
      vertex   4.076264e+01 -4.779662e+01 0.000000e+00
      vertex   3.981304e+01 -4.887731e+01 0.000000e+00
      vertex   4.112508e+01 -4.807472e+01 0.000000e+00
    endloop
  endfacet
  facet normal 0.000000e+00 0.000000e+00 1.000000e+00
    outer loop
      vertex   4.112508e+01 -4.807472e+01 0.000000e+00
      vertex   3.981304e+01 -4.887731e+01 0.000000e+00
      vertex   4.040659e+01 -4.931919e+01 0.000000e+00
    endloop
  endfacet
  facet normal 0.000000e+00 0.000000e+00 1.000000e+00
    outer loop
      vertex   4.112508e+01 -4.807472e+01 0.000000e+00
      vertex   4.040659e+01 -4.931919e+01 0.000000e+00
      vertex   4.108604e+01 -4.961228e+01 0.000000e+00
    endloop
  endfacet
  facet normal 0.000000e+00 0.000000e+00 1.000000e+00
    outer loop
      vertex   3.883464e+01 -4.618919e+01 0.000000e+00
      vertex   4.030971e+01 -4.610625e+01 0.000000e+00
      vertex   3.900529e+01 -4.546917e+01 0.000000e+00
    endloop
  endfacet
  facet normal 0.000000e+00 0.000000e+00 1.000000e+00
    outer loop
      vertex   3.900529e+01 -4.546917e+01 0.000000e+00
      vertex   4.030971e+01 -4.610625e+01 0.000000e+00
      vertex   4.048454e+01 -4.568418e+01 0.000000e+00
    endloop
  endfacet
  facet normal -0.000000e+00 0.000000e+00 1.000000e+00
    outer loop
      vertex   3.900529e+01 -4.546917e+01 0.000000e+00
      vertex   4.048454e+01 -4.568418e+01 0.000000e+00
      vertex   3.933739e+01 -4.480790e+01 0.000000e+00
    endloop
  endfacet
  facet normal 0.000000e+00 0.000000e+00 1.000000e+00
    outer loop
      vertex   3.933739e+01 -4.480790e+01 0.000000e+00
      vertex   4.048454e+01 -4.568418e+01 0.000000e+00
      vertex   4.076264e+01 -4.532174e+01 0.000000e+00
    endloop
  endfacet
  facet normal -0.000000e+00 0.000000e+00 1.000000e+00
    outer loop
      vertex   3.933739e+01 -4.480790e+01 0.000000e+00
      vertex   4.076264e+01 -4.532174e+01 0.000000e+00
      vertex   3.981304e+01 -4.424105e+01 0.000000e+00
    endloop
  endfacet
  facet normal 0.000000e+00 0.000000e+00 1.000000e+00
    outer loop
      vertex   3.981304e+01 -4.424105e+01 0.000000e+00
      vertex   4.076264e+01 -4.532174e+01 0.000000e+00
      vertex   4.112508e+01 -4.504364e+01 0.000000e+00
    endloop
  endfacet
  facet normal -0.000000e+00 0.000000e+00 1.000000e+00
    outer loop
      vertex   3.981304e+01 -4.424105e+01 0.000000e+00
      vertex   4.112508e+01 -4.504364e+01 0.000000e+00
      vertex   4.040659e+01 -4.379917e+01 0.000000e+00
    endloop
  endfacet
  facet normal -0.000000e+00 0.000000e+00 1.000000e+00
    outer loop
      vertex   4.040659e+01 -4.379917e+01 0.000000e+00
      vertex   4.112508e+01 -4.504364e+01 0.000000e+00
      vertex   4.108604e+01 -4.350608e+01 0.000000e+00
    endloop
  endfacet
  facet normal 0.000000e+00 0.000000e+00 1.000000e+00
    outer loop
      vertex   4.108604e+01 -4.350608e+01 0.000000e+00
      vertex   4.112508e+01 -4.504364e+01 0.000000e+00
      vertex   4.154715e+01 -4.486881e+01 0.000000e+00
    endloop
  endfacet
  facet normal -0.000000e+00 0.000000e+00 1.000000e+00
    outer loop
      vertex   4.108604e+01 -4.350608e+01 0.000000e+00
      vertex   4.154715e+01 -4.486881e+01 0.000000e+00
      vertex   4.181477e+01 -4.337758e+01 0.000000e+00
    endloop
  endfacet
  facet normal 0.000000e+00 0.000000e+00 1.000000e+00
    outer loop
      vertex   4.181477e+01 -4.337758e+01 0.000000e+00
      vertex   4.154715e+01 -4.486881e+01 0.000000e+00
      vertex   4.200008e+01 -4.480918e+01 0.000000e+00
    endloop
  endfacet
  facet normal 0.000000e+00 0.000000e+00 1.000000e+00
    outer loop
      vertex   4.181477e+01 -4.337758e+01 0.000000e+00
      vertex   4.200008e+01 -4.480918e+01 0.000000e+00
      vertex   4.255350e+01 -4.342061e+01 0.000000e+00
    endloop
  endfacet
  facet normal 0.000000e+00 0.000000e+00 1.000000e+00
    outer loop
      vertex   4.255350e+01 -4.342061e+01 0.000000e+00
      vertex   4.200008e+01 -4.480918e+01 0.000000e+00
      vertex   4.245301e+01 -4.486881e+01 0.000000e+00
    endloop
  endfacet
  facet normal 0.000000e+00 0.000000e+00 1.000000e+00
    outer loop
      vertex   4.255350e+01 -4.342061e+01 0.000000e+00
      vertex   4.245301e+01 -4.486881e+01 0.000000e+00
      vertex   4.326238e+01 -4.363284e+01 0.000000e+00
    endloop
  endfacet
  facet normal 0.000000e+00 0.000000e+00 1.000000e+00
    outer loop
      vertex   4.326238e+01 -4.363284e+01 0.000000e+00
      vertex   4.245301e+01 -4.486881e+01 0.000000e+00
      vertex   4.287508e+01 -4.504364e+01 0.000000e+00
    endloop
  endfacet
  facet normal 0.000000e+00 0.000000e+00 1.000000e+00
    outer loop
      vertex   4.326238e+01 -4.363284e+01 0.000000e+00
      vertex   4.287508e+01 -4.504364e+01 0.000000e+00
      vertex   4.390322e+01 -4.400282e+01 0.000000e+00
    endloop
  endfacet
  facet normal 0.000000e+00 0.000000e+00 1.000000e+00
    outer loop
      vertex   4.390322e+01 -4.400282e+01 0.000000e+00
      vertex   4.287508e+01 -4.504364e+01 0.000000e+00
      vertex   4.323752e+01 -4.532174e+01 0.000000e+00
    endloop
  endfacet
  facet normal 0.000000e+00 0.000000e+00 1.000000e+00
    outer loop
      vertex   4.390322e+01 -4.400282e+01 0.000000e+00
      vertex   4.323752e+01 -4.532174e+01 0.000000e+00
      vertex   4.444146e+01 -4.451062e+01 0.000000e+00
    endloop
  endfacet
  facet normal 0.000000e+00 0.000000e+00 1.000000e+00
    outer loop
      vertex   4.444146e+01 -4.451062e+01 0.000000e+00
      vertex   4.323752e+01 -4.532174e+01 0.000000e+00
      vertex   4.351563e+01 -4.568418e+01 0.000000e+00
    endloop
  endfacet
  facet normal 0.000000e+00 0.000000e+00 1.000000e+00
    outer loop
      vertex   4.444146e+01 -4.451062e+01 0.000000e+00
      vertex   4.351563e+01 -4.568418e+01 0.000000e+00
      vertex   4.484808e+01 -4.512886e+01 0.000000e+00
    endloop
  endfacet
  facet normal 0.000000e+00 0.000000e+00 1.000000e+00
    outer loop
      vertex   4.484808e+01 -4.512886e+01 0.000000e+00
      vertex   4.351563e+01 -4.568418e+01 0.000000e+00
      vertex   4.369045e+01 -4.610625e+01 0.000000e+00
    endloop
  endfacet
  facet normal 0.000000e+00 0.000000e+00 1.000000e+00
    outer loop
      vertex   4.484808e+01 -4.512886e+01 0.000000e+00
      vertex   4.369045e+01 -4.610625e+01 0.000000e+00
      vertex   4.510116e+01 -4.582421e+01 0.000000e+00
    endloop
  endfacet
  facet normal 0.000000e+00 0.000000e+00 1.000000e+00
    outer loop
      vertex   4.510116e+01 -4.582421e+01 0.000000e+00
      vertex   4.369045e+01 -4.610625e+01 0.000000e+00
      vertex   4.375008e+01 -4.655918e+01 0.000000e+00
    endloop
  endfacet
  facet normal 0.000000e+00 0.000000e+00 1.000000e+00
    outer loop
      vertex   4.510116e+01 -4.582421e+01 0.000000e+00
      vertex   4.375008e+01 -4.655918e+01 0.000000e+00
      vertex   4.518707e+01 -4.655918e+01 0.000000e+00
    endloop
  endfacet
  facet normal 0.000000e+00 0.000000e+00 1.000000e+00
    outer loop
      vertex   4.518707e+01 -4.655918e+01 0.000000e+00
      vertex   4.375008e+01 -4.655918e+01 0.000000e+00
      vertex   4.510116e+01 -4.729415e+01 0.000000e+00
    endloop
  endfacet
  facet normal 0.000000e+00 0.000000e+00 1.000000e+00
    outer loop
      vertex   4.510116e+01 -4.729415e+01 0.000000e+00
      vertex   4.375008e+01 -4.655918e+01 0.000000e+00
      vertex   4.369045e+01 -4.701211e+01 0.000000e+00
    endloop
  endfacet
  facet normal 0.000000e+00 0.000000e+00 1.000000e+00
    outer loop
      vertex   4.510116e+01 -4.729415e+01 0.000000e+00
      vertex   4.369045e+01 -4.701211e+01 0.000000e+00
      vertex   4.484808e+01 -4.798950e+01 0.000000e+00
    endloop
  endfacet
  facet normal 0.000000e+00 0.000000e+00 1.000000e+00
    outer loop
      vertex   4.484808e+01 -4.798950e+01 0.000000e+00
      vertex   4.369045e+01 -4.701211e+01 0.000000e+00
      vertex   4.351563e+01 -4.743418e+01 0.000000e+00
    endloop
  endfacet
  facet normal 0.000000e+00 0.000000e+00 1.000000e+00
    outer loop
      vertex   4.484808e+01 -4.798950e+01 0.000000e+00
      vertex   4.351563e+01 -4.743418e+01 0.000000e+00
      vertex   4.444146e+01 -4.860774e+01 0.000000e+00
    endloop
  endfacet
  facet normal 0.000000e+00 0.000000e+00 1.000000e+00
    outer loop
      vertex   4.444146e+01 -4.860774e+01 0.000000e+00
      vertex   4.351563e+01 -4.743418e+01 0.000000e+00
      vertex   4.323752e+01 -4.779662e+01 0.000000e+00
    endloop
  endfacet
  facet normal 0.000000e+00 0.000000e+00 1.000000e+00
    outer loop
      vertex   4.444146e+01 -4.860774e+01 0.000000e+00
      vertex   4.323752e+01 -4.779662e+01 0.000000e+00
      vertex   4.390322e+01 -4.911554e+01 0.000000e+00
    endloop
  endfacet
  facet normal 0.000000e+00 0.000000e+00 1.000000e+00
    outer loop
      vertex   4.390322e+01 -4.911554e+01 0.000000e+00
      vertex   4.323752e+01 -4.779662e+01 0.000000e+00
      vertex   4.287508e+01 -4.807472e+01 0.000000e+00
    endloop
  endfacet
  facet normal 0.000000e+00 0.000000e+00 1.000000e+00
    outer loop
      vertex   4.390322e+01 -4.911554e+01 0.000000e+00
      vertex   4.287508e+01 -4.807472e+01 0.000000e+00
      vertex   4.326238e+01 -4.948552e+01 0.000000e+00
    endloop
  endfacet
  facet normal 0.000000e+00 0.000000e+00 1.000000e+00
    outer loop
      vertex   4.326238e+01 -4.948552e+01 0.000000e+00
      vertex   4.287508e+01 -4.807472e+01 0.000000e+00
      vertex   4.245301e+01 -4.824955e+01 0.000000e+00
    endloop
  endfacet
  facet normal 0.000000e+00 0.000000e+00 1.000000e+00
    outer loop
      vertex   4.326238e+01 -4.948552e+01 0.000000e+00
      vertex   4.245301e+01 -4.824955e+01 0.000000e+00
      vertex   4.255350e+01 -4.969775e+01 0.000000e+00
    endloop
  endfacet
  facet normal 0.000000e+00 0.000000e+00 1.000000e+00
    outer loop
      vertex   4.255350e+01 -4.969775e+01 0.000000e+00
      vertex   4.245301e+01 -4.824955e+01 0.000000e+00
      vertex   4.200008e+01 -4.830918e+01 0.000000e+00
    endloop
  endfacet
  facet normal 0.000000e+00 0.000000e+00 1.000000e+00
    outer loop
      vertex   4.255350e+01 -4.969775e+01 0.000000e+00
      vertex   4.200008e+01 -4.830918e+01 0.000000e+00
      vertex   4.181477e+01 -4.974078e+01 0.000000e+00
    endloop
  endfacet
  facet normal 0.000000e+00 -0.000000e+00 1.000000e+00
    outer loop
      vertex   4.181477e+01 -4.974078e+01 0.000000e+00
      vertex   4.200008e+01 -4.830918e+01 0.000000e+00
      vertex   4.154715e+01 -4.824955e+01 0.000000e+00
    endloop
  endfacet
  facet normal 0.000000e+00 0.000000e+00 1.000000e+00
    outer loop
      vertex   4.181477e+01 -4.974078e+01 0.000000e+00
      vertex   4.154715e+01 -4.824955e+01 0.000000e+00
      vertex   4.108604e+01 -4.961228e+01 0.000000e+00
    endloop
  endfacet
  facet normal 0.000000e+00 0.000000e+00 1.000000e+00
    outer loop
      vertex   4.108604e+01 -4.961228e+01 0.000000e+00
      vertex   4.154715e+01 -4.824955e+01 0.000000e+00
      vertex   4.112508e+01 -4.807472e+01 0.000000e+00
    endloop
  endfacet
  facet normal -1.174044e-01 9.930842e-01 -3.528144e-16
    outer loop
      vertex   4.200008e+01 2.062799e+01 0.000000e+00
      vertex   4.200008e+01 2.062799e+01 -1.000000e+01
      vertex   4.125691e+01 2.054013e+01 0.000000e+00
    endloop
  endfacet
  facet normal -1.174044e-01 9.930842e-01 0.000000e+00
    outer loop
      vertex   4.125691e+01 2.054013e+01 0.000000e+00
      vertex   4.200008e+01 2.062799e+01 -1.000000e+01
      vertex   4.125691e+01 2.054013e+01 -1.000000e+01
    endloop
  endfacet
  facet normal -3.457401e-01 9.383303e-01 0.000000e+00
    outer loop
      vertex   4.125691e+01 2.054013e+01 0.000000e+00
      vertex   4.125691e+01 2.054013e+01 -1.000000e+01
      vertex   4.055472e+01 2.028140e+01 0.000000e+00
    endloop
  endfacet
  facet normal -3.457401e-01 9.383303e-01 0.000000e+00
    outer loop
      vertex   4.055472e+01 2.028140e+01 0.000000e+00
      vertex   4.125691e+01 2.054013e+01 -1.000000e+01
      vertex   4.055472e+01 2.028140e+01 -1.000000e+01
    endloop
  endfacet
  facet normal -5.550134e-01 8.318414e-01 0.000000e+00
    outer loop
      vertex   4.055472e+01 2.028140e+01 0.000000e+00
      vertex   4.055472e+01 2.028140e+01 -1.000000e+01
      vertex   3.993222e+01 1.986606e+01 0.000000e+00
    endloop
  endfacet
  facet normal -5.550134e-01 8.318414e-01 0.000000e+00
    outer loop
      vertex   3.993222e+01 1.986606e+01 0.000000e+00
      vertex   4.055472e+01 2.028140e+01 -1.000000e+01
      vertex   3.993222e+01 1.986606e+01 -1.000000e+01
    endloop
  endfacet
  facet normal -7.336859e-01 6.794888e-01 0.000000e+00
    outer loop
      vertex   3.993222e+01 1.986606e+01 0.000000e+00
      vertex   3.993222e+01 1.986606e+01 -1.000000e+01
      vertex   3.942373e+01 1.931701e+01 0.000000e+00
    endloop
  endfacet
  facet normal -7.336859e-01 6.794888e-01 -2.799123e-16
    outer loop
      vertex   3.942373e+01 1.931701e+01 0.000000e+00
      vertex   3.993222e+01 1.986606e+01 -1.000000e+01
      vertex   3.942373e+01 1.931701e+01 -1.000000e+01
    endloop
  endfacet
  facet normal -8.719065e-01 4.896724e-01 -4.455602e-16
    outer loop
      vertex   3.942373e+01 1.931701e+01 0.000000e+00
      vertex   3.942373e+01 1.931701e+01 -1.000000e+01
      vertex   3.905728e+01 1.866452e+01 0.000000e+00
    endloop
  endfacet
  facet normal -8.719065e-01 4.896724e-01 1.739666e-16
    outer loop
      vertex   3.905728e+01 1.866452e+01 0.000000e+00
      vertex   3.942373e+01 1.931701e+01 -1.000000e+01
      vertex   3.905728e+01 1.866452e+01 -1.000000e+01
    endloop
  endfacet
  facet normal -9.620544e-01 2.728579e-01 9.693859e-17
    outer loop
      vertex   3.905728e+01 1.866452e+01 0.000000e+00
      vertex   3.905728e+01 1.866452e+01 -1.000000e+01
      vertex   3.885309e+01 1.794458e+01 0.000000e+00
    endloop
  endfacet
  facet normal -9.620544e-01 2.728579e-01 9.693859e-17
    outer loop
      vertex   3.885309e+01 1.794458e+01 0.000000e+00
      vertex   3.905728e+01 1.866452e+01 -1.000000e+01
      vertex   3.885309e+01 1.794458e+01 -1.000000e+01
    endloop
  endfacet
  facet normal -9.991592e-01 4.099925e-02 1.456586e-17
    outer loop
      vertex   3.885309e+01 1.794458e+01 0.000000e+00
      vertex   3.885309e+01 1.794458e+01 -1.000000e+01
      vertex   3.882241e+01 1.719686e+01 0.000000e+00
    endloop
  endfacet
  facet normal -9.991592e-01 4.099925e-02 0.000000e+00
    outer loop
      vertex   3.882241e+01 1.719686e+01 0.000000e+00
      vertex   3.885309e+01 1.794458e+01 -1.000000e+01
      vertex   3.882241e+01 1.719686e+01 -1.000000e+01
    endloop
  endfacet
  facet normal -9.811752e-01 -1.931199e-01 -0.000000e+00
    outer loop
      vertex   3.882241e+01 1.719686e+01 0.000000e+00
      vertex   3.882241e+01 1.719686e+01 -1.000000e+01
      vertex   3.896693e+01 1.646261e+01 0.000000e+00
    endloop
  endfacet
  facet normal -9.811752e-01 -1.931199e-01 -0.000000e+00
    outer loop
      vertex   3.896693e+01 1.646261e+01 0.000000e+00
      vertex   3.882241e+01 1.719686e+01 -1.000000e+01
      vertex   3.896693e+01 1.646261e+01 -1.000000e+01
    endloop
  endfacet
  facet normal -9.090939e-01 -4.165913e-01 -0.000000e+00
    outer loop
      vertex   3.896693e+01 1.646261e+01 0.000000e+00
      vertex   3.896693e+01 1.646261e+01 -1.000000e+01
      vertex   3.927868e+01 1.578229e+01 0.000000e+00
    endloop
  endfacet
  facet normal -9.090939e-01 -4.165913e-01 5.719486e-16
    outer loop
      vertex   3.927868e+01 1.578229e+01 0.000000e+00
      vertex   3.896693e+01 1.646261e+01 -1.000000e+01
      vertex   3.927868e+01 1.578229e+01 -1.000000e+01
    endloop
  endfacet
  facet normal -7.868896e-01 -6.170939e-01 4.495008e-16
    outer loop
      vertex   3.927868e+01 1.578229e+01 0.000000e+00
      vertex   3.927868e+01 1.578229e+01 -1.000000e+01
      vertex   3.974048e+01 1.519343e+01 0.000000e+00
    endloop
  endfacet
  facet normal -7.868896e-01 -6.170939e-01 -0.000000e+00
    outer loop
      vertex   3.974048e+01 1.519343e+01 0.000000e+00
      vertex   3.927868e+01 1.578229e+01 -1.000000e+01
      vertex   3.974048e+01 1.519343e+01 -1.000000e+01
    endloop
  endfacet
  facet normal -6.212999e-01 -7.835729e-01 -0.000000e+00
    outer loop
      vertex   3.974048e+01 1.519343e+01 0.000000e+00
      vertex   3.974048e+01 1.519343e+01 -1.000000e+01
      vertex   4.032686e+01 1.472848e+01 0.000000e+00
    endloop
  endfacet
  facet normal -6.212999e-01 -7.835729e-01 -0.000000e+00
    outer loop
      vertex   4.032686e+01 1.472848e+01 0.000000e+00
      vertex   3.974048e+01 1.519343e+01 -1.000000e+01
      vertex   4.032686e+01 1.472848e+01 -1.000000e+01
    endloop
  endfacet
  facet normal -4.214548e-01 -9.068494e-01 -0.000000e+00
    outer loop
      vertex   4.032686e+01 1.472848e+01 0.000000e+00
      vertex   4.032686e+01 1.472848e+01 -1.000000e+01
      vertex   4.100550e+01 1.441309e+01 0.000000e+00
    endloop
  endfacet
  facet normal -4.214548e-01 -9.068494e-01 -0.000000e+00
    outer loop
      vertex   4.100550e+01 1.441309e+01 0.000000e+00
      vertex   4.032686e+01 1.472848e+01 -1.000000e+01
      vertex   4.100550e+01 1.441309e+01 -1.000000e+01
    endloop
  endfacet
  facet normal -1.983727e-01 -9.801267e-01 -0.000000e+00
    outer loop
      vertex   4.100550e+01 1.441309e+01 0.000000e+00
      vertex   4.100550e+01 1.441309e+01 -1.000000e+01
      vertex   4.173897e+01 1.426464e+01 0.000000e+00
    endloop
  endfacet
  facet normal -1.983727e-01 -9.801267e-01 -0.000000e+00
    outer loop
      vertex   4.173897e+01 1.426464e+01 0.000000e+00
      vertex   4.100550e+01 1.441309e+01 -1.000000e+01
      vertex   4.173897e+01 1.426464e+01 -1.000000e+01
    endloop
  endfacet
  facet normal 3.564676e-02 -9.993645e-01 0.000000e+00
    outer loop
      vertex   4.173897e+01 1.426464e+01 0.000000e+00
      vertex   4.173897e+01 1.426464e+01 -1.000000e+01
      vertex   4.248684e+01 1.429131e+01 0.000000e+00
    endloop
  endfacet
  facet normal 3.564676e-02 -9.993645e-01 0.000000e+00
    outer loop
      vertex   4.248684e+01 1.429131e+01 0.000000e+00
      vertex   4.173897e+01 1.426464e+01 -1.000000e+01
      vertex   4.248684e+01 1.429131e+01 -1.000000e+01
    endloop
  endfacet
  facet normal 2.677008e-01 -9.635021e-01 0.000000e+00
    outer loop
      vertex   4.248684e+01 1.429131e+01 0.000000e+00
      vertex   4.248684e+01 1.429131e+01 -1.000000e+01
      vertex   4.320787e+01 1.449165e+01 0.000000e+00
    endloop
  endfacet
  facet normal 2.677008e-01 -9.635021e-01 0.000000e+00
    outer loop
      vertex   4.320787e+01 1.449165e+01 0.000000e+00
      vertex   4.248684e+01 1.429131e+01 -1.000000e+01
      vertex   4.320787e+01 1.449165e+01 -1.000000e+01
    endloop
  endfacet
  facet normal 4.849951e-01 -8.745169e-01 0.000000e+00
    outer loop
      vertex   4.320787e+01 1.449165e+01 0.000000e+00
      vertex   4.320787e+01 1.449165e+01 -1.000000e+01
      vertex   4.386231e+01 1.485459e+01 0.000000e+00
    endloop
  endfacet
  facet normal 4.849951e-01 -8.745169e-01 0.000000e+00
    outer loop
      vertex   4.386231e+01 1.485459e+01 0.000000e+00
      vertex   4.320787e+01 1.449165e+01 -1.000000e+01
      vertex   4.386231e+01 1.485459e+01 -1.000000e+01
    endloop
  endfacet
  facet normal 6.755491e-01 -7.373150e-01 0.000000e+00
    outer loop
      vertex   4.386231e+01 1.485459e+01 0.000000e+00
      vertex   4.386231e+01 1.485459e+01 -1.000000e+01
      vertex   4.441407e+01 1.536013e+01 0.000000e+00
    endloop
  endfacet
  facet normal 6.755491e-01 -7.373150e-01 0.000000e+00
    outer loop
      vertex   4.441407e+01 1.536013e+01 0.000000e+00
      vertex   4.386231e+01 1.485459e+01 -1.000000e+01
      vertex   4.441407e+01 1.536013e+01 -1.000000e+01
    endloop
  endfacet
  facet normal 8.288566e-01 -5.594611e-01 0.000000e+00
    outer loop
      vertex   4.441407e+01 1.536013e+01 0.000000e+00
      vertex   4.441407e+01 1.536013e+01 -1.000000e+01
      vertex   4.483274e+01 1.598040e+01 0.000000e+00
    endloop
  endfacet
  facet normal 8.288566e-01 -5.594611e-01 0.000000e+00
    outer loop
      vertex   4.483274e+01 1.598040e+01 0.000000e+00
      vertex   4.441407e+01 1.536013e+01 -1.000000e+01
      vertex   4.483274e+01 1.598040e+01 -1.000000e+01
    endloop
  endfacet
  facet normal 9.364649e-01 -3.507612e-01 0.000000e+00
    outer loop
      vertex   4.483274e+01 1.598040e+01 0.000000e+00
      vertex   4.483274e+01 1.598040e+01 -1.000000e+01
      vertex   4.509523e+01 1.668120e+01 0.000000e+00
    endloop
  endfacet
  facet normal 9.364649e-01 -3.507612e-01 0.000000e+00
    outer loop
      vertex   4.509523e+01 1.668120e+01 0.000000e+00
      vertex   4.483274e+01 1.598040e+01 -1.000000e+01
      vertex   4.509523e+01 1.668120e+01 -1.000000e+01
    endloop
  endfacet
  facet normal 9.924411e-01 -1.227221e-01 0.000000e+00
    outer loop
      vertex   4.509523e+01 1.668120e+01 0.000000e+00
      vertex   4.509523e+01 1.668120e+01 -1.000000e+01
      vertex   4.518707e+01 1.742389e+01 0.000000e+00
    endloop
  endfacet
  facet normal 9.924411e-01 -1.227221e-01 0.000000e+00
    outer loop
      vertex   4.518707e+01 1.742389e+01 0.000000e+00
      vertex   4.509523e+01 1.668120e+01 -1.000000e+01
      vertex   4.518707e+01 1.742389e+01 -1.000000e+01
    endloop
  endfacet
  facet normal 1.115843e-01 9.937550e-01 -3.530527e-16
    outer loop
      vertex   4.200008e+01 2.062799e+01 -1.000000e+01
      vertex   4.200008e+01 2.062799e+01 0.000000e+00
      vertex   4.270689e+01 2.054863e+01 -1.000000e+01
    endloop
  endfacet
  facet normal 1.115843e-01 9.937550e-01 -0.000000e+00
    outer loop
      vertex   4.270689e+01 2.054863e+01 -1.000000e+01
      vertex   4.200008e+01 2.062799e+01 0.000000e+00
      vertex   4.270689e+01 2.054863e+01 0.000000e+00
    endloop
  endfacet
  facet normal 3.291954e-01 9.442618e-01 -0.000000e+00
    outer loop
      vertex   4.270689e+01 2.054863e+01 -1.000000e+01
      vertex   4.270689e+01 2.054863e+01 0.000000e+00
      vertex   4.337849e+01 2.031449e+01 -1.000000e+01
    endloop
  endfacet
  facet normal 3.291954e-01 9.442618e-01 -0.000000e+00
    outer loop
      vertex   4.337849e+01 2.031449e+01 -1.000000e+01
      vertex   4.270689e+01 2.054863e+01 0.000000e+00
      vertex   4.337849e+01 2.031449e+01 0.000000e+00
    endloop
  endfacet
  facet normal 5.304113e-01 8.477404e-01 -0.000000e+00
    outer loop
      vertex   4.337849e+01 2.031449e+01 -1.000000e+01
      vertex   4.337849e+01 2.031449e+01 0.000000e+00
      vertex   4.398144e+01 1.993724e+01 -1.000000e+01
    endloop
  endfacet
  facet normal 5.304113e-01 8.477404e-01 -0.000000e+00
    outer loop
      vertex   4.398144e+01 1.993724e+01 -1.000000e+01
      vertex   4.337849e+01 2.031449e+01 0.000000e+00
      vertex   4.398144e+01 1.993724e+01 0.000000e+00
    endloop
  endfacet
  facet normal 7.052105e-01 7.089980e-01 -0.000000e+00
    outer loop
      vertex   4.398144e+01 1.993724e+01 -1.000000e+01
      vertex   4.398144e+01 1.993724e+01 0.000000e+00
      vertex   4.448571e+01 1.943566e+01 -1.000000e+01
    endloop
  endfacet
  facet normal 7.052105e-01 7.089980e-01 -2.518867e-16
    outer loop
      vertex   4.448571e+01 1.943566e+01 -1.000000e+01
      vertex   4.398144e+01 1.993724e+01 0.000000e+00
      vertex   4.448571e+01 1.943566e+01 0.000000e+00
    endloop
  endfacet
  facet normal 8.448872e-01 5.349445e-01 -1.900505e-16
    outer loop
      vertex   4.448571e+01 1.943566e+01 -1.000000e+01
      vertex   4.448571e+01 1.943566e+01 0.000000e+00
      vertex   4.486619e+01 1.883474e+01 -1.000000e+01
    endloop
  endfacet
  facet normal 8.448872e-01 5.349445e-01 -1.900505e-16
    outer loop
      vertex   4.486619e+01 1.883474e+01 -1.000000e+01
      vertex   4.448571e+01 1.943566e+01 0.000000e+00
      vertex   4.486619e+01 1.883474e+01 0.000000e+00
    endloop
  endfacet
  facet normal 9.424850e-01 3.342486e-01 -1.187489e-16
    outer loop
      vertex   4.486619e+01 1.883474e+01 -1.000000e+01
      vertex   4.486619e+01 1.883474e+01 0.000000e+00
      vertex   4.510392e+01 1.816440e+01 -1.000000e+01
    endloop
  endfacet
  facet normal 9.424850e-01 3.342486e-01 -0.000000e+00
    outer loop
      vertex   4.510392e+01 1.816440e+01 -1.000000e+01
      vertex   4.486619e+01 1.883474e+01 0.000000e+00
      vertex   4.510392e+01 1.816440e+01 0.000000e+00
    endloop
  endfacet
  facet normal 9.931430e-01 1.169056e-01 -0.000000e+00
    outer loop
      vertex   4.510392e+01 1.816440e+01 -1.000000e+01
      vertex   4.510392e+01 1.816440e+01 0.000000e+00
      vertex   4.518707e+01 1.745803e+01 -1.000000e+01
    endloop
  endfacet
  facet normal 9.931430e-01 1.169056e-01 -0.000000e+00
    outer loop
      vertex   4.518707e+01 1.745803e+01 -1.000000e+01
      vertex   4.510392e+01 1.816440e+01 0.000000e+00
      vertex   4.518707e+01 1.745803e+01 0.000000e+00
    endloop
  endfacet
  facet normal 0.000000e+00 0.000000e+00 1.000000e+00
    outer loop
      vertex   4.030971e+01 1.789389e+01 0.000000e+00
      vertex   3.885309e+01 1.794458e+01 0.000000e+00
      vertex   4.025008e+01 1.744096e+01 0.000000e+00
    endloop
  endfacet
  facet normal 0.000000e+00 0.000000e+00 1.000000e+00
    outer loop
      vertex   4.025008e+01 1.744096e+01 0.000000e+00
      vertex   3.885309e+01 1.794458e+01 0.000000e+00
      vertex   3.882241e+01 1.719686e+01 0.000000e+00
    endloop
  endfacet
  facet normal 0.000000e+00 0.000000e+00 1.000000e+00
    outer loop
      vertex   4.025008e+01 1.744096e+01 0.000000e+00
      vertex   3.882241e+01 1.719686e+01 0.000000e+00
      vertex   4.030971e+01 1.698802e+01 0.000000e+00
    endloop
  endfacet
  facet normal 0.000000e+00 0.000000e+00 1.000000e+00
    outer loop
      vertex   4.030971e+01 1.698802e+01 0.000000e+00
      vertex   3.882241e+01 1.719686e+01 0.000000e+00
      vertex   3.896693e+01 1.646261e+01 0.000000e+00
    endloop
  endfacet
  facet normal 0.000000e+00 0.000000e+00 1.000000e+00
    outer loop
      vertex   4.030971e+01 1.698802e+01 0.000000e+00
      vertex   3.896693e+01 1.646261e+01 0.000000e+00
      vertex   4.048454e+01 1.656596e+01 0.000000e+00
    endloop
  endfacet
  facet normal 0.000000e+00 0.000000e+00 1.000000e+00
    outer loop
      vertex   4.048454e+01 1.656596e+01 0.000000e+00
      vertex   3.896693e+01 1.646261e+01 0.000000e+00
      vertex   3.927868e+01 1.578229e+01 0.000000e+00
    endloop
  endfacet
  facet normal 0.000000e+00 0.000000e+00 1.000000e+00
    outer loop
      vertex   4.048454e+01 1.656596e+01 0.000000e+00
      vertex   3.927868e+01 1.578229e+01 0.000000e+00
      vertex   4.076264e+01 1.620352e+01 0.000000e+00
    endloop
  endfacet
  facet normal 0.000000e+00 0.000000e+00 1.000000e+00
    outer loop
      vertex   4.076264e+01 1.620352e+01 0.000000e+00
      vertex   3.927868e+01 1.578229e+01 0.000000e+00
      vertex   3.974048e+01 1.519343e+01 0.000000e+00
    endloop
  endfacet
  facet normal 0.000000e+00 0.000000e+00 1.000000e+00
    outer loop
      vertex   4.076264e+01 1.620352e+01 0.000000e+00
      vertex   3.974048e+01 1.519343e+01 0.000000e+00
      vertex   4.032686e+01 1.472848e+01 0.000000e+00
    endloop
  endfacet
  facet normal -0.000000e+00 0.000000e+00 1.000000e+00
    outer loop
      vertex   3.885309e+01 1.794458e+01 0.000000e+00
      vertex   4.030971e+01 1.789389e+01 0.000000e+00
      vertex   3.905728e+01 1.866452e+01 0.000000e+00
    endloop
  endfacet
  facet normal 0.000000e+00 0.000000e+00 1.000000e+00
    outer loop
      vertex   3.905728e+01 1.866452e+01 0.000000e+00
      vertex   4.030971e+01 1.789389e+01 0.000000e+00
      vertex   4.048454e+01 1.831596e+01 0.000000e+00
    endloop
  endfacet
  facet normal -0.000000e+00 0.000000e+00 1.000000e+00
    outer loop
      vertex   3.905728e+01 1.866452e+01 0.000000e+00
      vertex   4.048454e+01 1.831596e+01 0.000000e+00
      vertex   3.942373e+01 1.931701e+01 0.000000e+00
    endloop
  endfacet
  facet normal 0.000000e+00 0.000000e+00 1.000000e+00
    outer loop
      vertex   3.942373e+01 1.931701e+01 0.000000e+00
      vertex   4.048454e+01 1.831596e+01 0.000000e+00
      vertex   4.076264e+01 1.867839e+01 0.000000e+00
    endloop
  endfacet
  facet normal -0.000000e+00 0.000000e+00 1.000000e+00
    outer loop
      vertex   3.942373e+01 1.931701e+01 0.000000e+00
      vertex   4.076264e+01 1.867839e+01 0.000000e+00
      vertex   3.993222e+01 1.986606e+01 0.000000e+00
    endloop
  endfacet
  facet normal 0.000000e+00 0.000000e+00 1.000000e+00
    outer loop
      vertex   3.993222e+01 1.986606e+01 0.000000e+00
      vertex   4.076264e+01 1.867839e+01 0.000000e+00
      vertex   4.112508e+01 1.895650e+01 0.000000e+00
    endloop
  endfacet
  facet normal -0.000000e+00 0.000000e+00 1.000000e+00
    outer loop
      vertex   3.993222e+01 1.986606e+01 0.000000e+00
      vertex   4.112508e+01 1.895650e+01 0.000000e+00
      vertex   4.055472e+01 2.028140e+01 0.000000e+00
    endloop
  endfacet
  facet normal 0.000000e+00 0.000000e+00 1.000000e+00
    outer loop
      vertex   4.055472e+01 2.028140e+01 0.000000e+00
      vertex   4.112508e+01 1.895650e+01 0.000000e+00
      vertex   4.154715e+01 1.913133e+01 0.000000e+00
    endloop
  endfacet
  facet normal -0.000000e+00 0.000000e+00 1.000000e+00
    outer loop
      vertex   4.055472e+01 2.028140e+01 0.000000e+00
      vertex   4.154715e+01 1.913133e+01 0.000000e+00
      vertex   4.125691e+01 2.054013e+01 0.000000e+00
    endloop
  endfacet
  facet normal 0.000000e+00 0.000000e+00 1.000000e+00
    outer loop
      vertex   4.125691e+01 2.054013e+01 0.000000e+00
      vertex   4.154715e+01 1.913133e+01 0.000000e+00
      vertex   4.200008e+01 1.919096e+01 0.000000e+00
    endloop
  endfacet
  facet normal -0.000000e+00 0.000000e+00 1.000000e+00
    outer loop
      vertex   4.125691e+01 2.054013e+01 0.000000e+00
      vertex   4.200008e+01 1.919096e+01 0.000000e+00
      vertex   4.200008e+01 2.062799e+01 0.000000e+00
    endloop
  endfacet
  facet normal 0.000000e+00 0.000000e+00 1.000000e+00
    outer loop
      vertex   4.200008e+01 2.062799e+01 0.000000e+00
      vertex   4.200008e+01 1.919096e+01 0.000000e+00
      vertex   4.270689e+01 2.054863e+01 0.000000e+00
    endloop
  endfacet
  facet normal 0.000000e+00 0.000000e+00 1.000000e+00
    outer loop
      vertex   4.270689e+01 2.054863e+01 0.000000e+00
      vertex   4.200008e+01 1.919096e+01 0.000000e+00
      vertex   4.245301e+01 1.913133e+01 0.000000e+00
    endloop
  endfacet
  facet normal 0.000000e+00 0.000000e+00 1.000000e+00
    outer loop
      vertex   4.270689e+01 2.054863e+01 0.000000e+00
      vertex   4.245301e+01 1.913133e+01 0.000000e+00
      vertex   4.337849e+01 2.031449e+01 0.000000e+00
    endloop
  endfacet
  facet normal 0.000000e+00 0.000000e+00 1.000000e+00
    outer loop
      vertex   4.337849e+01 2.031449e+01 0.000000e+00
      vertex   4.245301e+01 1.913133e+01 0.000000e+00
      vertex   4.287508e+01 1.895650e+01 0.000000e+00
    endloop
  endfacet
  facet normal 0.000000e+00 0.000000e+00 1.000000e+00
    outer loop
      vertex   4.337849e+01 2.031449e+01 0.000000e+00
      vertex   4.287508e+01 1.895650e+01 0.000000e+00
      vertex   4.398144e+01 1.993724e+01 0.000000e+00
    endloop
  endfacet
  facet normal 0.000000e+00 0.000000e+00 1.000000e+00
    outer loop
      vertex   4.398144e+01 1.993724e+01 0.000000e+00
      vertex   4.287508e+01 1.895650e+01 0.000000e+00
      vertex   4.323752e+01 1.867839e+01 0.000000e+00
    endloop
  endfacet
  facet normal 0.000000e+00 0.000000e+00 1.000000e+00
    outer loop
      vertex   4.398144e+01 1.993724e+01 0.000000e+00
      vertex   4.323752e+01 1.867839e+01 0.000000e+00
      vertex   4.448571e+01 1.943566e+01 0.000000e+00
    endloop
  endfacet
  facet normal 0.000000e+00 0.000000e+00 1.000000e+00
    outer loop
      vertex   4.448571e+01 1.943566e+01 0.000000e+00
      vertex   4.323752e+01 1.867839e+01 0.000000e+00
      vertex   4.351563e+01 1.831596e+01 0.000000e+00
    endloop
  endfacet
  facet normal 0.000000e+00 0.000000e+00 1.000000e+00
    outer loop
      vertex   4.448571e+01 1.943566e+01 0.000000e+00
      vertex   4.351563e+01 1.831596e+01 0.000000e+00
      vertex   4.486619e+01 1.883474e+01 0.000000e+00
    endloop
  endfacet
  facet normal 0.000000e+00 0.000000e+00 1.000000e+00
    outer loop
      vertex   4.486619e+01 1.883474e+01 0.000000e+00
      vertex   4.351563e+01 1.831596e+01 0.000000e+00
      vertex   4.369045e+01 1.789389e+01 0.000000e+00
    endloop
  endfacet
  facet normal 0.000000e+00 0.000000e+00 1.000000e+00
    outer loop
      vertex   4.486619e+01 1.883474e+01 0.000000e+00
      vertex   4.369045e+01 1.789389e+01 0.000000e+00
      vertex   4.510392e+01 1.816440e+01 0.000000e+00
    endloop
  endfacet
  facet normal 0.000000e+00 0.000000e+00 1.000000e+00
    outer loop
      vertex   4.510392e+01 1.816440e+01 0.000000e+00
      vertex   4.369045e+01 1.789389e+01 0.000000e+00
      vertex   4.375008e+01 1.744096e+01 0.000000e+00
    endloop
  endfacet
  facet normal 0.000000e+00 0.000000e+00 1.000000e+00
    outer loop
      vertex   4.510392e+01 1.816440e+01 0.000000e+00
      vertex   4.375008e+01 1.744096e+01 0.000000e+00
      vertex   4.518707e+01 1.745803e+01 0.000000e+00
    endloop
  endfacet
  facet normal 0.000000e+00 0.000000e+00 1.000000e+00
    outer loop
      vertex   4.518707e+01 1.745803e+01 0.000000e+00
      vertex   4.375008e+01 1.744096e+01 0.000000e+00
      vertex   4.518707e+01 1.742389e+01 0.000000e+00
    endloop
  endfacet
  facet normal 0.000000e+00 0.000000e+00 1.000000e+00
    outer loop
      vertex   4.518707e+01 1.742389e+01 0.000000e+00
      vertex   4.375008e+01 1.744096e+01 0.000000e+00
      vertex   4.509523e+01 1.668120e+01 0.000000e+00
    endloop
  endfacet
  facet normal 0.000000e+00 0.000000e+00 1.000000e+00
    outer loop
      vertex   4.509523e+01 1.668120e+01 0.000000e+00
      vertex   4.375008e+01 1.744096e+01 0.000000e+00
      vertex   4.369045e+01 1.698802e+01 0.000000e+00
    endloop
  endfacet
  facet normal 0.000000e+00 0.000000e+00 1.000000e+00
    outer loop
      vertex   4.509523e+01 1.668120e+01 0.000000e+00
      vertex   4.369045e+01 1.698802e+01 0.000000e+00
      vertex   4.483274e+01 1.598040e+01 0.000000e+00
    endloop
  endfacet
  facet normal 0.000000e+00 0.000000e+00 1.000000e+00
    outer loop
      vertex   4.483274e+01 1.598040e+01 0.000000e+00
      vertex   4.369045e+01 1.698802e+01 0.000000e+00
      vertex   4.351563e+01 1.656596e+01 0.000000e+00
    endloop
  endfacet
  facet normal 0.000000e+00 0.000000e+00 1.000000e+00
    outer loop
      vertex   4.483274e+01 1.598040e+01 0.000000e+00
      vertex   4.351563e+01 1.656596e+01 0.000000e+00
      vertex   4.441407e+01 1.536013e+01 0.000000e+00
    endloop
  endfacet
  facet normal 0.000000e+00 0.000000e+00 1.000000e+00
    outer loop
      vertex   4.441407e+01 1.536013e+01 0.000000e+00
      vertex   4.351563e+01 1.656596e+01 0.000000e+00
      vertex   4.323752e+01 1.620352e+01 0.000000e+00
    endloop
  endfacet
  facet normal 0.000000e+00 0.000000e+00 1.000000e+00
    outer loop
      vertex   4.441407e+01 1.536013e+01 0.000000e+00
      vertex   4.323752e+01 1.620352e+01 0.000000e+00
      vertex   4.386231e+01 1.485459e+01 0.000000e+00
    endloop
  endfacet
  facet normal 0.000000e+00 0.000000e+00 1.000000e+00
    outer loop
      vertex   4.386231e+01 1.485459e+01 0.000000e+00
      vertex   4.323752e+01 1.620352e+01 0.000000e+00
      vertex   4.287508e+01 1.592541e+01 0.000000e+00
    endloop
  endfacet
  facet normal 0.000000e+00 0.000000e+00 1.000000e+00
    outer loop
      vertex   4.386231e+01 1.485459e+01 0.000000e+00
      vertex   4.287508e+01 1.592541e+01 0.000000e+00
      vertex   4.320787e+01 1.449165e+01 0.000000e+00
    endloop
  endfacet
  facet normal 0.000000e+00 0.000000e+00 1.000000e+00
    outer loop
      vertex   4.320787e+01 1.449165e+01 0.000000e+00
      vertex   4.287508e+01 1.592541e+01 0.000000e+00
      vertex   4.245301e+01 1.575059e+01 0.000000e+00
    endloop
  endfacet
  facet normal 0.000000e+00 0.000000e+00 1.000000e+00
    outer loop
      vertex   4.320787e+01 1.449165e+01 0.000000e+00
      vertex   4.245301e+01 1.575059e+01 0.000000e+00
      vertex   4.248684e+01 1.429131e+01 0.000000e+00
    endloop
  endfacet
  facet normal 0.000000e+00 0.000000e+00 1.000000e+00
    outer loop
      vertex   4.248684e+01 1.429131e+01 0.000000e+00
      vertex   4.245301e+01 1.575059e+01 0.000000e+00
      vertex   4.200008e+01 1.569096e+01 0.000000e+00
    endloop
  endfacet
  facet normal 0.000000e+00 0.000000e+00 1.000000e+00
    outer loop
      vertex   4.248684e+01 1.429131e+01 0.000000e+00
      vertex   4.200008e+01 1.569096e+01 0.000000e+00
      vertex   4.173897e+01 1.426464e+01 0.000000e+00
    endloop
  endfacet
  facet normal 0.000000e+00 -0.000000e+00 1.000000e+00
    outer loop
      vertex   4.173897e+01 1.426464e+01 0.000000e+00
      vertex   4.200008e+01 1.569096e+01 0.000000e+00
      vertex   4.154715e+01 1.575059e+01 0.000000e+00
    endloop
  endfacet
  facet normal 0.000000e+00 0.000000e+00 1.000000e+00
    outer loop
      vertex   4.173897e+01 1.426464e+01 0.000000e+00
      vertex   4.154715e+01 1.575059e+01 0.000000e+00
      vertex   4.100550e+01 1.441309e+01 0.000000e+00
    endloop
  endfacet
  facet normal 0.000000e+00 0.000000e+00 1.000000e+00
    outer loop
      vertex   4.100550e+01 1.441309e+01 0.000000e+00
      vertex   4.154715e+01 1.575059e+01 0.000000e+00
      vertex   4.112508e+01 1.592541e+01 0.000000e+00
    endloop
  endfacet
  facet normal 0.000000e+00 -0.000000e+00 1.000000e+00
    outer loop
      vertex   4.100550e+01 1.441309e+01 0.000000e+00
      vertex   4.112508e+01 1.592541e+01 0.000000e+00
      vertex   4.032686e+01 1.472848e+01 0.000000e+00
    endloop
  endfacet
  facet normal 0.000000e+00 0.000000e+00 1.000000e+00
    outer loop
      vertex   4.032686e+01 1.472848e+01 0.000000e+00
      vertex   4.112508e+01 1.592541e+01 0.000000e+00
      vertex   4.076264e+01 1.620352e+01 0.000000e+00
    endloop
  endfacet
  facet normal -1.000000e+00 0.000000e+00 0.000000e+00
    outer loop
      vertex   4.518707e+01 1.745803e+01 -1.000000e+01
      vertex   4.518707e+01 1.745803e+01 0.000000e+00
      vertex   4.518707e+01 2.062799e+01 -1.000000e+01
    endloop
  endfacet
  facet normal -1.000000e+00 0.000000e+00 0.000000e+00
    outer loop
      vertex   4.518707e+01 2.062799e+01 -1.000000e+01
      vertex   4.518707e+01 1.745803e+01 0.000000e+00
      vertex   4.518707e+01 2.062799e+01 1.586157e+00
    endloop
  endfacet
  facet normal -1.000000e+00 0.000000e+00 0.000000e+00
    outer loop
      vertex   4.518707e+01 2.062799e+01 1.586157e+00
      vertex   4.518707e+01 1.745803e+01 0.000000e+00
      vertex   4.518707e+01 1.742389e+01 0.000000e+00
    endloop
  endfacet
  facet normal -1.000000e+00 -1.009660e-16 2.039555e-16
    outer loop
      vertex   4.518707e+01 2.062799e+01 1.586157e+00
      vertex   4.518707e+01 1.742389e+01 0.000000e+00
      vertex   4.518707e+01 -4.974649e+01 1.586157e+00
    endloop
  endfacet
  facet normal -1.000000e+00 -1.110517e-16 -2.231531e-16
    outer loop
      vertex   4.518707e+01 -4.974649e+01 1.586157e+00
      vertex   4.518707e+01 1.742389e+01 0.000000e+00
      vertex   4.518707e+01 -4.655918e+01 0.000000e+00
    endloop
  endfacet
  facet normal -1.000000e+00 0.000000e+00 0.000000e+00
    outer loop
      vertex   4.518707e+01 -4.974649e+01 1.586157e+00
      vertex   4.518707e+01 -4.655918e+01 0.000000e+00
      vertex   4.518707e+01 -4.974649e+01 -1.000000e+01
    endloop
  endfacet
  facet normal -1.000000e+00 0.000000e+00 0.000000e+00
    outer loop
      vertex   4.518707e+01 -4.974649e+01 -1.000000e+01
      vertex   4.518707e+01 -4.655918e+01 0.000000e+00
      vertex   4.518707e+01 -4.655918e+01 -1.000000e+01
    endloop
  endfacet
  facet normal -1.000000e+00 -1.110517e-16 0.000000e+00
    outer loop
      vertex   4.518707e+01 1.742389e+01 -1.000000e+01
      vertex   4.518707e+01 -4.655918e+01 -1.000000e+01
      vertex   4.518707e+01 1.742389e+01 0.000000e+00
    endloop
  endfacet
  facet normal -1.000000e+00 -1.110517e-16 0.000000e+00
    outer loop
      vertex   4.518707e+01 1.742389e+01 0.000000e+00
      vertex   4.518707e+01 -4.655918e+01 -1.000000e+01
      vertex   4.518707e+01 -4.655918e+01 0.000000e+00
    endloop
  endfacet
  facet normal 9.927089e-01 1.205367e-01 0.000000e+00
    outer loop
      vertex   -1.291283e+01 2.928205e+01 -8.000000e+00
      vertex   -1.291283e+01 2.928205e+01 -1.300000e+01
      vertex   -1.300000e+01 3.000000e+01 -8.000000e+00
    endloop
  endfacet
  facet normal 9.927089e-01 1.205367e-01 0.000000e+00
    outer loop
      vertex   -1.300000e+01 3.000000e+01 -8.000000e+00
      vertex   -1.291283e+01 2.928205e+01 -1.300000e+01
      vertex   -1.300000e+01 3.000000e+01 -1.300000e+01
    endloop
  endfacet
  facet normal 9.927089e-01 -1.205367e-01 0.000000e+00
    outer loop
      vertex   -1.300000e+01 3.000000e+01 -8.000000e+00
      vertex   -1.300000e+01 3.000000e+01 -1.300000e+01
      vertex   -1.291283e+01 3.071795e+01 -8.000000e+00
    endloop
  endfacet
  facet normal 9.927089e-01 -1.205367e-01 0.000000e+00
    outer loop
      vertex   -1.291283e+01 3.071795e+01 -8.000000e+00
      vertex   -1.300000e+01 3.000000e+01 -1.300000e+01
      vertex   -1.291283e+01 3.071795e+01 -1.300000e+01
    endloop
  endfacet
  facet normal 9.350162e-01 -3.546049e-01 0.000000e+00
    outer loop
      vertex   -1.291283e+01 3.071795e+01 -8.000000e+00
      vertex   -1.291283e+01 3.071795e+01 -1.300000e+01
      vertex   -1.265637e+01 3.139417e+01 -8.000000e+00
    endloop
  endfacet
  facet normal 9.350162e-01 -3.546049e-01 0.000000e+00
    outer loop
      vertex   -1.265637e+01 3.139417e+01 -8.000000e+00
      vertex   -1.291283e+01 3.071795e+01 -1.300000e+01
      vertex   -1.265637e+01 3.139417e+01 -1.300000e+01
    endloop
  endfacet
  facet normal 8.229839e-01 -5.680647e-01 0.000000e+00
    outer loop
      vertex   -1.265637e+01 3.139417e+01 -8.000000e+00
      vertex   -1.265637e+01 3.139417e+01 -1.300000e+01
      vertex   -1.224553e+01 3.198937e+01 -8.000000e+00
    endloop
  endfacet
  facet normal 8.229839e-01 -5.680647e-01 0.000000e+00
    outer loop
      vertex   -1.224553e+01 3.198937e+01 -8.000000e+00
      vertex   -1.265637e+01 3.139417e+01 -1.300000e+01
      vertex   -1.224553e+01 3.198937e+01 -1.300000e+01
    endloop
  endfacet
  facet normal 6.631227e-01 -7.485107e-01 0.000000e+00
    outer loop
      vertex   -1.224553e+01 3.198937e+01 -8.000000e+00
      vertex   -1.224553e+01 3.198937e+01 -1.300000e+01
      vertex   -1.170419e+01 3.246895e+01 -8.000000e+00
    endloop
  endfacet
  facet normal 6.631227e-01 -7.485107e-01 0.000000e+00
    outer loop
      vertex   -1.170419e+01 3.246895e+01 -8.000000e+00
      vertex   -1.224553e+01 3.198937e+01 -1.300000e+01
      vertex   -1.170419e+01 3.246895e+01 -1.300000e+01
    endloop
  endfacet
  facet normal 4.647232e-01 -8.854560e-01 0.000000e+00
    outer loop
      vertex   -1.170419e+01 3.246895e+01 -8.000000e+00
      vertex   -1.170419e+01 3.246895e+01 -1.300000e+01
      vertex   -1.106381e+01 3.280505e+01 -8.000000e+00
    endloop
  endfacet
  facet normal 4.647232e-01 -8.854560e-01 0.000000e+00
    outer loop
      vertex   -1.106381e+01 3.280505e+01 -8.000000e+00
      vertex   -1.170419e+01 3.246895e+01 -1.300000e+01
      vertex   -1.106381e+01 3.280505e+01 -1.300000e+01
    endloop
  endfacet
  facet normal 2.393157e-01 -9.709418e-01 0.000000e+00
    outer loop
      vertex   -1.106381e+01 3.280505e+01 -8.000000e+00
      vertex   -1.106381e+01 3.280505e+01 -1.300000e+01
      vertex   -1.036161e+01 3.297813e+01 -8.000000e+00
    endloop
  endfacet
  facet normal 2.393157e-01 -9.709418e-01 0.000000e+00
    outer loop
      vertex   -1.036161e+01 3.297813e+01 -8.000000e+00
      vertex   -1.106381e+01 3.280505e+01 -1.300000e+01
      vertex   -1.036161e+01 3.297813e+01 -1.300000e+01
    endloop
  endfacet
  facet normal 0.000000e+00 -1.000000e+00 0.000000e+00
    outer loop
      vertex   -1.036161e+01 3.297813e+01 -8.000000e+00
      vertex   -1.036161e+01 3.297813e+01 -1.300000e+01
      vertex   -9.638390e+00 3.297813e+01 -8.000000e+00
    endloop
  endfacet
  facet normal 0.000000e+00 -1.000000e+00 -0.000000e+00
    outer loop
      vertex   -9.638390e+00 3.297813e+01 -8.000000e+00
      vertex   -1.036161e+01 3.297813e+01 -1.300000e+01
      vertex   -9.638390e+00 3.297813e+01 -1.300000e+01
    endloop
  endfacet
  facet normal -2.393157e-01 -9.709418e-01 -0.000000e+00
    outer loop
      vertex   -9.638390e+00 3.297813e+01 -8.000000e+00
      vertex   -9.638390e+00 3.297813e+01 -1.300000e+01
      vertex   -8.936185e+00 3.280505e+01 -8.000000e+00
    endloop
  endfacet
  facet normal -2.393157e-01 -9.709418e-01 -0.000000e+00
    outer loop
      vertex   -8.936185e+00 3.280505e+01 -8.000000e+00
      vertex   -9.638390e+00 3.297813e+01 -1.300000e+01
      vertex   -8.936185e+00 3.280505e+01 -1.300000e+01
    endloop
  endfacet
  facet normal -4.647232e-01 -8.854560e-01 -0.000000e+00
    outer loop
      vertex   -8.936185e+00 3.280505e+01 -8.000000e+00
      vertex   -8.936185e+00 3.280505e+01 -1.300000e+01
      vertex   -8.295806e+00 3.246895e+01 -8.000000e+00
    endloop
  endfacet
  facet normal -4.647232e-01 -8.854560e-01 -0.000000e+00
    outer loop
      vertex   -8.295806e+00 3.246895e+01 -8.000000e+00
      vertex   -8.936185e+00 3.280505e+01 -1.300000e+01
      vertex   -8.295806e+00 3.246895e+01 -1.300000e+01
    endloop
  endfacet
  facet normal -6.631227e-01 -7.485107e-01 -0.000000e+00
    outer loop
      vertex   -8.295806e+00 3.246895e+01 -8.000000e+00
      vertex   -8.295806e+00 3.246895e+01 -1.300000e+01
      vertex   -7.754468e+00 3.198937e+01 -8.000000e+00
    endloop
  endfacet
  facet normal -6.631227e-01 -7.485107e-01 -0.000000e+00
    outer loop
      vertex   -7.754468e+00 3.198937e+01 -8.000000e+00
      vertex   -8.295806e+00 3.246895e+01 -1.300000e+01
      vertex   -7.754468e+00 3.198937e+01 -1.300000e+01
    endloop
  endfacet
  facet normal -8.229839e-01 -5.680647e-01 -0.000000e+00
    outer loop
      vertex   -7.754468e+00 3.198937e+01 -8.000000e+00
      vertex   -7.754468e+00 3.198937e+01 -1.300000e+01
      vertex   -7.343632e+00 3.139417e+01 -8.000000e+00
    endloop
  endfacet
  facet normal -8.229839e-01 -5.680647e-01 -0.000000e+00
    outer loop
      vertex   -7.343632e+00 3.139417e+01 -8.000000e+00
      vertex   -7.754468e+00 3.198937e+01 -1.300000e+01
      vertex   -7.343632e+00 3.139417e+01 -1.300000e+01
    endloop
  endfacet
  facet normal -9.350162e-01 -3.546049e-01 -0.000000e+00
    outer loop
      vertex   -7.343632e+00 3.139417e+01 -8.000000e+00
      vertex   -7.343632e+00 3.139417e+01 -1.300000e+01
      vertex   -7.087175e+00 3.071795e+01 -8.000000e+00
    endloop
  endfacet
  facet normal -9.350162e-01 -3.546049e-01 -0.000000e+00
    outer loop
      vertex   -7.087175e+00 3.071795e+01 -8.000000e+00
      vertex   -7.343632e+00 3.139417e+01 -1.300000e+01
      vertex   -7.087175e+00 3.071795e+01 -1.300000e+01
    endloop
  endfacet
  facet normal -9.927089e-01 -1.205367e-01 -0.000000e+00
    outer loop
      vertex   -7.087175e+00 3.071795e+01 -8.000000e+00
      vertex   -7.087175e+00 3.071795e+01 -1.300000e+01
      vertex   -7.000000e+00 3.000000e+01 -8.000000e+00
    endloop
  endfacet
  facet normal -9.927089e-01 -1.205367e-01 -0.000000e+00
    outer loop
      vertex   -7.000000e+00 3.000000e+01 -8.000000e+00
      vertex   -7.087175e+00 3.071795e+01 -1.300000e+01
      vertex   -7.000000e+00 3.000000e+01 -1.300000e+01
    endloop
  endfacet
  facet normal -9.927089e-01 1.205367e-01 0.000000e+00
    outer loop
      vertex   -7.000000e+00 3.000000e+01 -8.000000e+00
      vertex   -7.000000e+00 3.000000e+01 -1.300000e+01
      vertex   -7.087175e+00 2.928205e+01 -8.000000e+00
    endloop
  endfacet
  facet normal -9.927089e-01 1.205367e-01 0.000000e+00
    outer loop
      vertex   -7.087175e+00 2.928205e+01 -8.000000e+00
      vertex   -7.000000e+00 3.000000e+01 -1.300000e+01
      vertex   -7.087175e+00 2.928205e+01 -1.300000e+01
    endloop
  endfacet
  facet normal -9.350162e-01 3.546049e-01 0.000000e+00
    outer loop
      vertex   -7.087175e+00 2.928205e+01 -8.000000e+00
      vertex   -7.087175e+00 2.928205e+01 -1.300000e+01
      vertex   -7.343632e+00 2.860583e+01 -8.000000e+00
    endloop
  endfacet
  facet normal -9.350162e-01 3.546049e-01 0.000000e+00
    outer loop
      vertex   -7.343632e+00 2.860583e+01 -8.000000e+00
      vertex   -7.087175e+00 2.928205e+01 -1.300000e+01
      vertex   -7.343632e+00 2.860583e+01 -1.300000e+01
    endloop
  endfacet
  facet normal -8.229839e-01 5.680647e-01 0.000000e+00
    outer loop
      vertex   -7.343632e+00 2.860583e+01 -8.000000e+00
      vertex   -7.343632e+00 2.860583e+01 -1.300000e+01
      vertex   -7.754468e+00 2.801063e+01 -8.000000e+00
    endloop
  endfacet
  facet normal -8.229839e-01 5.680647e-01 0.000000e+00
    outer loop
      vertex   -7.754468e+00 2.801063e+01 -8.000000e+00
      vertex   -7.343632e+00 2.860583e+01 -1.300000e+01
      vertex   -7.754468e+00 2.801063e+01 -1.300000e+01
    endloop
  endfacet
  facet normal -6.631227e-01 7.485107e-01 0.000000e+00
    outer loop
      vertex   -7.754468e+00 2.801063e+01 -8.000000e+00
      vertex   -7.754468e+00 2.801063e+01 -1.300000e+01
      vertex   -8.295806e+00 2.753105e+01 -8.000000e+00
    endloop
  endfacet
  facet normal -6.631227e-01 7.485107e-01 0.000000e+00
    outer loop
      vertex   -8.295806e+00 2.753105e+01 -8.000000e+00
      vertex   -7.754468e+00 2.801063e+01 -1.300000e+01
      vertex   -8.295806e+00 2.753105e+01 -1.300000e+01
    endloop
  endfacet
  facet normal -4.647232e-01 8.854560e-01 0.000000e+00
    outer loop
      vertex   -8.295806e+00 2.753105e+01 -8.000000e+00
      vertex   -8.295806e+00 2.753105e+01 -1.300000e+01
      vertex   -8.936185e+00 2.719495e+01 -8.000000e+00
    endloop
  endfacet
  facet normal -4.647232e-01 8.854560e-01 0.000000e+00
    outer loop
      vertex   -8.936185e+00 2.719495e+01 -8.000000e+00
      vertex   -8.295806e+00 2.753105e+01 -1.300000e+01
      vertex   -8.936185e+00 2.719495e+01 -1.300000e+01
    endloop
  endfacet
  facet normal -2.393157e-01 9.709418e-01 0.000000e+00
    outer loop
      vertex   -8.936185e+00 2.719495e+01 -8.000000e+00
      vertex   -8.936185e+00 2.719495e+01 -1.300000e+01
      vertex   -9.638390e+00 2.702187e+01 -8.000000e+00
    endloop
  endfacet
  facet normal -2.393157e-01 9.709418e-01 0.000000e+00
    outer loop
      vertex   -9.638390e+00 2.702187e+01 -8.000000e+00
      vertex   -8.936185e+00 2.719495e+01 -1.300000e+01
      vertex   -9.638390e+00 2.702187e+01 -1.300000e+01
    endloop
  endfacet
  facet normal 0.000000e+00 1.000000e+00 0.000000e+00
    outer loop
      vertex   -9.638390e+00 2.702187e+01 -8.000000e+00
      vertex   -9.638390e+00 2.702187e+01 -1.300000e+01
      vertex   -1.036161e+01 2.702187e+01 -8.000000e+00
    endloop
  endfacet
  facet normal 0.000000e+00 1.000000e+00 0.000000e+00
    outer loop
      vertex   -1.036161e+01 2.702187e+01 -8.000000e+00
      vertex   -9.638390e+00 2.702187e+01 -1.300000e+01
      vertex   -1.036161e+01 2.702187e+01 -1.300000e+01
    endloop
  endfacet
  facet normal 2.393157e-01 9.709418e-01 0.000000e+00
    outer loop
      vertex   -1.036161e+01 2.702187e+01 -8.000000e+00
      vertex   -1.036161e+01 2.702187e+01 -1.300000e+01
      vertex   -1.106381e+01 2.719495e+01 -8.000000e+00
    endloop
  endfacet
  facet normal 2.393157e-01 9.709418e-01 0.000000e+00
    outer loop
      vertex   -1.106381e+01 2.719495e+01 -8.000000e+00
      vertex   -1.036161e+01 2.702187e+01 -1.300000e+01
      vertex   -1.106381e+01 2.719495e+01 -1.300000e+01
    endloop
  endfacet
  facet normal 4.647232e-01 8.854560e-01 0.000000e+00
    outer loop
      vertex   -1.106381e+01 2.719495e+01 -8.000000e+00
      vertex   -1.106381e+01 2.719495e+01 -1.300000e+01
      vertex   -1.170419e+01 2.753105e+01 -8.000000e+00
    endloop
  endfacet
  facet normal 4.647232e-01 8.854560e-01 0.000000e+00
    outer loop
      vertex   -1.170419e+01 2.753105e+01 -8.000000e+00
      vertex   -1.106381e+01 2.719495e+01 -1.300000e+01
      vertex   -1.170419e+01 2.753105e+01 -1.300000e+01
    endloop
  endfacet
  facet normal 6.631227e-01 7.485107e-01 0.000000e+00
    outer loop
      vertex   -1.170419e+01 2.753105e+01 -8.000000e+00
      vertex   -1.170419e+01 2.753105e+01 -1.300000e+01
      vertex   -1.224553e+01 2.801063e+01 -8.000000e+00
    endloop
  endfacet
  facet normal 6.631227e-01 7.485107e-01 0.000000e+00
    outer loop
      vertex   -1.224553e+01 2.801063e+01 -8.000000e+00
      vertex   -1.170419e+01 2.753105e+01 -1.300000e+01
      vertex   -1.224553e+01 2.801063e+01 -1.300000e+01
    endloop
  endfacet
  facet normal 8.229839e-01 5.680647e-01 0.000000e+00
    outer loop
      vertex   -1.224553e+01 2.801063e+01 -8.000000e+00
      vertex   -1.224553e+01 2.801063e+01 -1.300000e+01
      vertex   -1.265637e+01 2.860583e+01 -8.000000e+00
    endloop
  endfacet
  facet normal 8.229839e-01 5.680647e-01 0.000000e+00
    outer loop
      vertex   -1.265637e+01 2.860583e+01 -8.000000e+00
      vertex   -1.224553e+01 2.801063e+01 -1.300000e+01
      vertex   -1.265637e+01 2.860583e+01 -1.300000e+01
    endloop
  endfacet
  facet normal 9.350162e-01 3.546049e-01 0.000000e+00
    outer loop
      vertex   -1.265637e+01 2.860583e+01 -8.000000e+00
      vertex   -1.265637e+01 2.860583e+01 -1.300000e+01
      vertex   -1.291283e+01 2.928205e+01 -8.000000e+00
    endloop
  endfacet
  facet normal 9.350162e-01 3.546049e-01 0.000000e+00
    outer loop
      vertex   -1.291283e+01 2.928205e+01 -8.000000e+00
      vertex   -1.265637e+01 2.860583e+01 -1.300000e+01
      vertex   -1.291283e+01 2.928205e+01 -1.300000e+01
    endloop
  endfacet
  facet normal 9.927089e-01 1.205367e-01 0.000000e+00
    outer loop
      vertex   7.087175e+00 2.928205e+01 -8.000000e+00
      vertex   7.087175e+00 2.928205e+01 -1.300000e+01
      vertex   7.000000e+00 3.000000e+01 -8.000000e+00
    endloop
  endfacet
  facet normal 9.927089e-01 1.205367e-01 -3.526810e-16
    outer loop
      vertex   7.000000e+00 3.000000e+01 -8.000000e+00
      vertex   7.087175e+00 2.928205e+01 -1.300000e+01
      vertex   7.000000e+00 3.000000e+01 -1.300000e+01
    endloop
  endfacet
  facet normal 9.927089e-01 -1.205367e-01 -3.526810e-16
    outer loop
      vertex   7.000000e+00 3.000000e+01 -8.000000e+00
      vertex   7.000000e+00 3.000000e+01 -1.300000e+01
      vertex   7.087175e+00 3.071795e+01 -8.000000e+00
    endloop
  endfacet
  facet normal 9.927089e-01 -1.205367e-01 0.000000e+00
    outer loop
      vertex   7.087175e+00 3.071795e+01 -8.000000e+00
      vertex   7.000000e+00 3.000000e+01 -1.300000e+01
      vertex   7.087175e+00 3.071795e+01 -1.300000e+01
    endloop
  endfacet
  facet normal 9.350162e-01 -3.546049e-01 0.000000e+00
    outer loop
      vertex   7.087175e+00 3.071795e+01 -8.000000e+00
      vertex   7.087175e+00 3.071795e+01 -1.300000e+01
      vertex   7.343632e+00 3.139417e+01 -8.000000e+00
    endloop
  endfacet
  facet normal 9.350162e-01 -3.546049e-01 0.000000e+00
    outer loop
      vertex   7.343632e+00 3.139417e+01 -8.000000e+00
      vertex   7.087175e+00 3.071795e+01 -1.300000e+01
      vertex   7.343632e+00 3.139417e+01 -1.300000e+01
    endloop
  endfacet
  facet normal 8.229839e-01 -5.680647e-01 0.000000e+00
    outer loop
      vertex   7.343632e+00 3.139417e+01 -8.000000e+00
      vertex   7.343632e+00 3.139417e+01 -1.300000e+01
      vertex   7.754468e+00 3.198937e+01 -8.000000e+00
    endloop
  endfacet
  facet normal 8.229839e-01 -5.680647e-01 0.000000e+00
    outer loop
      vertex   7.754468e+00 3.198937e+01 -8.000000e+00
      vertex   7.343632e+00 3.139417e+01 -1.300000e+01
      vertex   7.754468e+00 3.198937e+01 -1.300000e+01
    endloop
  endfacet
  facet normal 6.631227e-01 -7.485107e-01 0.000000e+00
    outer loop
      vertex   7.754468e+00 3.198937e+01 -8.000000e+00
      vertex   7.754468e+00 3.198937e+01 -1.300000e+01
      vertex   8.295806e+00 3.246895e+01 -8.000000e+00
    endloop
  endfacet
  facet normal 6.631227e-01 -7.485107e-01 0.000000e+00
    outer loop
      vertex   8.295806e+00 3.246895e+01 -8.000000e+00
      vertex   7.754468e+00 3.198937e+01 -1.300000e+01
      vertex   8.295806e+00 3.246895e+01 -1.300000e+01
    endloop
  endfacet
  facet normal 4.647232e-01 -8.854560e-01 0.000000e+00
    outer loop
      vertex   8.295806e+00 3.246895e+01 -8.000000e+00
      vertex   8.295806e+00 3.246895e+01 -1.300000e+01
      vertex   8.936185e+00 3.280505e+01 -8.000000e+00
    endloop
  endfacet
  facet normal 4.647232e-01 -8.854560e-01 0.000000e+00
    outer loop
      vertex   8.936185e+00 3.280505e+01 -8.000000e+00
      vertex   8.295806e+00 3.246895e+01 -1.300000e+01
      vertex   8.936185e+00 3.280505e+01 -1.300000e+01
    endloop
  endfacet
  facet normal 2.393157e-01 -9.709418e-01 0.000000e+00
    outer loop
      vertex   8.936185e+00 3.280505e+01 -8.000000e+00
      vertex   8.936185e+00 3.280505e+01 -1.300000e+01
      vertex   9.638390e+00 3.297813e+01 -8.000000e+00
    endloop
  endfacet
  facet normal 2.393157e-01 -9.709418e-01 0.000000e+00
    outer loop
      vertex   9.638390e+00 3.297813e+01 -8.000000e+00
      vertex   8.936185e+00 3.280505e+01 -1.300000e+01
      vertex   9.638390e+00 3.297813e+01 -1.300000e+01
    endloop
  endfacet
  facet normal 0.000000e+00 -1.000000e+00 0.000000e+00
    outer loop
      vertex   9.638390e+00 3.297813e+01 -8.000000e+00
      vertex   9.638390e+00 3.297813e+01 -1.300000e+01
      vertex   1.036161e+01 3.297813e+01 -8.000000e+00
    endloop
  endfacet
  facet normal 0.000000e+00 -1.000000e+00 -0.000000e+00
    outer loop
      vertex   1.036161e+01 3.297813e+01 -8.000000e+00
      vertex   9.638390e+00 3.297813e+01 -1.300000e+01
      vertex   1.036161e+01 3.297813e+01 -1.300000e+01
    endloop
  endfacet
  facet normal -2.393157e-01 -9.709418e-01 -0.000000e+00
    outer loop
      vertex   1.036161e+01 3.297813e+01 -8.000000e+00
      vertex   1.036161e+01 3.297813e+01 -1.300000e+01
      vertex   1.106381e+01 3.280505e+01 -8.000000e+00
    endloop
  endfacet
  facet normal -2.393157e-01 -9.709418e-01 -0.000000e+00
    outer loop
      vertex   1.106381e+01 3.280505e+01 -8.000000e+00
      vertex   1.036161e+01 3.297813e+01 -1.300000e+01
      vertex   1.106381e+01 3.280505e+01 -1.300000e+01
    endloop
  endfacet
  facet normal -4.647232e-01 -8.854560e-01 -0.000000e+00
    outer loop
      vertex   1.106381e+01 3.280505e+01 -8.000000e+00
      vertex   1.106381e+01 3.280505e+01 -1.300000e+01
      vertex   1.170419e+01 3.246895e+01 -8.000000e+00
    endloop
  endfacet
  facet normal -4.647232e-01 -8.854560e-01 -0.000000e+00
    outer loop
      vertex   1.170419e+01 3.246895e+01 -8.000000e+00
      vertex   1.106381e+01 3.280505e+01 -1.300000e+01
      vertex   1.170419e+01 3.246895e+01 -1.300000e+01
    endloop
  endfacet
  facet normal -6.631227e-01 -7.485107e-01 -0.000000e+00
    outer loop
      vertex   1.170419e+01 3.246895e+01 -8.000000e+00
      vertex   1.170419e+01 3.246895e+01 -1.300000e+01
      vertex   1.224553e+01 3.198937e+01 -8.000000e+00
    endloop
  endfacet
  facet normal -6.631227e-01 -7.485107e-01 -0.000000e+00
    outer loop
      vertex   1.224553e+01 3.198937e+01 -8.000000e+00
      vertex   1.170419e+01 3.246895e+01 -1.300000e+01
      vertex   1.224553e+01 3.198937e+01 -1.300000e+01
    endloop
  endfacet
  facet normal -8.229839e-01 -5.680647e-01 -0.000000e+00
    outer loop
      vertex   1.224553e+01 3.198937e+01 -8.000000e+00
      vertex   1.224553e+01 3.198937e+01 -1.300000e+01
      vertex   1.265637e+01 3.139417e+01 -8.000000e+00
    endloop
  endfacet
  facet normal -8.229839e-01 -5.680647e-01 -0.000000e+00
    outer loop
      vertex   1.265637e+01 3.139417e+01 -8.000000e+00
      vertex   1.224553e+01 3.198937e+01 -1.300000e+01
      vertex   1.265637e+01 3.139417e+01 -1.300000e+01
    endloop
  endfacet
  facet normal -9.350162e-01 -3.546049e-01 -0.000000e+00
    outer loop
      vertex   1.265637e+01 3.139417e+01 -8.000000e+00
      vertex   1.265637e+01 3.139417e+01 -1.300000e+01
      vertex   1.291283e+01 3.071795e+01 -8.000000e+00
    endloop
  endfacet
  facet normal -9.350162e-01 -3.546049e-01 -0.000000e+00
    outer loop
      vertex   1.291283e+01 3.071795e+01 -8.000000e+00
      vertex   1.265637e+01 3.139417e+01 -1.300000e+01
      vertex   1.291283e+01 3.071795e+01 -1.300000e+01
    endloop
  endfacet
  facet normal -9.927089e-01 -1.205367e-01 -0.000000e+00
    outer loop
      vertex   1.291283e+01 3.071795e+01 -8.000000e+00
      vertex   1.291283e+01 3.071795e+01 -1.300000e+01
      vertex   1.300000e+01 3.000000e+01 -8.000000e+00
    endloop
  endfacet
  facet normal -9.927089e-01 -1.205367e-01 -0.000000e+00
    outer loop
      vertex   1.300000e+01 3.000000e+01 -8.000000e+00
      vertex   1.291283e+01 3.071795e+01 -1.300000e+01
      vertex   1.300000e+01 3.000000e+01 -1.300000e+01
    endloop
  endfacet
  facet normal -9.927089e-01 1.205367e-01 0.000000e+00
    outer loop
      vertex   1.300000e+01 3.000000e+01 -8.000000e+00
      vertex   1.300000e+01 3.000000e+01 -1.300000e+01
      vertex   1.291283e+01 2.928205e+01 -8.000000e+00
    endloop
  endfacet
  facet normal -9.927089e-01 1.205367e-01 0.000000e+00
    outer loop
      vertex   1.291283e+01 2.928205e+01 -8.000000e+00
      vertex   1.300000e+01 3.000000e+01 -1.300000e+01
      vertex   1.291283e+01 2.928205e+01 -1.300000e+01
    endloop
  endfacet
  facet normal -9.350162e-01 3.546049e-01 0.000000e+00
    outer loop
      vertex   1.291283e+01 2.928205e+01 -8.000000e+00
      vertex   1.291283e+01 2.928205e+01 -1.300000e+01
      vertex   1.265637e+01 2.860583e+01 -8.000000e+00
    endloop
  endfacet
  facet normal -9.350162e-01 3.546049e-01 0.000000e+00
    outer loop
      vertex   1.265637e+01 2.860583e+01 -8.000000e+00
      vertex   1.291283e+01 2.928205e+01 -1.300000e+01
      vertex   1.265637e+01 2.860583e+01 -1.300000e+01
    endloop
  endfacet
  facet normal -8.229839e-01 5.680647e-01 0.000000e+00
    outer loop
      vertex   1.265637e+01 2.860583e+01 -8.000000e+00
      vertex   1.265637e+01 2.860583e+01 -1.300000e+01
      vertex   1.224553e+01 2.801063e+01 -8.000000e+00
    endloop
  endfacet
  facet normal -8.229839e-01 5.680647e-01 0.000000e+00
    outer loop
      vertex   1.224553e+01 2.801063e+01 -8.000000e+00
      vertex   1.265637e+01 2.860583e+01 -1.300000e+01
      vertex   1.224553e+01 2.801063e+01 -1.300000e+01
    endloop
  endfacet
  facet normal -6.631227e-01 7.485107e-01 0.000000e+00
    outer loop
      vertex   1.224553e+01 2.801063e+01 -8.000000e+00
      vertex   1.224553e+01 2.801063e+01 -1.300000e+01
      vertex   1.170419e+01 2.753105e+01 -8.000000e+00
    endloop
  endfacet
  facet normal -6.631227e-01 7.485107e-01 0.000000e+00
    outer loop
      vertex   1.170419e+01 2.753105e+01 -8.000000e+00
      vertex   1.224553e+01 2.801063e+01 -1.300000e+01
      vertex   1.170419e+01 2.753105e+01 -1.300000e+01
    endloop
  endfacet
  facet normal -4.647232e-01 8.854560e-01 0.000000e+00
    outer loop
      vertex   1.170419e+01 2.753105e+01 -8.000000e+00
      vertex   1.170419e+01 2.753105e+01 -1.300000e+01
      vertex   1.106381e+01 2.719495e+01 -8.000000e+00
    endloop
  endfacet
  facet normal -4.647232e-01 8.854560e-01 0.000000e+00
    outer loop
      vertex   1.106381e+01 2.719495e+01 -8.000000e+00
      vertex   1.170419e+01 2.753105e+01 -1.300000e+01
      vertex   1.106381e+01 2.719495e+01 -1.300000e+01
    endloop
  endfacet
  facet normal -2.393157e-01 9.709418e-01 0.000000e+00
    outer loop
      vertex   1.106381e+01 2.719495e+01 -8.000000e+00
      vertex   1.106381e+01 2.719495e+01 -1.300000e+01
      vertex   1.036161e+01 2.702187e+01 -8.000000e+00
    endloop
  endfacet
  facet normal -2.393157e-01 9.709418e-01 0.000000e+00
    outer loop
      vertex   1.036161e+01 2.702187e+01 -8.000000e+00
      vertex   1.106381e+01 2.719495e+01 -1.300000e+01
      vertex   1.036161e+01 2.702187e+01 -1.300000e+01
    endloop
  endfacet
  facet normal 0.000000e+00 1.000000e+00 0.000000e+00
    outer loop
      vertex   1.036161e+01 2.702187e+01 -8.000000e+00
      vertex   1.036161e+01 2.702187e+01 -1.300000e+01
      vertex   9.638390e+00 2.702187e+01 -8.000000e+00
    endloop
  endfacet
  facet normal 0.000000e+00 1.000000e+00 0.000000e+00
    outer loop
      vertex   9.638390e+00 2.702187e+01 -8.000000e+00
      vertex   1.036161e+01 2.702187e+01 -1.300000e+01
      vertex   9.638390e+00 2.702187e+01 -1.300000e+01
    endloop
  endfacet
  facet normal 2.393157e-01 9.709418e-01 0.000000e+00
    outer loop
      vertex   9.638390e+00 2.702187e+01 -8.000000e+00
      vertex   9.638390e+00 2.702187e+01 -1.300000e+01
      vertex   8.936185e+00 2.719495e+01 -8.000000e+00
    endloop
  endfacet
  facet normal 2.393157e-01 9.709418e-01 0.000000e+00
    outer loop
      vertex   8.936185e+00 2.719495e+01 -8.000000e+00
      vertex   9.638390e+00 2.702187e+01 -1.300000e+01
      vertex   8.936185e+00 2.719495e+01 -1.300000e+01
    endloop
  endfacet
  facet normal 4.647232e-01 8.854560e-01 0.000000e+00
    outer loop
      vertex   8.936185e+00 2.719495e+01 -8.000000e+00
      vertex   8.936185e+00 2.719495e+01 -1.300000e+01
      vertex   8.295806e+00 2.753105e+01 -8.000000e+00
    endloop
  endfacet
  facet normal 4.647232e-01 8.854560e-01 0.000000e+00
    outer loop
      vertex   8.295806e+00 2.753105e+01 -8.000000e+00
      vertex   8.936185e+00 2.719495e+01 -1.300000e+01
      vertex   8.295806e+00 2.753105e+01 -1.300000e+01
    endloop
  endfacet
  facet normal 6.631227e-01 7.485107e-01 0.000000e+00
    outer loop
      vertex   8.295806e+00 2.753105e+01 -8.000000e+00
      vertex   8.295806e+00 2.753105e+01 -1.300000e+01
      vertex   7.754468e+00 2.801063e+01 -8.000000e+00
    endloop
  endfacet
  facet normal 6.631227e-01 7.485107e-01 0.000000e+00
    outer loop
      vertex   7.754468e+00 2.801063e+01 -8.000000e+00
      vertex   8.295806e+00 2.753105e+01 -1.300000e+01
      vertex   7.754468e+00 2.801063e+01 -1.300000e+01
    endloop
  endfacet
  facet normal 8.229839e-01 5.680647e-01 0.000000e+00
    outer loop
      vertex   7.754468e+00 2.801063e+01 -8.000000e+00
      vertex   7.754468e+00 2.801063e+01 -1.300000e+01
      vertex   7.343632e+00 2.860583e+01 -8.000000e+00
    endloop
  endfacet
  facet normal 8.229839e-01 5.680647e-01 0.000000e+00
    outer loop
      vertex   7.343632e+00 2.860583e+01 -8.000000e+00
      vertex   7.754468e+00 2.801063e+01 -1.300000e+01
      vertex   7.343632e+00 2.860583e+01 -1.300000e+01
    endloop
  endfacet
  facet normal 9.350162e-01 3.546049e-01 0.000000e+00
    outer loop
      vertex   7.343632e+00 2.860583e+01 -8.000000e+00
      vertex   7.343632e+00 2.860583e+01 -1.300000e+01
      vertex   7.087175e+00 2.928205e+01 -8.000000e+00
    endloop
  endfacet
  facet normal 9.350162e-01 3.546049e-01 0.000000e+00
    outer loop
      vertex   7.087175e+00 2.928205e+01 -8.000000e+00
      vertex   7.343632e+00 2.860583e+01 -1.300000e+01
      vertex   7.087175e+00 2.928205e+01 -1.300000e+01
    endloop
  endfacet
  facet normal -1.000000e+00 0.000000e+00 0.000000e+00
    outer loop
      vertex   -2.000000e+01 2.750000e+01 -1.300000e+01
      vertex   -2.000000e+01 2.262799e+01 -1.300000e+01
      vertex   -2.000000e+01 2.750000e+01 -8.000000e+00
    endloop
  endfacet
  facet normal -1.000000e+00 -0.000000e+00 0.000000e+00
    outer loop
      vertex   -2.000000e+01 2.750000e+01 -8.000000e+00
      vertex   -2.000000e+01 2.262799e+01 -1.300000e+01
      vertex   -2.000000e+01 2.262799e+01 -8.000000e+00
    endloop
  endfacet
  facet normal -6.540313e-02 9.978589e-01 0.000000e+00
    outer loop
      vertex   -1.000000e+01 3.750000e+01 -8.000000e+00
      vertex   -1.000000e+01 3.750000e+01 -1.300000e+01
      vertex   -1.130526e+01 3.741445e+01 -8.000000e+00
    endloop
  endfacet
  facet normal -6.540313e-02 9.978589e-01 0.000000e+00
    outer loop
      vertex   -1.130526e+01 3.741445e+01 -8.000000e+00
      vertex   -1.000000e+01 3.750000e+01 -1.300000e+01
      vertex   -1.130526e+01 3.741445e+01 -1.300000e+01
    endloop
  endfacet
  facet normal -1.950903e-01 9.807853e-01 0.000000e+00
    outer loop
      vertex   -1.130526e+01 3.741445e+01 -8.000000e+00
      vertex   -1.130526e+01 3.741445e+01 -1.300000e+01
      vertex   -1.258819e+01 3.715926e+01 -8.000000e+00
    endloop
  endfacet
  facet normal -1.950903e-01 9.807853e-01 0.000000e+00
    outer loop
      vertex   -1.258819e+01 3.715926e+01 -8.000000e+00
      vertex   -1.130526e+01 3.741445e+01 -1.300000e+01
      vertex   -1.258819e+01 3.715926e+01 -1.300000e+01
    endloop
  endfacet
  facet normal -3.214395e-01 9.469301e-01 0.000000e+00
    outer loop
      vertex   -1.258819e+01 3.715926e+01 -8.000000e+00
      vertex   -1.258819e+01 3.715926e+01 -1.300000e+01
      vertex   -1.382683e+01 3.673880e+01 -8.000000e+00
    endloop
  endfacet
  facet normal -3.214395e-01 9.469301e-01 0.000000e+00
    outer loop
      vertex   -1.382683e+01 3.673880e+01 -8.000000e+00
      vertex   -1.258819e+01 3.715926e+01 -1.300000e+01
      vertex   -1.382683e+01 3.673880e+01 -1.300000e+01
    endloop
  endfacet
  facet normal -4.422887e-01 8.968727e-01 0.000000e+00
    outer loop
      vertex   -1.382683e+01 3.673880e+01 -8.000000e+00
      vertex   -1.382683e+01 3.673880e+01 -1.300000e+01
      vertex   -1.500000e+01 3.616025e+01 -8.000000e+00
    endloop
  endfacet
  facet normal -4.422887e-01 8.968727e-01 0.000000e+00
    outer loop
      vertex   -1.500000e+01 3.616025e+01 -8.000000e+00
      vertex   -1.382683e+01 3.673880e+01 -1.300000e+01
      vertex   -1.500000e+01 3.616025e+01 -1.300000e+01
    endloop
  endfacet
  facet normal -5.555702e-01 8.314696e-01 0.000000e+00
    outer loop
      vertex   -1.500000e+01 3.616025e+01 -8.000000e+00
      vertex   -1.500000e+01 3.616025e+01 -1.300000e+01
      vertex   -1.608761e+01 3.543353e+01 -8.000000e+00
    endloop
  endfacet
  facet normal -5.555702e-01 8.314696e-01 0.000000e+00
    outer loop
      vertex   -1.608761e+01 3.543353e+01 -8.000000e+00
      vertex   -1.500000e+01 3.616025e+01 -1.300000e+01
      vertex   -1.608761e+01 3.543353e+01 -1.300000e+01
    endloop
  endfacet
  facet normal -6.593458e-01 7.518398e-01 0.000000e+00
    outer loop
      vertex   -1.608761e+01 3.543353e+01 -8.000000e+00
      vertex   -1.608761e+01 3.543353e+01 -1.300000e+01
      vertex   -1.707107e+01 3.457107e+01 -8.000000e+00
    endloop
  endfacet
  facet normal -6.593458e-01 7.518398e-01 0.000000e+00
    outer loop
      vertex   -1.707107e+01 3.457107e+01 -8.000000e+00
      vertex   -1.608761e+01 3.543353e+01 -1.300000e+01
      vertex   -1.707107e+01 3.457107e+01 -1.300000e+01
    endloop
  endfacet
  facet normal -7.518398e-01 6.593458e-01 0.000000e+00
    outer loop
      vertex   -1.707107e+01 3.457107e+01 -8.000000e+00
      vertex   -1.707107e+01 3.457107e+01 -1.300000e+01
      vertex   -1.793353e+01 3.358761e+01 -8.000000e+00
    endloop
  endfacet
  facet normal -7.518398e-01 6.593458e-01 0.000000e+00
    outer loop
      vertex   -1.793353e+01 3.358761e+01 -8.000000e+00
      vertex   -1.707107e+01 3.457107e+01 -1.300000e+01
      vertex   -1.793353e+01 3.358761e+01 -1.300000e+01
    endloop
  endfacet
  facet normal -8.314696e-01 5.555702e-01 0.000000e+00
    outer loop
      vertex   -1.793353e+01 3.358761e+01 -8.000000e+00
      vertex   -1.793353e+01 3.358761e+01 -1.300000e+01
      vertex   -1.866025e+01 3.250000e+01 -8.000000e+00
    endloop
  endfacet
  facet normal -8.314696e-01 5.555702e-01 0.000000e+00
    outer loop
      vertex   -1.866025e+01 3.250000e+01 -8.000000e+00
      vertex   -1.793353e+01 3.358761e+01 -1.300000e+01
      vertex   -1.866025e+01 3.250000e+01 -1.300000e+01
    endloop
  endfacet
  facet normal -8.968727e-01 4.422887e-01 0.000000e+00
    outer loop
      vertex   -1.866025e+01 3.250000e+01 -8.000000e+00
      vertex   -1.866025e+01 3.250000e+01 -1.300000e+01
      vertex   -1.923880e+01 3.132683e+01 -8.000000e+00
    endloop
  endfacet
  facet normal -8.968727e-01 4.422887e-01 0.000000e+00
    outer loop
      vertex   -1.923880e+01 3.132683e+01 -8.000000e+00
      vertex   -1.866025e+01 3.250000e+01 -1.300000e+01
      vertex   -1.923880e+01 3.132683e+01 -1.300000e+01
    endloop
  endfacet
  facet normal -9.469301e-01 3.214395e-01 0.000000e+00
    outer loop
      vertex   -1.923880e+01 3.132683e+01 -8.000000e+00
      vertex   -1.923880e+01 3.132683e+01 -1.300000e+01
      vertex   -1.965926e+01 3.008819e+01 -8.000000e+00
    endloop
  endfacet
  facet normal -9.469301e-01 3.214395e-01 0.000000e+00
    outer loop
      vertex   -1.965926e+01 3.008819e+01 -8.000000e+00
      vertex   -1.923880e+01 3.132683e+01 -1.300000e+01
      vertex   -1.965926e+01 3.008819e+01 -1.300000e+01
    endloop
  endfacet
  facet normal -9.807853e-01 1.950903e-01 0.000000e+00
    outer loop
      vertex   -1.965926e+01 3.008819e+01 -8.000000e+00
      vertex   -1.965926e+01 3.008819e+01 -1.300000e+01
      vertex   -1.991445e+01 2.880526e+01 -8.000000e+00
    endloop
  endfacet
  facet normal -9.807853e-01 1.950903e-01 0.000000e+00
    outer loop
      vertex   -1.991445e+01 2.880526e+01 -8.000000e+00
      vertex   -1.965926e+01 3.008819e+01 -1.300000e+01
      vertex   -1.991445e+01 2.880526e+01 -1.300000e+01
    endloop
  endfacet
  facet normal -9.978589e-01 6.540313e-02 0.000000e+00
    outer loop
      vertex   -1.991445e+01 2.880526e+01 -8.000000e+00
      vertex   -1.991445e+01 2.880526e+01 -1.300000e+01
      vertex   -2.000000e+01 2.750000e+01 -8.000000e+00
    endloop
  endfacet
  facet normal -9.978589e-01 6.540313e-02 0.000000e+00
    outer loop
      vertex   -2.000000e+01 2.750000e+01 -8.000000e+00
      vertex   -1.991445e+01 2.880526e+01 -1.300000e+01
      vertex   -2.000000e+01 2.750000e+01 -1.300000e+01
    endloop
  endfacet
  facet normal 0.000000e+00 1.000000e+00 -0.000000e+00
    outer loop
      vertex   1.000000e+01 3.750000e+01 -1.300000e+01
      vertex   -1.000000e+01 3.750000e+01 -1.300000e+01
      vertex   1.000000e+01 3.750000e+01 -8.000000e+00
    endloop
  endfacet
  facet normal 0.000000e+00 1.000000e+00 0.000000e+00
    outer loop
      vertex   1.000000e+01 3.750000e+01 -8.000000e+00
      vertex   -1.000000e+01 3.750000e+01 -1.300000e+01
      vertex   -1.000000e+01 3.750000e+01 -8.000000e+00
    endloop
  endfacet
  facet normal 9.978589e-01 6.540313e-02 7.090214e-16
    outer loop
      vertex   2.000000e+01 2.750000e+01 -8.000000e+00
      vertex   2.000000e+01 2.750000e+01 -1.300000e+01
      vertex   1.991445e+01 2.880526e+01 -8.000000e+00
    endloop
  endfacet
  facet normal 9.978589e-01 6.540313e-02 0.000000e+00
    outer loop
      vertex   1.991445e+01 2.880526e+01 -8.000000e+00
      vertex   2.000000e+01 2.750000e+01 -1.300000e+01
      vertex   1.991445e+01 2.880526e+01 -1.300000e+01
    endloop
  endfacet
  facet normal 9.807853e-01 1.950903e-01 0.000000e+00
    outer loop
      vertex   1.991445e+01 2.880526e+01 -8.000000e+00
      vertex   1.991445e+01 2.880526e+01 -1.300000e+01
      vertex   1.965926e+01 3.008819e+01 -8.000000e+00
    endloop
  endfacet
  facet normal 9.807853e-01 1.950903e-01 0.000000e+00
    outer loop
      vertex   1.965926e+01 3.008819e+01 -8.000000e+00
      vertex   1.991445e+01 2.880526e+01 -1.300000e+01
      vertex   1.965926e+01 3.008819e+01 -1.300000e+01
    endloop
  endfacet
  facet normal 9.469301e-01 3.214395e-01 0.000000e+00
    outer loop
      vertex   1.965926e+01 3.008819e+01 -8.000000e+00
      vertex   1.965926e+01 3.008819e+01 -1.300000e+01
      vertex   1.923880e+01 3.132683e+01 -8.000000e+00
    endloop
  endfacet
  facet normal 9.469301e-01 3.214395e-01 0.000000e+00
    outer loop
      vertex   1.923880e+01 3.132683e+01 -8.000000e+00
      vertex   1.965926e+01 3.008819e+01 -1.300000e+01
      vertex   1.923880e+01 3.132683e+01 -1.300000e+01
    endloop
  endfacet
  facet normal 8.968727e-01 4.422887e-01 0.000000e+00
    outer loop
      vertex   1.923880e+01 3.132683e+01 -8.000000e+00
      vertex   1.923880e+01 3.132683e+01 -1.300000e+01
      vertex   1.866025e+01 3.250000e+01 -8.000000e+00
    endloop
  endfacet
  facet normal 8.968727e-01 4.422887e-01 0.000000e+00
    outer loop
      vertex   1.866025e+01 3.250000e+01 -8.000000e+00
      vertex   1.923880e+01 3.132683e+01 -1.300000e+01
      vertex   1.866025e+01 3.250000e+01 -1.300000e+01
    endloop
  endfacet
  facet normal 8.314696e-01 5.555702e-01 0.000000e+00
    outer loop
      vertex   1.866025e+01 3.250000e+01 -8.000000e+00
      vertex   1.866025e+01 3.250000e+01 -1.300000e+01
      vertex   1.793353e+01 3.358761e+01 -8.000000e+00
    endloop
  endfacet
  facet normal 8.314696e-01 5.555702e-01 0.000000e+00
    outer loop
      vertex   1.793353e+01 3.358761e+01 -8.000000e+00
      vertex   1.866025e+01 3.250000e+01 -1.300000e+01
      vertex   1.793353e+01 3.358761e+01 -1.300000e+01
    endloop
  endfacet
  facet normal 7.518398e-01 6.593458e-01 0.000000e+00
    outer loop
      vertex   1.793353e+01 3.358761e+01 -8.000000e+00
      vertex   1.793353e+01 3.358761e+01 -1.300000e+01
      vertex   1.707107e+01 3.457107e+01 -8.000000e+00
    endloop
  endfacet
  facet normal 7.518398e-01 6.593458e-01 0.000000e+00
    outer loop
      vertex   1.707107e+01 3.457107e+01 -8.000000e+00
      vertex   1.793353e+01 3.358761e+01 -1.300000e+01
      vertex   1.707107e+01 3.457107e+01 -1.300000e+01
    endloop
  endfacet
  facet normal 6.593458e-01 7.518398e-01 0.000000e+00
    outer loop
      vertex   1.707107e+01 3.457107e+01 -8.000000e+00
      vertex   1.707107e+01 3.457107e+01 -1.300000e+01
      vertex   1.608761e+01 3.543353e+01 -8.000000e+00
    endloop
  endfacet
  facet normal 6.593458e-01 7.518398e-01 0.000000e+00
    outer loop
      vertex   1.608761e+01 3.543353e+01 -8.000000e+00
      vertex   1.707107e+01 3.457107e+01 -1.300000e+01
      vertex   1.608761e+01 3.543353e+01 -1.300000e+01
    endloop
  endfacet
  facet normal 5.555702e-01 8.314696e-01 0.000000e+00
    outer loop
      vertex   1.608761e+01 3.543353e+01 -8.000000e+00
      vertex   1.608761e+01 3.543353e+01 -1.300000e+01
      vertex   1.500000e+01 3.616025e+01 -8.000000e+00
    endloop
  endfacet
  facet normal 5.555702e-01 8.314696e-01 0.000000e+00
    outer loop
      vertex   1.500000e+01 3.616025e+01 -8.000000e+00
      vertex   1.608761e+01 3.543353e+01 -1.300000e+01
      vertex   1.500000e+01 3.616025e+01 -1.300000e+01
    endloop
  endfacet
  facet normal 4.422887e-01 8.968727e-01 0.000000e+00
    outer loop
      vertex   1.500000e+01 3.616025e+01 -8.000000e+00
      vertex   1.500000e+01 3.616025e+01 -1.300000e+01
      vertex   1.382683e+01 3.673880e+01 -8.000000e+00
    endloop
  endfacet
  facet normal 4.422887e-01 8.968727e-01 0.000000e+00
    outer loop
      vertex   1.382683e+01 3.673880e+01 -8.000000e+00
      vertex   1.500000e+01 3.616025e+01 -1.300000e+01
      vertex   1.382683e+01 3.673880e+01 -1.300000e+01
    endloop
  endfacet
  facet normal 3.214395e-01 9.469301e-01 0.000000e+00
    outer loop
      vertex   1.382683e+01 3.673880e+01 -8.000000e+00
      vertex   1.382683e+01 3.673880e+01 -1.300000e+01
      vertex   1.258819e+01 3.715926e+01 -8.000000e+00
    endloop
  endfacet
  facet normal 3.214395e-01 9.469301e-01 0.000000e+00
    outer loop
      vertex   1.258819e+01 3.715926e+01 -8.000000e+00
      vertex   1.382683e+01 3.673880e+01 -1.300000e+01
      vertex   1.258819e+01 3.715926e+01 -1.300000e+01
    endloop
  endfacet
  facet normal 1.950903e-01 9.807853e-01 0.000000e+00
    outer loop
      vertex   1.258819e+01 3.715926e+01 -8.000000e+00
      vertex   1.258819e+01 3.715926e+01 -1.300000e+01
      vertex   1.130526e+01 3.741445e+01 -8.000000e+00
    endloop
  endfacet
  facet normal 1.950903e-01 9.807853e-01 0.000000e+00
    outer loop
      vertex   1.130526e+01 3.741445e+01 -8.000000e+00
      vertex   1.258819e+01 3.715926e+01 -1.300000e+01
      vertex   1.130526e+01 3.741445e+01 -1.300000e+01
    endloop
  endfacet
  facet normal 6.540313e-02 9.978589e-01 0.000000e+00
    outer loop
      vertex   1.130526e+01 3.741445e+01 -8.000000e+00
      vertex   1.130526e+01 3.741445e+01 -1.300000e+01
      vertex   1.000000e+01 3.750000e+01 -8.000000e+00
    endloop
  endfacet
  facet normal 6.540313e-02 9.978589e-01 0.000000e+00
    outer loop
      vertex   1.000000e+01 3.750000e+01 -8.000000e+00
      vertex   1.130526e+01 3.741445e+01 -1.300000e+01
      vertex   1.000000e+01 3.750000e+01 -1.300000e+01
    endloop
  endfacet
  facet normal 1.000000e+00 0.000000e+00 0.000000e+00
    outer loop
      vertex   2.000000e+01 2.262799e+01 -1.300000e+01
      vertex   2.000000e+01 2.750000e+01 -1.300000e+01
      vertex   2.000000e+01 2.262799e+01 -8.000000e+00
    endloop
  endfacet
  facet normal 1.000000e+00 7.292092e-16 7.105427e-16
    outer loop
      vertex   2.000000e+01 2.262799e+01 -8.000000e+00
      vertex   2.000000e+01 2.750000e+01 -1.300000e+01
      vertex   2.000000e+01 2.750000e+01 -8.000000e+00
    endloop
  endfacet
  facet normal 0.000000e+00 0.000000e+00 1.000000e+00
    outer loop
      vertex   2.000000e+01 2.262799e+01 -8.000000e+00
      vertex   -9.638390e+00 2.702187e+01 -8.000000e+00
      vertex   -2.000000e+01 2.262799e+01 -8.000000e+00
    endloop
  endfacet
  facet normal 0.000000e+00 0.000000e+00 1.000000e+00
    outer loop
      vertex   -2.000000e+01 2.262799e+01 -8.000000e+00
      vertex   -9.638390e+00 2.702187e+01 -8.000000e+00
      vertex   -1.036161e+01 2.702187e+01 -8.000000e+00
    endloop
  endfacet
  facet normal 0.000000e+00 0.000000e+00 1.000000e+00
    outer loop
      vertex   -2.000000e+01 2.262799e+01 -8.000000e+00
      vertex   -1.036161e+01 2.702187e+01 -8.000000e+00
      vertex   -1.106381e+01 2.719495e+01 -8.000000e+00
    endloop
  endfacet
  facet normal 0.000000e+00 0.000000e+00 1.000000e+00
    outer loop
      vertex   2.000000e+01 2.750000e+01 -8.000000e+00
      vertex   1.106381e+01 2.719495e+01 -8.000000e+00
      vertex   2.000000e+01 2.262799e+01 -8.000000e+00
    endloop
  endfacet
  facet normal 0.000000e+00 0.000000e+00 1.000000e+00
    outer loop
      vertex   2.000000e+01 2.262799e+01 -8.000000e+00
      vertex   1.106381e+01 2.719495e+01 -8.000000e+00
      vertex   1.036161e+01 2.702187e+01 -8.000000e+00
    endloop
  endfacet
  facet normal 0.000000e+00 0.000000e+00 1.000000e+00
    outer loop
      vertex   2.000000e+01 2.262799e+01 -8.000000e+00
      vertex   1.036161e+01 2.702187e+01 -8.000000e+00
      vertex   9.638390e+00 2.702187e+01 -8.000000e+00
    endloop
  endfacet
  facet normal 0.000000e+00 0.000000e+00 1.000000e+00
    outer loop
      vertex   1.991445e+01 2.880526e+01 -8.000000e+00
      vertex   1.265637e+01 2.860583e+01 -8.000000e+00
      vertex   2.000000e+01 2.750000e+01 -8.000000e+00
    endloop
  endfacet
  facet normal 0.000000e+00 0.000000e+00 1.000000e+00
    outer loop
      vertex   2.000000e+01 2.750000e+01 -8.000000e+00
      vertex   1.265637e+01 2.860583e+01 -8.000000e+00
      vertex   1.224553e+01 2.801063e+01 -8.000000e+00
    endloop
  endfacet
  facet normal 0.000000e+00 0.000000e+00 1.000000e+00
    outer loop
      vertex   2.000000e+01 2.750000e+01 -8.000000e+00
      vertex   1.224553e+01 2.801063e+01 -8.000000e+00
      vertex   1.170419e+01 2.753105e+01 -8.000000e+00
    endloop
  endfacet
  facet normal 0.000000e+00 0.000000e+00 1.000000e+00
    outer loop
      vertex   1.265637e+01 2.860583e+01 -8.000000e+00
      vertex   1.991445e+01 2.880526e+01 -8.000000e+00
      vertex   1.291283e+01 2.928205e+01 -8.000000e+00
    endloop
  endfacet
  facet normal -0.000000e+00 0.000000e+00 1.000000e+00
    outer loop
      vertex   1.291283e+01 2.928205e+01 -8.000000e+00
      vertex   1.991445e+01 2.880526e+01 -8.000000e+00
      vertex   1.965926e+01 3.008819e+01 -8.000000e+00
    endloop
  endfacet
  facet normal 0.000000e+00 0.000000e+00 1.000000e+00
    outer loop
      vertex   1.291283e+01 2.928205e+01 -8.000000e+00
      vertex   1.965926e+01 3.008819e+01 -8.000000e+00
      vertex   1.300000e+01 3.000000e+01 -8.000000e+00
    endloop
  endfacet
  facet normal 0.000000e+00 -0.000000e+00 1.000000e+00
    outer loop
      vertex   1.300000e+01 3.000000e+01 -8.000000e+00
      vertex   1.965926e+01 3.008819e+01 -8.000000e+00
      vertex   1.291283e+01 3.071795e+01 -8.000000e+00
    endloop
  endfacet
  facet normal -0.000000e+00 0.000000e+00 1.000000e+00
    outer loop
      vertex   1.291283e+01 3.071795e+01 -8.000000e+00
      vertex   1.965926e+01 3.008819e+01 -8.000000e+00
      vertex   1.923880e+01 3.132683e+01 -8.000000e+00
    endloop
  endfacet
  facet normal 0.000000e+00 -0.000000e+00 1.000000e+00
    outer loop
      vertex   1.291283e+01 3.071795e+01 -8.000000e+00
      vertex   1.923880e+01 3.132683e+01 -8.000000e+00
      vertex   1.265637e+01 3.139417e+01 -8.000000e+00
    endloop
  endfacet
  facet normal -0.000000e+00 0.000000e+00 1.000000e+00
    outer loop
      vertex   1.265637e+01 3.139417e+01 -8.000000e+00
      vertex   1.923880e+01 3.132683e+01 -8.000000e+00
      vertex   1.866025e+01 3.250000e+01 -8.000000e+00
    endloop
  endfacet
  facet normal 0.000000e+00 -0.000000e+00 1.000000e+00
    outer loop
      vertex   1.265637e+01 3.139417e+01 -8.000000e+00
      vertex   1.866025e+01 3.250000e+01 -8.000000e+00
      vertex   1.224553e+01 3.198937e+01 -8.000000e+00
    endloop
  endfacet
  facet normal 0.000000e+00 -0.000000e+00 1.000000e+00
    outer loop
      vertex   1.224553e+01 3.198937e+01 -8.000000e+00
      vertex   1.866025e+01 3.250000e+01 -8.000000e+00
      vertex   1.170419e+01 3.246895e+01 -8.000000e+00
    endloop
  endfacet
  facet normal 0.000000e+00 0.000000e+00 1.000000e+00
    outer loop
      vertex   1.170419e+01 3.246895e+01 -8.000000e+00
      vertex   1.866025e+01 3.250000e+01 -8.000000e+00
      vertex   1.793353e+01 3.358761e+01 -8.000000e+00
    endloop
  endfacet
  facet normal 0.000000e+00 -0.000000e+00 1.000000e+00
    outer loop
      vertex   1.170419e+01 3.246895e+01 -8.000000e+00
      vertex   1.793353e+01 3.358761e+01 -8.000000e+00
      vertex   1.106381e+01 3.280505e+01 -8.000000e+00
    endloop
  endfacet
  facet normal 0.000000e+00 0.000000e+00 1.000000e+00
    outer loop
      vertex   1.106381e+01 3.280505e+01 -8.000000e+00
      vertex   1.793353e+01 3.358761e+01 -8.000000e+00
      vertex   1.707107e+01 3.457107e+01 -8.000000e+00
    endloop
  endfacet
  facet normal 0.000000e+00 -0.000000e+00 1.000000e+00
    outer loop
      vertex   1.106381e+01 3.280505e+01 -8.000000e+00
      vertex   1.707107e+01 3.457107e+01 -8.000000e+00
      vertex   1.036161e+01 3.297813e+01 -8.000000e+00
    endloop
  endfacet
  facet normal 0.000000e+00 0.000000e+00 1.000000e+00
    outer loop
      vertex   1.036161e+01 3.297813e+01 -8.000000e+00
      vertex   1.707107e+01 3.457107e+01 -8.000000e+00
      vertex   1.608761e+01 3.543353e+01 -8.000000e+00
    endloop
  endfacet
  facet normal 0.000000e+00 0.000000e+00 1.000000e+00
    outer loop
      vertex   1.036161e+01 3.297813e+01 -8.000000e+00
      vertex   1.608761e+01 3.543353e+01 -8.000000e+00
      vertex   1.500000e+01 3.616025e+01 -8.000000e+00
    endloop
  endfacet
  facet normal 0.000000e+00 -0.000000e+00 1.000000e+00
    outer loop
      vertex   1.036161e+01 3.297813e+01 -8.000000e+00
      vertex   1.500000e+01 3.616025e+01 -8.000000e+00
      vertex   9.638390e+00 3.297813e+01 -8.000000e+00
    endloop
  endfacet
  facet normal 0.000000e+00 0.000000e+00 1.000000e+00
    outer loop
      vertex   9.638390e+00 3.297813e+01 -8.000000e+00
      vertex   1.500000e+01 3.616025e+01 -8.000000e+00
      vertex   1.382683e+01 3.673880e+01 -8.000000e+00
    endloop
  endfacet
  facet normal 0.000000e+00 0.000000e+00 1.000000e+00
    outer loop
      vertex   9.638390e+00 3.297813e+01 -8.000000e+00
      vertex   1.382683e+01 3.673880e+01 -8.000000e+00
      vertex   1.258819e+01 3.715926e+01 -8.000000e+00
    endloop
  endfacet
  facet normal 0.000000e+00 0.000000e+00 1.000000e+00
    outer loop
      vertex   1.258819e+01 3.715926e+01 -8.000000e+00
      vertex   1.130526e+01 3.741445e+01 -8.000000e+00
      vertex   9.638390e+00 3.297813e+01 -8.000000e+00
    endloop
  endfacet
  facet normal 0.000000e+00 0.000000e+00 1.000000e+00
    outer loop
      vertex   9.638390e+00 3.297813e+01 -8.000000e+00
      vertex   1.130526e+01 3.741445e+01 -8.000000e+00
      vertex   1.000000e+01 3.750000e+01 -8.000000e+00
    endloop
  endfacet
  facet normal 0.000000e+00 -0.000000e+00 1.000000e+00
    outer loop
      vertex   9.638390e+00 3.297813e+01 -8.000000e+00
      vertex   1.000000e+01 3.750000e+01 -8.000000e+00
      vertex   8.936185e+00 3.280505e+01 -8.000000e+00
    endloop
  endfacet
  facet normal 0.000000e+00 -0.000000e+00 1.000000e+00
    outer loop
      vertex   8.936185e+00 3.280505e+01 -8.000000e+00
      vertex   1.000000e+01 3.750000e+01 -8.000000e+00
      vertex   -1.000000e+01 3.750000e+01 -8.000000e+00
    endloop
  endfacet
  facet normal 0.000000e+00 0.000000e+00 1.000000e+00
    outer loop
      vertex   8.936185e+00 3.280505e+01 -8.000000e+00
      vertex   -1.000000e+01 3.750000e+01 -8.000000e+00
      vertex   -8.936185e+00 3.280505e+01 -8.000000e+00
    endloop
  endfacet
  facet normal 0.000000e+00 0.000000e+00 1.000000e+00
    outer loop
      vertex   -8.936185e+00 3.280505e+01 -8.000000e+00
      vertex   -1.000000e+01 3.750000e+01 -8.000000e+00
      vertex   -9.638390e+00 3.297813e+01 -8.000000e+00
    endloop
  endfacet
  facet normal 0.000000e+00 0.000000e+00 1.000000e+00
    outer loop
      vertex   -9.638390e+00 3.297813e+01 -8.000000e+00
      vertex   -1.000000e+01 3.750000e+01 -8.000000e+00
      vertex   -1.130526e+01 3.741445e+01 -8.000000e+00
    endloop
  endfacet
  facet normal 0.000000e+00 0.000000e+00 1.000000e+00
    outer loop
      vertex   -9.638390e+00 3.297813e+01 -8.000000e+00
      vertex   -1.130526e+01 3.741445e+01 -8.000000e+00
      vertex   -1.258819e+01 3.715926e+01 -8.000000e+00
    endloop
  endfacet
  facet normal 0.000000e+00 0.000000e+00 1.000000e+00
    outer loop
      vertex   -1.258819e+01 3.715926e+01 -8.000000e+00
      vertex   -1.382683e+01 3.673880e+01 -8.000000e+00
      vertex   -9.638390e+00 3.297813e+01 -8.000000e+00
    endloop
  endfacet
  facet normal 0.000000e+00 0.000000e+00 1.000000e+00
    outer loop
      vertex   -9.638390e+00 3.297813e+01 -8.000000e+00
      vertex   -1.382683e+01 3.673880e+01 -8.000000e+00
      vertex   -1.500000e+01 3.616025e+01 -8.000000e+00
    endloop
  endfacet
  facet normal 0.000000e+00 0.000000e+00 1.000000e+00
    outer loop
      vertex   -9.638390e+00 3.297813e+01 -8.000000e+00
      vertex   -1.500000e+01 3.616025e+01 -8.000000e+00
      vertex   -1.036161e+01 3.297813e+01 -8.000000e+00
    endloop
  endfacet
  facet normal 0.000000e+00 0.000000e+00 1.000000e+00
    outer loop
      vertex   -1.036161e+01 3.297813e+01 -8.000000e+00
      vertex   -1.500000e+01 3.616025e+01 -8.000000e+00
      vertex   -1.608761e+01 3.543353e+01 -8.000000e+00
    endloop
  endfacet
  facet normal 0.000000e+00 0.000000e+00 1.000000e+00
    outer loop
      vertex   -1.036161e+01 3.297813e+01 -8.000000e+00
      vertex   -1.608761e+01 3.543353e+01 -8.000000e+00
      vertex   -1.707107e+01 3.457107e+01 -8.000000e+00
    endloop
  endfacet
  facet normal 0.000000e+00 0.000000e+00 1.000000e+00
    outer loop
      vertex   -1.036161e+01 3.297813e+01 -8.000000e+00
      vertex   -1.707107e+01 3.457107e+01 -8.000000e+00
      vertex   -1.106381e+01 3.280505e+01 -8.000000e+00
    endloop
  endfacet
  facet normal 0.000000e+00 0.000000e+00 1.000000e+00
    outer loop
      vertex   -1.106381e+01 3.280505e+01 -8.000000e+00
      vertex   -1.707107e+01 3.457107e+01 -8.000000e+00
      vertex   -1.793353e+01 3.358761e+01 -8.000000e+00
    endloop
  endfacet
  facet normal 0.000000e+00 0.000000e+00 1.000000e+00
    outer loop
      vertex   -1.106381e+01 3.280505e+01 -8.000000e+00
      vertex   -1.793353e+01 3.358761e+01 -8.000000e+00
      vertex   -1.170419e+01 3.246895e+01 -8.000000e+00
    endloop
  endfacet
  facet normal 0.000000e+00 0.000000e+00 1.000000e+00
    outer loop
      vertex   -1.170419e+01 3.246895e+01 -8.000000e+00
      vertex   -1.793353e+01 3.358761e+01 -8.000000e+00
      vertex   -1.866025e+01 3.250000e+01 -8.000000e+00
    endloop
  endfacet
  facet normal 0.000000e+00 0.000000e+00 1.000000e+00
    outer loop
      vertex   -1.170419e+01 3.246895e+01 -8.000000e+00
      vertex   -1.866025e+01 3.250000e+01 -8.000000e+00
      vertex   -1.224553e+01 3.198937e+01 -8.000000e+00
    endloop
  endfacet
  facet normal 0.000000e+00 0.000000e+00 1.000000e+00
    outer loop
      vertex   -1.224553e+01 3.198937e+01 -8.000000e+00
      vertex   -1.866025e+01 3.250000e+01 -8.000000e+00
      vertex   -1.265637e+01 3.139417e+01 -8.000000e+00
    endloop
  endfacet
  facet normal 0.000000e+00 0.000000e+00 1.000000e+00
    outer loop
      vertex   -1.265637e+01 3.139417e+01 -8.000000e+00
      vertex   -1.866025e+01 3.250000e+01 -8.000000e+00
      vertex   -1.923880e+01 3.132683e+01 -8.000000e+00
    endloop
  endfacet
  facet normal 0.000000e+00 0.000000e+00 1.000000e+00
    outer loop
      vertex   -1.265637e+01 3.139417e+01 -8.000000e+00
      vertex   -1.923880e+01 3.132683e+01 -8.000000e+00
      vertex   -1.291283e+01 3.071795e+01 -8.000000e+00
    endloop
  endfacet
  facet normal 0.000000e+00 0.000000e+00 1.000000e+00
    outer loop
      vertex   -1.291283e+01 3.071795e+01 -8.000000e+00
      vertex   -1.923880e+01 3.132683e+01 -8.000000e+00
      vertex   -1.965926e+01 3.008819e+01 -8.000000e+00
    endloop
  endfacet
  facet normal 0.000000e+00 0.000000e+00 1.000000e+00
    outer loop
      vertex   -1.291283e+01 3.071795e+01 -8.000000e+00
      vertex   -1.965926e+01 3.008819e+01 -8.000000e+00
      vertex   -1.300000e+01 3.000000e+01 -8.000000e+00
    endloop
  endfacet
  facet normal 0.000000e+00 0.000000e+00 1.000000e+00
    outer loop
      vertex   -1.300000e+01 3.000000e+01 -8.000000e+00
      vertex   -1.965926e+01 3.008819e+01 -8.000000e+00
      vertex   -1.291283e+01 2.928205e+01 -8.000000e+00
    endloop
  endfacet
  facet normal 0.000000e+00 0.000000e+00 1.000000e+00
    outer loop
      vertex   -1.291283e+01 2.928205e+01 -8.000000e+00
      vertex   -1.965926e+01 3.008819e+01 -8.000000e+00
      vertex   -1.991445e+01 2.880526e+01 -8.000000e+00
    endloop
  endfacet
  facet normal 0.000000e+00 0.000000e+00 1.000000e+00
    outer loop
      vertex   -1.291283e+01 2.928205e+01 -8.000000e+00
      vertex   -1.991445e+01 2.880526e+01 -8.000000e+00
      vertex   -1.265637e+01 2.860583e+01 -8.000000e+00
    endloop
  endfacet
  facet normal 0.000000e+00 0.000000e+00 1.000000e+00
    outer loop
      vertex   -1.265637e+01 2.860583e+01 -8.000000e+00
      vertex   -1.991445e+01 2.880526e+01 -8.000000e+00
      vertex   -2.000000e+01 2.750000e+01 -8.000000e+00
    endloop
  endfacet
  facet normal 0.000000e+00 0.000000e+00 1.000000e+00
    outer loop
      vertex   -1.265637e+01 2.860583e+01 -8.000000e+00
      vertex   -2.000000e+01 2.750000e+01 -8.000000e+00
      vertex   -1.224553e+01 2.801063e+01 -8.000000e+00
    endloop
  endfacet
  facet normal 0.000000e+00 0.000000e+00 1.000000e+00
    outer loop
      vertex   -1.224553e+01 2.801063e+01 -8.000000e+00
      vertex   -2.000000e+01 2.750000e+01 -8.000000e+00
      vertex   -1.170419e+01 2.753105e+01 -8.000000e+00
    endloop
  endfacet
  facet normal 0.000000e+00 0.000000e+00 1.000000e+00
    outer loop
      vertex   -1.170419e+01 2.753105e+01 -8.000000e+00
      vertex   -2.000000e+01 2.750000e+01 -8.000000e+00
      vertex   -1.106381e+01 2.719495e+01 -8.000000e+00
    endloop
  endfacet
  facet normal 0.000000e+00 0.000000e+00 1.000000e+00
    outer loop
      vertex   -1.106381e+01 2.719495e+01 -8.000000e+00
      vertex   -2.000000e+01 2.750000e+01 -8.000000e+00
      vertex   -2.000000e+01 2.262799e+01 -8.000000e+00
    endloop
  endfacet
  facet normal 0.000000e+00 0.000000e+00 1.000000e+00
    outer loop
      vertex   7.087175e+00 3.071795e+01 -8.000000e+00
      vertex   -7.087175e+00 3.071795e+01 -8.000000e+00
      vertex   7.000000e+00 3.000000e+01 -8.000000e+00
    endloop
  endfacet
  facet normal 0.000000e+00 0.000000e+00 1.000000e+00
    outer loop
      vertex   7.000000e+00 3.000000e+01 -8.000000e+00
      vertex   -7.087175e+00 3.071795e+01 -8.000000e+00
      vertex   -7.000000e+00 3.000000e+01 -8.000000e+00
    endloop
  endfacet
  facet normal 0.000000e+00 0.000000e+00 1.000000e+00
    outer loop
      vertex   7.000000e+00 3.000000e+01 -8.000000e+00
      vertex   -7.000000e+00 3.000000e+01 -8.000000e+00
      vertex   7.087175e+00 2.928205e+01 -8.000000e+00
    endloop
  endfacet
  facet normal 0.000000e+00 0.000000e+00 1.000000e+00
    outer loop
      vertex   7.087175e+00 2.928205e+01 -8.000000e+00
      vertex   -7.000000e+00 3.000000e+01 -8.000000e+00
      vertex   -7.087175e+00 2.928205e+01 -8.000000e+00
    endloop
  endfacet
  facet normal 0.000000e+00 0.000000e+00 1.000000e+00
    outer loop
      vertex   7.087175e+00 2.928205e+01 -8.000000e+00
      vertex   -7.087175e+00 2.928205e+01 -8.000000e+00
      vertex   7.343632e+00 2.860583e+01 -8.000000e+00
    endloop
  endfacet
  facet normal 0.000000e+00 0.000000e+00 1.000000e+00
    outer loop
      vertex   7.343632e+00 2.860583e+01 -8.000000e+00
      vertex   -7.087175e+00 2.928205e+01 -8.000000e+00
      vertex   -7.343632e+00 2.860583e+01 -8.000000e+00
    endloop
  endfacet
  facet normal 0.000000e+00 0.000000e+00 1.000000e+00
    outer loop
      vertex   7.343632e+00 2.860583e+01 -8.000000e+00
      vertex   -7.343632e+00 2.860583e+01 -8.000000e+00
      vertex   7.754468e+00 2.801063e+01 -8.000000e+00
    endloop
  endfacet
  facet normal 0.000000e+00 0.000000e+00 1.000000e+00
    outer loop
      vertex   7.754468e+00 2.801063e+01 -8.000000e+00
      vertex   -7.343632e+00 2.860583e+01 -8.000000e+00
      vertex   -7.754468e+00 2.801063e+01 -8.000000e+00
    endloop
  endfacet
  facet normal 0.000000e+00 0.000000e+00 1.000000e+00
    outer loop
      vertex   7.754468e+00 2.801063e+01 -8.000000e+00
      vertex   -7.754468e+00 2.801063e+01 -8.000000e+00
      vertex   8.295806e+00 2.753105e+01 -8.000000e+00
    endloop
  endfacet
  facet normal 0.000000e+00 0.000000e+00 1.000000e+00
    outer loop
      vertex   8.295806e+00 2.753105e+01 -8.000000e+00
      vertex   -7.754468e+00 2.801063e+01 -8.000000e+00
      vertex   -8.295806e+00 2.753105e+01 -8.000000e+00
    endloop
  endfacet
  facet normal 0.000000e+00 0.000000e+00 1.000000e+00
    outer loop
      vertex   8.295806e+00 2.753105e+01 -8.000000e+00
      vertex   -8.295806e+00 2.753105e+01 -8.000000e+00
      vertex   8.936185e+00 2.719495e+01 -8.000000e+00
    endloop
  endfacet
  facet normal 0.000000e+00 0.000000e+00 1.000000e+00
    outer loop
      vertex   8.936185e+00 2.719495e+01 -8.000000e+00
      vertex   -8.295806e+00 2.753105e+01 -8.000000e+00
      vertex   -8.936185e+00 2.719495e+01 -8.000000e+00
    endloop
  endfacet
  facet normal 0.000000e+00 0.000000e+00 1.000000e+00
    outer loop
      vertex   8.936185e+00 2.719495e+01 -8.000000e+00
      vertex   -8.936185e+00 2.719495e+01 -8.000000e+00
      vertex   9.638390e+00 2.702187e+01 -8.000000e+00
    endloop
  endfacet
  facet normal 0.000000e+00 0.000000e+00 1.000000e+00
    outer loop
      vertex   9.638390e+00 2.702187e+01 -8.000000e+00
      vertex   -8.936185e+00 2.719495e+01 -8.000000e+00
      vertex   -9.638390e+00 2.702187e+01 -8.000000e+00
    endloop
  endfacet
  facet normal 0.000000e+00 0.000000e+00 1.000000e+00
    outer loop
      vertex   9.638390e+00 2.702187e+01 -8.000000e+00
      vertex   -9.638390e+00 2.702187e+01 -8.000000e+00
      vertex   2.000000e+01 2.262799e+01 -8.000000e+00
    endloop
  endfacet
  facet normal 0.000000e+00 -0.000000e+00 1.000000e+00
    outer loop
      vertex   -7.087175e+00 3.071795e+01 -8.000000e+00
      vertex   7.087175e+00 3.071795e+01 -8.000000e+00
      vertex   -7.343632e+00 3.139417e+01 -8.000000e+00
    endloop
  endfacet
  facet normal -0.000000e+00 0.000000e+00 1.000000e+00
    outer loop
      vertex   -7.343632e+00 3.139417e+01 -8.000000e+00
      vertex   7.087175e+00 3.071795e+01 -8.000000e+00
      vertex   7.343632e+00 3.139417e+01 -8.000000e+00
    endloop
  endfacet
  facet normal 0.000000e+00 -0.000000e+00 1.000000e+00
    outer loop
      vertex   -7.343632e+00 3.139417e+01 -8.000000e+00
      vertex   7.343632e+00 3.139417e+01 -8.000000e+00
      vertex   -7.754468e+00 3.198937e+01 -8.000000e+00
    endloop
  endfacet
  facet normal -0.000000e+00 0.000000e+00 1.000000e+00
    outer loop
      vertex   -7.754468e+00 3.198937e+01 -8.000000e+00
      vertex   7.343632e+00 3.139417e+01 -8.000000e+00
      vertex   7.754468e+00 3.198937e+01 -8.000000e+00
    endloop
  endfacet
  facet normal 0.000000e+00 -0.000000e+00 1.000000e+00
    outer loop
      vertex   -7.754468e+00 3.198937e+01 -8.000000e+00
      vertex   7.754468e+00 3.198937e+01 -8.000000e+00
      vertex   -8.295806e+00 3.246895e+01 -8.000000e+00
    endloop
  endfacet
  facet normal -0.000000e+00 0.000000e+00 1.000000e+00
    outer loop
      vertex   -8.295806e+00 3.246895e+01 -8.000000e+00
      vertex   7.754468e+00 3.198937e+01 -8.000000e+00
      vertex   8.295806e+00 3.246895e+01 -8.000000e+00
    endloop
  endfacet
  facet normal 0.000000e+00 -0.000000e+00 1.000000e+00
    outer loop
      vertex   -8.295806e+00 3.246895e+01 -8.000000e+00
      vertex   8.295806e+00 3.246895e+01 -8.000000e+00
      vertex   -8.936185e+00 3.280505e+01 -8.000000e+00
    endloop
  endfacet
  facet normal -0.000000e+00 0.000000e+00 1.000000e+00
    outer loop
      vertex   -8.936185e+00 3.280505e+01 -8.000000e+00
      vertex   8.295806e+00 3.246895e+01 -8.000000e+00
      vertex   8.936185e+00 3.280505e+01 -8.000000e+00
    endloop
  endfacet
  facet normal 0.000000e+00 0.000000e+00 1.000000e+00
    outer loop
      vertex   1.170419e+01 2.753105e+01 -8.000000e+00
      vertex   1.106381e+01 2.719495e+01 -8.000000e+00
      vertex   2.000000e+01 2.750000e+01 -8.000000e+00
    endloop
  endfacet
  facet normal 9.927089e-01 1.205367e-01 0.000000e+00
    outer loop
      vertex   -1.290033e+01 -6.321795e+01 -8.000000e+00
      vertex   -1.290033e+01 -6.321795e+01 -1.300000e+01
      vertex   -1.298750e+01 -6.250000e+01 -8.000000e+00
    endloop
  endfacet
  facet normal 9.927089e-01 1.205367e-01 -3.526810e-16
    outer loop
      vertex   -1.298750e+01 -6.250000e+01 -8.000000e+00
      vertex   -1.290033e+01 -6.321795e+01 -1.300000e+01
      vertex   -1.298750e+01 -6.250000e+01 -1.300000e+01
    endloop
  endfacet
  facet normal 9.927089e-01 -1.205367e-01 -3.526810e-16
    outer loop
      vertex   -1.298750e+01 -6.250000e+01 -8.000000e+00
      vertex   -1.298750e+01 -6.250000e+01 -1.300000e+01
      vertex   -1.290033e+01 -6.178205e+01 -8.000000e+00
    endloop
  endfacet
  facet normal 9.927089e-01 -1.205367e-01 0.000000e+00
    outer loop
      vertex   -1.290033e+01 -6.178205e+01 -8.000000e+00
      vertex   -1.298750e+01 -6.250000e+01 -1.300000e+01
      vertex   -1.290033e+01 -6.178205e+01 -1.300000e+01
    endloop
  endfacet
  facet normal 9.350162e-01 -3.546049e-01 0.000000e+00
    outer loop
      vertex   -1.290033e+01 -6.178205e+01 -8.000000e+00
      vertex   -1.290033e+01 -6.178205e+01 -1.300000e+01
      vertex   -1.264387e+01 -6.110583e+01 -8.000000e+00
    endloop
  endfacet
  facet normal 9.350162e-01 -3.546049e-01 0.000000e+00
    outer loop
      vertex   -1.264387e+01 -6.110583e+01 -8.000000e+00
      vertex   -1.290033e+01 -6.178205e+01 -1.300000e+01
      vertex   -1.264387e+01 -6.110583e+01 -1.300000e+01
    endloop
  endfacet
  facet normal 8.229839e-01 -5.680647e-01 0.000000e+00
    outer loop
      vertex   -1.264387e+01 -6.110583e+01 -8.000000e+00
      vertex   -1.264387e+01 -6.110583e+01 -1.300000e+01
      vertex   -1.223304e+01 -6.051063e+01 -8.000000e+00
    endloop
  endfacet
  facet normal 8.229839e-01 -5.680647e-01 0.000000e+00
    outer loop
      vertex   -1.223304e+01 -6.051063e+01 -8.000000e+00
      vertex   -1.264387e+01 -6.110583e+01 -1.300000e+01
      vertex   -1.223304e+01 -6.051063e+01 -1.300000e+01
    endloop
  endfacet
  facet normal 6.631227e-01 -7.485107e-01 0.000000e+00
    outer loop
      vertex   -1.223304e+01 -6.051063e+01 -8.000000e+00
      vertex   -1.223304e+01 -6.051063e+01 -1.300000e+01
      vertex   -1.169170e+01 -6.003105e+01 -8.000000e+00
    endloop
  endfacet
  facet normal 6.631227e-01 -7.485107e-01 0.000000e+00
    outer loop
      vertex   -1.169170e+01 -6.003105e+01 -8.000000e+00
      vertex   -1.223304e+01 -6.051063e+01 -1.300000e+01
      vertex   -1.169170e+01 -6.003105e+01 -1.300000e+01
    endloop
  endfacet
  facet normal 4.647232e-01 -8.854560e-01 0.000000e+00
    outer loop
      vertex   -1.169170e+01 -6.003105e+01 -8.000000e+00
      vertex   -1.169170e+01 -6.003105e+01 -1.300000e+01
      vertex   -1.105132e+01 -5.969495e+01 -8.000000e+00
    endloop
  endfacet
  facet normal 4.647232e-01 -8.854560e-01 0.000000e+00
    outer loop
      vertex   -1.105132e+01 -5.969495e+01 -8.000000e+00
      vertex   -1.169170e+01 -6.003105e+01 -1.300000e+01
      vertex   -1.105132e+01 -5.969495e+01 -1.300000e+01
    endloop
  endfacet
  facet normal 2.393157e-01 -9.709418e-01 0.000000e+00
    outer loop
      vertex   -1.105132e+01 -5.969495e+01 -8.000000e+00
      vertex   -1.105132e+01 -5.969495e+01 -1.300000e+01
      vertex   -1.034911e+01 -5.952187e+01 -8.000000e+00
    endloop
  endfacet
  facet normal 2.393157e-01 -9.709418e-01 0.000000e+00
    outer loop
      vertex   -1.034911e+01 -5.952187e+01 -8.000000e+00
      vertex   -1.105132e+01 -5.969495e+01 -1.300000e+01
      vertex   -1.034911e+01 -5.952187e+01 -1.300000e+01
    endloop
  endfacet
  facet normal 0.000000e+00 -1.000000e+00 0.000000e+00
    outer loop
      vertex   -1.034911e+01 -5.952187e+01 -8.000000e+00
      vertex   -1.034911e+01 -5.952187e+01 -1.300000e+01
      vertex   -9.625895e+00 -5.952187e+01 -8.000000e+00
    endloop
  endfacet
  facet normal 0.000000e+00 -1.000000e+00 -0.000000e+00
    outer loop
      vertex   -9.625895e+00 -5.952187e+01 -8.000000e+00
      vertex   -1.034911e+01 -5.952187e+01 -1.300000e+01
      vertex   -9.625895e+00 -5.952187e+01 -1.300000e+01
    endloop
  endfacet
  facet normal -2.393157e-01 -9.709418e-01 -0.000000e+00
    outer loop
      vertex   -9.625895e+00 -5.952187e+01 -8.000000e+00
      vertex   -9.625895e+00 -5.952187e+01 -1.300000e+01
      vertex   -8.923690e+00 -5.969495e+01 -8.000000e+00
    endloop
  endfacet
  facet normal -2.393157e-01 -9.709418e-01 -0.000000e+00
    outer loop
      vertex   -8.923690e+00 -5.969495e+01 -8.000000e+00
      vertex   -9.625895e+00 -5.952187e+01 -1.300000e+01
      vertex   -8.923690e+00 -5.969495e+01 -1.300000e+01
    endloop
  endfacet
  facet normal -4.647232e-01 -8.854560e-01 -0.000000e+00
    outer loop
      vertex   -8.923690e+00 -5.969495e+01 -8.000000e+00
      vertex   -8.923690e+00 -5.969495e+01 -1.300000e+01
      vertex   -8.283310e+00 -6.003105e+01 -8.000000e+00
    endloop
  endfacet
  facet normal -4.647232e-01 -8.854560e-01 -0.000000e+00
    outer loop
      vertex   -8.283310e+00 -6.003105e+01 -8.000000e+00
      vertex   -8.923690e+00 -5.969495e+01 -1.300000e+01
      vertex   -8.283310e+00 -6.003105e+01 -1.300000e+01
    endloop
  endfacet
  facet normal -6.631227e-01 -7.485107e-01 -0.000000e+00
    outer loop
      vertex   -8.283310e+00 -6.003105e+01 -8.000000e+00
      vertex   -8.283310e+00 -6.003105e+01 -1.300000e+01
      vertex   -7.741972e+00 -6.051063e+01 -8.000000e+00
    endloop
  endfacet
  facet normal -6.631227e-01 -7.485107e-01 -0.000000e+00
    outer loop
      vertex   -7.741972e+00 -6.051063e+01 -8.000000e+00
      vertex   -8.283310e+00 -6.003105e+01 -1.300000e+01
      vertex   -7.741972e+00 -6.051063e+01 -1.300000e+01
    endloop
  endfacet
  facet normal -8.229839e-01 -5.680647e-01 -0.000000e+00
    outer loop
      vertex   -7.741972e+00 -6.051063e+01 -8.000000e+00
      vertex   -7.741972e+00 -6.051063e+01 -1.300000e+01
      vertex   -7.331137e+00 -6.110583e+01 -8.000000e+00
    endloop
  endfacet
  facet normal -8.229839e-01 -5.680647e-01 -0.000000e+00
    outer loop
      vertex   -7.331137e+00 -6.110583e+01 -8.000000e+00
      vertex   -7.741972e+00 -6.051063e+01 -1.300000e+01
      vertex   -7.331137e+00 -6.110583e+01 -1.300000e+01
    endloop
  endfacet
  facet normal -9.350162e-01 -3.546049e-01 -0.000000e+00
    outer loop
      vertex   -7.331137e+00 -6.110583e+01 -8.000000e+00
      vertex   -7.331137e+00 -6.110583e+01 -1.300000e+01
      vertex   -7.074679e+00 -6.178205e+01 -8.000000e+00
    endloop
  endfacet
  facet normal -9.350162e-01 -3.546049e-01 -0.000000e+00
    outer loop
      vertex   -7.074679e+00 -6.178205e+01 -8.000000e+00
      vertex   -7.331137e+00 -6.110583e+01 -1.300000e+01
      vertex   -7.074679e+00 -6.178205e+01 -1.300000e+01
    endloop
  endfacet
  facet normal -9.927089e-01 -1.205367e-01 -0.000000e+00
    outer loop
      vertex   -7.074679e+00 -6.178205e+01 -8.000000e+00
      vertex   -7.074679e+00 -6.178205e+01 -1.300000e+01
      vertex   -6.987505e+00 -6.250000e+01 -8.000000e+00
    endloop
  endfacet
  facet normal -9.927089e-01 -1.205367e-01 -0.000000e+00
    outer loop
      vertex   -6.987505e+00 -6.250000e+01 -8.000000e+00
      vertex   -7.074679e+00 -6.178205e+01 -1.300000e+01
      vertex   -6.987505e+00 -6.250000e+01 -1.300000e+01
    endloop
  endfacet
  facet normal -9.927089e-01 1.205367e-01 0.000000e+00
    outer loop
      vertex   -6.987505e+00 -6.250000e+01 -8.000000e+00
      vertex   -6.987505e+00 -6.250000e+01 -1.300000e+01
      vertex   -7.074679e+00 -6.321795e+01 -8.000000e+00
    endloop
  endfacet
  facet normal -9.927089e-01 1.205367e-01 0.000000e+00
    outer loop
      vertex   -7.074679e+00 -6.321795e+01 -8.000000e+00
      vertex   -6.987505e+00 -6.250000e+01 -1.300000e+01
      vertex   -7.074679e+00 -6.321795e+01 -1.300000e+01
    endloop
  endfacet
  facet normal -9.350162e-01 3.546049e-01 0.000000e+00
    outer loop
      vertex   -7.074679e+00 -6.321795e+01 -8.000000e+00
      vertex   -7.074679e+00 -6.321795e+01 -1.300000e+01
      vertex   -7.331137e+00 -6.389417e+01 -8.000000e+00
    endloop
  endfacet
  facet normal -9.350162e-01 3.546049e-01 0.000000e+00
    outer loop
      vertex   -7.331137e+00 -6.389417e+01 -8.000000e+00
      vertex   -7.074679e+00 -6.321795e+01 -1.300000e+01
      vertex   -7.331137e+00 -6.389417e+01 -1.300000e+01
    endloop
  endfacet
  facet normal -8.229839e-01 5.680647e-01 0.000000e+00
    outer loop
      vertex   -7.331137e+00 -6.389417e+01 -8.000000e+00
      vertex   -7.331137e+00 -6.389417e+01 -1.300000e+01
      vertex   -7.741972e+00 -6.448937e+01 -8.000000e+00
    endloop
  endfacet
  facet normal -8.229839e-01 5.680647e-01 0.000000e+00
    outer loop
      vertex   -7.741972e+00 -6.448937e+01 -8.000000e+00
      vertex   -7.331137e+00 -6.389417e+01 -1.300000e+01
      vertex   -7.741972e+00 -6.448937e+01 -1.300000e+01
    endloop
  endfacet
  facet normal -6.631227e-01 7.485107e-01 0.000000e+00
    outer loop
      vertex   -7.741972e+00 -6.448937e+01 -8.000000e+00
      vertex   -7.741972e+00 -6.448937e+01 -1.300000e+01
      vertex   -8.283310e+00 -6.496895e+01 -8.000000e+00
    endloop
  endfacet
  facet normal -6.631227e-01 7.485107e-01 0.000000e+00
    outer loop
      vertex   -8.283310e+00 -6.496895e+01 -8.000000e+00
      vertex   -7.741972e+00 -6.448937e+01 -1.300000e+01
      vertex   -8.283310e+00 -6.496895e+01 -1.300000e+01
    endloop
  endfacet
  facet normal -4.647232e-01 8.854560e-01 0.000000e+00
    outer loop
      vertex   -8.283310e+00 -6.496895e+01 -8.000000e+00
      vertex   -8.283310e+00 -6.496895e+01 -1.300000e+01
      vertex   -8.923690e+00 -6.530505e+01 -8.000000e+00
    endloop
  endfacet
  facet normal -4.647232e-01 8.854560e-01 0.000000e+00
    outer loop
      vertex   -8.923690e+00 -6.530505e+01 -8.000000e+00
      vertex   -8.283310e+00 -6.496895e+01 -1.300000e+01
      vertex   -8.923690e+00 -6.530505e+01 -1.300000e+01
    endloop
  endfacet
  facet normal -2.393157e-01 9.709418e-01 0.000000e+00
    outer loop
      vertex   -8.923690e+00 -6.530505e+01 -8.000000e+00
      vertex   -8.923690e+00 -6.530505e+01 -1.300000e+01
      vertex   -9.625895e+00 -6.547813e+01 -8.000000e+00
    endloop
  endfacet
  facet normal -2.393157e-01 9.709418e-01 0.000000e+00
    outer loop
      vertex   -9.625895e+00 -6.547813e+01 -8.000000e+00
      vertex   -8.923690e+00 -6.530505e+01 -1.300000e+01
      vertex   -9.625895e+00 -6.547813e+01 -1.300000e+01
    endloop
  endfacet
  facet normal 0.000000e+00 1.000000e+00 0.000000e+00
    outer loop
      vertex   -9.625895e+00 -6.547813e+01 -8.000000e+00
      vertex   -9.625895e+00 -6.547813e+01 -1.300000e+01
      vertex   -1.034911e+01 -6.547813e+01 -8.000000e+00
    endloop
  endfacet
  facet normal 0.000000e+00 1.000000e+00 0.000000e+00
    outer loop
      vertex   -1.034911e+01 -6.547813e+01 -8.000000e+00
      vertex   -9.625895e+00 -6.547813e+01 -1.300000e+01
      vertex   -1.034911e+01 -6.547813e+01 -1.300000e+01
    endloop
  endfacet
  facet normal 2.393157e-01 9.709418e-01 0.000000e+00
    outer loop
      vertex   -1.034911e+01 -6.547813e+01 -8.000000e+00
      vertex   -1.034911e+01 -6.547813e+01 -1.300000e+01
      vertex   -1.105132e+01 -6.530505e+01 -8.000000e+00
    endloop
  endfacet
  facet normal 2.393157e-01 9.709418e-01 0.000000e+00
    outer loop
      vertex   -1.105132e+01 -6.530505e+01 -8.000000e+00
      vertex   -1.034911e+01 -6.547813e+01 -1.300000e+01
      vertex   -1.105132e+01 -6.530505e+01 -1.300000e+01
    endloop
  endfacet
  facet normal 4.647232e-01 8.854560e-01 0.000000e+00
    outer loop
      vertex   -1.105132e+01 -6.530505e+01 -8.000000e+00
      vertex   -1.105132e+01 -6.530505e+01 -1.300000e+01
      vertex   -1.169170e+01 -6.496895e+01 -8.000000e+00
    endloop
  endfacet
  facet normal 4.647232e-01 8.854560e-01 0.000000e+00
    outer loop
      vertex   -1.169170e+01 -6.496895e+01 -8.000000e+00
      vertex   -1.105132e+01 -6.530505e+01 -1.300000e+01
      vertex   -1.169170e+01 -6.496895e+01 -1.300000e+01
    endloop
  endfacet
  facet normal 6.631227e-01 7.485107e-01 0.000000e+00
    outer loop
      vertex   -1.169170e+01 -6.496895e+01 -8.000000e+00
      vertex   -1.169170e+01 -6.496895e+01 -1.300000e+01
      vertex   -1.223304e+01 -6.448937e+01 -8.000000e+00
    endloop
  endfacet
  facet normal 6.631227e-01 7.485107e-01 0.000000e+00
    outer loop
      vertex   -1.223304e+01 -6.448937e+01 -8.000000e+00
      vertex   -1.169170e+01 -6.496895e+01 -1.300000e+01
      vertex   -1.223304e+01 -6.448937e+01 -1.300000e+01
    endloop
  endfacet
  facet normal 8.229839e-01 5.680647e-01 0.000000e+00
    outer loop
      vertex   -1.223304e+01 -6.448937e+01 -8.000000e+00
      vertex   -1.223304e+01 -6.448937e+01 -1.300000e+01
      vertex   -1.264387e+01 -6.389417e+01 -8.000000e+00
    endloop
  endfacet
  facet normal 8.229839e-01 5.680647e-01 0.000000e+00
    outer loop
      vertex   -1.264387e+01 -6.389417e+01 -8.000000e+00
      vertex   -1.223304e+01 -6.448937e+01 -1.300000e+01
      vertex   -1.264387e+01 -6.389417e+01 -1.300000e+01
    endloop
  endfacet
  facet normal 9.350162e-01 3.546049e-01 0.000000e+00
    outer loop
      vertex   -1.264387e+01 -6.389417e+01 -8.000000e+00
      vertex   -1.264387e+01 -6.389417e+01 -1.300000e+01
      vertex   -1.290033e+01 -6.321795e+01 -8.000000e+00
    endloop
  endfacet
  facet normal 9.350162e-01 3.546049e-01 0.000000e+00
    outer loop
      vertex   -1.290033e+01 -6.321795e+01 -8.000000e+00
      vertex   -1.264387e+01 -6.389417e+01 -1.300000e+01
      vertex   -1.290033e+01 -6.321795e+01 -1.300000e+01
    endloop
  endfacet
  facet normal 9.927089e-01 1.205367e-01 0.000000e+00
    outer loop
      vertex   7.099670e+00 -6.321795e+01 -8.000000e+00
      vertex   7.099670e+00 -6.321795e+01 -1.300000e+01
      vertex   7.012495e+00 -6.250000e+01 -8.000000e+00
    endloop
  endfacet
  facet normal 9.927089e-01 1.205367e-01 0.000000e+00
    outer loop
      vertex   7.012495e+00 -6.250000e+01 -8.000000e+00
      vertex   7.099670e+00 -6.321795e+01 -1.300000e+01
      vertex   7.012495e+00 -6.250000e+01 -1.300000e+01
    endloop
  endfacet
  facet normal 9.927089e-01 -1.205367e-01 0.000000e+00
    outer loop
      vertex   7.012495e+00 -6.250000e+01 -8.000000e+00
      vertex   7.012495e+00 -6.250000e+01 -1.300000e+01
      vertex   7.099670e+00 -6.178205e+01 -8.000000e+00
    endloop
  endfacet
  facet normal 9.927089e-01 -1.205367e-01 0.000000e+00
    outer loop
      vertex   7.099670e+00 -6.178205e+01 -8.000000e+00
      vertex   7.012495e+00 -6.250000e+01 -1.300000e+01
      vertex   7.099670e+00 -6.178205e+01 -1.300000e+01
    endloop
  endfacet
  facet normal 9.350162e-01 -3.546049e-01 0.000000e+00
    outer loop
      vertex   7.099670e+00 -6.178205e+01 -8.000000e+00
      vertex   7.099670e+00 -6.178205e+01 -1.300000e+01
      vertex   7.356127e+00 -6.110583e+01 -8.000000e+00
    endloop
  endfacet
  facet normal 9.350162e-01 -3.546049e-01 0.000000e+00
    outer loop
      vertex   7.356127e+00 -6.110583e+01 -8.000000e+00
      vertex   7.099670e+00 -6.178205e+01 -1.300000e+01
      vertex   7.356127e+00 -6.110583e+01 -1.300000e+01
    endloop
  endfacet
  facet normal 8.229839e-01 -5.680647e-01 0.000000e+00
    outer loop
      vertex   7.356127e+00 -6.110583e+01 -8.000000e+00
      vertex   7.356127e+00 -6.110583e+01 -1.300000e+01
      vertex   7.766963e+00 -6.051063e+01 -8.000000e+00
    endloop
  endfacet
  facet normal 8.229839e-01 -5.680647e-01 0.000000e+00
    outer loop
      vertex   7.766963e+00 -6.051063e+01 -8.000000e+00
      vertex   7.356127e+00 -6.110583e+01 -1.300000e+01
      vertex   7.766963e+00 -6.051063e+01 -1.300000e+01
    endloop
  endfacet
  facet normal 6.631227e-01 -7.485107e-01 0.000000e+00
    outer loop
      vertex   7.766963e+00 -6.051063e+01 -8.000000e+00
      vertex   7.766963e+00 -6.051063e+01 -1.300000e+01
      vertex   8.308301e+00 -6.003105e+01 -8.000000e+00
    endloop
  endfacet
  facet normal 6.631227e-01 -7.485107e-01 0.000000e+00
    outer loop
      vertex   8.308301e+00 -6.003105e+01 -8.000000e+00
      vertex   7.766963e+00 -6.051063e+01 -1.300000e+01
      vertex   8.308301e+00 -6.003105e+01 -1.300000e+01
    endloop
  endfacet
  facet normal 4.647232e-01 -8.854560e-01 0.000000e+00
    outer loop
      vertex   8.308301e+00 -6.003105e+01 -8.000000e+00
      vertex   8.308301e+00 -6.003105e+01 -1.300000e+01
      vertex   8.948681e+00 -5.969495e+01 -8.000000e+00
    endloop
  endfacet
  facet normal 4.647232e-01 -8.854560e-01 0.000000e+00
    outer loop
      vertex   8.948681e+00 -5.969495e+01 -8.000000e+00
      vertex   8.308301e+00 -6.003105e+01 -1.300000e+01
      vertex   8.948681e+00 -5.969495e+01 -1.300000e+01
    endloop
  endfacet
  facet normal 2.393157e-01 -9.709418e-01 0.000000e+00
    outer loop
      vertex   8.948681e+00 -5.969495e+01 -8.000000e+00
      vertex   8.948681e+00 -5.969495e+01 -1.300000e+01
      vertex   9.650885e+00 -5.952187e+01 -8.000000e+00
    endloop
  endfacet
  facet normal 2.393157e-01 -9.709418e-01 0.000000e+00
    outer loop
      vertex   9.650885e+00 -5.952187e+01 -8.000000e+00
      vertex   8.948681e+00 -5.969495e+01 -1.300000e+01
      vertex   9.650885e+00 -5.952187e+01 -1.300000e+01
    endloop
  endfacet
  facet normal 0.000000e+00 -1.000000e+00 0.000000e+00
    outer loop
      vertex   9.650885e+00 -5.952187e+01 -8.000000e+00
      vertex   9.650885e+00 -5.952187e+01 -1.300000e+01
      vertex   1.037411e+01 -5.952187e+01 -8.000000e+00
    endloop
  endfacet
  facet normal 0.000000e+00 -1.000000e+00 -0.000000e+00
    outer loop
      vertex   1.037411e+01 -5.952187e+01 -8.000000e+00
      vertex   9.650885e+00 -5.952187e+01 -1.300000e+01
      vertex   1.037411e+01 -5.952187e+01 -1.300000e+01
    endloop
  endfacet
  facet normal -2.393157e-01 -9.709418e-01 -0.000000e+00
    outer loop
      vertex   1.037411e+01 -5.952187e+01 -8.000000e+00
      vertex   1.037411e+01 -5.952187e+01 -1.300000e+01
      vertex   1.107631e+01 -5.969495e+01 -8.000000e+00
    endloop
  endfacet
  facet normal -2.393157e-01 -9.709418e-01 -0.000000e+00
    outer loop
      vertex   1.107631e+01 -5.969495e+01 -8.000000e+00
      vertex   1.037411e+01 -5.952187e+01 -1.300000e+01
      vertex   1.107631e+01 -5.969495e+01 -1.300000e+01
    endloop
  endfacet
  facet normal -4.647232e-01 -8.854560e-01 -0.000000e+00
    outer loop
      vertex   1.107631e+01 -5.969495e+01 -8.000000e+00
      vertex   1.107631e+01 -5.969495e+01 -1.300000e+01
      vertex   1.171669e+01 -6.003105e+01 -8.000000e+00
    endloop
  endfacet
  facet normal -4.647232e-01 -8.854560e-01 -0.000000e+00
    outer loop
      vertex   1.171669e+01 -6.003105e+01 -8.000000e+00
      vertex   1.107631e+01 -5.969495e+01 -1.300000e+01
      vertex   1.171669e+01 -6.003105e+01 -1.300000e+01
    endloop
  endfacet
  facet normal -6.631227e-01 -7.485107e-01 -0.000000e+00
    outer loop
      vertex   1.171669e+01 -6.003105e+01 -8.000000e+00
      vertex   1.171669e+01 -6.003105e+01 -1.300000e+01
      vertex   1.225803e+01 -6.051063e+01 -8.000000e+00
    endloop
  endfacet
  facet normal -6.631227e-01 -7.485107e-01 -0.000000e+00
    outer loop
      vertex   1.225803e+01 -6.051063e+01 -8.000000e+00
      vertex   1.171669e+01 -6.003105e+01 -1.300000e+01
      vertex   1.225803e+01 -6.051063e+01 -1.300000e+01
    endloop
  endfacet
  facet normal -8.229839e-01 -5.680647e-01 -0.000000e+00
    outer loop
      vertex   1.225803e+01 -6.051063e+01 -8.000000e+00
      vertex   1.225803e+01 -6.051063e+01 -1.300000e+01
      vertex   1.266886e+01 -6.110583e+01 -8.000000e+00
    endloop
  endfacet
  facet normal -8.229839e-01 -5.680647e-01 -0.000000e+00
    outer loop
      vertex   1.266886e+01 -6.110583e+01 -8.000000e+00
      vertex   1.225803e+01 -6.051063e+01 -1.300000e+01
      vertex   1.266886e+01 -6.110583e+01 -1.300000e+01
    endloop
  endfacet
  facet normal -9.350162e-01 -3.546049e-01 -0.000000e+00
    outer loop
      vertex   1.266886e+01 -6.110583e+01 -8.000000e+00
      vertex   1.266886e+01 -6.110583e+01 -1.300000e+01
      vertex   1.292532e+01 -6.178205e+01 -8.000000e+00
    endloop
  endfacet
  facet normal -9.350162e-01 -3.546049e-01 -0.000000e+00
    outer loop
      vertex   1.292532e+01 -6.178205e+01 -8.000000e+00
      vertex   1.266886e+01 -6.110583e+01 -1.300000e+01
      vertex   1.292532e+01 -6.178205e+01 -1.300000e+01
    endloop
  endfacet
  facet normal -9.927089e-01 -1.205367e-01 -0.000000e+00
    outer loop
      vertex   1.292532e+01 -6.178205e+01 -8.000000e+00
      vertex   1.292532e+01 -6.178205e+01 -1.300000e+01
      vertex   1.301250e+01 -6.250000e+01 -8.000000e+00
    endloop
  endfacet
  facet normal -9.927089e-01 -1.205367e-01 -0.000000e+00
    outer loop
      vertex   1.301250e+01 -6.250000e+01 -8.000000e+00
      vertex   1.292532e+01 -6.178205e+01 -1.300000e+01
      vertex   1.301250e+01 -6.250000e+01 -1.300000e+01
    endloop
  endfacet
  facet normal -9.927089e-01 1.205367e-01 0.000000e+00
    outer loop
      vertex   1.301250e+01 -6.250000e+01 -8.000000e+00
      vertex   1.301250e+01 -6.250000e+01 -1.300000e+01
      vertex   1.292532e+01 -6.321795e+01 -8.000000e+00
    endloop
  endfacet
  facet normal -9.927089e-01 1.205367e-01 0.000000e+00
    outer loop
      vertex   1.292532e+01 -6.321795e+01 -8.000000e+00
      vertex   1.301250e+01 -6.250000e+01 -1.300000e+01
      vertex   1.292532e+01 -6.321795e+01 -1.300000e+01
    endloop
  endfacet
  facet normal -9.350162e-01 3.546049e-01 0.000000e+00
    outer loop
      vertex   1.292532e+01 -6.321795e+01 -8.000000e+00
      vertex   1.292532e+01 -6.321795e+01 -1.300000e+01
      vertex   1.266886e+01 -6.389417e+01 -8.000000e+00
    endloop
  endfacet
  facet normal -9.350162e-01 3.546049e-01 0.000000e+00
    outer loop
      vertex   1.266886e+01 -6.389417e+01 -8.000000e+00
      vertex   1.292532e+01 -6.321795e+01 -1.300000e+01
      vertex   1.266886e+01 -6.389417e+01 -1.300000e+01
    endloop
  endfacet
  facet normal -8.229839e-01 5.680647e-01 0.000000e+00
    outer loop
      vertex   1.266886e+01 -6.389417e+01 -8.000000e+00
      vertex   1.266886e+01 -6.389417e+01 -1.300000e+01
      vertex   1.225803e+01 -6.448937e+01 -8.000000e+00
    endloop
  endfacet
  facet normal -8.229839e-01 5.680647e-01 0.000000e+00
    outer loop
      vertex   1.225803e+01 -6.448937e+01 -8.000000e+00
      vertex   1.266886e+01 -6.389417e+01 -1.300000e+01
      vertex   1.225803e+01 -6.448937e+01 -1.300000e+01
    endloop
  endfacet
  facet normal -6.631227e-01 7.485107e-01 0.000000e+00
    outer loop
      vertex   1.225803e+01 -6.448937e+01 -8.000000e+00
      vertex   1.225803e+01 -6.448937e+01 -1.300000e+01
      vertex   1.171669e+01 -6.496895e+01 -8.000000e+00
    endloop
  endfacet
  facet normal -6.631227e-01 7.485107e-01 0.000000e+00
    outer loop
      vertex   1.171669e+01 -6.496895e+01 -8.000000e+00
      vertex   1.225803e+01 -6.448937e+01 -1.300000e+01
      vertex   1.171669e+01 -6.496895e+01 -1.300000e+01
    endloop
  endfacet
  facet normal -4.647232e-01 8.854560e-01 0.000000e+00
    outer loop
      vertex   1.171669e+01 -6.496895e+01 -8.000000e+00
      vertex   1.171669e+01 -6.496895e+01 -1.300000e+01
      vertex   1.107631e+01 -6.530505e+01 -8.000000e+00
    endloop
  endfacet
  facet normal -4.647232e-01 8.854560e-01 0.000000e+00
    outer loop
      vertex   1.107631e+01 -6.530505e+01 -8.000000e+00
      vertex   1.171669e+01 -6.496895e+01 -1.300000e+01
      vertex   1.107631e+01 -6.530505e+01 -1.300000e+01
    endloop
  endfacet
  facet normal -2.393157e-01 9.709418e-01 0.000000e+00
    outer loop
      vertex   1.107631e+01 -6.530505e+01 -8.000000e+00
      vertex   1.107631e+01 -6.530505e+01 -1.300000e+01
      vertex   1.037411e+01 -6.547813e+01 -8.000000e+00
    endloop
  endfacet
  facet normal -2.393157e-01 9.709418e-01 0.000000e+00
    outer loop
      vertex   1.037411e+01 -6.547813e+01 -8.000000e+00
      vertex   1.107631e+01 -6.530505e+01 -1.300000e+01
      vertex   1.037411e+01 -6.547813e+01 -1.300000e+01
    endloop
  endfacet
  facet normal 0.000000e+00 1.000000e+00 0.000000e+00
    outer loop
      vertex   1.037411e+01 -6.547813e+01 -8.000000e+00
      vertex   1.037411e+01 -6.547813e+01 -1.300000e+01
      vertex   9.650885e+00 -6.547813e+01 -8.000000e+00
    endloop
  endfacet
  facet normal 0.000000e+00 1.000000e+00 0.000000e+00
    outer loop
      vertex   9.650885e+00 -6.547813e+01 -8.000000e+00
      vertex   1.037411e+01 -6.547813e+01 -1.300000e+01
      vertex   9.650885e+00 -6.547813e+01 -1.300000e+01
    endloop
  endfacet
  facet normal 2.393157e-01 9.709418e-01 0.000000e+00
    outer loop
      vertex   9.650885e+00 -6.547813e+01 -8.000000e+00
      vertex   9.650885e+00 -6.547813e+01 -1.300000e+01
      vertex   8.948681e+00 -6.530505e+01 -8.000000e+00
    endloop
  endfacet
  facet normal 2.393157e-01 9.709418e-01 0.000000e+00
    outer loop
      vertex   8.948681e+00 -6.530505e+01 -8.000000e+00
      vertex   9.650885e+00 -6.547813e+01 -1.300000e+01
      vertex   8.948681e+00 -6.530505e+01 -1.300000e+01
    endloop
  endfacet
  facet normal 4.647232e-01 8.854560e-01 0.000000e+00
    outer loop
      vertex   8.948681e+00 -6.530505e+01 -8.000000e+00
      vertex   8.948681e+00 -6.530505e+01 -1.300000e+01
      vertex   8.308301e+00 -6.496895e+01 -8.000000e+00
    endloop
  endfacet
  facet normal 4.647232e-01 8.854560e-01 0.000000e+00
    outer loop
      vertex   8.308301e+00 -6.496895e+01 -8.000000e+00
      vertex   8.948681e+00 -6.530505e+01 -1.300000e+01
      vertex   8.308301e+00 -6.496895e+01 -1.300000e+01
    endloop
  endfacet
  facet normal 6.631227e-01 7.485107e-01 0.000000e+00
    outer loop
      vertex   8.308301e+00 -6.496895e+01 -8.000000e+00
      vertex   8.308301e+00 -6.496895e+01 -1.300000e+01
      vertex   7.766963e+00 -6.448937e+01 -8.000000e+00
    endloop
  endfacet
  facet normal 6.631227e-01 7.485107e-01 0.000000e+00
    outer loop
      vertex   7.766963e+00 -6.448937e+01 -8.000000e+00
      vertex   8.308301e+00 -6.496895e+01 -1.300000e+01
      vertex   7.766963e+00 -6.448937e+01 -1.300000e+01
    endloop
  endfacet
  facet normal 8.229839e-01 5.680647e-01 0.000000e+00
    outer loop
      vertex   7.766963e+00 -6.448937e+01 -8.000000e+00
      vertex   7.766963e+00 -6.448937e+01 -1.300000e+01
      vertex   7.356127e+00 -6.389417e+01 -8.000000e+00
    endloop
  endfacet
  facet normal 8.229839e-01 5.680647e-01 0.000000e+00
    outer loop
      vertex   7.356127e+00 -6.389417e+01 -8.000000e+00
      vertex   7.766963e+00 -6.448937e+01 -1.300000e+01
      vertex   7.356127e+00 -6.389417e+01 -1.300000e+01
    endloop
  endfacet
  facet normal 9.350162e-01 3.546049e-01 0.000000e+00
    outer loop
      vertex   7.356127e+00 -6.389417e+01 -8.000000e+00
      vertex   7.356127e+00 -6.389417e+01 -1.300000e+01
      vertex   7.099670e+00 -6.321795e+01 -8.000000e+00
    endloop
  endfacet
  facet normal 9.350162e-01 3.546049e-01 0.000000e+00
    outer loop
      vertex   7.099670e+00 -6.321795e+01 -8.000000e+00
      vertex   7.356127e+00 -6.389417e+01 -1.300000e+01
      vertex   7.099670e+00 -6.321795e+01 -1.300000e+01
    endloop
  endfacet
  facet normal 1.000000e+00 0.000000e+00 0.000000e+00
    outer loop
      vertex   2.001250e+01 -6.000000e+01 -1.300000e+01
      vertex   2.001250e+01 -5.500000e+01 -1.300000e+01
      vertex   2.001250e+01 -6.000000e+01 -8.000000e+00
    endloop
  endfacet
  facet normal 1.000000e+00 -0.000000e+00 0.000000e+00
    outer loop
      vertex   2.001250e+01 -6.000000e+01 -8.000000e+00
      vertex   2.001250e+01 -5.500000e+01 -1.300000e+01
      vertex   2.001250e+01 -5.500000e+01 -8.000000e+00
    endloop
  endfacet
  facet normal 6.540313e-02 -9.978589e-01 0.000000e+00
    outer loop
      vertex   1.001250e+01 -7.000000e+01 -8.000000e+00
      vertex   1.001250e+01 -7.000000e+01 -1.300000e+01
      vertex   1.131776e+01 -6.991445e+01 -8.000000e+00
    endloop
  endfacet
  facet normal 6.540313e-02 -9.978589e-01 0.000000e+00
    outer loop
      vertex   1.131776e+01 -6.991445e+01 -8.000000e+00
      vertex   1.001250e+01 -7.000000e+01 -1.300000e+01
      vertex   1.131776e+01 -6.991445e+01 -1.300000e+01
    endloop
  endfacet
  facet normal 1.950903e-01 -9.807853e-01 0.000000e+00
    outer loop
      vertex   1.131776e+01 -6.991445e+01 -8.000000e+00
      vertex   1.131776e+01 -6.991445e+01 -1.300000e+01
      vertex   1.260069e+01 -6.965926e+01 -8.000000e+00
    endloop
  endfacet
  facet normal 1.950903e-01 -9.807853e-01 0.000000e+00
    outer loop
      vertex   1.260069e+01 -6.965926e+01 -8.000000e+00
      vertex   1.131776e+01 -6.991445e+01 -1.300000e+01
      vertex   1.260069e+01 -6.965926e+01 -1.300000e+01
    endloop
  endfacet
  facet normal 3.214395e-01 -9.469301e-01 0.000000e+00
    outer loop
      vertex   1.260069e+01 -6.965926e+01 -8.000000e+00
      vertex   1.260069e+01 -6.965926e+01 -1.300000e+01
      vertex   1.383933e+01 -6.923880e+01 -8.000000e+00
    endloop
  endfacet
  facet normal 3.214395e-01 -9.469301e-01 0.000000e+00
    outer loop
      vertex   1.383933e+01 -6.923880e+01 -8.000000e+00
      vertex   1.260069e+01 -6.965926e+01 -1.300000e+01
      vertex   1.383933e+01 -6.923880e+01 -1.300000e+01
    endloop
  endfacet
  facet normal 4.422887e-01 -8.968727e-01 0.000000e+00
    outer loop
      vertex   1.383933e+01 -6.923880e+01 -8.000000e+00
      vertex   1.383933e+01 -6.923880e+01 -1.300000e+01
      vertex   1.501250e+01 -6.866025e+01 -8.000000e+00
    endloop
  endfacet
  facet normal 4.422887e-01 -8.968727e-01 0.000000e+00
    outer loop
      vertex   1.501250e+01 -6.866025e+01 -8.000000e+00
      vertex   1.383933e+01 -6.923880e+01 -1.300000e+01
      vertex   1.501250e+01 -6.866025e+01 -1.300000e+01
    endloop
  endfacet
  facet normal 5.555702e-01 -8.314696e-01 0.000000e+00
    outer loop
      vertex   1.501250e+01 -6.866025e+01 -8.000000e+00
      vertex   1.501250e+01 -6.866025e+01 -1.300000e+01
      vertex   1.610011e+01 -6.793353e+01 -8.000000e+00
    endloop
  endfacet
  facet normal 5.555702e-01 -8.314696e-01 0.000000e+00
    outer loop
      vertex   1.610011e+01 -6.793353e+01 -8.000000e+00
      vertex   1.501250e+01 -6.866025e+01 -1.300000e+01
      vertex   1.610011e+01 -6.793353e+01 -1.300000e+01
    endloop
  endfacet
  facet normal 6.593458e-01 -7.518398e-01 0.000000e+00
    outer loop
      vertex   1.610011e+01 -6.793353e+01 -8.000000e+00
      vertex   1.610011e+01 -6.793353e+01 -1.300000e+01
      vertex   1.708356e+01 -6.707107e+01 -8.000000e+00
    endloop
  endfacet
  facet normal 6.593458e-01 -7.518398e-01 0.000000e+00
    outer loop
      vertex   1.708356e+01 -6.707107e+01 -8.000000e+00
      vertex   1.610011e+01 -6.793353e+01 -1.300000e+01
      vertex   1.708356e+01 -6.707107e+01 -1.300000e+01
    endloop
  endfacet
  facet normal 7.518398e-01 -6.593458e-01 0.000000e+00
    outer loop
      vertex   1.708356e+01 -6.707107e+01 -8.000000e+00
      vertex   1.708356e+01 -6.707107e+01 -1.300000e+01
      vertex   1.794603e+01 -6.608762e+01 -8.000000e+00
    endloop
  endfacet
  facet normal 7.518398e-01 -6.593458e-01 0.000000e+00
    outer loop
      vertex   1.794603e+01 -6.608762e+01 -8.000000e+00
      vertex   1.708356e+01 -6.707107e+01 -1.300000e+01
      vertex   1.794603e+01 -6.608762e+01 -1.300000e+01
    endloop
  endfacet
  facet normal 8.314696e-01 -5.555702e-01 0.000000e+00
    outer loop
      vertex   1.794603e+01 -6.608762e+01 -8.000000e+00
      vertex   1.794603e+01 -6.608762e+01 -1.300000e+01
      vertex   1.867275e+01 -6.500000e+01 -8.000000e+00
    endloop
  endfacet
  facet normal 8.314696e-01 -5.555702e-01 0.000000e+00
    outer loop
      vertex   1.867275e+01 -6.500000e+01 -8.000000e+00
      vertex   1.794603e+01 -6.608762e+01 -1.300000e+01
      vertex   1.867275e+01 -6.500000e+01 -1.300000e+01
    endloop
  endfacet
  facet normal 8.968727e-01 -4.422887e-01 0.000000e+00
    outer loop
      vertex   1.867275e+01 -6.500000e+01 -8.000000e+00
      vertex   1.867275e+01 -6.500000e+01 -1.300000e+01
      vertex   1.925129e+01 -6.382684e+01 -8.000000e+00
    endloop
  endfacet
  facet normal 8.968727e-01 -4.422887e-01 0.000000e+00
    outer loop
      vertex   1.925129e+01 -6.382684e+01 -8.000000e+00
      vertex   1.867275e+01 -6.500000e+01 -1.300000e+01
      vertex   1.925129e+01 -6.382684e+01 -1.300000e+01
    endloop
  endfacet
  facet normal 9.469301e-01 -3.214395e-01 0.000000e+00
    outer loop
      vertex   1.925129e+01 -6.382684e+01 -8.000000e+00
      vertex   1.925129e+01 -6.382684e+01 -1.300000e+01
      vertex   1.967175e+01 -6.258819e+01 -8.000000e+00
    endloop
  endfacet
  facet normal 9.469301e-01 -3.214395e-01 0.000000e+00
    outer loop
      vertex   1.967175e+01 -6.258819e+01 -8.000000e+00
      vertex   1.925129e+01 -6.382684e+01 -1.300000e+01
      vertex   1.967175e+01 -6.258819e+01 -1.300000e+01
    endloop
  endfacet
  facet normal 9.807853e-01 -1.950903e-01 0.000000e+00
    outer loop
      vertex   1.967175e+01 -6.258819e+01 -8.000000e+00
      vertex   1.967175e+01 -6.258819e+01 -1.300000e+01
      vertex   1.992694e+01 -6.130526e+01 -8.000000e+00
    endloop
  endfacet
  facet normal 9.807853e-01 -1.950903e-01 0.000000e+00
    outer loop
      vertex   1.992694e+01 -6.130526e+01 -8.000000e+00
      vertex   1.967175e+01 -6.258819e+01 -1.300000e+01
      vertex   1.992694e+01 -6.130526e+01 -1.300000e+01
    endloop
  endfacet
  facet normal 9.978589e-01 -6.540313e-02 0.000000e+00
    outer loop
      vertex   1.992694e+01 -6.130526e+01 -8.000000e+00
      vertex   1.992694e+01 -6.130526e+01 -1.300000e+01
      vertex   2.001250e+01 -6.000000e+01 -8.000000e+00
    endloop
  endfacet
  facet normal 9.978589e-01 -6.540313e-02 0.000000e+00
    outer loop
      vertex   2.001250e+01 -6.000000e+01 -8.000000e+00
      vertex   1.992694e+01 -6.130526e+01 -1.300000e+01
      vertex   2.001250e+01 -6.000000e+01 -1.300000e+01
    endloop
  endfacet
  facet normal 0.000000e+00 -1.000000e+00 0.000000e+00
    outer loop
      vertex   -9.987505e+00 -7.000000e+01 -1.300000e+01
      vertex   1.001250e+01 -7.000000e+01 -1.300000e+01
      vertex   -9.987505e+00 -7.000000e+01 -8.000000e+00
    endloop
  endfacet
  facet normal 0.000000e+00 -1.000000e+00 0.000000e+00
    outer loop
      vertex   -9.987505e+00 -7.000000e+01 -8.000000e+00
      vertex   1.001250e+01 -7.000000e+01 -1.300000e+01
      vertex   1.001250e+01 -7.000000e+01 -8.000000e+00
    endloop
  endfacet
  facet normal -9.978589e-01 -6.540313e-02 -0.000000e+00
    outer loop
      vertex   -1.998750e+01 -6.000000e+01 -8.000000e+00
      vertex   -1.998750e+01 -6.000000e+01 -1.300000e+01
      vertex   -1.990195e+01 -6.130526e+01 -8.000000e+00
    endloop
  endfacet
  facet normal -9.978589e-01 -6.540313e-02 -0.000000e+00
    outer loop
      vertex   -1.990195e+01 -6.130526e+01 -8.000000e+00
      vertex   -1.998750e+01 -6.000000e+01 -1.300000e+01
      vertex   -1.990195e+01 -6.130526e+01 -1.300000e+01
    endloop
  endfacet
  facet normal -9.807853e-01 -1.950903e-01 -0.000000e+00
    outer loop
      vertex   -1.990195e+01 -6.130526e+01 -8.000000e+00
      vertex   -1.990195e+01 -6.130526e+01 -1.300000e+01
      vertex   -1.964676e+01 -6.258819e+01 -8.000000e+00
    endloop
  endfacet
  facet normal -9.807853e-01 -1.950903e-01 -0.000000e+00
    outer loop
      vertex   -1.964676e+01 -6.258819e+01 -8.000000e+00
      vertex   -1.990195e+01 -6.130526e+01 -1.300000e+01
      vertex   -1.964676e+01 -6.258819e+01 -1.300000e+01
    endloop
  endfacet
  facet normal -9.469301e-01 -3.214395e-01 -0.000000e+00
    outer loop
      vertex   -1.964676e+01 -6.258819e+01 -8.000000e+00
      vertex   -1.964676e+01 -6.258819e+01 -1.300000e+01
      vertex   -1.922630e+01 -6.382684e+01 -8.000000e+00
    endloop
  endfacet
  facet normal -9.469301e-01 -3.214395e-01 -0.000000e+00
    outer loop
      vertex   -1.922630e+01 -6.382684e+01 -8.000000e+00
      vertex   -1.964676e+01 -6.258819e+01 -1.300000e+01
      vertex   -1.922630e+01 -6.382684e+01 -1.300000e+01
    endloop
  endfacet
  facet normal -8.968727e-01 -4.422887e-01 -0.000000e+00
    outer loop
      vertex   -1.922630e+01 -6.382684e+01 -8.000000e+00
      vertex   -1.922630e+01 -6.382684e+01 -1.300000e+01
      vertex   -1.864776e+01 -6.500000e+01 -8.000000e+00
    endloop
  endfacet
  facet normal -8.968727e-01 -4.422887e-01 -0.000000e+00
    outer loop
      vertex   -1.864776e+01 -6.500000e+01 -8.000000e+00
      vertex   -1.922630e+01 -6.382684e+01 -1.300000e+01
      vertex   -1.864776e+01 -6.500000e+01 -1.300000e+01
    endloop
  endfacet
  facet normal -8.314696e-01 -5.555702e-01 -0.000000e+00
    outer loop
      vertex   -1.864776e+01 -6.500000e+01 -8.000000e+00
      vertex   -1.864776e+01 -6.500000e+01 -1.300000e+01
      vertex   -1.792104e+01 -6.608762e+01 -8.000000e+00
    endloop
  endfacet
  facet normal -8.314696e-01 -5.555702e-01 -0.000000e+00
    outer loop
      vertex   -1.792104e+01 -6.608762e+01 -8.000000e+00
      vertex   -1.864776e+01 -6.500000e+01 -1.300000e+01
      vertex   -1.792104e+01 -6.608762e+01 -1.300000e+01
    endloop
  endfacet
  facet normal -7.518398e-01 -6.593458e-01 -0.000000e+00
    outer loop
      vertex   -1.792104e+01 -6.608762e+01 -8.000000e+00
      vertex   -1.792104e+01 -6.608762e+01 -1.300000e+01
      vertex   -1.705857e+01 -6.707107e+01 -8.000000e+00
    endloop
  endfacet
  facet normal -7.518398e-01 -6.593458e-01 -0.000000e+00
    outer loop
      vertex   -1.705857e+01 -6.707107e+01 -8.000000e+00
      vertex   -1.792104e+01 -6.608762e+01 -1.300000e+01
      vertex   -1.705857e+01 -6.707107e+01 -1.300000e+01
    endloop
  endfacet
  facet normal -6.593458e-01 -7.518398e-01 -0.000000e+00
    outer loop
      vertex   -1.705857e+01 -6.707107e+01 -8.000000e+00
      vertex   -1.705857e+01 -6.707107e+01 -1.300000e+01
      vertex   -1.607512e+01 -6.793353e+01 -8.000000e+00
    endloop
  endfacet
  facet normal -6.593458e-01 -7.518398e-01 -0.000000e+00
    outer loop
      vertex   -1.607512e+01 -6.793353e+01 -8.000000e+00
      vertex   -1.705857e+01 -6.707107e+01 -1.300000e+01
      vertex   -1.607512e+01 -6.793353e+01 -1.300000e+01
    endloop
  endfacet
  facet normal -5.555702e-01 -8.314696e-01 -0.000000e+00
    outer loop
      vertex   -1.607512e+01 -6.793353e+01 -8.000000e+00
      vertex   -1.607512e+01 -6.793353e+01 -1.300000e+01
      vertex   -1.498750e+01 -6.866025e+01 -8.000000e+00
    endloop
  endfacet
  facet normal -5.555702e-01 -8.314696e-01 -0.000000e+00
    outer loop
      vertex   -1.498750e+01 -6.866025e+01 -8.000000e+00
      vertex   -1.607512e+01 -6.793353e+01 -1.300000e+01
      vertex   -1.498750e+01 -6.866025e+01 -1.300000e+01
    endloop
  endfacet
  facet normal -4.422887e-01 -8.968727e-01 -0.000000e+00
    outer loop
      vertex   -1.498750e+01 -6.866025e+01 -8.000000e+00
      vertex   -1.498750e+01 -6.866025e+01 -1.300000e+01
      vertex   -1.381434e+01 -6.923880e+01 -8.000000e+00
    endloop
  endfacet
  facet normal -4.422887e-01 -8.968727e-01 -0.000000e+00
    outer loop
      vertex   -1.381434e+01 -6.923880e+01 -8.000000e+00
      vertex   -1.498750e+01 -6.866025e+01 -1.300000e+01
      vertex   -1.381434e+01 -6.923880e+01 -1.300000e+01
    endloop
  endfacet
  facet normal -3.214395e-01 -9.469301e-01 -0.000000e+00
    outer loop
      vertex   -1.381434e+01 -6.923880e+01 -8.000000e+00
      vertex   -1.381434e+01 -6.923880e+01 -1.300000e+01
      vertex   -1.257570e+01 -6.965926e+01 -8.000000e+00
    endloop
  endfacet
  facet normal -3.214395e-01 -9.469301e-01 -0.000000e+00
    outer loop
      vertex   -1.257570e+01 -6.965926e+01 -8.000000e+00
      vertex   -1.381434e+01 -6.923880e+01 -1.300000e+01
      vertex   -1.257570e+01 -6.965926e+01 -1.300000e+01
    endloop
  endfacet
  facet normal -1.950903e-01 -9.807853e-01 -0.000000e+00
    outer loop
      vertex   -1.257570e+01 -6.965926e+01 -8.000000e+00
      vertex   -1.257570e+01 -6.965926e+01 -1.300000e+01
      vertex   -1.129277e+01 -6.991445e+01 -8.000000e+00
    endloop
  endfacet
  facet normal -1.950903e-01 -9.807853e-01 -0.000000e+00
    outer loop
      vertex   -1.129277e+01 -6.991445e+01 -8.000000e+00
      vertex   -1.257570e+01 -6.965926e+01 -1.300000e+01
      vertex   -1.129277e+01 -6.991445e+01 -1.300000e+01
    endloop
  endfacet
  facet normal -6.540313e-02 -9.978589e-01 -0.000000e+00
    outer loop
      vertex   -1.129277e+01 -6.991445e+01 -8.000000e+00
      vertex   -1.129277e+01 -6.991445e+01 -1.300000e+01
      vertex   -9.987505e+00 -7.000000e+01 -8.000000e+00
    endloop
  endfacet
  facet normal -6.540313e-02 -9.978589e-01 -2.323586e-17
    outer loop
      vertex   -9.987505e+00 -7.000000e+01 -8.000000e+00
      vertex   -1.129277e+01 -6.991445e+01 -1.300000e+01
      vertex   -9.987505e+00 -7.000000e+01 -1.300000e+01
    endloop
  endfacet
  facet normal -1.000000e+00 0.000000e+00 0.000000e+00
    outer loop
      vertex   -1.998750e+01 -5.500000e+01 -1.300000e+01
      vertex   -1.998750e+01 -6.000000e+01 -1.300000e+01
      vertex   -1.998750e+01 -5.500000e+01 -8.000000e+00
    endloop
  endfacet
  facet normal -1.000000e+00 -0.000000e+00 0.000000e+00
    outer loop
      vertex   -1.998750e+01 -5.500000e+01 -8.000000e+00
      vertex   -1.998750e+01 -6.000000e+01 -1.300000e+01
      vertex   -1.998750e+01 -6.000000e+01 -8.000000e+00
    endloop
  endfacet
  facet normal -0.000000e+00 0.000000e+00 1.000000e+00
    outer loop
      vertex   -1.998750e+01 -5.500000e+01 -8.000000e+00
      vertex   9.650885e+00 -5.952187e+01 -8.000000e+00
      vertex   2.001250e+01 -5.500000e+01 -8.000000e+00
    endloop
  endfacet
  facet normal 0.000000e+00 0.000000e+00 1.000000e+00
    outer loop
      vertex   2.001250e+01 -5.500000e+01 -8.000000e+00
      vertex   9.650885e+00 -5.952187e+01 -8.000000e+00
      vertex   1.037411e+01 -5.952187e+01 -8.000000e+00
    endloop
  endfacet
  facet normal 0.000000e+00 0.000000e+00 1.000000e+00
    outer loop
      vertex   2.001250e+01 -5.500000e+01 -8.000000e+00
      vertex   1.037411e+01 -5.952187e+01 -8.000000e+00
      vertex   1.107631e+01 -5.969495e+01 -8.000000e+00
    endloop
  endfacet
  facet normal 0.000000e+00 0.000000e+00 1.000000e+00
    outer loop
      vertex   -1.998750e+01 -6.000000e+01 -8.000000e+00
      vertex   -1.105132e+01 -5.969495e+01 -8.000000e+00
      vertex   -1.998750e+01 -5.500000e+01 -8.000000e+00
    endloop
  endfacet
  facet normal 0.000000e+00 0.000000e+00 1.000000e+00
    outer loop
      vertex   -1.998750e+01 -5.500000e+01 -8.000000e+00
      vertex   -1.105132e+01 -5.969495e+01 -8.000000e+00
      vertex   -1.034911e+01 -5.952187e+01 -8.000000e+00
    endloop
  endfacet
  facet normal 0.000000e+00 0.000000e+00 1.000000e+00
    outer loop
      vertex   -1.998750e+01 -5.500000e+01 -8.000000e+00
      vertex   -1.034911e+01 -5.952187e+01 -8.000000e+00
      vertex   -9.625895e+00 -5.952187e+01 -8.000000e+00
    endloop
  endfacet
  facet normal 0.000000e+00 -0.000000e+00 1.000000e+00
    outer loop
      vertex   -1.990195e+01 -6.130526e+01 -8.000000e+00
      vertex   -1.264387e+01 -6.110583e+01 -8.000000e+00
      vertex   -1.998750e+01 -6.000000e+01 -8.000000e+00
    endloop
  endfacet
  facet normal 0.000000e+00 0.000000e+00 1.000000e+00
    outer loop
      vertex   -1.998750e+01 -6.000000e+01 -8.000000e+00
      vertex   -1.264387e+01 -6.110583e+01 -8.000000e+00
      vertex   -1.223304e+01 -6.051063e+01 -8.000000e+00
    endloop
  endfacet
  facet normal 0.000000e+00 0.000000e+00 1.000000e+00
    outer loop
      vertex   -1.998750e+01 -6.000000e+01 -8.000000e+00
      vertex   -1.223304e+01 -6.051063e+01 -8.000000e+00
      vertex   -1.169170e+01 -6.003105e+01 -8.000000e+00
    endloop
  endfacet
  facet normal 0.000000e+00 0.000000e+00 1.000000e+00
    outer loop
      vertex   -1.264387e+01 -6.110583e+01 -8.000000e+00
      vertex   -1.990195e+01 -6.130526e+01 -8.000000e+00
      vertex   -1.290033e+01 -6.178205e+01 -8.000000e+00
    endloop
  endfacet
  facet normal 0.000000e+00 0.000000e+00 1.000000e+00
    outer loop
      vertex   -1.290033e+01 -6.178205e+01 -8.000000e+00
      vertex   -1.990195e+01 -6.130526e+01 -8.000000e+00
      vertex   -1.964676e+01 -6.258819e+01 -8.000000e+00
    endloop
  endfacet
  facet normal 0.000000e+00 0.000000e+00 1.000000e+00
    outer loop
      vertex   -1.290033e+01 -6.178205e+01 -8.000000e+00
      vertex   -1.964676e+01 -6.258819e+01 -8.000000e+00
      vertex   -1.298750e+01 -6.250000e+01 -8.000000e+00
    endloop
  endfacet
  facet normal 0.000000e+00 0.000000e+00 1.000000e+00
    outer loop
      vertex   -1.298750e+01 -6.250000e+01 -8.000000e+00
      vertex   -1.964676e+01 -6.258819e+01 -8.000000e+00
      vertex   -1.290033e+01 -6.321795e+01 -8.000000e+00
    endloop
  endfacet
  facet normal 0.000000e+00 0.000000e+00 1.000000e+00
    outer loop
      vertex   -1.290033e+01 -6.321795e+01 -8.000000e+00
      vertex   -1.964676e+01 -6.258819e+01 -8.000000e+00
      vertex   -1.922630e+01 -6.382684e+01 -8.000000e+00
    endloop
  endfacet
  facet normal 0.000000e+00 0.000000e+00 1.000000e+00
    outer loop
      vertex   -1.290033e+01 -6.321795e+01 -8.000000e+00
      vertex   -1.922630e+01 -6.382684e+01 -8.000000e+00
      vertex   -1.264387e+01 -6.389417e+01 -8.000000e+00
    endloop
  endfacet
  facet normal 0.000000e+00 0.000000e+00 1.000000e+00
    outer loop
      vertex   -1.264387e+01 -6.389417e+01 -8.000000e+00
      vertex   -1.922630e+01 -6.382684e+01 -8.000000e+00
      vertex   -1.864776e+01 -6.500000e+01 -8.000000e+00
    endloop
  endfacet
  facet normal 0.000000e+00 0.000000e+00 1.000000e+00
    outer loop
      vertex   -1.264387e+01 -6.389417e+01 -8.000000e+00
      vertex   -1.864776e+01 -6.500000e+01 -8.000000e+00
      vertex   -1.223304e+01 -6.448937e+01 -8.000000e+00
    endloop
  endfacet
  facet normal 0.000000e+00 0.000000e+00 1.000000e+00
    outer loop
      vertex   -1.223304e+01 -6.448937e+01 -8.000000e+00
      vertex   -1.864776e+01 -6.500000e+01 -8.000000e+00
      vertex   -1.169170e+01 -6.496895e+01 -8.000000e+00
    endloop
  endfacet
  facet normal 0.000000e+00 0.000000e+00 1.000000e+00
    outer loop
      vertex   -1.169170e+01 -6.496895e+01 -8.000000e+00
      vertex   -1.864776e+01 -6.500000e+01 -8.000000e+00
      vertex   -1.792104e+01 -6.608762e+01 -8.000000e+00
    endloop
  endfacet
  facet normal 0.000000e+00 0.000000e+00 1.000000e+00
    outer loop
      vertex   -1.169170e+01 -6.496895e+01 -8.000000e+00
      vertex   -1.792104e+01 -6.608762e+01 -8.000000e+00
      vertex   -1.105132e+01 -6.530505e+01 -8.000000e+00
    endloop
  endfacet
  facet normal 0.000000e+00 0.000000e+00 1.000000e+00
    outer loop
      vertex   -1.105132e+01 -6.530505e+01 -8.000000e+00
      vertex   -1.792104e+01 -6.608762e+01 -8.000000e+00
      vertex   -1.705857e+01 -6.707107e+01 -8.000000e+00
    endloop
  endfacet
  facet normal 0.000000e+00 0.000000e+00 1.000000e+00
    outer loop
      vertex   -1.105132e+01 -6.530505e+01 -8.000000e+00
      vertex   -1.705857e+01 -6.707107e+01 -8.000000e+00
      vertex   -1.034911e+01 -6.547813e+01 -8.000000e+00
    endloop
  endfacet
  facet normal 0.000000e+00 0.000000e+00 1.000000e+00
    outer loop
      vertex   -1.034911e+01 -6.547813e+01 -8.000000e+00
      vertex   -1.705857e+01 -6.707107e+01 -8.000000e+00
      vertex   -1.607512e+01 -6.793353e+01 -8.000000e+00
    endloop
  endfacet
  facet normal 0.000000e+00 0.000000e+00 1.000000e+00
    outer loop
      vertex   -1.034911e+01 -6.547813e+01 -8.000000e+00
      vertex   -1.607512e+01 -6.793353e+01 -8.000000e+00
      vertex   -1.498750e+01 -6.866025e+01 -8.000000e+00
    endloop
  endfacet
  facet normal -0.000000e+00 0.000000e+00 1.000000e+00
    outer loop
      vertex   -1.034911e+01 -6.547813e+01 -8.000000e+00
      vertex   -1.498750e+01 -6.866025e+01 -8.000000e+00
      vertex   -9.625895e+00 -6.547813e+01 -8.000000e+00
    endloop
  endfacet
  facet normal 0.000000e+00 0.000000e+00 1.000000e+00
    outer loop
      vertex   -9.625895e+00 -6.547813e+01 -8.000000e+00
      vertex   -1.498750e+01 -6.866025e+01 -8.000000e+00
      vertex   -1.381434e+01 -6.923880e+01 -8.000000e+00
    endloop
  endfacet
  facet normal 0.000000e+00 0.000000e+00 1.000000e+00
    outer loop
      vertex   -9.625895e+00 -6.547813e+01 -8.000000e+00
      vertex   -1.381434e+01 -6.923880e+01 -8.000000e+00
      vertex   -1.257570e+01 -6.965926e+01 -8.000000e+00
    endloop
  endfacet
  facet normal -0.000000e+00 0.000000e+00 1.000000e+00
    outer loop
      vertex   -1.257570e+01 -6.965926e+01 -8.000000e+00
      vertex   -1.129277e+01 -6.991445e+01 -8.000000e+00
      vertex   -9.625895e+00 -6.547813e+01 -8.000000e+00
    endloop
  endfacet
  facet normal 0.000000e+00 0.000000e+00 1.000000e+00
    outer loop
      vertex   -9.625895e+00 -6.547813e+01 -8.000000e+00
      vertex   -1.129277e+01 -6.991445e+01 -8.000000e+00
      vertex   -9.987505e+00 -7.000000e+01 -8.000000e+00
    endloop
  endfacet
  facet normal -0.000000e+00 0.000000e+00 1.000000e+00
    outer loop
      vertex   -9.625895e+00 -6.547813e+01 -8.000000e+00
      vertex   -9.987505e+00 -7.000000e+01 -8.000000e+00
      vertex   -8.923690e+00 -6.530505e+01 -8.000000e+00
    endloop
  endfacet
  facet normal 0.000000e+00 0.000000e+00 1.000000e+00
    outer loop
      vertex   -8.923690e+00 -6.530505e+01 -8.000000e+00
      vertex   -9.987505e+00 -7.000000e+01 -8.000000e+00
      vertex   1.001250e+01 -7.000000e+01 -8.000000e+00
    endloop
  endfacet
  facet normal -0.000000e+00 0.000000e+00 1.000000e+00
    outer loop
      vertex   -8.923690e+00 -6.530505e+01 -8.000000e+00
      vertex   1.001250e+01 -7.000000e+01 -8.000000e+00
      vertex   8.948681e+00 -6.530505e+01 -8.000000e+00
    endloop
  endfacet
  facet normal 0.000000e+00 0.000000e+00 1.000000e+00
    outer loop
      vertex   8.948681e+00 -6.530505e+01 -8.000000e+00
      vertex   1.001250e+01 -7.000000e+01 -8.000000e+00
      vertex   9.650885e+00 -6.547813e+01 -8.000000e+00
    endloop
  endfacet
  facet normal 0.000000e+00 0.000000e+00 1.000000e+00
    outer loop
      vertex   9.650885e+00 -6.547813e+01 -8.000000e+00
      vertex   1.001250e+01 -7.000000e+01 -8.000000e+00
      vertex   1.131776e+01 -6.991445e+01 -8.000000e+00
    endloop
  endfacet
  facet normal 0.000000e+00 0.000000e+00 1.000000e+00
    outer loop
      vertex   9.650885e+00 -6.547813e+01 -8.000000e+00
      vertex   1.131776e+01 -6.991445e+01 -8.000000e+00
      vertex   1.260069e+01 -6.965926e+01 -8.000000e+00
    endloop
  endfacet
  facet normal 0.000000e+00 -0.000000e+00 1.000000e+00
    outer loop
      vertex   1.260069e+01 -6.965926e+01 -8.000000e+00
      vertex   1.383933e+01 -6.923880e+01 -8.000000e+00
      vertex   9.650885e+00 -6.547813e+01 -8.000000e+00
    endloop
  endfacet
  facet normal 0.000000e+00 0.000000e+00 1.000000e+00
    outer loop
      vertex   9.650885e+00 -6.547813e+01 -8.000000e+00
      vertex   1.383933e+01 -6.923880e+01 -8.000000e+00
      vertex   1.501250e+01 -6.866025e+01 -8.000000e+00
    endloop
  endfacet
  facet normal -0.000000e+00 0.000000e+00 1.000000e+00
    outer loop
      vertex   9.650885e+00 -6.547813e+01 -8.000000e+00
      vertex   1.501250e+01 -6.866025e+01 -8.000000e+00
      vertex   1.037411e+01 -6.547813e+01 -8.000000e+00
    endloop
  endfacet
  facet normal 0.000000e+00 0.000000e+00 1.000000e+00
    outer loop
      vertex   1.037411e+01 -6.547813e+01 -8.000000e+00
      vertex   1.501250e+01 -6.866025e+01 -8.000000e+00
      vertex   1.610011e+01 -6.793353e+01 -8.000000e+00
    endloop
  endfacet
  facet normal 0.000000e+00 0.000000e+00 1.000000e+00
    outer loop
      vertex   1.037411e+01 -6.547813e+01 -8.000000e+00
      vertex   1.610011e+01 -6.793353e+01 -8.000000e+00
      vertex   1.708356e+01 -6.707107e+01 -8.000000e+00
    endloop
  endfacet
  facet normal -0.000000e+00 0.000000e+00 1.000000e+00
    outer loop
      vertex   1.037411e+01 -6.547813e+01 -8.000000e+00
      vertex   1.708356e+01 -6.707107e+01 -8.000000e+00
      vertex   1.107631e+01 -6.530505e+01 -8.000000e+00
    endloop
  endfacet
  facet normal 0.000000e+00 0.000000e+00 1.000000e+00
    outer loop
      vertex   1.107631e+01 -6.530505e+01 -8.000000e+00
      vertex   1.708356e+01 -6.707107e+01 -8.000000e+00
      vertex   1.794603e+01 -6.608762e+01 -8.000000e+00
    endloop
  endfacet
  facet normal -0.000000e+00 0.000000e+00 1.000000e+00
    outer loop
      vertex   1.107631e+01 -6.530505e+01 -8.000000e+00
      vertex   1.794603e+01 -6.608762e+01 -8.000000e+00
      vertex   1.171669e+01 -6.496895e+01 -8.000000e+00
    endloop
  endfacet
  facet normal 0.000000e+00 0.000000e+00 1.000000e+00
    outer loop
      vertex   1.171669e+01 -6.496895e+01 -8.000000e+00
      vertex   1.794603e+01 -6.608762e+01 -8.000000e+00
      vertex   1.867275e+01 -6.500000e+01 -8.000000e+00
    endloop
  endfacet
  facet normal -0.000000e+00 0.000000e+00 1.000000e+00
    outer loop
      vertex   1.171669e+01 -6.496895e+01 -8.000000e+00
      vertex   1.867275e+01 -6.500000e+01 -8.000000e+00
      vertex   1.225803e+01 -6.448937e+01 -8.000000e+00
    endloop
  endfacet
  facet normal -0.000000e+00 0.000000e+00 1.000000e+00
    outer loop
      vertex   1.225803e+01 -6.448937e+01 -8.000000e+00
      vertex   1.867275e+01 -6.500000e+01 -8.000000e+00
      vertex   1.266886e+01 -6.389417e+01 -8.000000e+00
    endloop
  endfacet
  facet normal -0.000000e+00 0.000000e+00 1.000000e+00
    outer loop
      vertex   1.266886e+01 -6.389417e+01 -8.000000e+00
      vertex   1.867275e+01 -6.500000e+01 -8.000000e+00
      vertex   1.925129e+01 -6.382684e+01 -8.000000e+00
    endloop
  endfacet
  facet normal 0.000000e+00 0.000000e+00 1.000000e+00
    outer loop
      vertex   1.266886e+01 -6.389417e+01 -8.000000e+00
      vertex   1.925129e+01 -6.382684e+01 -8.000000e+00
      vertex   1.292532e+01 -6.321795e+01 -8.000000e+00
    endloop
  endfacet
  facet normal -0.000000e+00 0.000000e+00 1.000000e+00
    outer loop
      vertex   1.292532e+01 -6.321795e+01 -8.000000e+00
      vertex   1.925129e+01 -6.382684e+01 -8.000000e+00
      vertex   1.967175e+01 -6.258819e+01 -8.000000e+00
    endloop
  endfacet
  facet normal 0.000000e+00 0.000000e+00 1.000000e+00
    outer loop
      vertex   1.292532e+01 -6.321795e+01 -8.000000e+00
      vertex   1.967175e+01 -6.258819e+01 -8.000000e+00
      vertex   1.301250e+01 -6.250000e+01 -8.000000e+00
    endloop
  endfacet
  facet normal -0.000000e+00 -0.000000e+00 1.000000e+00
    outer loop
      vertex   1.301250e+01 -6.250000e+01 -8.000000e+00
      vertex   1.967175e+01 -6.258819e+01 -8.000000e+00
      vertex   1.292532e+01 -6.178205e+01 -8.000000e+00
    endloop
  endfacet
  facet normal -0.000000e+00 0.000000e+00 1.000000e+00
    outer loop
      vertex   1.292532e+01 -6.178205e+01 -8.000000e+00
      vertex   1.967175e+01 -6.258819e+01 -8.000000e+00
      vertex   1.992694e+01 -6.130526e+01 -8.000000e+00
    endloop
  endfacet
  facet normal 0.000000e+00 -0.000000e+00 1.000000e+00
    outer loop
      vertex   1.292532e+01 -6.178205e+01 -8.000000e+00
      vertex   1.992694e+01 -6.130526e+01 -8.000000e+00
      vertex   1.266886e+01 -6.110583e+01 -8.000000e+00
    endloop
  endfacet
  facet normal -0.000000e+00 0.000000e+00 1.000000e+00
    outer loop
      vertex   1.266886e+01 -6.110583e+01 -8.000000e+00
      vertex   1.992694e+01 -6.130526e+01 -8.000000e+00
      vertex   2.001250e+01 -6.000000e+01 -8.000000e+00
    endloop
  endfacet
  facet normal 0.000000e+00 -0.000000e+00 1.000000e+00
    outer loop
      vertex   1.266886e+01 -6.110583e+01 -8.000000e+00
      vertex   2.001250e+01 -6.000000e+01 -8.000000e+00
      vertex   1.225803e+01 -6.051063e+01 -8.000000e+00
    endloop
  endfacet
  facet normal 0.000000e+00 -0.000000e+00 1.000000e+00
    outer loop
      vertex   1.225803e+01 -6.051063e+01 -8.000000e+00
      vertex   2.001250e+01 -6.000000e+01 -8.000000e+00
      vertex   1.171669e+01 -6.003105e+01 -8.000000e+00
    endloop
  endfacet
  facet normal 0.000000e+00 -0.000000e+00 1.000000e+00
    outer loop
      vertex   1.171669e+01 -6.003105e+01 -8.000000e+00
      vertex   2.001250e+01 -6.000000e+01 -8.000000e+00
      vertex   1.107631e+01 -5.969495e+01 -8.000000e+00
    endloop
  endfacet
  facet normal -0.000000e+00 0.000000e+00 1.000000e+00
    outer loop
      vertex   1.107631e+01 -5.969495e+01 -8.000000e+00
      vertex   2.001250e+01 -6.000000e+01 -8.000000e+00
      vertex   2.001250e+01 -5.500000e+01 -8.000000e+00
    endloop
  endfacet
  facet normal 0.000000e+00 0.000000e+00 1.000000e+00
    outer loop
      vertex   7.099670e+00 -6.178205e+01 -8.000000e+00
      vertex   -7.074679e+00 -6.178205e+01 -8.000000e+00
      vertex   7.012495e+00 -6.250000e+01 -8.000000e+00
    endloop
  endfacet
  facet normal 0.000000e+00 0.000000e+00 1.000000e+00
    outer loop
      vertex   7.012495e+00 -6.250000e+01 -8.000000e+00
      vertex   -7.074679e+00 -6.178205e+01 -8.000000e+00
      vertex   -6.987505e+00 -6.250000e+01 -8.000000e+00
    endloop
  endfacet
  facet normal 0.000000e+00 0.000000e+00 1.000000e+00
    outer loop
      vertex   7.012495e+00 -6.250000e+01 -8.000000e+00
      vertex   -6.987505e+00 -6.250000e+01 -8.000000e+00
      vertex   7.099670e+00 -6.321795e+01 -8.000000e+00
    endloop
  endfacet
  facet normal 0.000000e+00 0.000000e+00 1.000000e+00
    outer loop
      vertex   7.099670e+00 -6.321795e+01 -8.000000e+00
      vertex   -6.987505e+00 -6.250000e+01 -8.000000e+00
      vertex   -7.074679e+00 -6.321795e+01 -8.000000e+00
    endloop
  endfacet
  facet normal 0.000000e+00 0.000000e+00 1.000000e+00
    outer loop
      vertex   7.099670e+00 -6.321795e+01 -8.000000e+00
      vertex   -7.074679e+00 -6.321795e+01 -8.000000e+00
      vertex   7.356127e+00 -6.389417e+01 -8.000000e+00
    endloop
  endfacet
  facet normal 0.000000e+00 0.000000e+00 1.000000e+00
    outer loop
      vertex   7.356127e+00 -6.389417e+01 -8.000000e+00
      vertex   -7.074679e+00 -6.321795e+01 -8.000000e+00
      vertex   -7.331137e+00 -6.389417e+01 -8.000000e+00
    endloop
  endfacet
  facet normal 0.000000e+00 0.000000e+00 1.000000e+00
    outer loop
      vertex   7.356127e+00 -6.389417e+01 -8.000000e+00
      vertex   -7.331137e+00 -6.389417e+01 -8.000000e+00
      vertex   7.766963e+00 -6.448937e+01 -8.000000e+00
    endloop
  endfacet
  facet normal 0.000000e+00 0.000000e+00 1.000000e+00
    outer loop
      vertex   7.766963e+00 -6.448937e+01 -8.000000e+00
      vertex   -7.331137e+00 -6.389417e+01 -8.000000e+00
      vertex   -7.741972e+00 -6.448937e+01 -8.000000e+00
    endloop
  endfacet
  facet normal 0.000000e+00 0.000000e+00 1.000000e+00
    outer loop
      vertex   7.766963e+00 -6.448937e+01 -8.000000e+00
      vertex   -7.741972e+00 -6.448937e+01 -8.000000e+00
      vertex   8.308301e+00 -6.496895e+01 -8.000000e+00
    endloop
  endfacet
  facet normal 0.000000e+00 0.000000e+00 1.000000e+00
    outer loop
      vertex   8.308301e+00 -6.496895e+01 -8.000000e+00
      vertex   -7.741972e+00 -6.448937e+01 -8.000000e+00
      vertex   -8.283310e+00 -6.496895e+01 -8.000000e+00
    endloop
  endfacet
  facet normal 0.000000e+00 0.000000e+00 1.000000e+00
    outer loop
      vertex   8.308301e+00 -6.496895e+01 -8.000000e+00
      vertex   -8.283310e+00 -6.496895e+01 -8.000000e+00
      vertex   8.948681e+00 -6.530505e+01 -8.000000e+00
    endloop
  endfacet
  facet normal 0.000000e+00 0.000000e+00 1.000000e+00
    outer loop
      vertex   8.948681e+00 -6.530505e+01 -8.000000e+00
      vertex   -8.283310e+00 -6.496895e+01 -8.000000e+00
      vertex   -8.923690e+00 -6.530505e+01 -8.000000e+00
    endloop
  endfacet
  facet normal 0.000000e+00 -0.000000e+00 1.000000e+00
    outer loop
      vertex   -7.074679e+00 -6.178205e+01 -8.000000e+00
      vertex   7.099670e+00 -6.178205e+01 -8.000000e+00
      vertex   -7.331137e+00 -6.110583e+01 -8.000000e+00
    endloop
  endfacet
  facet normal -0.000000e+00 0.000000e+00 1.000000e+00
    outer loop
      vertex   -7.331137e+00 -6.110583e+01 -8.000000e+00
      vertex   7.099670e+00 -6.178205e+01 -8.000000e+00
      vertex   7.356127e+00 -6.110583e+01 -8.000000e+00
    endloop
  endfacet
  facet normal 0.000000e+00 -0.000000e+00 1.000000e+00
    outer loop
      vertex   -7.331137e+00 -6.110583e+01 -8.000000e+00
      vertex   7.356127e+00 -6.110583e+01 -8.000000e+00
      vertex   -7.741972e+00 -6.051063e+01 -8.000000e+00
    endloop
  endfacet
  facet normal -0.000000e+00 0.000000e+00 1.000000e+00
    outer loop
      vertex   -7.741972e+00 -6.051063e+01 -8.000000e+00
      vertex   7.356127e+00 -6.110583e+01 -8.000000e+00
      vertex   7.766963e+00 -6.051063e+01 -8.000000e+00
    endloop
  endfacet
  facet normal 0.000000e+00 -0.000000e+00 1.000000e+00
    outer loop
      vertex   -7.741972e+00 -6.051063e+01 -8.000000e+00
      vertex   7.766963e+00 -6.051063e+01 -8.000000e+00
      vertex   -8.283310e+00 -6.003105e+01 -8.000000e+00
    endloop
  endfacet
  facet normal -0.000000e+00 0.000000e+00 1.000000e+00
    outer loop
      vertex   -8.283310e+00 -6.003105e+01 -8.000000e+00
      vertex   7.766963e+00 -6.051063e+01 -8.000000e+00
      vertex   8.308301e+00 -6.003105e+01 -8.000000e+00
    endloop
  endfacet
  facet normal 0.000000e+00 -0.000000e+00 1.000000e+00
    outer loop
      vertex   -8.283310e+00 -6.003105e+01 -8.000000e+00
      vertex   8.308301e+00 -6.003105e+01 -8.000000e+00
      vertex   -8.923690e+00 -5.969495e+01 -8.000000e+00
    endloop
  endfacet
  facet normal -0.000000e+00 0.000000e+00 1.000000e+00
    outer loop
      vertex   -8.923690e+00 -5.969495e+01 -8.000000e+00
      vertex   8.308301e+00 -6.003105e+01 -8.000000e+00
      vertex   8.948681e+00 -5.969495e+01 -8.000000e+00
    endloop
  endfacet
  facet normal 0.000000e+00 -0.000000e+00 1.000000e+00
    outer loop
      vertex   -8.923690e+00 -5.969495e+01 -8.000000e+00
      vertex   8.948681e+00 -5.969495e+01 -8.000000e+00
      vertex   -9.625895e+00 -5.952187e+01 -8.000000e+00
    endloop
  endfacet
  facet normal -0.000000e+00 0.000000e+00 1.000000e+00
    outer loop
      vertex   -9.625895e+00 -5.952187e+01 -8.000000e+00
      vertex   8.948681e+00 -5.969495e+01 -8.000000e+00
      vertex   9.650885e+00 -5.952187e+01 -8.000000e+00
    endloop
  endfacet
  facet normal 0.000000e+00 -0.000000e+00 1.000000e+00
    outer loop
      vertex   -9.625895e+00 -5.952187e+01 -8.000000e+00
      vertex   9.650885e+00 -5.952187e+01 -8.000000e+00
      vertex   -1.998750e+01 -5.500000e+01 -8.000000e+00
    endloop
  endfacet
  facet normal 0.000000e+00 -0.000000e+00 1.000000e+00
    outer loop
      vertex   -1.169170e+01 -6.003105e+01 -8.000000e+00
      vertex   -1.105132e+01 -5.969495e+01 -8.000000e+00
      vertex   -1.998750e+01 -6.000000e+01 -8.000000e+00
    endloop
  endfacet
  facet normal -0.000000e+00 0.000000e+00 1.000000e+00
    outer loop
      vertex   4.200008e+01 2.062799e+01 -1.000000e+01
      vertex   4.270689e+01 2.054863e+01 -1.000000e+01
      vertex   4.518707e+01 2.062799e+01 -1.000000e+01
    endloop
  endfacet
  facet normal 0.000000e+00 0.000000e+00 1.000000e+00
    outer loop
      vertex   4.518707e+01 2.062799e+01 -1.000000e+01
      vertex   4.270689e+01 2.054863e+01 -1.000000e+01
      vertex   4.337849e+01 2.031449e+01 -1.000000e+01
    endloop
  endfacet
  facet normal 0.000000e+00 0.000000e+00 1.000000e+00
    outer loop
      vertex   4.518707e+01 2.062799e+01 -1.000000e+01
      vertex   4.337849e+01 2.031449e+01 -1.000000e+01
      vertex   4.398144e+01 1.993724e+01 -1.000000e+01
    endloop
  endfacet
  facet normal -0.000000e+00 0.000000e+00 1.000000e+00
    outer loop
      vertex   4.398144e+01 1.993724e+01 -1.000000e+01
      vertex   4.448571e+01 1.943566e+01 -1.000000e+01
      vertex   4.518707e+01 2.062799e+01 -1.000000e+01
    endloop
  endfacet
  facet normal 0.000000e+00 0.000000e+00 1.000000e+00
    outer loop
      vertex   4.518707e+01 2.062799e+01 -1.000000e+01
      vertex   4.448571e+01 1.943566e+01 -1.000000e+01
      vertex   4.486619e+01 1.883474e+01 -1.000000e+01
    endloop
  endfacet
  facet normal 0.000000e+00 0.000000e+00 1.000000e+00
    outer loop
      vertex   4.518707e+01 2.062799e+01 -1.000000e+01
      vertex   4.486619e+01 1.883474e+01 -1.000000e+01
      vertex   4.510392e+01 1.816440e+01 -1.000000e+01
    endloop
  endfacet
  facet normal -0.000000e+00 0.000000e+00 1.000000e+00
    outer loop
      vertex   4.510392e+01 1.816440e+01 -1.000000e+01
      vertex   4.518707e+01 1.745803e+01 -1.000000e+01
      vertex   4.518707e+01 2.062799e+01 -1.000000e+01
    endloop
  endfacet
  facet normal 0.000000e+00 0.000000e+00 -1.000000e+00
    outer loop
      vertex   3.933648e+01 -4.587528e+01 -1.300000e+01
      vertex   3.925008e+01 -4.655918e+01 -1.300000e+01
      vertex   2.001250e+01 -5.500000e+01 -1.300000e+01
    endloop
  endfacet
  facet normal 0.000000e+00 0.000000e+00 -1.000000e+00
    outer loop
      vertex   2.001250e+01 -5.500000e+01 -1.300000e+01
      vertex   3.925008e+01 -4.655918e+01 -1.300000e+01
      vertex   3.933648e+01 -4.724308e+01 -1.300000e+01
    endloop
  endfacet
  facet normal 0.000000e+00 0.000000e+00 -1.000000e+00
    outer loop
      vertex   2.001250e+01 -5.500000e+01 -1.300000e+01
      vertex   3.933648e+01 -4.724308e+01 -1.300000e+01
      vertex   3.959024e+01 -4.788400e+01 -1.300000e+01
    endloop
  endfacet
  facet normal 0.000000e+00 -0.000000e+00 -1.000000e+00
    outer loop
      vertex   3.959024e+01 -4.788400e+01 -1.300000e+01
      vertex   3.999542e+01 -4.844168e+01 -1.300000e+01
      vertex   2.001250e+01 -5.500000e+01 -1.300000e+01
    endloop
  endfacet
  facet normal 0.000000e+00 0.000000e+00 -1.000000e+00
    outer loop
      vertex   2.001250e+01 -5.500000e+01 -1.300000e+01
      vertex   3.999542e+01 -4.844168e+01 -1.300000e+01
      vertex   4.418707e+01 -5.500000e+01 -1.300000e+01
    endloop
  endfacet
  facet normal 0.000000e+00 0.000000e+00 -1.000000e+00
    outer loop
      vertex   4.418707e+01 -5.500000e+01 -1.300000e+01
      vertex   3.999542e+01 -4.844168e+01 -1.300000e+01
      vertex   4.052656e+01 -4.888108e+01 -1.300000e+01
    endloop
  endfacet
  facet normal 0.000000e+00 0.000000e+00 -1.000000e+00
    outer loop
      vertex   4.418707e+01 -5.500000e+01 -1.300000e+01
      vertex   4.052656e+01 -4.888108e+01 -1.300000e+01
      vertex   4.115028e+01 -4.917458e+01 -1.300000e+01
    endloop
  endfacet
  facet normal 0.000000e+00 0.000000e+00 -1.000000e+00
    outer loop
      vertex   4.115028e+01 -4.917458e+01 -1.300000e+01
      vertex   4.182741e+01 -4.930375e+01 -1.300000e+01
      vertex   4.418707e+01 -5.500000e+01 -1.300000e+01
    endloop
  endfacet
  facet normal 0.000000e+00 0.000000e+00 -1.000000e+00
    outer loop
      vertex   4.418707e+01 -5.500000e+01 -1.300000e+01
      vertex   4.182741e+01 -4.930375e+01 -1.300000e+01
      vertex   4.251538e+01 -4.926047e+01 -1.300000e+01
    endloop
  endfacet
  facet normal 0.000000e+00 0.000000e+00 -1.000000e+00
    outer loop
      vertex   4.418707e+01 -5.500000e+01 -1.300000e+01
      vertex   4.251538e+01 -4.926047e+01 -1.300000e+01
      vertex   4.317097e+01 -4.904745e+01 -1.300000e+01
    endloop
  endfacet
  facet normal 0.000000e+00 -0.000000e+00 -1.000000e+00
    outer loop
      vertex   4.375300e+01 -4.867809e+01 -1.300000e+01
      vertex   4.718707e+01 -5.200000e+01 -1.300000e+01
      vertex   4.317097e+01 -4.904745e+01 -1.300000e+01
    endloop
  endfacet
  facet normal 0.000000e+00 0.000000e+00 -1.000000e+00
    outer loop
      vertex   4.317097e+01 -4.904745e+01 -1.300000e+01
      vertex   4.718707e+01 -5.200000e+01 -1.300000e+01
      vertex   4.711185e+01 -5.266756e+01 -1.300000e+01
    endloop
  endfacet
  facet normal 0.000000e+00 0.000000e+00 -1.000000e+00
    outer loop
      vertex   4.317097e+01 -4.904745e+01 -1.300000e+01
      vertex   4.711185e+01 -5.266756e+01 -1.300000e+01
      vertex   4.688998e+01 -5.330165e+01 -1.300000e+01
    endloop
  endfacet
  facet normal 0.000000e+00 0.000000e+00 -1.000000e+00
    outer loop
      vertex   4.375300e+01 -4.867809e+01 -1.300000e+01
      vertex   4.422488e+01 -4.817559e+01 -1.300000e+01
      vertex   4.718707e+01 -5.200000e+01 -1.300000e+01
    endloop
  endfacet
  facet normal 0.000000e+00 0.000000e+00 -1.000000e+00
    outer loop
      vertex   4.718707e+01 -5.200000e+01 -1.300000e+01
      vertex   4.422488e+01 -4.817559e+01 -1.300000e+01
      vertex   4.455697e+01 -4.757152e+01 -1.300000e+01
    endloop
  endfacet
  facet normal 0.000000e+00 0.000000e+00 -1.000000e+00
    outer loop
      vertex   4.718707e+01 -5.200000e+01 -1.300000e+01
      vertex   4.455697e+01 -4.757152e+01 -1.300000e+01
      vertex   4.472840e+01 -4.690385e+01 -1.300000e+01
    endloop
  endfacet
  facet normal 0.000000e+00 0.000000e+00 -1.000000e+00
    outer loop
      vertex   4.472840e+01 -4.690385e+01 -1.300000e+01
      vertex   4.472840e+01 -4.621451e+01 -1.300000e+01
      vertex   4.718707e+01 -5.200000e+01 -1.300000e+01
    endloop
  endfacet
  facet normal 0.000000e+00 0.000000e+00 -1.000000e+00
    outer loop
      vertex   4.718707e+01 -5.200000e+01 -1.300000e+01
      vertex   4.472840e+01 -4.621451e+01 -1.300000e+01
      vertex   4.455697e+01 -4.554684e+01 -1.300000e+01
    endloop
  endfacet
  facet normal 0.000000e+00 0.000000e+00 -1.000000e+00
    outer loop
      vertex   4.718707e+01 -5.200000e+01 -1.300000e+01
      vertex   4.455697e+01 -4.554684e+01 -1.300000e+01
      vertex   4.718707e+01 2.062799e+01 -1.300000e+01
    endloop
  endfacet
  facet normal 0.000000e+00 0.000000e+00 -1.000000e+00
    outer loop
      vertex   4.718707e+01 2.062799e+01 -1.300000e+01
      vertex   4.455697e+01 -4.554684e+01 -1.300000e+01
      vertex   4.422488e+01 -4.494277e+01 -1.300000e+01
    endloop
  endfacet
  facet normal 0.000000e+00 0.000000e+00 -1.000000e+00
    outer loop
      vertex   4.718707e+01 2.062799e+01 -1.300000e+01
      vertex   4.422488e+01 -4.494277e+01 -1.300000e+01
      vertex   4.422488e+01 1.582455e+01 -1.300000e+01
    endloop
  endfacet
  facet normal 0.000000e+00 -0.000000e+00 -1.000000e+00
    outer loop
      vertex   4.422488e+01 1.582455e+01 -1.300000e+01
      vertex   4.422488e+01 -4.494277e+01 -1.300000e+01
      vertex   4.375300e+01 1.532205e+01 -1.300000e+01
    endloop
  endfacet
  facet normal 0.000000e+00 0.000000e+00 -1.000000e+00
    outer loop
      vertex   4.375300e+01 1.532205e+01 -1.300000e+01
      vertex   4.422488e+01 -4.494277e+01 -1.300000e+01
      vertex   4.375300e+01 -4.444027e+01 -1.300000e+01
    endloop
  endfacet
  facet normal 0.000000e+00 -0.000000e+00 -1.000000e+00
    outer loop
      vertex   4.375300e+01 1.532205e+01 -1.300000e+01
      vertex   4.375300e+01 -4.444027e+01 -1.300000e+01
      vertex   4.317097e+01 1.495268e+01 -1.300000e+01
    endloop
  endfacet
  facet normal 0.000000e+00 0.000000e+00 -1.000000e+00
    outer loop
      vertex   4.317097e+01 1.495268e+01 -1.300000e+01
      vertex   4.375300e+01 -4.444027e+01 -1.300000e+01
      vertex   4.317097e+01 -4.407091e+01 -1.300000e+01
    endloop
  endfacet
  facet normal 0.000000e+00 -0.000000e+00 -1.000000e+00
    outer loop
      vertex   4.317097e+01 1.495268e+01 -1.300000e+01
      vertex   4.317097e+01 -4.407091e+01 -1.300000e+01
      vertex   4.251538e+01 1.473967e+01 -1.300000e+01
    endloop
  endfacet
  facet normal 0.000000e+00 0.000000e+00 -1.000000e+00
    outer loop
      vertex   4.251538e+01 1.473967e+01 -1.300000e+01
      vertex   4.317097e+01 -4.407091e+01 -1.300000e+01
      vertex   4.251538e+01 -4.385789e+01 -1.300000e+01
    endloop
  endfacet
  facet normal 0.000000e+00 -0.000000e+00 -1.000000e+00
    outer loop
      vertex   4.251538e+01 1.473967e+01 -1.300000e+01
      vertex   4.251538e+01 -4.385789e+01 -1.300000e+01
      vertex   4.182741e+01 1.469638e+01 -1.300000e+01
    endloop
  endfacet
  facet normal 0.000000e+00 0.000000e+00 -1.000000e+00
    outer loop
      vertex   4.182741e+01 1.469638e+01 -1.300000e+01
      vertex   4.251538e+01 -4.385789e+01 -1.300000e+01
      vertex   4.182741e+01 -4.381461e+01 -1.300000e+01
    endloop
  endfacet
  facet normal 0.000000e+00 -0.000000e+00 -1.000000e+00
    outer loop
      vertex   4.182741e+01 1.469638e+01 -1.300000e+01
      vertex   4.182741e+01 -4.381461e+01 -1.300000e+01
      vertex   4.115028e+01 -4.394377e+01 -1.300000e+01
    endloop
  endfacet
  facet normal -0.000000e+00 0.000000e+00 -1.000000e+00
    outer loop
      vertex   4.182741e+01 1.469638e+01 -1.300000e+01
      vertex   4.115028e+01 -4.394377e+01 -1.300000e+01
      vertex   4.115028e+01 1.482555e+01 -1.300000e+01
    endloop
  endfacet
  facet normal 0.000000e+00 -0.000000e+00 -1.000000e+00
    outer loop
      vertex   4.115028e+01 1.482555e+01 -1.300000e+01
      vertex   4.115028e+01 -4.394377e+01 -1.300000e+01
      vertex   4.052656e+01 -4.423728e+01 -1.300000e+01
    endloop
  endfacet
  facet normal -0.000000e+00 0.000000e+00 -1.000000e+00
    outer loop
      vertex   4.115028e+01 1.482555e+01 -1.300000e+01
      vertex   4.052656e+01 -4.423728e+01 -1.300000e+01
      vertex   4.052656e+01 1.511906e+01 -1.300000e+01
    endloop
  endfacet
  facet normal 0.000000e+00 0.000000e+00 -1.000000e+00
    outer loop
      vertex   4.052656e+01 1.511906e+01 -1.300000e+01
      vertex   4.052656e+01 -4.423728e+01 -1.300000e+01
      vertex   3.999542e+01 -4.467668e+01 -1.300000e+01
    endloop
  endfacet
  facet normal -0.000000e+00 0.000000e+00 -1.000000e+00
    outer loop
      vertex   4.052656e+01 1.511906e+01 -1.300000e+01
      vertex   3.999542e+01 -4.467668e+01 -1.300000e+01
      vertex   3.999542e+01 1.555845e+01 -1.300000e+01
    endloop
  endfacet
  facet normal -0.000000e+00 0.000000e+00 -1.000000e+00
    outer loop
      vertex   3.999542e+01 1.555845e+01 -1.300000e+01
      vertex   3.999542e+01 -4.467668e+01 -1.300000e+01
      vertex   2.000000e+01 2.262799e+01 -1.300000e+01
    endloop
  endfacet
  facet normal 0.000000e+00 0.000000e+00 -1.000000e+00
    outer loop
      vertex   3.999542e+01 1.555845e+01 -1.300000e+01
      vertex   2.000000e+01 2.262799e+01 -1.300000e+01
      vertex   3.959024e+01 1.611613e+01 -1.300000e+01
    endloop
  endfacet
  facet normal 0.000000e+00 0.000000e+00 -1.000000e+00
    outer loop
      vertex   3.959024e+01 1.611613e+01 -1.300000e+01
      vertex   2.000000e+01 2.262799e+01 -1.300000e+01
      vertex   3.933648e+01 1.675706e+01 -1.300000e+01
    endloop
  endfacet
  facet normal 0.000000e+00 0.000000e+00 -1.000000e+00
    outer loop
      vertex   3.933648e+01 1.675706e+01 -1.300000e+01
      vertex   2.000000e+01 2.262799e+01 -1.300000e+01
      vertex   3.925008e+01 1.744096e+01 -1.300000e+01
    endloop
  endfacet
  facet normal 0.000000e+00 0.000000e+00 -1.000000e+00
    outer loop
      vertex   3.925008e+01 1.744096e+01 -1.300000e+01
      vertex   2.000000e+01 2.262799e+01 -1.300000e+01
      vertex   3.933648e+01 1.812485e+01 -1.300000e+01
    endloop
  endfacet
  facet normal 0.000000e+00 0.000000e+00 -1.000000e+00
    outer loop
      vertex   3.933648e+01 1.812485e+01 -1.300000e+01
      vertex   2.000000e+01 2.262799e+01 -1.300000e+01
      vertex   3.959024e+01 1.876578e+01 -1.300000e+01
    endloop
  endfacet
  facet normal 0.000000e+00 0.000000e+00 -1.000000e+00
    outer loop
      vertex   3.959024e+01 1.876578e+01 -1.300000e+01
      vertex   2.000000e+01 2.262799e+01 -1.300000e+01
      vertex   3.999542e+01 1.932346e+01 -1.300000e+01
    endloop
  endfacet
  facet normal 0.000000e+00 0.000000e+00 -1.000000e+00
    outer loop
      vertex   3.999542e+01 1.932346e+01 -1.300000e+01
      vertex   2.000000e+01 2.262799e+01 -1.300000e+01
      vertex   4.052656e+01 1.976286e+01 -1.300000e+01
    endloop
  endfacet
  facet normal 0.000000e+00 0.000000e+00 -1.000000e+00
    outer loop
      vertex   4.052656e+01 1.976286e+01 -1.300000e+01
      vertex   2.000000e+01 2.262799e+01 -1.300000e+01
      vertex   4.115028e+01 2.005636e+01 -1.300000e+01
    endloop
  endfacet
  facet normal 0.000000e+00 0.000000e+00 -1.000000e+00
    outer loop
      vertex   4.115028e+01 2.005636e+01 -1.300000e+01
      vertex   2.000000e+01 2.262799e+01 -1.300000e+01
      vertex   4.518707e+01 2.262799e+01 -1.300000e+01
    endloop
  endfacet
  facet normal 0.000000e+00 0.000000e+00 -1.000000e+00
    outer loop
      vertex   4.115028e+01 2.005636e+01 -1.300000e+01
      vertex   4.518707e+01 2.262799e+01 -1.300000e+01
      vertex   4.182741e+01 2.018553e+01 -1.300000e+01
    endloop
  endfacet
  facet normal 0.000000e+00 0.000000e+00 -1.000000e+00
    outer loop
      vertex   4.182741e+01 2.018553e+01 -1.300000e+01
      vertex   4.518707e+01 2.262799e+01 -1.300000e+01
      vertex   4.251538e+01 2.014225e+01 -1.300000e+01
    endloop
  endfacet
  facet normal 0.000000e+00 0.000000e+00 -1.000000e+00
    outer loop
      vertex   4.251538e+01 2.014225e+01 -1.300000e+01
      vertex   4.518707e+01 2.262799e+01 -1.300000e+01
      vertex   4.317097e+01 1.992923e+01 -1.300000e+01
    endloop
  endfacet
  facet normal 0.000000e+00 0.000000e+00 -1.000000e+00
    outer loop
      vertex   4.317097e+01 1.992923e+01 -1.300000e+01
      vertex   4.518707e+01 2.262799e+01 -1.300000e+01
      vertex   4.375300e+01 1.955987e+01 -1.300000e+01
    endloop
  endfacet
  facet normal 0.000000e+00 0.000000e+00 -1.000000e+00
    outer loop
      vertex   4.375300e+01 1.955987e+01 -1.300000e+01
      vertex   4.518707e+01 2.262799e+01 -1.300000e+01
      vertex   4.422488e+01 1.905737e+01 -1.300000e+01
    endloop
  endfacet
  facet normal 0.000000e+00 0.000000e+00 -1.000000e+00
    outer loop
      vertex   4.422488e+01 1.905737e+01 -1.300000e+01
      vertex   4.518707e+01 2.262799e+01 -1.300000e+01
      vertex   4.570471e+01 2.255984e+01 -1.300000e+01
    endloop
  endfacet
  facet normal 0.000000e+00 0.000000e+00 -1.000000e+00
    outer loop
      vertex   4.422488e+01 1.905737e+01 -1.300000e+01
      vertex   4.570471e+01 2.255984e+01 -1.300000e+01
      vertex   4.618707e+01 2.236004e+01 -1.300000e+01
    endloop
  endfacet
  facet normal 0.000000e+00 0.000000e+00 -1.000000e+00
    outer loop
      vertex   2.000000e+01 2.262799e+01 -1.300000e+01
      vertex   3.999542e+01 -4.467668e+01 -1.300000e+01
      vertex   2.001250e+01 -5.500000e+01 -1.300000e+01
    endloop
  endfacet
  facet normal 0.000000e+00 0.000000e+00 -1.000000e+00
    outer loop
      vertex   2.001250e+01 -5.500000e+01 -1.300000e+01
      vertex   3.999542e+01 -4.467668e+01 -1.300000e+01
      vertex   3.959024e+01 -4.523436e+01 -1.300000e+01
    endloop
  endfacet
  facet normal 0.000000e+00 0.000000e+00 -1.000000e+00
    outer loop
      vertex   2.001250e+01 -5.500000e+01 -1.300000e+01
      vertex   3.959024e+01 -4.523436e+01 -1.300000e+01
      vertex   3.933648e+01 -4.587528e+01 -1.300000e+01
    endloop
  endfacet
  facet normal 0.000000e+00 0.000000e+00 -1.000000e+00
    outer loop
      vertex   -4.466369e+01 -4.587528e+01 -1.300000e+01
      vertex   -4.475008e+01 -4.655918e+01 -1.300000e+01
      vertex   -4.718739e+01 -5.200000e+01 -1.300000e+01
    endloop
  endfacet
  facet normal 0.000000e+00 0.000000e+00 -1.000000e+00
    outer loop
      vertex   -4.718739e+01 -5.200000e+01 -1.300000e+01
      vertex   -4.475008e+01 -4.655918e+01 -1.300000e+01
      vertex   -4.466369e+01 -4.724308e+01 -1.300000e+01
    endloop
  endfacet
  facet normal 0.000000e+00 0.000000e+00 -1.000000e+00
    outer loop
      vertex   -4.718739e+01 -5.200000e+01 -1.300000e+01
      vertex   -4.466369e+01 -4.724308e+01 -1.300000e+01
      vertex   -4.440993e+01 -4.788400e+01 -1.300000e+01
    endloop
  endfacet
  facet normal 0.000000e+00 -0.000000e+00 -1.000000e+00
    outer loop
      vertex   -4.440993e+01 -4.788400e+01 -1.300000e+01
      vertex   -4.400475e+01 -4.844169e+01 -1.300000e+01
      vertex   -4.718739e+01 -5.200000e+01 -1.300000e+01
    endloop
  endfacet
  facet normal 0.000000e+00 0.000000e+00 -1.000000e+00
    outer loop
      vertex   -4.718739e+01 -5.200000e+01 -1.300000e+01
      vertex   -4.400475e+01 -4.844169e+01 -1.300000e+01
      vertex   -4.347361e+01 -4.888108e+01 -1.300000e+01
    endloop
  endfacet
  facet normal 0.000000e+00 0.000000e+00 -1.000000e+00
    outer loop
      vertex   -4.718739e+01 -5.200000e+01 -1.300000e+01
      vertex   -4.347361e+01 -4.888108e+01 -1.300000e+01
      vertex   -4.711217e+01 -5.266756e+01 -1.300000e+01
    endloop
  endfacet
  facet normal 0.000000e+00 0.000000e+00 -1.000000e+00
    outer loop
      vertex   -4.711217e+01 -5.266756e+01 -1.300000e+01
      vertex   -4.347361e+01 -4.888108e+01 -1.300000e+01
      vertex   -4.689030e+01 -5.330165e+01 -1.300000e+01
    endloop
  endfacet
  facet normal 0.000000e+00 0.000000e+00 -1.000000e+00
    outer loop
      vertex   -4.689030e+01 -5.330165e+01 -1.300000e+01
      vertex   -4.347361e+01 -4.888108e+01 -1.300000e+01
      vertex   -4.653288e+01 -5.387047e+01 -1.300000e+01
    endloop
  endfacet
  facet normal 0.000000e+00 0.000000e+00 -1.000000e+00
    outer loop
      vertex   -4.653288e+01 -5.387047e+01 -1.300000e+01
      vertex   -4.347361e+01 -4.888108e+01 -1.300000e+01
      vertex   -4.605786e+01 -5.434550e+01 -1.300000e+01
    endloop
  endfacet
  facet normal 0.000000e+00 0.000000e+00 -1.000000e+00
    outer loop
      vertex   -4.605786e+01 -5.434550e+01 -1.300000e+01
      vertex   -4.347361e+01 -4.888108e+01 -1.300000e+01
      vertex   -4.548904e+01 -5.470291e+01 -1.300000e+01
    endloop
  endfacet
  facet normal 0.000000e+00 0.000000e+00 -1.000000e+00
    outer loop
      vertex   -4.548904e+01 -5.470291e+01 -1.300000e+01
      vertex   -4.347361e+01 -4.888108e+01 -1.300000e+01
      vertex   -4.485495e+01 -5.492478e+01 -1.300000e+01
    endloop
  endfacet
  facet normal 0.000000e+00 0.000000e+00 -1.000000e+00
    outer loop
      vertex   -4.485495e+01 -5.492478e+01 -1.300000e+01
      vertex   -4.347361e+01 -4.888108e+01 -1.300000e+01
      vertex   -4.418739e+01 -5.500000e+01 -1.300000e+01
    endloop
  endfacet
  facet normal 0.000000e+00 0.000000e+00 -1.000000e+00
    outer loop
      vertex   -4.418739e+01 -5.500000e+01 -1.300000e+01
      vertex   -4.347361e+01 -4.888108e+01 -1.300000e+01
      vertex   -4.284988e+01 -4.917459e+01 -1.300000e+01
    endloop
  endfacet
  facet normal 0.000000e+00 0.000000e+00 -1.000000e+00
    outer loop
      vertex   -4.418739e+01 -5.500000e+01 -1.300000e+01
      vertex   -4.284988e+01 -4.917459e+01 -1.300000e+01
      vertex   -4.217276e+01 -4.930376e+01 -1.300000e+01
    endloop
  endfacet
  facet normal 0.000000e+00 -0.000000e+00 -1.000000e+00
    outer loop
      vertex   -4.217276e+01 -4.930376e+01 -1.300000e+01
      vertex   -4.148479e+01 -4.926047e+01 -1.300000e+01
      vertex   -4.418739e+01 -5.500000e+01 -1.300000e+01
    endloop
  endfacet
  facet normal 0.000000e+00 0.000000e+00 -1.000000e+00
    outer loop
      vertex   -4.418739e+01 -5.500000e+01 -1.300000e+01
      vertex   -4.148479e+01 -4.926047e+01 -1.300000e+01
      vertex   -4.082919e+01 -4.904746e+01 -1.300000e+01
    endloop
  endfacet
  facet normal 0.000000e+00 0.000000e+00 -1.000000e+00
    outer loop
      vertex   -4.418739e+01 -5.500000e+01 -1.300000e+01
      vertex   -4.082919e+01 -4.904746e+01 -1.300000e+01
      vertex   -4.024717e+01 -4.867809e+01 -1.300000e+01
    endloop
  endfacet
  facet normal 0.000000e+00 0.000000e+00 -1.000000e+00
    outer loop
      vertex   -4.418739e+01 -5.500000e+01 -1.300000e+01
      vertex   -4.024717e+01 -4.867809e+01 -1.300000e+01
      vertex   -1.998750e+01 -5.500000e+01 -1.300000e+01
    endloop
  endfacet
  facet normal 0.000000e+00 0.000000e+00 -1.000000e+00
    outer loop
      vertex   -1.998750e+01 -5.500000e+01 -1.300000e+01
      vertex   -4.024717e+01 -4.867809e+01 -1.300000e+01
      vertex   -3.977529e+01 -4.817559e+01 -1.300000e+01
    endloop
  endfacet
  facet normal 0.000000e+00 0.000000e+00 -1.000000e+00
    outer loop
      vertex   -1.998750e+01 -5.500000e+01 -1.300000e+01
      vertex   -3.977529e+01 -4.817559e+01 -1.300000e+01
      vertex   -3.944320e+01 -4.757152e+01 -1.300000e+01
    endloop
  endfacet
  facet normal 0.000000e+00 0.000000e+00 -1.000000e+00
    outer loop
      vertex   -3.944320e+01 -4.757152e+01 -1.300000e+01
      vertex   -3.927177e+01 -4.690385e+01 -1.300000e+01
      vertex   -1.998750e+01 -5.500000e+01 -1.300000e+01
    endloop
  endfacet
  facet normal 0.000000e+00 0.000000e+00 -1.000000e+00
    outer loop
      vertex   -1.998750e+01 -5.500000e+01 -1.300000e+01
      vertex   -3.927177e+01 -4.690385e+01 -1.300000e+01
      vertex   -3.927177e+01 -4.621452e+01 -1.300000e+01
    endloop
  endfacet
  facet normal 0.000000e+00 0.000000e+00 -1.000000e+00
    outer loop
      vertex   -1.998750e+01 -5.500000e+01 -1.300000e+01
      vertex   -3.927177e+01 -4.621452e+01 -1.300000e+01
      vertex   -3.944320e+01 -4.554684e+01 -1.300000e+01
    endloop
  endfacet
  facet normal 0.000000e+00 0.000000e+00 -1.000000e+00
    outer loop
      vertex   -3.944320e+01 -4.554684e+01 -1.300000e+01
      vertex   -3.977529e+01 -4.494277e+01 -1.300000e+01
      vertex   -1.998750e+01 -5.500000e+01 -1.300000e+01
    endloop
  endfacet
  facet normal 0.000000e+00 0.000000e+00 -1.000000e+00
    outer loop
      vertex   -1.998750e+01 -5.500000e+01 -1.300000e+01
      vertex   -3.977529e+01 -4.494277e+01 -1.300000e+01
      vertex   -4.024717e+01 -4.444027e+01 -1.300000e+01
    endloop
  endfacet
  facet normal 0.000000e+00 0.000000e+00 -1.000000e+00
    outer loop
      vertex   -1.998750e+01 -5.500000e+01 -1.300000e+01
      vertex   -4.024717e+01 -4.444027e+01 -1.300000e+01
      vertex   -2.000000e+01 2.262799e+01 -1.300000e+01
    endloop
  endfacet
  facet normal 0.000000e+00 0.000000e+00 -1.000000e+00
    outer loop
      vertex   -2.000000e+01 2.262799e+01 -1.300000e+01
      vertex   -4.024717e+01 -4.444027e+01 -1.300000e+01
      vertex   -4.024717e+01 1.532205e+01 -1.300000e+01
    endloop
  endfacet
  facet normal 0.000000e+00 0.000000e+00 -1.000000e+00
    outer loop
      vertex   -2.000000e+01 2.262799e+01 -1.300000e+01
      vertex   -4.024717e+01 1.532205e+01 -1.300000e+01
      vertex   -3.977529e+01 1.582455e+01 -1.300000e+01
    endloop
  endfacet
  facet normal 0.000000e+00 -0.000000e+00 -1.000000e+00
    outer loop
      vertex   -4.024717e+01 1.532205e+01 -1.300000e+01
      vertex   -4.024717e+01 -4.444027e+01 -1.300000e+01
      vertex   -4.082919e+01 1.495268e+01 -1.300000e+01
    endloop
  endfacet
  facet normal 0.000000e+00 0.000000e+00 -1.000000e+00
    outer loop
      vertex   -4.082919e+01 1.495268e+01 -1.300000e+01
      vertex   -4.024717e+01 -4.444027e+01 -1.300000e+01
      vertex   -4.082919e+01 -4.407091e+01 -1.300000e+01
    endloop
  endfacet
  facet normal 0.000000e+00 -0.000000e+00 -1.000000e+00
    outer loop
      vertex   -4.082919e+01 1.495268e+01 -1.300000e+01
      vertex   -4.082919e+01 -4.407091e+01 -1.300000e+01
      vertex   -4.148479e+01 1.473967e+01 -1.300000e+01
    endloop
  endfacet
  facet normal 0.000000e+00 0.000000e+00 -1.000000e+00
    outer loop
      vertex   -4.148479e+01 1.473967e+01 -1.300000e+01
      vertex   -4.082919e+01 -4.407091e+01 -1.300000e+01
      vertex   -4.148479e+01 -4.385789e+01 -1.300000e+01
    endloop
  endfacet
  facet normal 0.000000e+00 -0.000000e+00 -1.000000e+00
    outer loop
      vertex   -4.148479e+01 1.473967e+01 -1.300000e+01
      vertex   -4.148479e+01 -4.385789e+01 -1.300000e+01
      vertex   -4.217276e+01 1.469638e+01 -1.300000e+01
    endloop
  endfacet
  facet normal 0.000000e+00 0.000000e+00 -1.000000e+00
    outer loop
      vertex   -4.217276e+01 1.469638e+01 -1.300000e+01
      vertex   -4.148479e+01 -4.385789e+01 -1.300000e+01
      vertex   -4.217276e+01 -4.381461e+01 -1.300000e+01
    endloop
  endfacet
  facet normal 0.000000e+00 -0.000000e+00 -1.000000e+00
    outer loop
      vertex   -4.217276e+01 1.469638e+01 -1.300000e+01
      vertex   -4.217276e+01 -4.381461e+01 -1.300000e+01
      vertex   -4.284988e+01 -4.394378e+01 -1.300000e+01
    endloop
  endfacet
  facet normal -0.000000e+00 0.000000e+00 -1.000000e+00
    outer loop
      vertex   -4.217276e+01 1.469638e+01 -1.300000e+01
      vertex   -4.284988e+01 -4.394378e+01 -1.300000e+01
      vertex   -4.284988e+01 1.482555e+01 -1.300000e+01
    endloop
  endfacet
  facet normal 0.000000e+00 -0.000000e+00 -1.000000e+00
    outer loop
      vertex   -4.284988e+01 1.482555e+01 -1.300000e+01
      vertex   -4.284988e+01 -4.394378e+01 -1.300000e+01
      vertex   -4.347361e+01 -4.423728e+01 -1.300000e+01
    endloop
  endfacet
  facet normal -0.000000e+00 0.000000e+00 -1.000000e+00
    outer loop
      vertex   -4.284988e+01 1.482555e+01 -1.300000e+01
      vertex   -4.347361e+01 -4.423728e+01 -1.300000e+01
      vertex   -4.347361e+01 1.511906e+01 -1.300000e+01
    endloop
  endfacet
  facet normal 0.000000e+00 -0.000000e+00 -1.000000e+00
    outer loop
      vertex   -4.347361e+01 1.511906e+01 -1.300000e+01
      vertex   -4.347361e+01 -4.423728e+01 -1.300000e+01
      vertex   -4.400475e+01 -4.467668e+01 -1.300000e+01
    endloop
  endfacet
  facet normal -0.000000e+00 0.000000e+00 -1.000000e+00
    outer loop
      vertex   -4.347361e+01 1.511906e+01 -1.300000e+01
      vertex   -4.400475e+01 -4.467668e+01 -1.300000e+01
      vertex   -4.400475e+01 1.555845e+01 -1.300000e+01
    endloop
  endfacet
  facet normal 0.000000e+00 -0.000000e+00 -1.000000e+00
    outer loop
      vertex   -4.400475e+01 1.555845e+01 -1.300000e+01
      vertex   -4.400475e+01 -4.467668e+01 -1.300000e+01
      vertex   -4.440993e+01 -4.523436e+01 -1.300000e+01
    endloop
  endfacet
  facet normal -0.000000e+00 0.000000e+00 -1.000000e+00
    outer loop
      vertex   -4.400475e+01 1.555845e+01 -1.300000e+01
      vertex   -4.440993e+01 -4.523436e+01 -1.300000e+01
      vertex   -4.440993e+01 1.611613e+01 -1.300000e+01
    endloop
  endfacet
  facet normal -0.000000e+00 -0.000000e+00 -1.000000e+00
    outer loop
      vertex   -4.440993e+01 1.611613e+01 -1.300000e+01
      vertex   -4.440993e+01 -4.523436e+01 -1.300000e+01
      vertex   -4.718739e+01 2.062799e+01 -1.300000e+01
    endloop
  endfacet
  facet normal 0.000000e+00 0.000000e+00 -1.000000e+00
    outer loop
      vertex   -4.440993e+01 1.611613e+01 -1.300000e+01
      vertex   -4.718739e+01 2.062799e+01 -1.300000e+01
      vertex   -4.466369e+01 1.675706e+01 -1.300000e+01
    endloop
  endfacet
  facet normal 0.000000e+00 0.000000e+00 -1.000000e+00
    outer loop
      vertex   -4.466369e+01 1.675706e+01 -1.300000e+01
      vertex   -4.718739e+01 2.062799e+01 -1.300000e+01
      vertex   -4.475008e+01 1.744096e+01 -1.300000e+01
    endloop
  endfacet
  facet normal 0.000000e+00 0.000000e+00 -1.000000e+00
    outer loop
      vertex   -4.475008e+01 1.744096e+01 -1.300000e+01
      vertex   -4.718739e+01 2.062799e+01 -1.300000e+01
      vertex   -4.466369e+01 1.812485e+01 -1.300000e+01
    endloop
  endfacet
  facet normal 0.000000e+00 0.000000e+00 -1.000000e+00
    outer loop
      vertex   -4.466369e+01 1.812485e+01 -1.300000e+01
      vertex   -4.718739e+01 2.062799e+01 -1.300000e+01
      vertex   -4.440993e+01 1.876578e+01 -1.300000e+01
    endloop
  endfacet
  facet normal 0.000000e+00 0.000000e+00 -1.000000e+00
    outer loop
      vertex   -4.440993e+01 1.876578e+01 -1.300000e+01
      vertex   -4.718739e+01 2.062799e+01 -1.300000e+01
      vertex   -4.400475e+01 1.932346e+01 -1.300000e+01
    endloop
  endfacet
  facet normal 0.000000e+00 0.000000e+00 -1.000000e+00
    outer loop
      vertex   -4.400475e+01 1.932346e+01 -1.300000e+01
      vertex   -4.718739e+01 2.062799e+01 -1.300000e+01
      vertex   -4.711924e+01 2.114563e+01 -1.300000e+01
    endloop
  endfacet
  facet normal 0.000000e+00 0.000000e+00 -1.000000e+00
    outer loop
      vertex   -4.400475e+01 1.932346e+01 -1.300000e+01
      vertex   -4.711924e+01 2.114563e+01 -1.300000e+01
      vertex   -4.691944e+01 2.162799e+01 -1.300000e+01
    endloop
  endfacet
  facet normal -0.000000e+00 0.000000e+00 -1.000000e+00
    outer loop
      vertex   -4.440993e+01 -4.523436e+01 -1.300000e+01
      vertex   -4.466369e+01 -4.587528e+01 -1.300000e+01
      vertex   -4.718739e+01 2.062799e+01 -1.300000e+01
    endloop
  endfacet
  facet normal 0.000000e+00 0.000000e+00 -1.000000e+00
    outer loop
      vertex   -4.718739e+01 2.062799e+01 -1.300000e+01
      vertex   -4.466369e+01 -4.587528e+01 -1.300000e+01
      vertex   -4.718739e+01 -5.200000e+01 -1.300000e+01
    endloop
  endfacet
  facet normal 0.000000e+00 0.000000e+00 -1.000000e+00
    outer loop
      vertex   4.422488e+01 1.582455e+01 -1.300000e+01
      vertex   4.455697e+01 1.642862e+01 -1.300000e+01
      vertex   4.718707e+01 2.062799e+01 -1.300000e+01
    endloop
  endfacet
  facet normal 0.000000e+00 0.000000e+00 -1.000000e+00
    outer loop
      vertex   4.718707e+01 2.062799e+01 -1.300000e+01
      vertex   4.455697e+01 1.642862e+01 -1.300000e+01
      vertex   4.472840e+01 1.709629e+01 -1.300000e+01
    endloop
  endfacet
  facet normal 0.000000e+00 0.000000e+00 -1.000000e+00
    outer loop
      vertex   4.718707e+01 2.062799e+01 -1.300000e+01
      vertex   4.472840e+01 1.709629e+01 -1.300000e+01
      vertex   4.472840e+01 1.778562e+01 -1.300000e+01
    endloop
  endfacet
  facet normal 0.000000e+00 0.000000e+00 -1.000000e+00
    outer loop
      vertex   4.472840e+01 1.778562e+01 -1.300000e+01
      vertex   4.455697e+01 1.845330e+01 -1.300000e+01
      vertex   4.718707e+01 2.062799e+01 -1.300000e+01
    endloop
  endfacet
  facet normal 0.000000e+00 0.000000e+00 -1.000000e+00
    outer loop
      vertex   4.718707e+01 2.062799e+01 -1.300000e+01
      vertex   4.455697e+01 1.845330e+01 -1.300000e+01
      vertex   4.422488e+01 1.905737e+01 -1.300000e+01
    endloop
  endfacet
  facet normal -0.000000e+00 0.000000e+00 -1.000000e+00
    outer loop
      vertex   4.718707e+01 2.062799e+01 -1.300000e+01
      vertex   4.422488e+01 1.905737e+01 -1.300000e+01
      vertex   4.711892e+01 2.114563e+01 -1.300000e+01
    endloop
  endfacet
  facet normal -0.000000e+00 0.000000e+00 -1.000000e+00
    outer loop
      vertex   4.711892e+01 2.114563e+01 -1.300000e+01
      vertex   4.422488e+01 1.905737e+01 -1.300000e+01
      vertex   4.691912e+01 2.162799e+01 -1.300000e+01
    endloop
  endfacet
  facet normal -0.000000e+00 0.000000e+00 -1.000000e+00
    outer loop
      vertex   4.691912e+01 2.162799e+01 -1.300000e+01
      vertex   4.422488e+01 1.905737e+01 -1.300000e+01
      vertex   4.660128e+01 2.204220e+01 -1.300000e+01
    endloop
  endfacet
  facet normal -0.000000e+00 0.000000e+00 -1.000000e+00
    outer loop
      vertex   4.660128e+01 2.204220e+01 -1.300000e+01
      vertex   4.422488e+01 1.905737e+01 -1.300000e+01
      vertex   4.618707e+01 2.236004e+01 -1.300000e+01
    endloop
  endfacet
  facet normal 0.000000e+00 0.000000e+00 -1.000000e+00
    outer loop
      vertex   -3.977529e+01 1.582455e+01 -1.300000e+01
      vertex   -3.944320e+01 1.642862e+01 -1.300000e+01
      vertex   -2.000000e+01 2.262799e+01 -1.300000e+01
    endloop
  endfacet
  facet normal 0.000000e+00 0.000000e+00 -1.000000e+00
    outer loop
      vertex   -2.000000e+01 2.262799e+01 -1.300000e+01
      vertex   -3.944320e+01 1.642862e+01 -1.300000e+01
      vertex   -3.927177e+01 1.709629e+01 -1.300000e+01
    endloop
  endfacet
  facet normal 0.000000e+00 0.000000e+00 -1.000000e+00
    outer loop
      vertex   -2.000000e+01 2.262799e+01 -1.300000e+01
      vertex   -3.927177e+01 1.709629e+01 -1.300000e+01
      vertex   -3.927177e+01 1.778562e+01 -1.300000e+01
    endloop
  endfacet
  facet normal 0.000000e+00 0.000000e+00 -1.000000e+00
    outer loop
      vertex   -3.927177e+01 1.778562e+01 -1.300000e+01
      vertex   -3.944320e+01 1.845330e+01 -1.300000e+01
      vertex   -2.000000e+01 2.262799e+01 -1.300000e+01
    endloop
  endfacet
  facet normal 0.000000e+00 0.000000e+00 -1.000000e+00
    outer loop
      vertex   -2.000000e+01 2.262799e+01 -1.300000e+01
      vertex   -3.944320e+01 1.845330e+01 -1.300000e+01
      vertex   -3.977529e+01 1.905737e+01 -1.300000e+01
    endloop
  endfacet
  facet normal 0.000000e+00 0.000000e+00 -1.000000e+00
    outer loop
      vertex   -2.000000e+01 2.262799e+01 -1.300000e+01
      vertex   -3.977529e+01 1.905737e+01 -1.300000e+01
      vertex   -4.024717e+01 1.955987e+01 -1.300000e+01
    endloop
  endfacet
  facet normal 0.000000e+00 0.000000e+00 -1.000000e+00
    outer loop
      vertex   -4.024717e+01 1.955987e+01 -1.300000e+01
      vertex   -4.082919e+01 1.992923e+01 -1.300000e+01
      vertex   -2.000000e+01 2.262799e+01 -1.300000e+01
    endloop
  endfacet
  facet normal -0.000000e+00 0.000000e+00 -1.000000e+00
    outer loop
      vertex   -2.000000e+01 2.262799e+01 -1.300000e+01
      vertex   -4.082919e+01 1.992923e+01 -1.300000e+01
      vertex   -4.518739e+01 2.262799e+01 -1.300000e+01
    endloop
  endfacet
  facet normal 0.000000e+00 0.000000e+00 -1.000000e+00
    outer loop
      vertex   -4.518739e+01 2.262799e+01 -1.300000e+01
      vertex   -4.082919e+01 1.992923e+01 -1.300000e+01
      vertex   -4.148479e+01 2.014225e+01 -1.300000e+01
    endloop
  endfacet
  facet normal 0.000000e+00 0.000000e+00 -1.000000e+00
    outer loop
      vertex   -4.518739e+01 2.262799e+01 -1.300000e+01
      vertex   -4.148479e+01 2.014225e+01 -1.300000e+01
      vertex   -4.217276e+01 2.018553e+01 -1.300000e+01
    endloop
  endfacet
  facet normal -0.000000e+00 0.000000e+00 -1.000000e+00
    outer loop
      vertex   -4.217276e+01 2.018553e+01 -1.300000e+01
      vertex   -4.284988e+01 2.005636e+01 -1.300000e+01
      vertex   -4.518739e+01 2.262799e+01 -1.300000e+01
    endloop
  endfacet
  facet normal 0.000000e+00 0.000000e+00 -1.000000e+00
    outer loop
      vertex   -4.518739e+01 2.262799e+01 -1.300000e+01
      vertex   -4.284988e+01 2.005636e+01 -1.300000e+01
      vertex   -4.347361e+01 1.976286e+01 -1.300000e+01
    endloop
  endfacet
  facet normal 0.000000e+00 0.000000e+00 -1.000000e+00
    outer loop
      vertex   -4.518739e+01 2.262799e+01 -1.300000e+01
      vertex   -4.347361e+01 1.976286e+01 -1.300000e+01
      vertex   -4.400475e+01 1.932346e+01 -1.300000e+01
    endloop
  endfacet
  facet normal 0.000000e+00 0.000000e+00 -1.000000e+00
    outer loop
      vertex   -1.291283e+01 2.928205e+01 -1.300000e+01
      vertex   -1.965926e+01 3.008819e+01 -1.300000e+01
      vertex   -1.300000e+01 3.000000e+01 -1.300000e+01
    endloop
  endfacet
  facet normal 0.000000e+00 0.000000e+00 -1.000000e+00
    outer loop
      vertex   -1.300000e+01 3.000000e+01 -1.300000e+01
      vertex   -1.965926e+01 3.008819e+01 -1.300000e+01
      vertex   -1.923880e+01 3.132683e+01 -1.300000e+01
    endloop
  endfacet
  facet normal 0.000000e+00 0.000000e+00 -1.000000e+00
    outer loop
      vertex   -1.300000e+01 3.000000e+01 -1.300000e+01
      vertex   -1.923880e+01 3.132683e+01 -1.300000e+01
      vertex   -1.866025e+01 3.250000e+01 -1.300000e+01
    endloop
  endfacet
  facet normal -0.000000e+00 0.000000e+00 -1.000000e+00
    outer loop
      vertex   -1.265637e+01 2.860583e+01 -1.300000e+01
      vertex   -2.000000e+01 2.750000e+01 -1.300000e+01
      vertex   -1.291283e+01 2.928205e+01 -1.300000e+01
    endloop
  endfacet
  facet normal 0.000000e+00 0.000000e+00 -1.000000e+00
    outer loop
      vertex   -1.291283e+01 2.928205e+01 -1.300000e+01
      vertex   -2.000000e+01 2.750000e+01 -1.300000e+01
      vertex   -1.991445e+01 2.880526e+01 -1.300000e+01
    endloop
  endfacet
  facet normal -0.000000e+00 0.000000e+00 -1.000000e+00
    outer loop
      vertex   -1.291283e+01 2.928205e+01 -1.300000e+01
      vertex   -1.991445e+01 2.880526e+01 -1.300000e+01
      vertex   -1.965926e+01 3.008819e+01 -1.300000e+01
    endloop
  endfacet
  facet normal 0.000000e+00 -0.000000e+00 -1.000000e+00
    outer loop
      vertex   -1.265637e+01 2.860583e+01 -1.300000e+01
      vertex   -1.224553e+01 2.801063e+01 -1.300000e+01
      vertex   -2.000000e+01 2.750000e+01 -1.300000e+01
    endloop
  endfacet
  facet normal 0.000000e+00 0.000000e+00 -1.000000e+00
    outer loop
      vertex   -2.000000e+01 2.750000e+01 -1.300000e+01
      vertex   -1.224553e+01 2.801063e+01 -1.300000e+01
      vertex   -2.000000e+01 2.262799e+01 -1.300000e+01
    endloop
  endfacet
  facet normal 0.000000e+00 0.000000e+00 -1.000000e+00
    outer loop
      vertex   -2.000000e+01 2.262799e+01 -1.300000e+01
      vertex   -1.224553e+01 2.801063e+01 -1.300000e+01
      vertex   -1.170419e+01 2.753105e+01 -1.300000e+01
    endloop
  endfacet
  facet normal 0.000000e+00 0.000000e+00 -1.000000e+00
    outer loop
      vertex   -2.000000e+01 2.262799e+01 -1.300000e+01
      vertex   -1.170419e+01 2.753105e+01 -1.300000e+01
      vertex   -1.106381e+01 2.719495e+01 -1.300000e+01
    endloop
  endfacet
  facet normal 0.000000e+00 -0.000000e+00 -1.000000e+00
    outer loop
      vertex   -1.106381e+01 2.719495e+01 -1.300000e+01
      vertex   -1.036161e+01 2.702187e+01 -1.300000e+01
      vertex   -2.000000e+01 2.262799e+01 -1.300000e+01
    endloop
  endfacet
  facet normal 0.000000e+00 0.000000e+00 -1.000000e+00
    outer loop
      vertex   -2.000000e+01 2.262799e+01 -1.300000e+01
      vertex   -1.036161e+01 2.702187e+01 -1.300000e+01
      vertex   -9.638390e+00 2.702187e+01 -1.300000e+01
    endloop
  endfacet
  facet normal 0.000000e+00 0.000000e+00 -1.000000e+00
    outer loop
      vertex   -2.000000e+01 2.262799e+01 -1.300000e+01
      vertex   -9.638390e+00 2.702187e+01 -1.300000e+01
      vertex   -1.998750e+01 -5.500000e+01 -1.300000e+01
    endloop
  endfacet
  facet normal 0.000000e+00 0.000000e+00 -1.000000e+00
    outer loop
      vertex   -1.998750e+01 -5.500000e+01 -1.300000e+01
      vertex   -9.638390e+00 2.702187e+01 -1.300000e+01
      vertex   -8.936185e+00 2.719495e+01 -1.300000e+01
    endloop
  endfacet
  facet normal 0.000000e+00 0.000000e+00 -1.000000e+00
    outer loop
      vertex   -1.998750e+01 -5.500000e+01 -1.300000e+01
      vertex   -8.936185e+00 2.719495e+01 -1.300000e+01
      vertex   -8.923690e+00 -5.969495e+01 -1.300000e+01
    endloop
  endfacet
  facet normal 0.000000e+00 0.000000e+00 -1.000000e+00
    outer loop
      vertex   -8.923690e+00 -5.969495e+01 -1.300000e+01
      vertex   -8.936185e+00 2.719495e+01 -1.300000e+01
      vertex   8.936185e+00 2.719495e+01 -1.300000e+01
    endloop
  endfacet
  facet normal 0.000000e+00 0.000000e+00 -1.000000e+00
    outer loop
      vertex   -8.923690e+00 -5.969495e+01 -1.300000e+01
      vertex   8.936185e+00 2.719495e+01 -1.300000e+01
      vertex   8.948681e+00 -5.969495e+01 -1.300000e+01
    endloop
  endfacet
  facet normal 0.000000e+00 0.000000e+00 -1.000000e+00
    outer loop
      vertex   8.948681e+00 -5.969495e+01 -1.300000e+01
      vertex   8.936185e+00 2.719495e+01 -1.300000e+01
      vertex   2.001250e+01 -5.500000e+01 -1.300000e+01
    endloop
  endfacet
  facet normal 0.000000e+00 0.000000e+00 -1.000000e+00
    outer loop
      vertex   8.948681e+00 -5.969495e+01 -1.300000e+01
      vertex   2.001250e+01 -5.500000e+01 -1.300000e+01
      vertex   9.650885e+00 -5.952187e+01 -1.300000e+01
    endloop
  endfacet
  facet normal 0.000000e+00 0.000000e+00 -1.000000e+00
    outer loop
      vertex   9.650885e+00 -5.952187e+01 -1.300000e+01
      vertex   2.001250e+01 -5.500000e+01 -1.300000e+01
      vertex   1.037411e+01 -5.952187e+01 -1.300000e+01
    endloop
  endfacet
  facet normal 0.000000e+00 0.000000e+00 -1.000000e+00
    outer loop
      vertex   1.037411e+01 -5.952187e+01 -1.300000e+01
      vertex   2.001250e+01 -5.500000e+01 -1.300000e+01
      vertex   1.107631e+01 -5.969495e+01 -1.300000e+01
    endloop
  endfacet
  facet normal 0.000000e+00 0.000000e+00 -1.000000e+00
    outer loop
      vertex   1.107631e+01 -5.969495e+01 -1.300000e+01
      vertex   2.001250e+01 -5.500000e+01 -1.300000e+01
      vertex   1.171669e+01 -6.003105e+01 -1.300000e+01
    endloop
  endfacet
  facet normal 0.000000e+00 0.000000e+00 -1.000000e+00
    outer loop
      vertex   1.171669e+01 -6.003105e+01 -1.300000e+01
      vertex   2.001250e+01 -5.500000e+01 -1.300000e+01
      vertex   1.225803e+01 -6.051063e+01 -1.300000e+01
    endloop
  endfacet
  facet normal 0.000000e+00 0.000000e+00 -1.000000e+00
    outer loop
      vertex   1.225803e+01 -6.051063e+01 -1.300000e+01
      vertex   2.001250e+01 -5.500000e+01 -1.300000e+01
      vertex   2.001250e+01 -6.000000e+01 -1.300000e+01
    endloop
  endfacet
  facet normal 0.000000e+00 0.000000e+00 -1.000000e+00
    outer loop
      vertex   1.225803e+01 -6.051063e+01 -1.300000e+01
      vertex   2.001250e+01 -6.000000e+01 -1.300000e+01
      vertex   1.266886e+01 -6.110583e+01 -1.300000e+01
    endloop
  endfacet
  facet normal 0.000000e+00 0.000000e+00 -1.000000e+00
    outer loop
      vertex   1.266886e+01 -6.110583e+01 -1.300000e+01
      vertex   2.001250e+01 -6.000000e+01 -1.300000e+01
      vertex   1.292532e+01 -6.178205e+01 -1.300000e+01
    endloop
  endfacet
  facet normal 0.000000e+00 0.000000e+00 -1.000000e+00
    outer loop
      vertex   1.292532e+01 -6.178205e+01 -1.300000e+01
      vertex   2.001250e+01 -6.000000e+01 -1.300000e+01
      vertex   1.992694e+01 -6.130526e+01 -1.300000e+01
    endloop
  endfacet
  facet normal 0.000000e+00 0.000000e+00 -1.000000e+00
    outer loop
      vertex   1.292532e+01 -6.178205e+01 -1.300000e+01
      vertex   1.992694e+01 -6.130526e+01 -1.300000e+01
      vertex   1.967175e+01 -6.258819e+01 -1.300000e+01
    endloop
  endfacet
  facet normal 0.000000e+00 0.000000e+00 -1.000000e+00
    outer loop
      vertex   -8.936185e+00 2.719495e+01 -1.300000e+01
      vertex   -8.295806e+00 2.753105e+01 -1.300000e+01
      vertex   8.936185e+00 2.719495e+01 -1.300000e+01
    endloop
  endfacet
  facet normal 0.000000e+00 0.000000e+00 -1.000000e+00
    outer loop
      vertex   8.936185e+00 2.719495e+01 -1.300000e+01
      vertex   -8.295806e+00 2.753105e+01 -1.300000e+01
      vertex   8.295806e+00 2.753105e+01 -1.300000e+01
    endloop
  endfacet
  facet normal -0.000000e+00 0.000000e+00 -1.000000e+00
    outer loop
      vertex   8.295806e+00 2.753105e+01 -1.300000e+01
      vertex   -8.295806e+00 2.753105e+01 -1.300000e+01
      vertex   -7.754468e+00 2.801063e+01 -1.300000e+01
    endloop
  endfacet
  facet normal 0.000000e+00 0.000000e+00 -1.000000e+00
    outer loop
      vertex   8.295806e+00 2.753105e+01 -1.300000e+01
      vertex   -7.754468e+00 2.801063e+01 -1.300000e+01
      vertex   7.754468e+00 2.801063e+01 -1.300000e+01
    endloop
  endfacet
  facet normal -0.000000e+00 0.000000e+00 -1.000000e+00
    outer loop
      vertex   7.754468e+00 2.801063e+01 -1.300000e+01
      vertex   -7.754468e+00 2.801063e+01 -1.300000e+01
      vertex   -7.343632e+00 2.860583e+01 -1.300000e+01
    endloop
  endfacet
  facet normal 0.000000e+00 0.000000e+00 -1.000000e+00
    outer loop
      vertex   7.754468e+00 2.801063e+01 -1.300000e+01
      vertex   -7.343632e+00 2.860583e+01 -1.300000e+01
      vertex   7.343632e+00 2.860583e+01 -1.300000e+01
    endloop
  endfacet
  facet normal -0.000000e+00 0.000000e+00 -1.000000e+00
    outer loop
      vertex   7.343632e+00 2.860583e+01 -1.300000e+01
      vertex   -7.343632e+00 2.860583e+01 -1.300000e+01
      vertex   -7.087175e+00 2.928205e+01 -1.300000e+01
    endloop
  endfacet
  facet normal 0.000000e+00 0.000000e+00 -1.000000e+00
    outer loop
      vertex   7.343632e+00 2.860583e+01 -1.300000e+01
      vertex   -7.087175e+00 2.928205e+01 -1.300000e+01
      vertex   7.087175e+00 2.928205e+01 -1.300000e+01
    endloop
  endfacet
  facet normal -0.000000e+00 0.000000e+00 -1.000000e+00
    outer loop
      vertex   7.087175e+00 2.928205e+01 -1.300000e+01
      vertex   -7.087175e+00 2.928205e+01 -1.300000e+01
      vertex   -7.000000e+00 3.000000e+01 -1.300000e+01
    endloop
  endfacet
  facet normal 0.000000e+00 0.000000e+00 -1.000000e+00
    outer loop
      vertex   7.087175e+00 2.928205e+01 -1.300000e+01
      vertex   -7.000000e+00 3.000000e+01 -1.300000e+01
      vertex   7.000000e+00 3.000000e+01 -1.300000e+01
    endloop
  endfacet
  facet normal -0.000000e+00 0.000000e+00 -1.000000e+00
    outer loop
      vertex   7.000000e+00 3.000000e+01 -1.300000e+01
      vertex   -7.000000e+00 3.000000e+01 -1.300000e+01
      vertex   -7.087175e+00 3.071795e+01 -1.300000e+01
    endloop
  endfacet
  facet normal 0.000000e+00 0.000000e+00 -1.000000e+00
    outer loop
      vertex   7.000000e+00 3.000000e+01 -1.300000e+01
      vertex   -7.087175e+00 3.071795e+01 -1.300000e+01
      vertex   7.087175e+00 3.071795e+01 -1.300000e+01
    endloop
  endfacet
  facet normal -0.000000e+00 0.000000e+00 -1.000000e+00
    outer loop
      vertex   7.087175e+00 3.071795e+01 -1.300000e+01
      vertex   -7.087175e+00 3.071795e+01 -1.300000e+01
      vertex   -7.343632e+00 3.139417e+01 -1.300000e+01
    endloop
  endfacet
  facet normal 0.000000e+00 0.000000e+00 -1.000000e+00
    outer loop
      vertex   7.087175e+00 3.071795e+01 -1.300000e+01
      vertex   -7.343632e+00 3.139417e+01 -1.300000e+01
      vertex   7.343632e+00 3.139417e+01 -1.300000e+01
    endloop
  endfacet
  facet normal -0.000000e+00 0.000000e+00 -1.000000e+00
    outer loop
      vertex   7.343632e+00 3.139417e+01 -1.300000e+01
      vertex   -7.343632e+00 3.139417e+01 -1.300000e+01
      vertex   -7.754468e+00 3.198937e+01 -1.300000e+01
    endloop
  endfacet
  facet normal 0.000000e+00 0.000000e+00 -1.000000e+00
    outer loop
      vertex   7.343632e+00 3.139417e+01 -1.300000e+01
      vertex   -7.754468e+00 3.198937e+01 -1.300000e+01
      vertex   7.754468e+00 3.198937e+01 -1.300000e+01
    endloop
  endfacet
  facet normal -0.000000e+00 0.000000e+00 -1.000000e+00
    outer loop
      vertex   7.754468e+00 3.198937e+01 -1.300000e+01
      vertex   -7.754468e+00 3.198937e+01 -1.300000e+01
      vertex   -1.000000e+01 3.750000e+01 -1.300000e+01
    endloop
  endfacet
  facet normal 0.000000e+00 0.000000e+00 -1.000000e+00
    outer loop
      vertex   7.754468e+00 3.198937e+01 -1.300000e+01
      vertex   -1.000000e+01 3.750000e+01 -1.300000e+01
      vertex   1.000000e+01 3.750000e+01 -1.300000e+01
    endloop
  endfacet
  facet normal 0.000000e+00 0.000000e+00 -1.000000e+00
    outer loop
      vertex   -7.754468e+00 3.198937e+01 -1.300000e+01
      vertex   -8.295806e+00 3.246895e+01 -1.300000e+01
      vertex   -1.000000e+01 3.750000e+01 -1.300000e+01
    endloop
  endfacet
  facet normal 0.000000e+00 0.000000e+00 -1.000000e+00
    outer loop
      vertex   -1.000000e+01 3.750000e+01 -1.300000e+01
      vertex   -8.295806e+00 3.246895e+01 -1.300000e+01
      vertex   -8.936185e+00 3.280505e+01 -1.300000e+01
    endloop
  endfacet
  facet normal 0.000000e+00 0.000000e+00 -1.000000e+00
    outer loop
      vertex   -1.000000e+01 3.750000e+01 -1.300000e+01
      vertex   -8.936185e+00 3.280505e+01 -1.300000e+01
      vertex   -9.638390e+00 3.297813e+01 -1.300000e+01
    endloop
  endfacet
  facet normal 0.000000e+00 0.000000e+00 -1.000000e+00
    outer loop
      vertex   -9.638390e+00 3.297813e+01 -1.300000e+01
      vertex   -1.036161e+01 3.297813e+01 -1.300000e+01
      vertex   -1.000000e+01 3.750000e+01 -1.300000e+01
    endloop
  endfacet
  facet normal 0.000000e+00 0.000000e+00 -1.000000e+00
    outer loop
      vertex   -1.000000e+01 3.750000e+01 -1.300000e+01
      vertex   -1.036161e+01 3.297813e+01 -1.300000e+01
      vertex   -1.130526e+01 3.741445e+01 -1.300000e+01
    endloop
  endfacet
  facet normal 0.000000e+00 0.000000e+00 -1.000000e+00
    outer loop
      vertex   -1.130526e+01 3.741445e+01 -1.300000e+01
      vertex   -1.036161e+01 3.297813e+01 -1.300000e+01
      vertex   -1.106381e+01 3.280505e+01 -1.300000e+01
    endloop
  endfacet
  facet normal 0.000000e+00 -0.000000e+00 -1.000000e+00
    outer loop
      vertex   -1.130526e+01 3.741445e+01 -1.300000e+01
      vertex   -1.106381e+01 3.280505e+01 -1.300000e+01
      vertex   -1.258819e+01 3.715926e+01 -1.300000e+01
    endloop
  endfacet
  facet normal 0.000000e+00 0.000000e+00 -1.000000e+00
    outer loop
      vertex   -1.258819e+01 3.715926e+01 -1.300000e+01
      vertex   -1.106381e+01 3.280505e+01 -1.300000e+01
      vertex   -1.170419e+01 3.246895e+01 -1.300000e+01
    endloop
  endfacet
  facet normal 0.000000e+00 -0.000000e+00 -1.000000e+00
    outer loop
      vertex   -1.258819e+01 3.715926e+01 -1.300000e+01
      vertex   -1.170419e+01 3.246895e+01 -1.300000e+01
      vertex   -1.382683e+01 3.673880e+01 -1.300000e+01
    endloop
  endfacet
  facet normal 0.000000e+00 0.000000e+00 -1.000000e+00
    outer loop
      vertex   -1.382683e+01 3.673880e+01 -1.300000e+01
      vertex   -1.170419e+01 3.246895e+01 -1.300000e+01
      vertex   -1.224553e+01 3.198937e+01 -1.300000e+01
    endloop
  endfacet
  facet normal 0.000000e+00 -0.000000e+00 -1.000000e+00
    outer loop
      vertex   -1.382683e+01 3.673880e+01 -1.300000e+01
      vertex   -1.224553e+01 3.198937e+01 -1.300000e+01
      vertex   -1.500000e+01 3.616025e+01 -1.300000e+01
    endloop
  endfacet
  facet normal 0.000000e+00 -0.000000e+00 -1.000000e+00
    outer loop
      vertex   -1.500000e+01 3.616025e+01 -1.300000e+01
      vertex   -1.224553e+01 3.198937e+01 -1.300000e+01
      vertex   -1.608761e+01 3.543353e+01 -1.300000e+01
    endloop
  endfacet
  facet normal 0.000000e+00 0.000000e+00 -1.000000e+00
    outer loop
      vertex   -1.608761e+01 3.543353e+01 -1.300000e+01
      vertex   -1.224553e+01 3.198937e+01 -1.300000e+01
      vertex   -1.265637e+01 3.139417e+01 -1.300000e+01
    endloop
  endfacet
  facet normal 0.000000e+00 -0.000000e+00 -1.000000e+00
    outer loop
      vertex   -1.608761e+01 3.543353e+01 -1.300000e+01
      vertex   -1.265637e+01 3.139417e+01 -1.300000e+01
      vertex   -1.707107e+01 3.457107e+01 -1.300000e+01
    endloop
  endfacet
  facet normal 0.000000e+00 0.000000e+00 -1.000000e+00
    outer loop
      vertex   -1.707107e+01 3.457107e+01 -1.300000e+01
      vertex   -1.265637e+01 3.139417e+01 -1.300000e+01
      vertex   -1.291283e+01 3.071795e+01 -1.300000e+01
    endloop
  endfacet
  facet normal 0.000000e+00 -0.000000e+00 -1.000000e+00
    outer loop
      vertex   -1.707107e+01 3.457107e+01 -1.300000e+01
      vertex   -1.291283e+01 3.071795e+01 -1.300000e+01
      vertex   -1.793353e+01 3.358761e+01 -1.300000e+01
    endloop
  endfacet
  facet normal 0.000000e+00 -0.000000e+00 -1.000000e+00
    outer loop
      vertex   -1.793353e+01 3.358761e+01 -1.300000e+01
      vertex   -1.291283e+01 3.071795e+01 -1.300000e+01
      vertex   -1.866025e+01 3.250000e+01 -1.300000e+01
    endloop
  endfacet
  facet normal 0.000000e+00 0.000000e+00 -1.000000e+00
    outer loop
      vertex   -1.866025e+01 3.250000e+01 -1.300000e+01
      vertex   -1.291283e+01 3.071795e+01 -1.300000e+01
      vertex   -1.300000e+01 3.000000e+01 -1.300000e+01
    endloop
  endfacet
  facet normal 0.000000e+00 0.000000e+00 -1.000000e+00
    outer loop
      vertex   8.936185e+00 2.719495e+01 -1.300000e+01
      vertex   9.638390e+00 2.702187e+01 -1.300000e+01
      vertex   2.001250e+01 -5.500000e+01 -1.300000e+01
    endloop
  endfacet
  facet normal 0.000000e+00 0.000000e+00 -1.000000e+00
    outer loop
      vertex   2.001250e+01 -5.500000e+01 -1.300000e+01
      vertex   9.638390e+00 2.702187e+01 -1.300000e+01
      vertex   2.000000e+01 2.262799e+01 -1.300000e+01
    endloop
  endfacet
  facet normal 0.000000e+00 0.000000e+00 -1.000000e+00
    outer loop
      vertex   9.638390e+00 2.702187e+01 -1.300000e+01
      vertex   1.036161e+01 2.702187e+01 -1.300000e+01
      vertex   2.000000e+01 2.262799e+01 -1.300000e+01
    endloop
  endfacet
  facet normal 0.000000e+00 0.000000e+00 -1.000000e+00
    outer loop
      vertex   2.000000e+01 2.262799e+01 -1.300000e+01
      vertex   1.036161e+01 2.702187e+01 -1.300000e+01
      vertex   1.106381e+01 2.719495e+01 -1.300000e+01
    endloop
  endfacet
  facet normal 0.000000e+00 0.000000e+00 -1.000000e+00
    outer loop
      vertex   2.000000e+01 2.262799e+01 -1.300000e+01
      vertex   1.106381e+01 2.719495e+01 -1.300000e+01
      vertex   1.170419e+01 2.753105e+01 -1.300000e+01
    endloop
  endfacet
  facet normal 0.000000e+00 0.000000e+00 -1.000000e+00
    outer loop
      vertex   1.170419e+01 2.753105e+01 -1.300000e+01
      vertex   1.224553e+01 2.801063e+01 -1.300000e+01
      vertex   2.000000e+01 2.262799e+01 -1.300000e+01
    endloop
  endfacet
  facet normal 0.000000e+00 0.000000e+00 -1.000000e+00
    outer loop
      vertex   2.000000e+01 2.262799e+01 -1.300000e+01
      vertex   1.224553e+01 2.801063e+01 -1.300000e+01
      vertex   2.000000e+01 2.750000e+01 -1.300000e+01
    endloop
  endfacet
  facet normal 0.000000e+00 0.000000e+00 -1.000000e+00
    outer loop
      vertex   2.000000e+01 2.750000e+01 -1.300000e+01
      vertex   1.224553e+01 2.801063e+01 -1.300000e+01
      vertex   1.265637e+01 2.860583e+01 -1.300000e+01
    endloop
  endfacet
  facet normal 0.000000e+00 0.000000e+00 -1.000000e+00
    outer loop
      vertex   2.000000e+01 2.750000e+01 -1.300000e+01
      vertex   1.265637e+01 2.860583e+01 -1.300000e+01
      vertex   1.291283e+01 2.928205e+01 -1.300000e+01
    endloop
  endfacet
  facet normal 0.000000e+00 -0.000000e+00 -1.000000e+00
    outer loop
      vertex   1.300000e+01 3.000000e+01 -1.300000e+01
      vertex   1.965926e+01 3.008819e+01 -1.300000e+01
      vertex   1.291283e+01 2.928205e+01 -1.300000e+01
    endloop
  endfacet
  facet normal 0.000000e+00 0.000000e+00 -1.000000e+00
    outer loop
      vertex   1.291283e+01 2.928205e+01 -1.300000e+01
      vertex   1.965926e+01 3.008819e+01 -1.300000e+01
      vertex   1.991445e+01 2.880526e+01 -1.300000e+01
    endloop
  endfacet
  facet normal 0.000000e+00 0.000000e+00 -1.000000e+00
    outer loop
      vertex   1.291283e+01 2.928205e+01 -1.300000e+01
      vertex   1.991445e+01 2.880526e+01 -1.300000e+01
      vertex   2.000000e+01 2.750000e+01 -1.300000e+01
    endloop
  endfacet
  facet normal 0.000000e+00 0.000000e+00 -1.000000e+00
    outer loop
      vertex   1.291283e+01 3.071795e+01 -1.300000e+01
      vertex   1.866025e+01 3.250000e+01 -1.300000e+01
      vertex   1.300000e+01 3.000000e+01 -1.300000e+01
    endloop
  endfacet
  facet normal 0.000000e+00 0.000000e+00 -1.000000e+00
    outer loop
      vertex   1.300000e+01 3.000000e+01 -1.300000e+01
      vertex   1.866025e+01 3.250000e+01 -1.300000e+01
      vertex   1.923880e+01 3.132683e+01 -1.300000e+01
    endloop
  endfacet
  facet normal 0.000000e+00 0.000000e+00 -1.000000e+00
    outer loop
      vertex   1.300000e+01 3.000000e+01 -1.300000e+01
      vertex   1.923880e+01 3.132683e+01 -1.300000e+01
      vertex   1.965926e+01 3.008819e+01 -1.300000e+01
    endloop
  endfacet
  facet normal 0.000000e+00 0.000000e+00 -1.000000e+00
    outer loop
      vertex   1.265637e+01 3.139417e+01 -1.300000e+01
      vertex   1.707107e+01 3.457107e+01 -1.300000e+01
      vertex   1.291283e+01 3.071795e+01 -1.300000e+01
    endloop
  endfacet
  facet normal 0.000000e+00 0.000000e+00 -1.000000e+00
    outer loop
      vertex   1.291283e+01 3.071795e+01 -1.300000e+01
      vertex   1.707107e+01 3.457107e+01 -1.300000e+01
      vertex   1.793353e+01 3.358761e+01 -1.300000e+01
    endloop
  endfacet
  facet normal 0.000000e+00 0.000000e+00 -1.000000e+00
    outer loop
      vertex   1.291283e+01 3.071795e+01 -1.300000e+01
      vertex   1.793353e+01 3.358761e+01 -1.300000e+01
      vertex   1.866025e+01 3.250000e+01 -1.300000e+01
    endloop
  endfacet
  facet normal -0.000000e+00 0.000000e+00 -1.000000e+00
    outer loop
      vertex   1.707107e+01 3.457107e+01 -1.300000e+01
      vertex   1.265637e+01 3.139417e+01 -1.300000e+01
      vertex   1.608761e+01 3.543353e+01 -1.300000e+01
    endloop
  endfacet
  facet normal 0.000000e+00 0.000000e+00 -1.000000e+00
    outer loop
      vertex   1.608761e+01 3.543353e+01 -1.300000e+01
      vertex   1.265637e+01 3.139417e+01 -1.300000e+01
      vertex   1.224553e+01 3.198937e+01 -1.300000e+01
    endloop
  endfacet
  facet normal -0.000000e+00 0.000000e+00 -1.000000e+00
    outer loop
      vertex   1.608761e+01 3.543353e+01 -1.300000e+01
      vertex   1.224553e+01 3.198937e+01 -1.300000e+01
      vertex   1.500000e+01 3.616025e+01 -1.300000e+01
    endloop
  endfacet
  facet normal -0.000000e+00 0.000000e+00 -1.000000e+00
    outer loop
      vertex   1.500000e+01 3.616025e+01 -1.300000e+01
      vertex   1.224553e+01 3.198937e+01 -1.300000e+01
      vertex   1.382683e+01 3.673880e+01 -1.300000e+01
    endloop
  endfacet
  facet normal 0.000000e+00 0.000000e+00 -1.000000e+00
    outer loop
      vertex   1.382683e+01 3.673880e+01 -1.300000e+01
      vertex   1.224553e+01 3.198937e+01 -1.300000e+01
      vertex   1.170419e+01 3.246895e+01 -1.300000e+01
    endloop
  endfacet
  facet normal -0.000000e+00 0.000000e+00 -1.000000e+00
    outer loop
      vertex   1.382683e+01 3.673880e+01 -1.300000e+01
      vertex   1.170419e+01 3.246895e+01 -1.300000e+01
      vertex   1.258819e+01 3.715926e+01 -1.300000e+01
    endloop
  endfacet
  facet normal 0.000000e+00 0.000000e+00 -1.000000e+00
    outer loop
      vertex   1.258819e+01 3.715926e+01 -1.300000e+01
      vertex   1.170419e+01 3.246895e+01 -1.300000e+01
      vertex   1.106381e+01 3.280505e+01 -1.300000e+01
    endloop
  endfacet
  facet normal -0.000000e+00 0.000000e+00 -1.000000e+00
    outer loop
      vertex   1.258819e+01 3.715926e+01 -1.300000e+01
      vertex   1.106381e+01 3.280505e+01 -1.300000e+01
      vertex   1.130526e+01 3.741445e+01 -1.300000e+01
    endloop
  endfacet
  facet normal 0.000000e+00 0.000000e+00 -1.000000e+00
    outer loop
      vertex   1.130526e+01 3.741445e+01 -1.300000e+01
      vertex   1.106381e+01 3.280505e+01 -1.300000e+01
      vertex   1.036161e+01 3.297813e+01 -1.300000e+01
    endloop
  endfacet
  facet normal -0.000000e+00 0.000000e+00 -1.000000e+00
    outer loop
      vertex   1.130526e+01 3.741445e+01 -1.300000e+01
      vertex   1.036161e+01 3.297813e+01 -1.300000e+01
      vertex   1.000000e+01 3.750000e+01 -1.300000e+01
    endloop
  endfacet
  facet normal 0.000000e+00 -0.000000e+00 -1.000000e+00
    outer loop
      vertex   1.000000e+01 3.750000e+01 -1.300000e+01
      vertex   1.036161e+01 3.297813e+01 -1.300000e+01
      vertex   9.638390e+00 3.297813e+01 -1.300000e+01
    endloop
  endfacet
  facet normal 0.000000e+00 0.000000e+00 -1.000000e+00
    outer loop
      vertex   1.000000e+01 3.750000e+01 -1.300000e+01
      vertex   9.638390e+00 3.297813e+01 -1.300000e+01
      vertex   8.936185e+00 3.280505e+01 -1.300000e+01
    endloop
  endfacet
  facet normal -0.000000e+00 0.000000e+00 -1.000000e+00
    outer loop
      vertex   8.936185e+00 3.280505e+01 -1.300000e+01
      vertex   8.295806e+00 3.246895e+01 -1.300000e+01
      vertex   1.000000e+01 3.750000e+01 -1.300000e+01
    endloop
  endfacet
  facet normal 0.000000e+00 0.000000e+00 -1.000000e+00
    outer loop
      vertex   1.000000e+01 3.750000e+01 -1.300000e+01
      vertex   8.295806e+00 3.246895e+01 -1.300000e+01
      vertex   7.754468e+00 3.198937e+01 -1.300000e+01
    endloop
  endfacet
  facet normal -0.000000e+00 0.000000e+00 -1.000000e+00
    outer loop
      vertex   -1.290033e+01 -6.321795e+01 -1.300000e+01
      vertex   -1.864776e+01 -6.500000e+01 -1.300000e+01
      vertex   -1.298750e+01 -6.250000e+01 -1.300000e+01
    endloop
  endfacet
  facet normal 0.000000e+00 0.000000e+00 -1.000000e+00
    outer loop
      vertex   -1.298750e+01 -6.250000e+01 -1.300000e+01
      vertex   -1.864776e+01 -6.500000e+01 -1.300000e+01
      vertex   -1.922630e+01 -6.382684e+01 -1.300000e+01
    endloop
  endfacet
  facet normal 0.000000e+00 0.000000e+00 -1.000000e+00
    outer loop
      vertex   -1.298750e+01 -6.250000e+01 -1.300000e+01
      vertex   -1.922630e+01 -6.382684e+01 -1.300000e+01
      vertex   -1.964676e+01 -6.258819e+01 -1.300000e+01
    endloop
  endfacet
  facet normal -0.000000e+00 0.000000e+00 -1.000000e+00
    outer loop
      vertex   -1.264387e+01 -6.389417e+01 -1.300000e+01
      vertex   -1.705857e+01 -6.707107e+01 -1.300000e+01
      vertex   -1.290033e+01 -6.321795e+01 -1.300000e+01
    endloop
  endfacet
  facet normal 0.000000e+00 0.000000e+00 -1.000000e+00
    outer loop
      vertex   -1.290033e+01 -6.321795e+01 -1.300000e+01
      vertex   -1.705857e+01 -6.707107e+01 -1.300000e+01
      vertex   -1.792104e+01 -6.608762e+01 -1.300000e+01
    endloop
  endfacet
  facet normal 0.000000e+00 0.000000e+00 -1.000000e+00
    outer loop
      vertex   -1.290033e+01 -6.321795e+01 -1.300000e+01
      vertex   -1.792104e+01 -6.608762e+01 -1.300000e+01
      vertex   -1.864776e+01 -6.500000e+01 -1.300000e+01
    endloop
  endfacet
  facet normal 0.000000e+00 0.000000e+00 -1.000000e+00
    outer loop
      vertex   -1.705857e+01 -6.707107e+01 -1.300000e+01
      vertex   -1.264387e+01 -6.389417e+01 -1.300000e+01
      vertex   -1.607512e+01 -6.793353e+01 -1.300000e+01
    endloop
  endfacet
  facet normal 0.000000e+00 0.000000e+00 -1.000000e+00
    outer loop
      vertex   -1.607512e+01 -6.793353e+01 -1.300000e+01
      vertex   -1.264387e+01 -6.389417e+01 -1.300000e+01
      vertex   -1.223304e+01 -6.448937e+01 -1.300000e+01
    endloop
  endfacet
  facet normal 0.000000e+00 0.000000e+00 -1.000000e+00
    outer loop
      vertex   -1.607512e+01 -6.793353e+01 -1.300000e+01
      vertex   -1.223304e+01 -6.448937e+01 -1.300000e+01
      vertex   -1.498750e+01 -6.866025e+01 -1.300000e+01
    endloop
  endfacet
  facet normal 0.000000e+00 0.000000e+00 -1.000000e+00
    outer loop
      vertex   -1.498750e+01 -6.866025e+01 -1.300000e+01
      vertex   -1.223304e+01 -6.448937e+01 -1.300000e+01
      vertex   -1.381434e+01 -6.923880e+01 -1.300000e+01
    endloop
  endfacet
  facet normal 0.000000e+00 0.000000e+00 -1.000000e+00
    outer loop
      vertex   -1.381434e+01 -6.923880e+01 -1.300000e+01
      vertex   -1.223304e+01 -6.448937e+01 -1.300000e+01
      vertex   -1.169170e+01 -6.496895e+01 -1.300000e+01
    endloop
  endfacet
  facet normal 0.000000e+00 0.000000e+00 -1.000000e+00
    outer loop
      vertex   -1.381434e+01 -6.923880e+01 -1.300000e+01
      vertex   -1.169170e+01 -6.496895e+01 -1.300000e+01
      vertex   -1.257570e+01 -6.965926e+01 -1.300000e+01
    endloop
  endfacet
  facet normal 0.000000e+00 0.000000e+00 -1.000000e+00
    outer loop
      vertex   -1.257570e+01 -6.965926e+01 -1.300000e+01
      vertex   -1.169170e+01 -6.496895e+01 -1.300000e+01
      vertex   -1.105132e+01 -6.530505e+01 -1.300000e+01
    endloop
  endfacet
  facet normal 0.000000e+00 0.000000e+00 -1.000000e+00
    outer loop
      vertex   -1.257570e+01 -6.965926e+01 -1.300000e+01
      vertex   -1.105132e+01 -6.530505e+01 -1.300000e+01
      vertex   -1.129277e+01 -6.991445e+01 -1.300000e+01
    endloop
  endfacet
  facet normal 0.000000e+00 0.000000e+00 -1.000000e+00
    outer loop
      vertex   -1.129277e+01 -6.991445e+01 -1.300000e+01
      vertex   -1.105132e+01 -6.530505e+01 -1.300000e+01
      vertex   -1.034911e+01 -6.547813e+01 -1.300000e+01
    endloop
  endfacet
  facet normal 0.000000e+00 0.000000e+00 -1.000000e+00
    outer loop
      vertex   -1.129277e+01 -6.991445e+01 -1.300000e+01
      vertex   -1.034911e+01 -6.547813e+01 -1.300000e+01
      vertex   -9.987505e+00 -7.000000e+01 -1.300000e+01
    endloop
  endfacet
  facet normal 0.000000e+00 0.000000e+00 -1.000000e+00
    outer loop
      vertex   -9.987505e+00 -7.000000e+01 -1.300000e+01
      vertex   -1.034911e+01 -6.547813e+01 -1.300000e+01
      vertex   -9.625895e+00 -6.547813e+01 -1.300000e+01
    endloop
  endfacet
  facet normal 0.000000e+00 0.000000e+00 -1.000000e+00
    outer loop
      vertex   -9.987505e+00 -7.000000e+01 -1.300000e+01
      vertex   -9.625895e+00 -6.547813e+01 -1.300000e+01
      vertex   -8.923690e+00 -6.530505e+01 -1.300000e+01
    endloop
  endfacet
  facet normal 0.000000e+00 -0.000000e+00 -1.000000e+00
    outer loop
      vertex   -8.923690e+00 -6.530505e+01 -1.300000e+01
      vertex   -8.283310e+00 -6.496895e+01 -1.300000e+01
      vertex   -9.987505e+00 -7.000000e+01 -1.300000e+01
    endloop
  endfacet
  facet normal 0.000000e+00 0.000000e+00 -1.000000e+00
    outer loop
      vertex   -9.987505e+00 -7.000000e+01 -1.300000e+01
      vertex   -8.283310e+00 -6.496895e+01 -1.300000e+01
      vertex   -7.741972e+00 -6.448937e+01 -1.300000e+01
    endloop
  endfacet
  facet normal 0.000000e+00 0.000000e+00 -1.000000e+00
    outer loop
      vertex   -9.987505e+00 -7.000000e+01 -1.300000e+01
      vertex   -7.741972e+00 -6.448937e+01 -1.300000e+01
      vertex   7.766963e+00 -6.448937e+01 -1.300000e+01
    endloop
  endfacet
  facet normal 0.000000e+00 0.000000e+00 -1.000000e+00
    outer loop
      vertex   7.766963e+00 -6.448937e+01 -1.300000e+01
      vertex   -7.741972e+00 -6.448937e+01 -1.300000e+01
      vertex   7.356127e+00 -6.389417e+01 -1.300000e+01
    endloop
  endfacet
  facet normal -0.000000e+00 0.000000e+00 -1.000000e+00
    outer loop
      vertex   7.356127e+00 -6.389417e+01 -1.300000e+01
      vertex   -7.741972e+00 -6.448937e+01 -1.300000e+01
      vertex   -7.331137e+00 -6.389417e+01 -1.300000e+01
    endloop
  endfacet
  facet normal 0.000000e+00 0.000000e+00 -1.000000e+00
    outer loop
      vertex   7.356127e+00 -6.389417e+01 -1.300000e+01
      vertex   -7.331137e+00 -6.389417e+01 -1.300000e+01
      vertex   7.099670e+00 -6.321795e+01 -1.300000e+01
    endloop
  endfacet
  facet normal -0.000000e+00 0.000000e+00 -1.000000e+00
    outer loop
      vertex   7.099670e+00 -6.321795e+01 -1.300000e+01
      vertex   -7.331137e+00 -6.389417e+01 -1.300000e+01
      vertex   -7.074679e+00 -6.321795e+01 -1.300000e+01
    endloop
  endfacet
  facet normal 0.000000e+00 0.000000e+00 -1.000000e+00
    outer loop
      vertex   7.099670e+00 -6.321795e+01 -1.300000e+01
      vertex   -7.074679e+00 -6.321795e+01 -1.300000e+01
      vertex   7.012495e+00 -6.250000e+01 -1.300000e+01
    endloop
  endfacet
  facet normal -0.000000e+00 0.000000e+00 -1.000000e+00
    outer loop
      vertex   7.012495e+00 -6.250000e+01 -1.300000e+01
      vertex   -7.074679e+00 -6.321795e+01 -1.300000e+01
      vertex   -6.987505e+00 -6.250000e+01 -1.300000e+01
    endloop
  endfacet
  facet normal 0.000000e+00 0.000000e+00 -1.000000e+00
    outer loop
      vertex   7.012495e+00 -6.250000e+01 -1.300000e+01
      vertex   -6.987505e+00 -6.250000e+01 -1.300000e+01
      vertex   7.099670e+00 -6.178205e+01 -1.300000e+01
    endloop
  endfacet
  facet normal -0.000000e+00 0.000000e+00 -1.000000e+00
    outer loop
      vertex   7.099670e+00 -6.178205e+01 -1.300000e+01
      vertex   -6.987505e+00 -6.250000e+01 -1.300000e+01
      vertex   -7.074679e+00 -6.178205e+01 -1.300000e+01
    endloop
  endfacet
  facet normal 0.000000e+00 0.000000e+00 -1.000000e+00
    outer loop
      vertex   7.099670e+00 -6.178205e+01 -1.300000e+01
      vertex   -7.074679e+00 -6.178205e+01 -1.300000e+01
      vertex   7.356127e+00 -6.110583e+01 -1.300000e+01
    endloop
  endfacet
  facet normal -0.000000e+00 0.000000e+00 -1.000000e+00
    outer loop
      vertex   7.356127e+00 -6.110583e+01 -1.300000e+01
      vertex   -7.074679e+00 -6.178205e+01 -1.300000e+01
      vertex   -7.331137e+00 -6.110583e+01 -1.300000e+01
    endloop
  endfacet
  facet normal 0.000000e+00 0.000000e+00 -1.000000e+00
    outer loop
      vertex   7.356127e+00 -6.110583e+01 -1.300000e+01
      vertex   -7.331137e+00 -6.110583e+01 -1.300000e+01
      vertex   7.766963e+00 -6.051063e+01 -1.300000e+01
    endloop
  endfacet
  facet normal -0.000000e+00 0.000000e+00 -1.000000e+00
    outer loop
      vertex   7.766963e+00 -6.051063e+01 -1.300000e+01
      vertex   -7.331137e+00 -6.110583e+01 -1.300000e+01
      vertex   -7.741972e+00 -6.051063e+01 -1.300000e+01
    endloop
  endfacet
  facet normal 0.000000e+00 0.000000e+00 -1.000000e+00
    outer loop
      vertex   7.766963e+00 -6.051063e+01 -1.300000e+01
      vertex   -7.741972e+00 -6.051063e+01 -1.300000e+01
      vertex   8.308301e+00 -6.003105e+01 -1.300000e+01
    endloop
  endfacet
  facet normal -0.000000e+00 0.000000e+00 -1.000000e+00
    outer loop
      vertex   8.308301e+00 -6.003105e+01 -1.300000e+01
      vertex   -7.741972e+00 -6.051063e+01 -1.300000e+01
      vertex   -8.283310e+00 -6.003105e+01 -1.300000e+01
    endloop
  endfacet
  facet normal 0.000000e+00 0.000000e+00 -1.000000e+00
    outer loop
      vertex   8.308301e+00 -6.003105e+01 -1.300000e+01
      vertex   -8.283310e+00 -6.003105e+01 -1.300000e+01
      vertex   8.948681e+00 -5.969495e+01 -1.300000e+01
    endloop
  endfacet
  facet normal -0.000000e+00 0.000000e+00 -1.000000e+00
    outer loop
      vertex   8.948681e+00 -5.969495e+01 -1.300000e+01
      vertex   -8.283310e+00 -6.003105e+01 -1.300000e+01
      vertex   -8.923690e+00 -5.969495e+01 -1.300000e+01
    endloop
  endfacet
  facet normal 0.000000e+00 0.000000e+00 -1.000000e+00
    outer loop
      vertex   -8.923690e+00 -5.969495e+01 -1.300000e+01
      vertex   -9.625895e+00 -5.952187e+01 -1.300000e+01
      vertex   -1.998750e+01 -5.500000e+01 -1.300000e+01
    endloop
  endfacet
  facet normal 0.000000e+00 0.000000e+00 -1.000000e+00
    outer loop
      vertex   -1.998750e+01 -5.500000e+01 -1.300000e+01
      vertex   -9.625895e+00 -5.952187e+01 -1.300000e+01
      vertex   -1.034911e+01 -5.952187e+01 -1.300000e+01
    endloop
  endfacet
  facet normal 0.000000e+00 0.000000e+00 -1.000000e+00
    outer loop
      vertex   -1.998750e+01 -5.500000e+01 -1.300000e+01
      vertex   -1.034911e+01 -5.952187e+01 -1.300000e+01
      vertex   -1.105132e+01 -5.969495e+01 -1.300000e+01
    endloop
  endfacet
  facet normal -0.000000e+00 0.000000e+00 -1.000000e+00
    outer loop
      vertex   -1.105132e+01 -5.969495e+01 -1.300000e+01
      vertex   -1.169170e+01 -6.003105e+01 -1.300000e+01
      vertex   -1.998750e+01 -5.500000e+01 -1.300000e+01
    endloop
  endfacet
  facet normal 0.000000e+00 0.000000e+00 -1.000000e+00
    outer loop
      vertex   -1.998750e+01 -5.500000e+01 -1.300000e+01
      vertex   -1.169170e+01 -6.003105e+01 -1.300000e+01
      vertex   -1.223304e+01 -6.051063e+01 -1.300000e+01
    endloop
  endfacet
  facet normal 0.000000e+00 0.000000e+00 -1.000000e+00
    outer loop
      vertex   -1.998750e+01 -5.500000e+01 -1.300000e+01
      vertex   -1.223304e+01 -6.051063e+01 -1.300000e+01
      vertex   -1.998750e+01 -6.000000e+01 -1.300000e+01
    endloop
  endfacet
  facet normal 0.000000e+00 0.000000e+00 -1.000000e+00
    outer loop
      vertex   -1.998750e+01 -6.000000e+01 -1.300000e+01
      vertex   -1.223304e+01 -6.051063e+01 -1.300000e+01
      vertex   -1.264387e+01 -6.110583e+01 -1.300000e+01
    endloop
  endfacet
  facet normal 0.000000e+00 0.000000e+00 -1.000000e+00
    outer loop
      vertex   -1.998750e+01 -6.000000e+01 -1.300000e+01
      vertex   -1.264387e+01 -6.110583e+01 -1.300000e+01
      vertex   -1.290033e+01 -6.178205e+01 -1.300000e+01
    endloop
  endfacet
  facet normal -0.000000e+00 0.000000e+00 -1.000000e+00
    outer loop
      vertex   -1.298750e+01 -6.250000e+01 -1.300000e+01
      vertex   -1.964676e+01 -6.258819e+01 -1.300000e+01
      vertex   -1.290033e+01 -6.178205e+01 -1.300000e+01
    endloop
  endfacet
  facet normal -0.000000e+00 0.000000e+00 -1.000000e+00
    outer loop
      vertex   -1.290033e+01 -6.178205e+01 -1.300000e+01
      vertex   -1.964676e+01 -6.258819e+01 -1.300000e+01
      vertex   -1.990195e+01 -6.130526e+01 -1.300000e+01
    endloop
  endfacet
  facet normal 0.000000e+00 0.000000e+00 -1.000000e+00
    outer loop
      vertex   -1.290033e+01 -6.178205e+01 -1.300000e+01
      vertex   -1.990195e+01 -6.130526e+01 -1.300000e+01
      vertex   -1.998750e+01 -6.000000e+01 -1.300000e+01
    endloop
  endfacet
  facet normal 0.000000e+00 0.000000e+00 -1.000000e+00
    outer loop
      vertex   -9.987505e+00 -7.000000e+01 -1.300000e+01
      vertex   7.766963e+00 -6.448937e+01 -1.300000e+01
      vertex   1.001250e+01 -7.000000e+01 -1.300000e+01
    endloop
  endfacet
  facet normal 0.000000e+00 0.000000e+00 -1.000000e+00
    outer loop
      vertex   1.001250e+01 -7.000000e+01 -1.300000e+01
      vertex   7.766963e+00 -6.448937e+01 -1.300000e+01
      vertex   8.308301e+00 -6.496895e+01 -1.300000e+01
    endloop
  endfacet
  facet normal 0.000000e+00 0.000000e+00 -1.000000e+00
    outer loop
      vertex   1.001250e+01 -7.000000e+01 -1.300000e+01
      vertex   8.308301e+00 -6.496895e+01 -1.300000e+01
      vertex   8.948681e+00 -6.530505e+01 -1.300000e+01
    endloop
  endfacet
  facet normal 0.000000e+00 0.000000e+00 -1.000000e+00
    outer loop
      vertex   8.948681e+00 -6.530505e+01 -1.300000e+01
      vertex   9.650885e+00 -6.547813e+01 -1.300000e+01
      vertex   1.001250e+01 -7.000000e+01 -1.300000e+01
    endloop
  endfacet
  facet normal 0.000000e+00 0.000000e+00 -1.000000e+00
    outer loop
      vertex   1.001250e+01 -7.000000e+01 -1.300000e+01
      vertex   9.650885e+00 -6.547813e+01 -1.300000e+01
      vertex   1.037411e+01 -6.547813e+01 -1.300000e+01
    endloop
  endfacet
  facet normal 0.000000e+00 0.000000e+00 -1.000000e+00
    outer loop
      vertex   1.001250e+01 -7.000000e+01 -1.300000e+01
      vertex   1.037411e+01 -6.547813e+01 -1.300000e+01
      vertex   1.131776e+01 -6.991445e+01 -1.300000e+01
    endloop
  endfacet
  facet normal 0.000000e+00 0.000000e+00 -1.000000e+00
    outer loop
      vertex   1.131776e+01 -6.991445e+01 -1.300000e+01
      vertex   1.037411e+01 -6.547813e+01 -1.300000e+01
      vertex   1.107631e+01 -6.530505e+01 -1.300000e+01
    endloop
  endfacet
  facet normal 0.000000e+00 0.000000e+00 -1.000000e+00
    outer loop
      vertex   1.131776e+01 -6.991445e+01 -1.300000e+01
      vertex   1.107631e+01 -6.530505e+01 -1.300000e+01
      vertex   1.260069e+01 -6.965926e+01 -1.300000e+01
    endloop
  endfacet
  facet normal 0.000000e+00 0.000000e+00 -1.000000e+00
    outer loop
      vertex   1.260069e+01 -6.965926e+01 -1.300000e+01
      vertex   1.107631e+01 -6.530505e+01 -1.300000e+01
      vertex   1.171669e+01 -6.496895e+01 -1.300000e+01
    endloop
  endfacet
  facet normal 0.000000e+00 0.000000e+00 -1.000000e+00
    outer loop
      vertex   1.260069e+01 -6.965926e+01 -1.300000e+01
      vertex   1.171669e+01 -6.496895e+01 -1.300000e+01
      vertex   1.383933e+01 -6.923880e+01 -1.300000e+01
    endloop
  endfacet
  facet normal 0.000000e+00 0.000000e+00 -1.000000e+00
    outer loop
      vertex   1.383933e+01 -6.923880e+01 -1.300000e+01
      vertex   1.171669e+01 -6.496895e+01 -1.300000e+01
      vertex   1.225803e+01 -6.448937e+01 -1.300000e+01
    endloop
  endfacet
  facet normal 0.000000e+00 0.000000e+00 -1.000000e+00
    outer loop
      vertex   1.383933e+01 -6.923880e+01 -1.300000e+01
      vertex   1.225803e+01 -6.448937e+01 -1.300000e+01
      vertex   1.501250e+01 -6.866025e+01 -1.300000e+01
    endloop
  endfacet
  facet normal 0.000000e+00 0.000000e+00 -1.000000e+00
    outer loop
      vertex   1.501250e+01 -6.866025e+01 -1.300000e+01
      vertex   1.225803e+01 -6.448937e+01 -1.300000e+01
      vertex   1.610011e+01 -6.793353e+01 -1.300000e+01
    endloop
  endfacet
  facet normal 0.000000e+00 0.000000e+00 -1.000000e+00
    outer loop
      vertex   1.610011e+01 -6.793353e+01 -1.300000e+01
      vertex   1.225803e+01 -6.448937e+01 -1.300000e+01
      vertex   1.266886e+01 -6.389417e+01 -1.300000e+01
    endloop
  endfacet
  facet normal 0.000000e+00 0.000000e+00 -1.000000e+00
    outer loop
      vertex   1.610011e+01 -6.793353e+01 -1.300000e+01
      vertex   1.266886e+01 -6.389417e+01 -1.300000e+01
      vertex   1.708356e+01 -6.707107e+01 -1.300000e+01
    endloop
  endfacet
  facet normal 0.000000e+00 0.000000e+00 -1.000000e+00
    outer loop
      vertex   1.708356e+01 -6.707107e+01 -1.300000e+01
      vertex   1.266886e+01 -6.389417e+01 -1.300000e+01
      vertex   1.292532e+01 -6.321795e+01 -1.300000e+01
    endloop
  endfacet
  facet normal 0.000000e+00 0.000000e+00 -1.000000e+00
    outer loop
      vertex   1.708356e+01 -6.707107e+01 -1.300000e+01
      vertex   1.292532e+01 -6.321795e+01 -1.300000e+01
      vertex   1.794603e+01 -6.608762e+01 -1.300000e+01
    endloop
  endfacet
  facet normal 0.000000e+00 0.000000e+00 -1.000000e+00
    outer loop
      vertex   1.794603e+01 -6.608762e+01 -1.300000e+01
      vertex   1.292532e+01 -6.321795e+01 -1.300000e+01
      vertex   1.867275e+01 -6.500000e+01 -1.300000e+01
    endloop
  endfacet
  facet normal 0.000000e+00 0.000000e+00 -1.000000e+00
    outer loop
      vertex   1.867275e+01 -6.500000e+01 -1.300000e+01
      vertex   1.292532e+01 -6.321795e+01 -1.300000e+01
      vertex   1.301250e+01 -6.250000e+01 -1.300000e+01
    endloop
  endfacet
  facet normal 0.000000e+00 0.000000e+00 -1.000000e+00
    outer loop
      vertex   1.867275e+01 -6.500000e+01 -1.300000e+01
      vertex   1.301250e+01 -6.250000e+01 -1.300000e+01
      vertex   1.925129e+01 -6.382684e+01 -1.300000e+01
    endloop
  endfacet
  facet normal 0.000000e+00 0.000000e+00 -1.000000e+00
    outer loop
      vertex   1.925129e+01 -6.382684e+01 -1.300000e+01
      vertex   1.301250e+01 -6.250000e+01 -1.300000e+01
      vertex   1.967175e+01 -6.258819e+01 -1.300000e+01
    endloop
  endfacet
  facet normal 0.000000e+00 0.000000e+00 -1.000000e+00
    outer loop
      vertex   1.967175e+01 -6.258819e+01 -1.300000e+01
      vertex   1.301250e+01 -6.250000e+01 -1.300000e+01
      vertex   1.292532e+01 -6.178205e+01 -1.300000e+01
    endloop
  endfacet
  facet normal 0.000000e+00 0.000000e+00 -1.000000e+00
    outer loop
      vertex   -4.691944e+01 2.162799e+01 -1.300000e+01
      vertex   -4.660160e+01 2.204220e+01 -1.300000e+01
      vertex   -4.400475e+01 1.932346e+01 -1.300000e+01
    endloop
  endfacet
  facet normal 0.000000e+00 0.000000e+00 -1.000000e+00
    outer loop
      vertex   -4.400475e+01 1.932346e+01 -1.300000e+01
      vertex   -4.660160e+01 2.204220e+01 -1.300000e+01
      vertex   -4.618739e+01 2.236004e+01 -1.300000e+01
    endloop
  endfacet
  facet normal 0.000000e+00 0.000000e+00 -1.000000e+00
    outer loop
      vertex   -4.400475e+01 1.932346e+01 -1.300000e+01
      vertex   -4.618739e+01 2.236004e+01 -1.300000e+01
      vertex   -4.570503e+01 2.255984e+01 -1.300000e+01
    endloop
  endfacet
  facet normal 0.000000e+00 0.000000e+00 -1.000000e+00
    outer loop
      vertex   -4.570503e+01 2.255984e+01 -1.300000e+01
      vertex   -4.518739e+01 2.262799e+01 -1.300000e+01
      vertex   -4.400475e+01 1.932346e+01 -1.300000e+01
    endloop
  endfacet
  facet normal -0.000000e+00 0.000000e+00 -1.000000e+00
    outer loop
      vertex   4.688998e+01 -5.330165e+01 -1.300000e+01
      vertex   4.653256e+01 -5.387047e+01 -1.300000e+01
      vertex   4.317097e+01 -4.904745e+01 -1.300000e+01
    endloop
  endfacet
  facet normal 0.000000e+00 0.000000e+00 -1.000000e+00
    outer loop
      vertex   4.317097e+01 -4.904745e+01 -1.300000e+01
      vertex   4.653256e+01 -5.387047e+01 -1.300000e+01
      vertex   4.605754e+01 -5.434550e+01 -1.300000e+01
    endloop
  endfacet
  facet normal 0.000000e+00 0.000000e+00 -1.000000e+00
    outer loop
      vertex   4.317097e+01 -4.904745e+01 -1.300000e+01
      vertex   4.605754e+01 -5.434550e+01 -1.300000e+01
      vertex   4.548872e+01 -5.470291e+01 -1.300000e+01
    endloop
  endfacet
  facet normal -0.000000e+00 0.000000e+00 -1.000000e+00
    outer loop
      vertex   4.548872e+01 -5.470291e+01 -1.300000e+01
      vertex   4.485463e+01 -5.492478e+01 -1.300000e+01
      vertex   4.317097e+01 -4.904745e+01 -1.300000e+01
    endloop
  endfacet
  facet normal 0.000000e+00 0.000000e+00 -1.000000e+00
    outer loop
      vertex   4.317097e+01 -4.904745e+01 -1.300000e+01
      vertex   4.485463e+01 -5.492478e+01 -1.300000e+01
      vertex   4.418707e+01 -5.500000e+01 -1.300000e+01
    endloop
  endfacet
  facet normal -1.114756e-15 1.000000e+00 0.000000e+00
    outer loop
      vertex   4.518707e+01 -4.974649e+01 1.586157e+00
      vertex   4.518707e+01 -4.974649e+01 -1.000000e+01
      vertex   3.881309e+01 -4.974649e+01 1.586157e+00
    endloop
  endfacet
  facet normal 0.000000e+00 1.000000e+00 6.132687e-16
    outer loop
      vertex   3.881309e+01 -4.974649e+01 1.586157e+00
      vertex   4.518707e+01 -4.974649e+01 -1.000000e+01
      vertex   2.381309e+01 -4.974649e+01 1.586157e+00
    endloop
  endfacet
  facet normal 0.000000e+00 1.000000e+00 -0.000000e+00
    outer loop
      vertex   3.881309e+01 -4.974649e+01 1.586157e+00
      vertex   2.381309e+01 -4.974649e+01 1.586157e+00
      vertex   3.881309e+01 -4.974649e+01 3.586157e+00
    endloop
  endfacet
  facet normal 0.000000e+00 1.000000e+00 0.000000e+00
    outer loop
      vertex   3.881309e+01 -4.974649e+01 3.586157e+00
      vertex   2.381309e+01 -4.974649e+01 1.586157e+00
      vertex   2.381309e+01 -4.974649e+01 3.586157e+00
    endloop
  endfacet
  facet normal -8.149627e-17 1.000000e+00 4.629256e-16
    outer loop
      vertex   4.518707e+01 -4.974649e+01 -1.000000e+01
      vertex   -4.200008e+01 -4.974649e+01 -1.000000e+01
      vertex   2.381309e+01 -4.974649e+01 1.586157e+00
    endloop
  endfacet
  facet normal 0.000000e+00 1.000000e+00 0.000000e+00
    outer loop
      vertex   2.381309e+01 -4.974649e+01 1.586157e+00
      vertex   -4.200008e+01 -4.974649e+01 -1.000000e+01
      vertex   -2.381278e+01 -4.974649e+01 1.586157e+00
    endloop
  endfacet
  facet normal 0.000000e+00 1.000000e+00 0.000000e+00
    outer loop
      vertex   -2.381278e+01 -4.974649e+01 1.586157e+00
      vertex   -4.200008e+01 -4.974649e+01 -1.000000e+01
      vertex   -4.200008e+01 -4.974649e+01 0.000000e+00
    endloop
  endfacet
  facet normal 0.000000e+00 1.000000e+00 0.000000e+00
    outer loop
      vertex   -2.381278e+01 -4.974649e+01 1.586157e+00
      vertex   -4.200008e+01 -4.974649e+01 0.000000e+00
      vertex   -3.881278e+01 -4.974649e+01 1.586157e+00
    endloop
  endfacet
  facet normal 0.000000e+00 1.000000e+00 0.000000e+00
    outer loop
      vertex   -3.881278e+01 -4.974649e+01 1.586157e+00
      vertex   -4.200008e+01 -4.974649e+01 0.000000e+00
      vertex   -4.518739e+01 -4.974649e+01 1.586157e+00
    endloop
  endfacet
  facet normal 0.000000e+00 1.000000e+00 0.000000e+00
    outer loop
      vertex   -4.518739e+01 -4.974649e+01 1.586157e+00
      vertex   -4.200008e+01 -4.974649e+01 0.000000e+00
      vertex   -4.518739e+01 -4.974649e+01 -1.000000e+01
    endloop
  endfacet
  facet normal 0.000000e+00 1.000000e+00 0.000000e+00
    outer loop
      vertex   -4.518739e+01 -4.974649e+01 -1.000000e+01
      vertex   -4.200008e+01 -4.974649e+01 0.000000e+00
      vertex   -4.200008e+01 -4.974649e+01 -1.000000e+01
    endloop
  endfacet
  facet normal -0.000000e+00 1.000000e+00 0.000000e+00
    outer loop
      vertex   -3.881278e+01 -4.974649e+01 3.586157e+00
      vertex   -2.381278e+01 -4.974649e+01 3.586157e+00
      vertex   -3.881278e+01 -4.974649e+01 1.586157e+00
    endloop
  endfacet
  facet normal 0.000000e+00 1.000000e+00 0.000000e+00
    outer loop
      vertex   -3.881278e+01 -4.974649e+01 1.586157e+00
      vertex   -2.381278e+01 -4.974649e+01 3.586157e+00
      vertex   -2.381278e+01 -4.974649e+01 1.586157e+00
    endloop
  endfacet
  facet normal 1.000000e+00 1.009660e-16 -8.756413e-15
    outer loop
      vertex   -4.518739e+01 2.062799e+01 1.586157e+00
      vertex   -4.518739e+01 -4.974649e+01 1.586157e+00
      vertex   -4.518739e+01 -4.655918e+01 0.000000e+00
    endloop
  endfacet
  facet normal 1.000000e+00 4.458580e-15 0.000000e+00
    outer loop
      vertex   -4.518739e+01 -4.655918e+01 0.000000e+00
      vertex   -4.518739e+01 -4.974649e+01 1.586157e+00
      vertex   -4.518739e+01 -4.974649e+01 -1.000000e+01
    endloop
  endfacet
  facet normal 1.000000e+00 4.458580e-15 0.000000e+00
    outer loop
      vertex   -4.518739e+01 -4.655918e+01 0.000000e+00
      vertex   -4.518739e+01 -4.974649e+01 -1.000000e+01
      vertex   -4.518739e+01 -4.655918e+01 -1.000000e+01
    endloop
  endfacet
  facet normal 1.000000e+00 -2.115114e-16 0.000000e+00
    outer loop
      vertex   -4.518739e+01 -4.655918e+01 -1.000000e+01
      vertex   -4.518739e+01 2.062799e+01 -1.000000e+01
      vertex   -4.518739e+01 -4.655918e+01 0.000000e+00
    endloop
  endfacet
  facet normal 1.000000e+00 -1.202338e-16 6.132687e-16
    outer loop
      vertex   -4.518739e+01 -4.655918e+01 0.000000e+00
      vertex   -4.518739e+01 2.062799e+01 -1.000000e+01
      vertex   -4.518739e+01 2.062799e+01 1.586157e+00
    endloop
  endfacet
  facet normal 3.931104e-17 -1.000000e+00 7.899361e-17
    outer loop
      vertex   4.518707e+01 2.062799e+01 1.586157e+00
      vertex   -4.518739e+01 2.062799e+01 1.586157e+00
      vertex   -4.200008e+01 2.062799e+01 0.000000e+00
    endloop
  endfacet
  facet normal -0.000000e+00 -1.000000e+00 0.000000e+00
    outer loop
      vertex   -4.200008e+01 2.062799e+01 0.000000e+00
      vertex   -4.518739e+01 2.062799e+01 1.586157e+00
      vertex   -4.518739e+01 2.062799e+01 -1.000000e+01
    endloop
  endfacet
  facet normal 0.000000e+00 -1.000000e+00 -0.000000e+00
    outer loop
      vertex   -4.200008e+01 2.062799e+01 0.000000e+00
      vertex   -4.518739e+01 2.062799e+01 -1.000000e+01
      vertex   -4.200008e+01 2.062799e+01 -1.000000e+01
    endloop
  endfacet
  facet normal 0.000000e+00 -1.000000e+00 0.000000e+00
    outer loop
      vertex   -4.200008e+01 2.062799e+01 -1.000000e+01
      vertex   4.200008e+01 2.062799e+01 -1.000000e+01
      vertex   -4.200008e+01 2.062799e+01 0.000000e+00
    endloop
  endfacet
  facet normal 4.229413e-17 -1.000000e+00 3.552714e-16
    outer loop
      vertex   -4.200008e+01 2.062799e+01 0.000000e+00
      vertex   4.200008e+01 2.062799e+01 -1.000000e+01
      vertex   4.200008e+01 2.062799e+01 0.000000e+00
    endloop
  endfacet
  facet normal 4.229413e-17 -1.000000e+00 -8.497952e-17
    outer loop
      vertex   -4.200008e+01 2.062799e+01 0.000000e+00
      vertex   4.200008e+01 2.062799e+01 0.000000e+00
      vertex   4.518707e+01 2.062799e+01 1.586157e+00
    endloop
  endfacet
  facet normal 1.526113e-16 -1.000000e+00 -3.066343e-16
    outer loop
      vertex   4.518707e+01 2.062799e+01 1.586157e+00
      vertex   4.200008e+01 2.062799e+01 0.000000e+00
      vertex   4.518707e+01 2.062799e+01 -1.000000e+01
    endloop
  endfacet
  facet normal 2.229512e-15 -1.000000e+00 3.552714e-16
    outer loop
      vertex   4.518707e+01 2.062799e+01 -1.000000e+01
      vertex   4.200008e+01 2.062799e+01 0.000000e+00
      vertex   4.200008e+01 2.062799e+01 -1.000000e+01
    endloop
  endfacet
  facet normal -9.937122e-01 -1.119645e-01 -0.000000e+00
    outer loop
      vertex   -4.718739e+01 -5.200000e+01 1.586157e+00
      vertex   -4.718739e+01 -5.200000e+01 -1.300000e+01
      vertex   -4.711217e+01 -5.266756e+01 1.586157e+00
    endloop
  endfacet
  facet normal -9.937122e-01 -1.119645e-01 -0.000000e+00
    outer loop
      vertex   -4.711217e+01 -5.266756e+01 1.586157e+00
      vertex   -4.718739e+01 -5.200000e+01 -1.300000e+01
      vertex   -4.711217e+01 -5.266756e+01 -1.300000e+01
    endloop
  endfacet
  facet normal -9.438833e-01 -3.302791e-01 -0.000000e+00
    outer loop
      vertex   -4.711217e+01 -5.266756e+01 1.586157e+00
      vertex   -4.711217e+01 -5.266756e+01 -1.300000e+01
      vertex   -4.689030e+01 -5.330165e+01 1.586157e+00
    endloop
  endfacet
  facet normal -9.438833e-01 -3.302791e-01 -0.000000e+00
    outer loop
      vertex   -4.689030e+01 -5.330165e+01 1.586157e+00
      vertex   -4.711217e+01 -5.266756e+01 -1.300000e+01
      vertex   -4.689030e+01 -5.330165e+01 -1.300000e+01
    endloop
  endfacet
  facet normal -8.467242e-01 -5.320321e-01 -0.000000e+00
    outer loop
      vertex   -4.689030e+01 -5.330165e+01 1.586157e+00
      vertex   -4.689030e+01 -5.330165e+01 -1.300000e+01
      vertex   -4.653288e+01 -5.387047e+01 1.586157e+00
    endloop
  endfacet
  facet normal -8.467242e-01 -5.320321e-01 -0.000000e+00
    outer loop
      vertex   -4.653288e+01 -5.387047e+01 1.586157e+00
      vertex   -4.689030e+01 -5.330165e+01 -1.300000e+01
      vertex   -4.653288e+01 -5.387047e+01 -1.300000e+01
    endloop
  endfacet
  facet normal -7.071068e-01 -7.071068e-01 -0.000000e+00
    outer loop
      vertex   -4.653288e+01 -5.387047e+01 1.586157e+00
      vertex   -4.653288e+01 -5.387047e+01 -1.300000e+01
      vertex   -4.605786e+01 -5.434550e+01 1.586157e+00
    endloop
  endfacet
  facet normal -7.071068e-01 -7.071068e-01 -0.000000e+00
    outer loop
      vertex   -4.605786e+01 -5.434550e+01 1.586157e+00
      vertex   -4.653288e+01 -5.387047e+01 -1.300000e+01
      vertex   -4.605786e+01 -5.434550e+01 -1.300000e+01
    endloop
  endfacet
  facet normal -5.320321e-01 -8.467242e-01 -0.000000e+00
    outer loop
      vertex   -4.605786e+01 -5.434550e+01 1.586157e+00
      vertex   -4.605786e+01 -5.434550e+01 -1.300000e+01
      vertex   -4.548904e+01 -5.470291e+01 1.586157e+00
    endloop
  endfacet
  facet normal -5.320321e-01 -8.467242e-01 -0.000000e+00
    outer loop
      vertex   -4.548904e+01 -5.470291e+01 1.586157e+00
      vertex   -4.605786e+01 -5.434550e+01 -1.300000e+01
      vertex   -4.548904e+01 -5.470291e+01 -1.300000e+01
    endloop
  endfacet
  facet normal -3.302791e-01 -9.438833e-01 -0.000000e+00
    outer loop
      vertex   -4.548904e+01 -5.470291e+01 1.586157e+00
      vertex   -4.548904e+01 -5.470291e+01 -1.300000e+01
      vertex   -4.485495e+01 -5.492478e+01 1.586157e+00
    endloop
  endfacet
  facet normal -3.302791e-01 -9.438833e-01 -0.000000e+00
    outer loop
      vertex   -4.485495e+01 -5.492478e+01 1.586157e+00
      vertex   -4.548904e+01 -5.470291e+01 -1.300000e+01
      vertex   -4.485495e+01 -5.492478e+01 -1.300000e+01
    endloop
  endfacet
  facet normal -1.119645e-01 -9.937122e-01 -0.000000e+00
    outer loop
      vertex   -4.485495e+01 -5.492478e+01 1.586157e+00
      vertex   -4.485495e+01 -5.492478e+01 -1.300000e+01
      vertex   -4.418739e+01 -5.500000e+01 1.586157e+00
    endloop
  endfacet
  facet normal -1.119645e-01 -9.937122e-01 -0.000000e+00
    outer loop
      vertex   -4.418739e+01 -5.500000e+01 1.586157e+00
      vertex   -4.485495e+01 -5.492478e+01 -1.300000e+01
      vertex   -4.418739e+01 -5.500000e+01 -1.300000e+01
    endloop
  endfacet
  facet normal 2.939215e-16 -1.000000e+00 0.000000e+00
    outer loop
      vertex   2.001250e+01 -5.500000e+01 -1.300000e+01
      vertex   4.418707e+01 -5.500000e+01 -1.300000e+01
      vertex   2.001250e+01 -5.500000e+01 -8.000000e+00
    endloop
  endfacet
  facet normal 2.939215e-16 -1.000000e+00 2.863589e-31
    outer loop
      vertex   2.001250e+01 -5.500000e+01 -8.000000e+00
      vertex   4.418707e+01 -5.500000e+01 -1.300000e+01
      vertex   4.418707e+01 -5.500000e+01 1.586157e+00
    endloop
  endfacet
  facet normal 0.000000e+00 -1.000000e+00 7.412175e-16
    outer loop
      vertex   2.001250e+01 -5.500000e+01 -8.000000e+00
      vertex   4.418707e+01 -5.500000e+01 1.586157e+00
      vertex   -1.998750e+01 -5.500000e+01 -8.000000e+00
    endloop
  endfacet
  facet normal 8.040137e-17 -1.000000e+00 2.029702e-16
    outer loop
      vertex   -1.998750e+01 -5.500000e+01 -8.000000e+00
      vertex   4.418707e+01 -5.500000e+01 1.586157e+00
      vertex   -4.418739e+01 -5.500000e+01 1.586157e+00
    endloop
  endfacet
  facet normal -0.000000e+00 -1.000000e+00 0.000000e+00
    outer loop
      vertex   -1.998750e+01 -5.500000e+01 -8.000000e+00
      vertex   -4.418739e+01 -5.500000e+01 1.586157e+00
      vertex   -4.418739e+01 -5.500000e+01 -1.300000e+01
    endloop
  endfacet
  facet normal 0.000000e+00 -1.000000e+00 0.000000e+00
    outer loop
      vertex   -4.418739e+01 -5.500000e+01 -1.300000e+01
      vertex   -1.998750e+01 -5.500000e+01 -1.300000e+01
      vertex   -1.998750e+01 -5.500000e+01 -8.000000e+00
    endloop
  endfacet
  facet normal 1.119645e-01 -9.937122e-01 1.090836e-16
    outer loop
      vertex   4.418707e+01 -5.500000e+01 1.586157e+00
      vertex   4.418707e+01 -5.500000e+01 -1.300000e+01
      vertex   4.485463e+01 -5.492478e+01 1.586157e+00
    endloop
  endfacet
  facet normal 1.119645e-01 -9.937122e-01 0.000000e+00
    outer loop
      vertex   4.485463e+01 -5.492478e+01 1.586157e+00
      vertex   4.418707e+01 -5.500000e+01 -1.300000e+01
      vertex   4.485463e+01 -5.492478e+01 -1.300000e+01
    endloop
  endfacet
  facet normal 3.302791e-01 -9.438833e-01 0.000000e+00
    outer loop
      vertex   4.485463e+01 -5.492478e+01 1.586157e+00
      vertex   4.485463e+01 -5.492478e+01 -1.300000e+01
      vertex   4.548872e+01 -5.470291e+01 1.586157e+00
    endloop
  endfacet
  facet normal 3.302791e-01 -9.438833e-01 0.000000e+00
    outer loop
      vertex   4.548872e+01 -5.470291e+01 1.586157e+00
      vertex   4.485463e+01 -5.492478e+01 -1.300000e+01
      vertex   4.548872e+01 -5.470291e+01 -1.300000e+01
    endloop
  endfacet
  facet normal 5.320321e-01 -8.467242e-01 0.000000e+00
    outer loop
      vertex   4.548872e+01 -5.470291e+01 1.586157e+00
      vertex   4.548872e+01 -5.470291e+01 -1.300000e+01
      vertex   4.605754e+01 -5.434550e+01 1.586157e+00
    endloop
  endfacet
  facet normal 5.320321e-01 -8.467242e-01 0.000000e+00
    outer loop
      vertex   4.605754e+01 -5.434550e+01 1.586157e+00
      vertex   4.548872e+01 -5.470291e+01 -1.300000e+01
      vertex   4.605754e+01 -5.434550e+01 -1.300000e+01
    endloop
  endfacet
  facet normal 7.071068e-01 -7.071068e-01 0.000000e+00
    outer loop
      vertex   4.605754e+01 -5.434550e+01 1.586157e+00
      vertex   4.605754e+01 -5.434550e+01 -1.300000e+01
      vertex   4.653256e+01 -5.387047e+01 1.586157e+00
    endloop
  endfacet
  facet normal 7.071068e-01 -7.071068e-01 0.000000e+00
    outer loop
      vertex   4.653256e+01 -5.387047e+01 1.586157e+00
      vertex   4.605754e+01 -5.434550e+01 -1.300000e+01
      vertex   4.653256e+01 -5.387047e+01 -1.300000e+01
    endloop
  endfacet
  facet normal 8.467242e-01 -5.320321e-01 0.000000e+00
    outer loop
      vertex   4.653256e+01 -5.387047e+01 1.586157e+00
      vertex   4.653256e+01 -5.387047e+01 -1.300000e+01
      vertex   4.688998e+01 -5.330165e+01 1.586157e+00
    endloop
  endfacet
  facet normal 8.467242e-01 -5.320321e-01 0.000000e+00
    outer loop
      vertex   4.688998e+01 -5.330165e+01 1.586157e+00
      vertex   4.653256e+01 -5.387047e+01 -1.300000e+01
      vertex   4.688998e+01 -5.330165e+01 -1.300000e+01
    endloop
  endfacet
  facet normal 9.438833e-01 -3.302791e-01 0.000000e+00
    outer loop
      vertex   4.688998e+01 -5.330165e+01 1.586157e+00
      vertex   4.688998e+01 -5.330165e+01 -1.300000e+01
      vertex   4.711185e+01 -5.266756e+01 1.586157e+00
    endloop
  endfacet
  facet normal 9.438833e-01 -3.302791e-01 0.000000e+00
    outer loop
      vertex   4.711185e+01 -5.266756e+01 1.586157e+00
      vertex   4.688998e+01 -5.330165e+01 -1.300000e+01
      vertex   4.711185e+01 -5.266756e+01 -1.300000e+01
    endloop
  endfacet
  facet normal 9.937122e-01 -1.119645e-01 0.000000e+00
    outer loop
      vertex   4.711185e+01 -5.266756e+01 1.586157e+00
      vertex   4.711185e+01 -5.266756e+01 -1.300000e+01
      vertex   4.718707e+01 -5.200000e+01 1.586157e+00
    endloop
  endfacet
  facet normal 9.937122e-01 -1.119645e-01 4.840720e-16
    outer loop
      vertex   4.718707e+01 -5.200000e+01 1.586157e+00
      vertex   4.711185e+01 -5.266756e+01 -1.300000e+01
      vertex   4.718707e+01 -5.200000e+01 -1.300000e+01
    endloop
  endfacet
  facet normal 1.000000e+00 2.934995e-16 4.871350e-16
    outer loop
      vertex   4.718707e+01 -5.200000e+01 -1.300000e+01
      vertex   4.718707e+01 2.062799e+01 -1.300000e+01
      vertex   4.718707e+01 -5.200000e+01 1.586157e+00
    endloop
  endfacet
  facet normal 1.000000e+00 1.956664e-16 0.000000e+00
    outer loop
      vertex   4.718707e+01 -5.200000e+01 1.586157e+00
      vertex   4.718707e+01 2.062799e+01 -1.300000e+01
      vertex   4.718707e+01 2.062799e+01 1.586157e+00
    endloop
  endfacet
  facet normal 9.914449e-01 1.305262e-01 0.000000e+00
    outer loop
      vertex   4.711892e+01 2.114563e+01 1.586157e+00
      vertex   4.718707e+01 2.062799e+01 1.586157e+00
      vertex   4.711892e+01 2.114563e+01 -5.706922e+00
    endloop
  endfacet
  facet normal 9.914449e-01 1.305262e-01 -3.189038e-17
    outer loop
      vertex   4.711892e+01 2.114563e+01 -5.706922e+00
      vertex   4.718707e+01 2.062799e+01 1.586157e+00
      vertex   4.718707e+01 2.062799e+01 -1.300000e+01
    endloop
  endfacet
  facet normal 9.914449e-01 1.305262e-01 0.000000e+00
    outer loop
      vertex   4.711892e+01 2.114563e+01 -5.706922e+00
      vertex   4.718707e+01 2.062799e+01 -1.300000e+01
      vertex   4.711892e+01 2.114563e+01 -1.300000e+01
    endloop
  endfacet
  facet normal 9.238795e-01 3.826834e-01 0.000000e+00
    outer loop
      vertex   4.711892e+01 2.114563e+01 -5.706922e+00
      vertex   4.711892e+01 2.114563e+01 -1.300000e+01
      vertex   4.691912e+01 2.162799e+01 -5.706922e+00
    endloop
  endfacet
  facet normal 9.238795e-01 3.826834e-01 0.000000e+00
    outer loop
      vertex   4.691912e+01 2.162799e+01 -5.706922e+00
      vertex   4.711892e+01 2.114563e+01 -1.300000e+01
      vertex   4.691912e+01 2.162799e+01 -1.300000e+01
    endloop
  endfacet
  facet normal 7.933533e-01 6.087614e-01 0.000000e+00
    outer loop
      vertex   4.691912e+01 2.162799e+01 -5.706922e+00
      vertex   4.691912e+01 2.162799e+01 -1.300000e+01
      vertex   4.660128e+01 2.204220e+01 -5.706922e+00
    endloop
  endfacet
  facet normal 7.933533e-01 6.087614e-01 0.000000e+00
    outer loop
      vertex   4.660128e+01 2.204220e+01 -5.706922e+00
      vertex   4.691912e+01 2.162799e+01 -1.300000e+01
      vertex   4.660128e+01 2.204220e+01 -1.300000e+01
    endloop
  endfacet
  facet normal 6.087614e-01 7.933533e-01 0.000000e+00
    outer loop
      vertex   4.660128e+01 2.204220e+01 -5.706922e+00
      vertex   4.660128e+01 2.204220e+01 -1.300000e+01
      vertex   4.618707e+01 2.236004e+01 -5.706922e+00
    endloop
  endfacet
  facet normal 6.087614e-01 7.933533e-01 0.000000e+00
    outer loop
      vertex   4.618707e+01 2.236004e+01 -5.706922e+00
      vertex   4.660128e+01 2.204220e+01 -1.300000e+01
      vertex   4.618707e+01 2.236004e+01 -1.300000e+01
    endloop
  endfacet
  facet normal 3.826834e-01 9.238795e-01 0.000000e+00
    outer loop
      vertex   4.618707e+01 2.236004e+01 -5.706922e+00
      vertex   4.618707e+01 2.236004e+01 -1.300000e+01
      vertex   4.570471e+01 2.255984e+01 -5.706922e+00
    endloop
  endfacet
  facet normal 3.826834e-01 9.238795e-01 0.000000e+00
    outer loop
      vertex   4.570471e+01 2.255984e+01 -5.706922e+00
      vertex   4.618707e+01 2.236004e+01 -1.300000e+01
      vertex   4.570471e+01 2.255984e+01 -1.300000e+01
    endloop
  endfacet
  facet normal 1.305262e-01 9.914449e-01 0.000000e+00
    outer loop
      vertex   4.570471e+01 2.255984e+01 -5.706922e+00
      vertex   4.570471e+01 2.255984e+01 -1.300000e+01
      vertex   4.518707e+01 2.262799e+01 -1.300000e+01
    endloop
  endfacet
  facet normal 1.305262e-01 9.914449e-01 3.050676e-16
    outer loop
      vertex   4.518707e+01 2.262799e+01 -1.300000e+01
      vertex   4.518707e+01 2.262799e+01 1.586157e+00
      vertex   4.570471e+01 2.255984e+01 -5.706922e+00
    endloop
  endfacet
  facet normal 1.305262e-01 9.914449e-01 -0.000000e+00
    outer loop
      vertex   4.570471e+01 2.255984e+01 -5.706922e+00
      vertex   4.518707e+01 2.262799e+01 1.586157e+00
      vertex   4.570471e+01 2.255984e+01 1.586157e+00
    endloop
  endfacet
  facet normal 3.826834e-01 9.238795e-01 -0.000000e+00
    outer loop
      vertex   4.570471e+01 2.255984e+01 -5.706922e+00
      vertex   4.570471e+01 2.255984e+01 1.586157e+00
      vertex   4.618707e+01 2.236004e+01 -5.706922e+00
    endloop
  endfacet
  facet normal 3.826834e-01 9.238795e-01 -0.000000e+00
    outer loop
      vertex   4.618707e+01 2.236004e+01 -5.706922e+00
      vertex   4.570471e+01 2.255984e+01 1.586157e+00
      vertex   4.618707e+01 2.236004e+01 1.586157e+00
    endloop
  endfacet
  facet normal 6.087614e-01 7.933533e-01 -0.000000e+00
    outer loop
      vertex   4.618707e+01 2.236004e+01 -5.706922e+00
      vertex   4.618707e+01 2.236004e+01 1.586157e+00
      vertex   4.660128e+01 2.204220e+01 -5.706922e+00
    endloop
  endfacet
  facet normal 6.087614e-01 7.933533e-01 -0.000000e+00
    outer loop
      vertex   4.660128e+01 2.204220e+01 -5.706922e+00
      vertex   4.618707e+01 2.236004e+01 1.586157e+00
      vertex   4.660128e+01 2.204220e+01 1.586157e+00
    endloop
  endfacet
  facet normal 7.933533e-01 6.087614e-01 -0.000000e+00
    outer loop
      vertex   4.660128e+01 2.204220e+01 -5.706922e+00
      vertex   4.660128e+01 2.204220e+01 1.586157e+00
      vertex   4.691912e+01 2.162799e+01 -5.706922e+00
    endloop
  endfacet
  facet normal 7.933533e-01 6.087614e-01 -0.000000e+00
    outer loop
      vertex   4.691912e+01 2.162799e+01 -5.706922e+00
      vertex   4.660128e+01 2.204220e+01 1.586157e+00
      vertex   4.691912e+01 2.162799e+01 1.586157e+00
    endloop
  endfacet
  facet normal 9.238795e-01 3.826834e-01 -0.000000e+00
    outer loop
      vertex   4.691912e+01 2.162799e+01 -5.706922e+00
      vertex   4.691912e+01 2.162799e+01 1.586157e+00
      vertex   4.711892e+01 2.114563e+01 -5.706922e+00
    endloop
  endfacet
  facet normal 9.238795e-01 3.826834e-01 -0.000000e+00
    outer loop
      vertex   4.711892e+01 2.114563e+01 -5.706922e+00
      vertex   4.691912e+01 2.162799e+01 1.586157e+00
      vertex   4.711892e+01 2.114563e+01 1.586157e+00
    endloop
  endfacet
  facet normal 0.000000e+00 1.000000e+00 -0.000000e+00
    outer loop
      vertex   -2.000000e+01 2.262799e+01 -1.300000e+01
      vertex   -4.518739e+01 2.262799e+01 -1.300000e+01
      vertex   -2.000000e+01 2.262799e+01 -8.000000e+00
    endloop
  endfacet
  facet normal 0.000000e+00 1.000000e+00 0.000000e+00
    outer loop
      vertex   -2.000000e+01 2.262799e+01 -8.000000e+00
      vertex   -4.518739e+01 2.262799e+01 -1.300000e+01
      vertex   -4.518739e+01 2.262799e+01 1.586157e+00
    endloop
  endfacet
  facet normal -3.931104e-17 1.000000e+00 -1.032888e-16
    outer loop
      vertex   -2.000000e+01 2.262799e+01 -8.000000e+00
      vertex   -4.518739e+01 2.262799e+01 1.586157e+00
      vertex   4.518707e+01 2.262799e+01 1.586157e+00
    endloop
  endfacet
  facet normal -8.881784e-17 1.000000e+00 2.333637e-16
    outer loop
      vertex   -2.000000e+01 2.262799e+01 -8.000000e+00
      vertex   4.518707e+01 2.262799e+01 1.586157e+00
      vertex   2.000000e+01 2.262799e+01 -8.000000e+00
    endloop
  endfacet
  facet normal -9.270139e-17 1.000000e+00 2.435675e-16
    outer loop
      vertex   2.000000e+01 2.262799e+01 -8.000000e+00
      vertex   4.518707e+01 2.262799e+01 1.586157e+00
      vertex   4.518707e+01 2.262799e+01 -1.300000e+01
    endloop
  endfacet
  facet normal -1.410531e-16 1.000000e+00 0.000000e+00
    outer loop
      vertex   2.000000e+01 2.262799e+01 -8.000000e+00
      vertex   4.518707e+01 2.262799e+01 -1.300000e+01
      vertex   2.000000e+01 2.262799e+01 -1.300000e+01
    endloop
  endfacet
  facet normal -1.305262e-01 9.914449e-01 0.000000e+00
    outer loop
      vertex   -4.570503e+01 2.255984e+01 1.586157e+00
      vertex   -4.518739e+01 2.262799e+01 1.586157e+00
      vertex   -4.570503e+01 2.255984e+01 -5.706922e+00
    endloop
  endfacet
  facet normal -1.305262e-01 9.914449e-01 0.000000e+00
    outer loop
      vertex   -4.570503e+01 2.255984e+01 -5.706922e+00
      vertex   -4.518739e+01 2.262799e+01 1.586157e+00
      vertex   -4.518739e+01 2.262799e+01 -1.300000e+01
    endloop
  endfacet
  facet normal -1.305262e-01 9.914449e-01 0.000000e+00
    outer loop
      vertex   -4.570503e+01 2.255984e+01 -5.706922e+00
      vertex   -4.518739e+01 2.262799e+01 -1.300000e+01
      vertex   -4.570503e+01 2.255984e+01 -1.300000e+01
    endloop
  endfacet
  facet normal -3.826834e-01 9.238795e-01 0.000000e+00
    outer loop
      vertex   -4.570503e+01 2.255984e+01 -5.706922e+00
      vertex   -4.570503e+01 2.255984e+01 -1.300000e+01
      vertex   -4.618739e+01 2.236004e+01 -5.706922e+00
    endloop
  endfacet
  facet normal -3.826834e-01 9.238795e-01 0.000000e+00
    outer loop
      vertex   -4.618739e+01 2.236004e+01 -5.706922e+00
      vertex   -4.570503e+01 2.255984e+01 -1.300000e+01
      vertex   -4.618739e+01 2.236004e+01 -1.300000e+01
    endloop
  endfacet
  facet normal -6.087614e-01 7.933533e-01 0.000000e+00
    outer loop
      vertex   -4.618739e+01 2.236004e+01 -5.706922e+00
      vertex   -4.618739e+01 2.236004e+01 -1.300000e+01
      vertex   -4.660160e+01 2.204220e+01 -5.706922e+00
    endloop
  endfacet
  facet normal -6.087614e-01 7.933533e-01 0.000000e+00
    outer loop
      vertex   -4.660160e+01 2.204220e+01 -5.706922e+00
      vertex   -4.618739e+01 2.236004e+01 -1.300000e+01
      vertex   -4.660160e+01 2.204220e+01 -1.300000e+01
    endloop
  endfacet
  facet normal -7.933533e-01 6.087614e-01 0.000000e+00
    outer loop
      vertex   -4.660160e+01 2.204220e+01 -5.706922e+00
      vertex   -4.660160e+01 2.204220e+01 -1.300000e+01
      vertex   -4.691944e+01 2.162799e+01 -5.706922e+00
    endloop
  endfacet
  facet normal -7.933533e-01 6.087614e-01 0.000000e+00
    outer loop
      vertex   -4.691944e+01 2.162799e+01 -5.706922e+00
      vertex   -4.660160e+01 2.204220e+01 -1.300000e+01
      vertex   -4.691944e+01 2.162799e+01 -1.300000e+01
    endloop
  endfacet
  facet normal -9.238795e-01 3.826834e-01 0.000000e+00
    outer loop
      vertex   -4.691944e+01 2.162799e+01 -5.706922e+00
      vertex   -4.691944e+01 2.162799e+01 -1.300000e+01
      vertex   -4.711924e+01 2.114563e+01 -5.706922e+00
    endloop
  endfacet
  facet normal -9.238795e-01 3.826834e-01 1.800216e-15
    outer loop
      vertex   -4.711924e+01 2.114563e+01 -5.706922e+00
      vertex   -4.691944e+01 2.162799e+01 -1.300000e+01
      vertex   -4.711924e+01 2.114563e+01 -1.300000e+01
    endloop
  endfacet
  facet normal -9.914449e-01 1.305262e-01 1.931870e-15
    outer loop
      vertex   -4.711924e+01 2.114563e+01 -5.706922e+00
      vertex   -4.711924e+01 2.114563e+01 -1.300000e+01
      vertex   -4.718739e+01 2.062799e+01 -1.300000e+01
    endloop
  endfacet
  facet normal -9.914449e-01 1.305262e-01 0.000000e+00
    outer loop
      vertex   -4.718739e+01 2.062799e+01 -1.300000e+01
      vertex   -4.718739e+01 2.062799e+01 1.586157e+00
      vertex   -4.711924e+01 2.114563e+01 -5.706922e+00
    endloop
  endfacet
  facet normal -9.914449e-01 1.305262e-01 -1.931870e-15
    outer loop
      vertex   -4.711924e+01 2.114563e+01 -5.706922e+00
      vertex   -4.718739e+01 2.062799e+01 1.586157e+00
      vertex   -4.711924e+01 2.114563e+01 1.586157e+00
    endloop
  endfacet
  facet normal -9.238795e-01 3.826834e-01 -1.800216e-15
    outer loop
      vertex   -4.711924e+01 2.114563e+01 -5.706922e+00
      vertex   -4.711924e+01 2.114563e+01 1.586157e+00
      vertex   -4.691944e+01 2.162799e+01 -5.706922e+00
    endloop
  endfacet
  facet normal -9.238795e-01 3.826834e-01 0.000000e+00
    outer loop
      vertex   -4.691944e+01 2.162799e+01 -5.706922e+00
      vertex   -4.711924e+01 2.114563e+01 1.586157e+00
      vertex   -4.691944e+01 2.162799e+01 1.586157e+00
    endloop
  endfacet
  facet normal -7.933533e-01 6.087614e-01 0.000000e+00
    outer loop
      vertex   -4.691944e+01 2.162799e+01 -5.706922e+00
      vertex   -4.691944e+01 2.162799e+01 1.586157e+00
      vertex   -4.660160e+01 2.204220e+01 -5.706922e+00
    endloop
  endfacet
  facet normal -7.933533e-01 6.087614e-01 0.000000e+00
    outer loop
      vertex   -4.660160e+01 2.204220e+01 -5.706922e+00
      vertex   -4.691944e+01 2.162799e+01 1.586157e+00
      vertex   -4.660160e+01 2.204220e+01 1.586157e+00
    endloop
  endfacet
  facet normal -6.087614e-01 7.933533e-01 0.000000e+00
    outer loop
      vertex   -4.660160e+01 2.204220e+01 -5.706922e+00
      vertex   -4.660160e+01 2.204220e+01 1.586157e+00
      vertex   -4.618739e+01 2.236004e+01 -5.706922e+00
    endloop
  endfacet
  facet normal -6.087614e-01 7.933533e-01 0.000000e+00
    outer loop
      vertex   -4.618739e+01 2.236004e+01 -5.706922e+00
      vertex   -4.660160e+01 2.204220e+01 1.586157e+00
      vertex   -4.618739e+01 2.236004e+01 1.586157e+00
    endloop
  endfacet
  facet normal -3.826834e-01 9.238795e-01 0.000000e+00
    outer loop
      vertex   -4.618739e+01 2.236004e+01 -5.706922e+00
      vertex   -4.618739e+01 2.236004e+01 1.586157e+00
      vertex   -4.570503e+01 2.255984e+01 -5.706922e+00
    endloop
  endfacet
  facet normal -3.826834e-01 9.238795e-01 0.000000e+00
    outer loop
      vertex   -4.570503e+01 2.255984e+01 -5.706922e+00
      vertex   -4.618739e+01 2.236004e+01 1.586157e+00
      vertex   -4.570503e+01 2.255984e+01 1.586157e+00
    endloop
  endfacet
  facet normal -1.000000e+00 0.000000e+00 0.000000e+00
    outer loop
      vertex   -4.718739e+01 2.062799e+01 -1.300000e+01
      vertex   -4.718739e+01 -5.200000e+01 -1.300000e+01
      vertex   -4.718739e+01 2.062799e+01 1.586157e+00
    endloop
  endfacet
  facet normal -1.000000e+00 -0.000000e+00 0.000000e+00
    outer loop
      vertex   -4.718739e+01 2.062799e+01 1.586157e+00
      vertex   -4.718739e+01 -5.200000e+01 -1.300000e+01
      vertex   -4.718739e+01 -5.200000e+01 1.586157e+00
    endloop
  endfacet
endsolid
