solid ASCII
  facet normal -0.000000e+00 -1.000000e+00 0.000000e+00
    outer loop
      vertex   -4.518739e+01 -2.220005e+01 1.586157e+00
      vertex   -4.518739e+01 -2.220005e+01 5.686150e+00
      vertex   -4.616827e+01 -2.220005e+01 1.586157e+00
    endloop
  endfacet
  facet normal 0.000000e+00 -1.000000e+00 0.000000e+00
    outer loop
      vertex   -4.616827e+01 -2.220005e+01 1.586157e+00
      vertex   -4.518739e+01 -2.220005e+01 5.686150e+00
      vertex   -4.616827e+01 -2.220005e+01 5.686150e+00
    endloop
  endfacet
  facet normal 0.000000e+00 1.000000e+00 0.000000e+00
    outer loop
      vertex   -4.518739e+01 -2.580005e+01 5.686150e+00
      vertex   -4.518739e+01 -2.580005e+01 1.586157e+00
      vertex   -4.616827e+01 -2.580005e+01 5.686150e+00
    endloop
  endfacet
  facet normal 0.000000e+00 1.000000e+00 0.000000e+00
    outer loop
      vertex   -4.616827e+01 -2.580005e+01 5.686150e+00
      vertex   -4.518739e+01 -2.580005e+01 1.586157e+00
      vertex   -4.616827e+01 -2.580005e+01 1.586157e+00
    endloop
  endfacet
  facet normal 0.000000e+00 -9.914449e-01 -1.305262e-01
    outer loop
      vertex   -4.616827e+01 -2.220005e+01 5.686150e+00
      vertex   -4.518739e+01 -2.220005e+01 5.686150e+00
      vertex   -4.616827e+01 -2.226138e+01 6.152024e+00
    endloop
  endfacet
  facet normal 0.000000e+00 -9.914449e-01 -1.305262e-01
    outer loop
      vertex   -4.616827e+01 -2.226138e+01 6.152024e+00
      vertex   -4.518739e+01 -2.220005e+01 5.686150e+00
      vertex   -4.518739e+01 -2.226138e+01 6.152024e+00
    endloop
  endfacet
  facet normal 0.000000e+00 -9.238795e-01 -3.826834e-01
    outer loop
      vertex   -4.616827e+01 -2.226138e+01 6.152024e+00
      vertex   -4.518739e+01 -2.226138e+01 6.152024e+00
      vertex   -4.616827e+01 -2.244120e+01 6.586150e+00
    endloop
  endfacet
  facet normal 3.465154e-16 -9.238795e-01 -3.826834e-01
    outer loop
      vertex   -4.616827e+01 -2.244120e+01 6.586150e+00
      vertex   -4.518739e+01 -2.226138e+01 6.152024e+00
      vertex   -4.518739e+01 -2.244120e+01 6.586150e+00
    endloop
  endfacet
  facet normal 5.512264e-16 -7.933533e-01 -6.087614e-01
    outer loop
      vertex   -4.616827e+01 -2.244120e+01 6.586150e+00
      vertex   -4.518739e+01 -2.244120e+01 6.586150e+00
      vertex   -4.616827e+01 -2.272726e+01 6.958942e+00
    endloop
  endfacet
  facet normal 0.000000e+00 -7.933533e-01 -6.087614e-01
    outer loop
      vertex   -4.616827e+01 -2.272726e+01 6.958942e+00
      vertex   -4.518739e+01 -2.244120e+01 6.586150e+00
      vertex   -4.518739e+01 -2.272726e+01 6.958942e+00
    endloop
  endfacet
  facet normal 0.000000e+00 -6.087614e-01 -7.933533e-01
    outer loop
      vertex   -4.616827e+01 -2.272726e+01 6.958942e+00
      vertex   -4.518739e+01 -2.272726e+01 6.958942e+00
      vertex   -4.616827e+01 -2.310005e+01 7.244996e+00
    endloop
  endfacet
  facet normal -2.204905e-15 -6.087614e-01 -7.933533e-01
    outer loop
      vertex   -4.616827e+01 -2.310005e+01 7.244996e+00
      vertex   -4.518739e+01 -2.272726e+01 6.958942e+00
      vertex   -4.518739e+01 -2.310005e+01 7.244996e+00
    endloop
  endfacet
  facet normal -1.386062e-15 -3.826834e-01 -9.238795e-01
    outer loop
      vertex   -4.616827e+01 -2.310005e+01 7.244996e+00
      vertex   -4.518739e+01 -2.310005e+01 7.244996e+00
      vertex   -4.616827e+01 -2.353417e+01 7.424817e+00
    endloop
  endfacet
  facet normal 0.000000e+00 -3.826834e-01 -9.238795e-01
    outer loop
      vertex   -4.616827e+01 -2.353417e+01 7.424817e+00
      vertex   -4.518739e+01 -2.310005e+01 7.244996e+00
      vertex   -4.518739e+01 -2.353417e+01 7.424817e+00
    endloop
  endfacet
  facet normal 0.000000e+00 -1.305262e-01 -9.914449e-01
    outer loop
      vertex   -4.616827e+01 -2.353417e+01 7.424817e+00
      vertex   -4.518739e+01 -2.353417e+01 7.424817e+00
      vertex   -4.616827e+01 -2.400005e+01 7.486150e+00
    endloop
  endfacet
  facet normal 0.000000e+00 -1.305262e-01 -9.914449e-01
    outer loop
      vertex   -4.616827e+01 -2.400005e+01 7.486150e+00
      vertex   -4.518739e+01 -2.353417e+01 7.424817e+00
      vertex   -4.518739e+01 -2.400005e+01 7.486150e+00
    endloop
  endfacet
  facet normal 0.000000e+00 1.305262e-01 -9.914449e-01
    outer loop
      vertex   -4.616827e+01 -2.400005e+01 7.486150e+00
      vertex   -4.518739e+01 -2.400005e+01 7.486150e+00
      vertex   -4.616827e+01 -2.446592e+01 7.424817e+00
    endloop
  endfacet
  facet normal -1.795484e-15 1.305262e-01 -9.914449e-01
    outer loop
      vertex   -4.616827e+01 -2.446592e+01 7.424817e+00
      vertex   -4.518739e+01 -2.400005e+01 7.486150e+00
      vertex   -4.518739e+01 -2.446592e+01 7.424817e+00
    endloop
  endfacet
  facet normal -1.673124e-15 3.826834e-01 -9.238795e-01
    outer loop
      vertex   -4.616827e+01 -2.446592e+01 7.424817e+00
      vertex   -4.518739e+01 -2.446592e+01 7.424817e+00
      vertex   -4.616827e+01 -2.490005e+01 7.244996e+00
    endloop
  endfacet
  facet normal 1.386062e-15 3.826834e-01 -9.238795e-01
    outer loop
      vertex   -4.616827e+01 -2.490005e+01 7.244996e+00
      vertex   -4.518739e+01 -2.446592e+01 7.424817e+00
      vertex   -4.518739e+01 -2.490005e+01 7.244996e+00
    endloop
  endfacet
  facet normal 2.204905e-15 6.087614e-01 -7.933533e-01
    outer loop
      vertex   -4.616827e+01 -2.490005e+01 7.244996e+00
      vertex   -4.518739e+01 -2.490005e+01 7.244996e+00
      vertex   -4.616827e+01 -2.527284e+01 6.958942e+00
    endloop
  endfacet
  facet normal 0.000000e+00 6.087614e-01 -7.933533e-01
    outer loop
      vertex   -4.616827e+01 -2.527284e+01 6.958942e+00
      vertex   -4.518739e+01 -2.490005e+01 7.244996e+00
      vertex   -4.518739e+01 -2.527284e+01 6.958942e+00
    endloop
  endfacet
  facet normal 0.000000e+00 7.933533e-01 -6.087614e-01
    outer loop
      vertex   -4.616827e+01 -2.527284e+01 6.958942e+00
      vertex   -4.518739e+01 -2.527284e+01 6.958942e+00
      vertex   -4.616827e+01 -2.555889e+01 6.586150e+00
    endloop
  endfacet
  facet normal 0.000000e+00 7.933533e-01 -6.087614e-01
    outer loop
      vertex   -4.616827e+01 -2.555889e+01 6.586150e+00
      vertex   -4.518739e+01 -2.527284e+01 6.958942e+00
      vertex   -4.518739e+01 -2.555889e+01 6.586150e+00
    endloop
  endfacet
  facet normal 0.000000e+00 9.238795e-01 -3.826834e-01
    outer loop
      vertex   -4.616827e+01 -2.555889e+01 6.586150e+00
      vertex   -4.518739e+01 -2.555889e+01 6.586150e+00
      vertex   -4.616827e+01 -2.573871e+01 6.152024e+00
    endloop
  endfacet
  facet normal -6.930308e-16 9.238795e-01 -3.826834e-01
    outer loop
      vertex   -4.616827e+01 -2.573871e+01 6.152024e+00
      vertex   -4.518739e+01 -2.555889e+01 6.586150e+00
      vertex   -4.518739e+01 -2.573871e+01 6.152024e+00
    endloop
  endfacet
  facet normal -2.363799e-16 9.914449e-01 -1.305262e-01
    outer loop
      vertex   -4.616827e+01 -2.573871e+01 6.152024e+00
      vertex   -4.518739e+01 -2.573871e+01 6.152024e+00
      vertex   -4.616827e+01 -2.580005e+01 5.686150e+00
    endloop
  endfacet
  facet normal 0.000000e+00 9.914449e-01 -1.305262e-01
    outer loop
      vertex   -4.616827e+01 -2.580005e+01 5.686150e+00
      vertex   -4.518739e+01 -2.573871e+01 6.152024e+00
      vertex   -4.518739e+01 -2.580005e+01 5.686150e+00
    endloop
  endfacet
  facet normal 0.000000e+00 1.000000e+00 0.000000e+00
    outer loop
      vertex   -4.518739e+01 -1.580003e+01 5.686150e+00
      vertex   -4.518739e+01 -1.580003e+01 1.586157e+00
      vertex   -4.616827e+01 -1.580003e+01 5.686150e+00
    endloop
  endfacet
  facet normal 0.000000e+00 1.000000e+00 0.000000e+00
    outer loop
      vertex   -4.616827e+01 -1.580003e+01 5.686150e+00
      vertex   -4.518739e+01 -1.580003e+01 1.586157e+00
      vertex   -4.616827e+01 -1.580003e+01 1.586157e+00
    endloop
  endfacet
  facet normal 0.000000e+00 -9.914449e-01 -1.305262e-01
    outer loop
      vertex   -4.616827e+01 -1.220003e+01 5.686150e+00
      vertex   -4.518739e+01 -1.220003e+01 5.686150e+00
      vertex   -4.616827e+01 -1.226136e+01 6.152024e+00
    endloop
  endfacet
  facet normal 0.000000e+00 -9.914449e-01 -1.305262e-01
    outer loop
      vertex   -4.616827e+01 -1.226136e+01 6.152024e+00
      vertex   -4.518739e+01 -1.220003e+01 5.686150e+00
      vertex   -4.518739e+01 -1.226136e+01 6.152024e+00
    endloop
  endfacet
  facet normal 0.000000e+00 -9.238795e-01 -3.826834e-01
    outer loop
      vertex   -4.616827e+01 -1.226136e+01 6.152024e+00
      vertex   -4.518739e+01 -1.226136e+01 6.152024e+00
      vertex   -4.616827e+01 -1.244118e+01 6.586150e+00
    endloop
  endfacet
  facet normal 3.465154e-16 -9.238795e-01 -3.826834e-01
    outer loop
      vertex   -4.616827e+01 -1.244118e+01 6.586150e+00
      vertex   -4.518739e+01 -1.226136e+01 6.152024e+00
      vertex   -4.518739e+01 -1.244118e+01 6.586150e+00
    endloop
  endfacet
  facet normal 5.512264e-16 -7.933533e-01 -6.087614e-01
    outer loop
      vertex   -4.616827e+01 -1.244118e+01 6.586150e+00
      vertex   -4.518739e+01 -1.244118e+01 6.586150e+00
      vertex   -4.616827e+01 -1.272724e+01 6.958942e+00
    endloop
  endfacet
  facet normal 0.000000e+00 -7.933533e-01 -6.087614e-01
    outer loop
      vertex   -4.616827e+01 -1.272724e+01 6.958942e+00
      vertex   -4.518739e+01 -1.244118e+01 6.586150e+00
      vertex   -4.518739e+01 -1.272724e+01 6.958942e+00
    endloop
  endfacet
  facet normal 0.000000e+00 -6.087614e-01 -7.933533e-01
    outer loop
      vertex   -4.616827e+01 -1.272724e+01 6.958942e+00
      vertex   -4.518739e+01 -1.272724e+01 6.958942e+00
      vertex   -4.616827e+01 -1.310003e+01 7.244996e+00
    endloop
  endfacet
  facet normal 0.000000e+00 -6.087614e-01 -7.933533e-01
    outer loop
      vertex   -4.616827e+01 -1.310003e+01 7.244996e+00
      vertex   -4.518739e+01 -1.272724e+01 6.958942e+00
      vertex   -4.518739e+01 -1.310003e+01 7.244996e+00
    endloop
  endfacet
  facet normal 0.000000e+00 -3.826834e-01 -9.238795e-01
    outer loop
      vertex   -4.616827e+01 -1.310003e+01 7.244996e+00
      vertex   -4.518739e+01 -1.310003e+01 7.244996e+00
      vertex   -4.616827e+01 -1.353415e+01 7.424817e+00
    endloop
  endfacet
  facet normal 0.000000e+00 -3.826834e-01 -9.238795e-01
    outer loop
      vertex   -4.616827e+01 -1.353415e+01 7.424817e+00
      vertex   -4.518739e+01 -1.310003e+01 7.244996e+00
      vertex   -4.518739e+01 -1.353415e+01 7.424817e+00
    endloop
  endfacet
  facet normal 0.000000e+00 -1.305262e-01 -9.914449e-01
    outer loop
      vertex   -4.616827e+01 -1.353415e+01 7.424817e+00
      vertex   -4.518739e+01 -1.353415e+01 7.424817e+00
      vertex   -4.616827e+01 -1.400003e+01 7.486150e+00
    endloop
  endfacet
  facet normal 0.000000e+00 -1.305262e-01 -9.914449e-01
    outer loop
      vertex   -4.616827e+01 -1.400003e+01 7.486150e+00
      vertex   -4.518739e+01 -1.353415e+01 7.424817e+00
      vertex   -4.518739e+01 -1.400003e+01 7.486150e+00
    endloop
  endfacet
  facet normal 0.000000e+00 1.305262e-01 -9.914449e-01
    outer loop
      vertex   -4.616827e+01 -1.400003e+01 7.486150e+00
      vertex   -4.518739e+01 -1.400003e+01 7.486150e+00
      vertex   -4.616827e+01 -1.446590e+01 7.424817e+00
    endloop
  endfacet
  facet normal -1.795484e-15 1.305262e-01 -9.914449e-01
    outer loop
      vertex   -4.616827e+01 -1.446590e+01 7.424817e+00
      vertex   -4.518739e+01 -1.400003e+01 7.486150e+00
      vertex   -4.518739e+01 -1.446590e+01 7.424817e+00
    endloop
  endfacet
  facet normal -1.673124e-15 3.826834e-01 -9.238795e-01
    outer loop
      vertex   -4.616827e+01 -1.446590e+01 7.424817e+00
      vertex   -4.518739e+01 -1.446590e+01 7.424817e+00
      vertex   -4.616827e+01 -1.490003e+01 7.244996e+00
    endloop
  endfacet
  facet normal 0.000000e+00 3.826834e-01 -9.238795e-01
    outer loop
      vertex   -4.616827e+01 -1.490003e+01 7.244996e+00
      vertex   -4.518739e+01 -1.446590e+01 7.424817e+00
      vertex   -4.518739e+01 -1.490003e+01 7.244996e+00
    endloop
  endfacet
  facet normal 0.000000e+00 6.087614e-01 -7.933533e-01
    outer loop
      vertex   -4.616827e+01 -1.490003e+01 7.244996e+00
      vertex   -4.518739e+01 -1.490003e+01 7.244996e+00
      vertex   -4.616827e+01 -1.527282e+01 6.958942e+00
    endloop
  endfacet
  facet normal 0.000000e+00 6.087614e-01 -7.933533e-01
    outer loop
      vertex   -4.616827e+01 -1.527282e+01 6.958942e+00
      vertex   -4.518739e+01 -1.490003e+01 7.244996e+00
      vertex   -4.518739e+01 -1.527282e+01 6.958942e+00
    endloop
  endfacet
  facet normal 0.000000e+00 7.933533e-01 -6.087614e-01
    outer loop
      vertex   -4.616827e+01 -1.527282e+01 6.958942e+00
      vertex   -4.518739e+01 -1.527282e+01 6.958942e+00
      vertex   -4.616827e+01 -1.555887e+01 6.586150e+00
    endloop
  endfacet
  facet normal 0.000000e+00 7.933533e-01 -6.087614e-01
    outer loop
      vertex   -4.616827e+01 -1.555887e+01 6.586150e+00
      vertex   -4.518739e+01 -1.527282e+01 6.958942e+00
      vertex   -4.518739e+01 -1.555887e+01 6.586150e+00
    endloop
  endfacet
  facet normal 0.000000e+00 9.238795e-01 -3.826834e-01
    outer loop
      vertex   -4.616827e+01 -1.555887e+01 6.586150e+00
      vertex   -4.518739e+01 -1.555887e+01 6.586150e+00
      vertex   -4.616827e+01 -1.573869e+01 6.152024e+00
    endloop
  endfacet
  facet normal -6.930308e-16 9.238795e-01 -3.826834e-01
    outer loop
      vertex   -4.616827e+01 -1.573869e+01 6.152024e+00
      vertex   -4.518739e+01 -1.555887e+01 6.586150e+00
      vertex   -4.518739e+01 -1.573869e+01 6.152024e+00
    endloop
  endfacet
  facet normal -2.363799e-16 9.914449e-01 -1.305262e-01
    outer loop
      vertex   -4.616827e+01 -1.573869e+01 6.152024e+00
      vertex   -4.518739e+01 -1.573869e+01 6.152024e+00
      vertex   -4.616827e+01 -1.580003e+01 5.686150e+00
    endloop
  endfacet
  facet normal 0.000000e+00 9.914449e-01 -1.305262e-01
    outer loop
      vertex   -4.616827e+01 -1.580003e+01 5.686150e+00
      vertex   -4.518739e+01 -1.573869e+01 6.152024e+00
      vertex   -4.518739e+01 -1.580003e+01 5.686150e+00
    endloop
  endfacet
  facet normal -2.942329e-31 -1.000000e+00 4.332585e-16
    outer loop
      vertex   -4.518739e+01 -1.220003e+01 1.586157e+00
      vertex   -4.518739e+01 -1.220003e+01 5.686150e+00
      vertex   -4.616827e+01 -1.220003e+01 1.586157e+00
    endloop
  endfacet
  facet normal 0.000000e+00 -1.000000e+00 4.332585e-16
    outer loop
      vertex   -4.616827e+01 -1.220003e+01 1.586157e+00
      vertex   -4.518739e+01 -1.220003e+01 5.686150e+00
      vertex   -4.616827e+01 -1.220003e+01 5.686150e+00
    endloop
  endfacet
  facet normal -9.396926e-01 -3.420201e-01 0.000000e+00
    outer loop
      vertex   -4.616827e+01 -2.220005e+01 1.586157e+00
      vertex   -4.616827e+01 -2.220005e+01 5.686150e+00
      vertex   -4.718739e+01 -1.940005e+01 1.586157e+00
    endloop
  endfacet
  facet normal -9.396926e-01 -3.420201e-01 0.000000e+00
    outer loop
      vertex   -4.718739e+01 -1.940005e+01 1.586157e+00
      vertex   -4.616827e+01 -2.220005e+01 5.686150e+00
      vertex   -4.718739e+01 -1.940005e+01 5.686150e+00
    endloop
  endfacet
  facet normal -9.392210e-01 -3.418485e-01 -3.167693e-02
    outer loop
      vertex   -4.718739e+01 -1.940005e+01 5.686150e+00
      vertex   -4.616827e+01 -2.220005e+01 5.686150e+00
      vertex   -4.718739e+01 -1.947837e+01 6.531398e+00
    endloop
  endfacet
  facet normal -9.400335e-01 -3.381641e-01 -4.452015e-02
    outer loop
      vertex   -4.718739e+01 -1.947837e+01 6.531398e+00
      vertex   -4.616827e+01 -2.220005e+01 5.686150e+00
      vertex   -4.616827e+01 -2.226138e+01 6.152024e+00
    endloop
  endfacet
  facet normal -9.389236e-01 -3.309889e-01 -9.417446e-02
    outer loop
      vertex   -4.718739e+01 -1.947837e+01 6.531398e+00
      vertex   -4.616827e+01 -2.226138e+01 6.152024e+00
      vertex   -4.718739e+01 -1.971068e+01 7.347862e+00
    endloop
  endfacet
  facet normal -9.402453e-01 -3.145790e-01 -1.303029e-01
    outer loop
      vertex   -4.718739e+01 -1.971068e+01 7.347862e+00
      vertex   -4.616827e+01 -2.226138e+01 6.152024e+00
      vertex   -4.616827e+01 -2.244120e+01 6.586150e+00
    endloop
  endfacet
  facet normal -9.390514e-01 -3.077364e-01 -1.532345e-01
    outer loop
      vertex   -4.718739e+01 -1.971068e+01 7.347862e+00
      vertex   -4.616827e+01 -2.244120e+01 6.586150e+00
      vertex   -4.718739e+01 -2.008905e+01 8.107738e+00
    endloop
  endfacet
  facet normal -9.394572e-01 -2.734536e-01 -2.065026e-01
    outer loop
      vertex   -4.718739e+01 -2.008905e+01 8.107738e+00
      vertex   -4.616827e+01 -2.244120e+01 6.586150e+00
      vertex   -4.718739e+01 -2.060061e+01 8.785150e+00
    endloop
  endfacet
  facet normal -9.396498e-01 -2.714362e-01 -2.082803e-01
    outer loop
      vertex   -4.718739e+01 -2.060061e+01 8.785150e+00
      vertex   -4.616827e+01 -2.244120e+01 6.586150e+00
      vertex   -4.616827e+01 -2.272726e+01 6.958942e+00
    endloop
  endfacet
  facet normal -9.389918e-01 -2.317106e-01 -2.541744e-01
    outer loop
      vertex   -4.718739e+01 -2.060061e+01 8.785150e+00
      vertex   -4.616827e+01 -2.272726e+01 6.958942e+00
      vertex   -4.718739e+01 -2.122793e+01 9.357029e+00
    endloop
  endfacet
  facet normal -9.402875e-01 -2.072110e-01 -2.700426e-01
    outer loop
      vertex   -4.718739e+01 -2.122793e+01 9.357029e+00
      vertex   -4.616827e+01 -2.272726e+01 6.958942e+00
      vertex   -4.616827e+01 -2.310005e+01 7.244996e+00
    endloop
  endfacet
  facet normal -9.389492e-01 -1.811221e-01 -2.925222e-01
    outer loop
      vertex   -4.718739e+01 -2.122793e+01 9.357029e+00
      vertex   -4.616827e+01 -2.310005e+01 7.244996e+00
      vertex   -4.718739e+01 -2.194965e+01 9.803901e+00
    endloop
  endfacet
  facet normal -9.398634e-01 -1.307058e-01 -3.155517e-01
    outer loop
      vertex   -4.718739e+01 -2.194965e+01 9.803901e+00
      vertex   -4.616827e+01 -2.310005e+01 7.244996e+00
      vertex   -4.616827e+01 -2.353417e+01 7.424817e+00
    endloop
  endfacet
  facet normal -9.393309e-01 -1.239104e-01 -3.198495e-01
    outer loop
      vertex   -4.718739e+01 -2.194965e+01 9.803901e+00
      vertex   -4.616827e+01 -2.353417e+01 7.424817e+00
      vertex   -4.718739e+01 -2.274120e+01 1.011055e+01
    endloop
  endfacet
  facet normal -9.391278e-01 -6.313044e-02 -3.377180e-01
    outer loop
      vertex   -4.718739e+01 -2.274120e+01 1.011055e+01
      vertex   -4.616827e+01 -2.353417e+01 7.424817e+00
      vertex   -4.718739e+01 -2.357561e+01 1.026653e+01
    endloop
  endfacet
  facet normal -9.401607e-01 -4.447437e-02 -3.378164e-01
    outer loop
      vertex   -4.718739e+01 -2.357561e+01 1.026653e+01
      vertex   -4.616827e+01 -2.353417e+01 7.424817e+00
      vertex   -4.616827e+01 -2.400005e+01 7.486150e+00
    endloop
  endfacet
  facet normal -9.389151e-01 -0.000000e+00 -3.441490e-01
    outer loop
      vertex   -4.718739e+01 -2.357561e+01 1.026653e+01
      vertex   -4.616827e+01 -2.400005e+01 7.486150e+00
      vertex   -4.718739e+01 -2.442448e+01 1.026653e+01
    endloop
  endfacet
  facet normal -9.401607e-01 4.447437e-02 -3.378164e-01
    outer loop
      vertex   -4.718739e+01 -2.442448e+01 1.026653e+01
      vertex   -4.616827e+01 -2.400005e+01 7.486150e+00
      vertex   -4.616827e+01 -2.446592e+01 7.424817e+00
    endloop
  endfacet
  facet normal -9.391278e-01 6.313044e-02 -3.377180e-01
    outer loop
      vertex   -4.718739e+01 -2.442448e+01 1.026653e+01
      vertex   -4.616827e+01 -2.446592e+01 7.424817e+00
      vertex   -4.718739e+01 -2.525890e+01 1.011055e+01
    endloop
  endfacet
  facet normal -9.393309e-01 1.239104e-01 -3.198495e-01
    outer loop
      vertex   -4.718739e+01 -2.525890e+01 1.011055e+01
      vertex   -4.616827e+01 -2.446592e+01 7.424817e+00
      vertex   -4.718739e+01 -2.605044e+01 9.803901e+00
    endloop
  endfacet
  facet normal -9.398634e-01 1.307058e-01 -3.155517e-01
    outer loop
      vertex   -4.718739e+01 -2.605044e+01 9.803901e+00
      vertex   -4.616827e+01 -2.446592e+01 7.424817e+00
      vertex   -4.616827e+01 -2.490005e+01 7.244996e+00
    endloop
  endfacet
  facet normal -9.389492e-01 1.811221e-01 -2.925222e-01
    outer loop
      vertex   -4.718739e+01 -2.605044e+01 9.803901e+00
      vertex   -4.616827e+01 -2.490005e+01 7.244996e+00
      vertex   -4.718739e+01 -2.677217e+01 9.357029e+00
    endloop
  endfacet
  facet normal -9.402875e-01 2.072110e-01 -2.700426e-01
    outer loop
      vertex   -4.718739e+01 -2.677217e+01 9.357029e+00
      vertex   -4.616827e+01 -2.490005e+01 7.244996e+00
      vertex   -4.616827e+01 -2.527284e+01 6.958942e+00
    endloop
  endfacet
  facet normal -9.389918e-01 2.317106e-01 -2.541744e-01
    outer loop
      vertex   -4.718739e+01 -2.677217e+01 9.357029e+00
      vertex   -4.616827e+01 -2.527284e+01 6.958942e+00
      vertex   -4.718739e+01 -2.739949e+01 8.785150e+00
    endloop
  endfacet
  facet normal -9.396498e-01 2.714362e-01 -2.082803e-01
    outer loop
      vertex   -4.718739e+01 -2.739949e+01 8.785150e+00
      vertex   -4.616827e+01 -2.527284e+01 6.958942e+00
      vertex   -4.616827e+01 -2.555889e+01 6.586150e+00
    endloop
  endfacet
  facet normal -9.394572e-01 2.734536e-01 -2.065026e-01
    outer loop
      vertex   -4.718739e+01 -2.739949e+01 8.785150e+00
      vertex   -4.616827e+01 -2.555889e+01 6.586150e+00
      vertex   -4.718739e+01 -2.791105e+01 8.107738e+00
    endloop
  endfacet
  facet normal -9.390514e-01 3.077364e-01 -1.532345e-01
    outer loop
      vertex   -4.718739e+01 -2.791105e+01 8.107738e+00
      vertex   -4.616827e+01 -2.555889e+01 6.586150e+00
      vertex   -4.718739e+01 -2.828942e+01 7.347862e+00
    endloop
  endfacet
  facet normal -9.402453e-01 3.145790e-01 -1.303029e-01
    outer loop
      vertex   -4.718739e+01 -2.828942e+01 7.347862e+00
      vertex   -4.616827e+01 -2.555889e+01 6.586150e+00
      vertex   -4.616827e+01 -2.573871e+01 6.152024e+00
    endloop
  endfacet
  facet normal -9.389236e-01 3.309889e-01 -9.417446e-02
    outer loop
      vertex   -4.718739e+01 -2.828942e+01 7.347862e+00
      vertex   -4.616827e+01 -2.573871e+01 6.152024e+00
      vertex   -4.718739e+01 -2.852172e+01 6.531398e+00
    endloop
  endfacet
  facet normal -9.400335e-01 3.381641e-01 -4.452015e-02
    outer loop
      vertex   -4.718739e+01 -2.852172e+01 6.531398e+00
      vertex   -4.616827e+01 -2.573871e+01 6.152024e+00
      vertex   -4.616827e+01 -2.580005e+01 5.686150e+00
    endloop
  endfacet
  facet normal -9.392210e-01 3.418485e-01 -3.167693e-02
    outer loop
      vertex   -4.718739e+01 -2.852172e+01 6.531398e+00
      vertex   -4.616827e+01 -2.580005e+01 5.686150e+00
      vertex   -4.718739e+01 -2.860005e+01 5.686150e+00
    endloop
  endfacet
  facet normal 6.791162e-16 -2.045772e-16 -1.000000e+00
    outer loop
      vertex   -4.518739e+01 -1.220003e+01 1.586157e+00
      vertex   -4.616827e+01 -1.220003e+01 1.586157e+00
      vertex   -4.518739e+01 -6.773113e+00 1.586157e+00
    endloop
  endfacet
  facet normal -5.869788e-16 2.426213e-17 -1.000000e+00
    outer loop
      vertex   -4.518739e+01 -6.773113e+00 1.586157e+00
      vertex   -4.616827e+01 -1.220003e+01 1.586157e+00
      vertex   -4.718739e+01 -9.400028e+00 1.586157e+00
    endloop
  endfacet
  facet normal -0.000000e+00 -4.226338e-16 -1.000000e+00
    outer loop
      vertex   -4.518739e+01 -6.773113e+00 1.586157e+00
      vertex   -4.718739e+01 -9.400028e+00 1.586157e+00
      vertex   -4.718739e+01 -6.773113e+00 1.586157e+00
    endloop
  endfacet
  facet normal -9.396926e-01 -3.420201e-01 1.481831e-16
    outer loop
      vertex   -4.616827e+01 -1.220003e+01 1.586157e+00
      vertex   -4.616827e+01 -1.220003e+01 5.686150e+00
      vertex   -4.718739e+01 -9.400028e+00 1.586157e+00
    endloop
  endfacet
  facet normal -9.396926e-01 -3.420201e-01 0.000000e+00
    outer loop
      vertex   -4.718739e+01 -9.400028e+00 1.586157e+00
      vertex   -4.616827e+01 -1.220003e+01 5.686150e+00
      vertex   -4.718739e+01 -9.400028e+00 5.686150e+00
    endloop
  endfacet
  facet normal -9.392210e-01 -3.418485e-01 -3.167693e-02
    outer loop
      vertex   -4.718739e+01 -9.400028e+00 5.686150e+00
      vertex   -4.616827e+01 -1.220003e+01 5.686150e+00
      vertex   -4.718739e+01 -9.478352e+00 6.531398e+00
    endloop
  endfacet
  facet normal -9.400335e-01 -3.381641e-01 -4.452015e-02
    outer loop
      vertex   -4.718739e+01 -9.478352e+00 6.531398e+00
      vertex   -4.616827e+01 -1.220003e+01 5.686150e+00
      vertex   -4.616827e+01 -1.226136e+01 6.152024e+00
    endloop
  endfacet
  facet normal -9.389236e-01 -3.309889e-01 -9.417446e-02
    outer loop
      vertex   -4.718739e+01 -9.478352e+00 6.531398e+00
      vertex   -4.616827e+01 -1.226136e+01 6.152024e+00
      vertex   -4.718739e+01 -9.710656e+00 7.347862e+00
    endloop
  endfacet
  facet normal -9.402453e-01 -3.145790e-01 -1.303029e-01
    outer loop
      vertex   -4.718739e+01 -9.710656e+00 7.347862e+00
      vertex   -4.616827e+01 -1.226136e+01 6.152024e+00
      vertex   -4.616827e+01 -1.244118e+01 6.586150e+00
    endloop
  endfacet
  facet normal -9.390514e-01 -3.077364e-01 -1.532345e-01
    outer loop
      vertex   -4.718739e+01 -9.710656e+00 7.347862e+00
      vertex   -4.616827e+01 -1.244118e+01 6.586150e+00
      vertex   -4.718739e+01 -1.008903e+01 8.107738e+00
    endloop
  endfacet
  facet normal -9.394572e-01 -2.734536e-01 -2.065026e-01
    outer loop
      vertex   -4.718739e+01 -1.008903e+01 8.107738e+00
      vertex   -4.616827e+01 -1.244118e+01 6.586150e+00
      vertex   -4.718739e+01 -1.060059e+01 8.785150e+00
    endloop
  endfacet
  facet normal -9.396498e-01 -2.714362e-01 -2.082803e-01
    outer loop
      vertex   -4.718739e+01 -1.060059e+01 8.785150e+00
      vertex   -4.616827e+01 -1.244118e+01 6.586150e+00
      vertex   -4.616827e+01 -1.272724e+01 6.958942e+00
    endloop
  endfacet
  facet normal -9.389918e-01 -2.317106e-01 -2.541744e-01
    outer loop
      vertex   -4.718739e+01 -1.060059e+01 8.785150e+00
      vertex   -4.616827e+01 -1.272724e+01 6.958942e+00
      vertex   -4.718739e+01 -1.122791e+01 9.357029e+00
    endloop
  endfacet
  facet normal -9.402875e-01 -2.072110e-01 -2.700426e-01
    outer loop
      vertex   -4.718739e+01 -1.122791e+01 9.357029e+00
      vertex   -4.616827e+01 -1.272724e+01 6.958942e+00
      vertex   -4.616827e+01 -1.310003e+01 7.244996e+00
    endloop
  endfacet
  facet normal -9.389492e-01 -1.811221e-01 -2.925222e-01
    outer loop
      vertex   -4.718739e+01 -1.122791e+01 9.357029e+00
      vertex   -4.616827e+01 -1.310003e+01 7.244996e+00
      vertex   -4.718739e+01 -1.194963e+01 9.803901e+00
    endloop
  endfacet
  facet normal -9.398634e-01 -1.307058e-01 -3.155517e-01
    outer loop
      vertex   -4.718739e+01 -1.194963e+01 9.803901e+00
      vertex   -4.616827e+01 -1.310003e+01 7.244996e+00
      vertex   -4.616827e+01 -1.353415e+01 7.424817e+00
    endloop
  endfacet
  facet normal -9.393309e-01 -1.239104e-01 -3.198495e-01
    outer loop
      vertex   -4.718739e+01 -1.194963e+01 9.803901e+00
      vertex   -4.616827e+01 -1.353415e+01 7.424817e+00
      vertex   -4.718739e+01 -1.274118e+01 1.011055e+01
    endloop
  endfacet
  facet normal -9.391278e-01 -6.313044e-02 -3.377180e-01
    outer loop
      vertex   -4.718739e+01 -1.274118e+01 1.011055e+01
      vertex   -4.616827e+01 -1.353415e+01 7.424817e+00
      vertex   -4.718739e+01 -1.357559e+01 1.026653e+01
    endloop
  endfacet
  facet normal -9.401607e-01 -4.447437e-02 -3.378164e-01
    outer loop
      vertex   -4.718739e+01 -1.357559e+01 1.026653e+01
      vertex   -4.616827e+01 -1.353415e+01 7.424817e+00
      vertex   -4.616827e+01 -1.400003e+01 7.486150e+00
    endloop
  endfacet
  facet normal -9.389151e-01 -0.000000e+00 -3.441490e-01
    outer loop
      vertex   -4.718739e+01 -1.357559e+01 1.026653e+01
      vertex   -4.616827e+01 -1.400003e+01 7.486150e+00
      vertex   -4.718739e+01 -1.442446e+01 1.026653e+01
    endloop
  endfacet
  facet normal -9.401607e-01 4.447437e-02 -3.378164e-01
    outer loop
      vertex   -4.718739e+01 -1.442446e+01 1.026653e+01
      vertex   -4.616827e+01 -1.400003e+01 7.486150e+00
      vertex   -4.616827e+01 -1.446590e+01 7.424817e+00
    endloop
  endfacet
  facet normal -9.391278e-01 6.313044e-02 -3.377180e-01
    outer loop
      vertex   -4.718739e+01 -1.442446e+01 1.026653e+01
      vertex   -4.616827e+01 -1.446590e+01 7.424817e+00
      vertex   -4.718739e+01 -1.525888e+01 1.011055e+01
    endloop
  endfacet
  facet normal -9.393309e-01 1.239104e-01 -3.198495e-01
    outer loop
      vertex   -4.718739e+01 -1.525888e+01 1.011055e+01
      vertex   -4.616827e+01 -1.446590e+01 7.424817e+00
      vertex   -4.718739e+01 -1.605042e+01 9.803901e+00
    endloop
  endfacet
  facet normal -9.398634e-01 1.307058e-01 -3.155517e-01
    outer loop
      vertex   -4.718739e+01 -1.605042e+01 9.803901e+00
      vertex   -4.616827e+01 -1.446590e+01 7.424817e+00
      vertex   -4.616827e+01 -1.490003e+01 7.244996e+00
    endloop
  endfacet
  facet normal -9.389492e-01 1.811221e-01 -2.925222e-01
    outer loop
      vertex   -4.718739e+01 -1.605042e+01 9.803901e+00
      vertex   -4.616827e+01 -1.490003e+01 7.244996e+00
      vertex   -4.718739e+01 -1.677215e+01 9.357029e+00
    endloop
  endfacet
  facet normal -9.402875e-01 2.072110e-01 -2.700426e-01
    outer loop
      vertex   -4.718739e+01 -1.677215e+01 9.357029e+00
      vertex   -4.616827e+01 -1.490003e+01 7.244996e+00
      vertex   -4.616827e+01 -1.527282e+01 6.958942e+00
    endloop
  endfacet
  facet normal -9.389918e-01 2.317106e-01 -2.541744e-01
    outer loop
      vertex   -4.718739e+01 -1.677215e+01 9.357029e+00
      vertex   -4.616827e+01 -1.527282e+01 6.958942e+00
      vertex   -4.718739e+01 -1.739947e+01 8.785150e+00
    endloop
  endfacet
  facet normal -9.396498e-01 2.714362e-01 -2.082803e-01
    outer loop
      vertex   -4.718739e+01 -1.739947e+01 8.785150e+00
      vertex   -4.616827e+01 -1.527282e+01 6.958942e+00
      vertex   -4.616827e+01 -1.555887e+01 6.586150e+00
    endloop
  endfacet
  facet normal -9.394572e-01 2.734536e-01 -2.065026e-01
    outer loop
      vertex   -4.718739e+01 -1.739947e+01 8.785150e+00
      vertex   -4.616827e+01 -1.555887e+01 6.586150e+00
      vertex   -4.718739e+01 -1.791103e+01 8.107738e+00
    endloop
  endfacet
  facet normal -9.390514e-01 3.077364e-01 -1.532345e-01
    outer loop
      vertex   -4.718739e+01 -1.791103e+01 8.107738e+00
      vertex   -4.616827e+01 -1.555887e+01 6.586150e+00
      vertex   -4.718739e+01 -1.828940e+01 7.347862e+00
    endloop
  endfacet
  facet normal -9.402453e-01 3.145790e-01 -1.303029e-01
    outer loop
      vertex   -4.718739e+01 -1.828940e+01 7.347862e+00
      vertex   -4.616827e+01 -1.555887e+01 6.586150e+00
      vertex   -4.616827e+01 -1.573869e+01 6.152024e+00
    endloop
  endfacet
  facet normal -9.389236e-01 3.309889e-01 -9.417446e-02
    outer loop
      vertex   -4.718739e+01 -1.828940e+01 7.347862e+00
      vertex   -4.616827e+01 -1.573869e+01 6.152024e+00
      vertex   -4.718739e+01 -1.852170e+01 6.531398e+00
    endloop
  endfacet
  facet normal -9.400335e-01 3.381641e-01 -4.452015e-02
    outer loop
      vertex   -4.718739e+01 -1.852170e+01 6.531398e+00
      vertex   -4.616827e+01 -1.573869e+01 6.152024e+00
      vertex   -4.616827e+01 -1.580003e+01 5.686150e+00
    endloop
  endfacet
  facet normal -9.392210e-01 3.418485e-01 -3.167693e-02
    outer loop
      vertex   -4.718739e+01 -1.852170e+01 6.531398e+00
      vertex   -4.616827e+01 -1.580003e+01 5.686150e+00
      vertex   -4.718739e+01 -1.860003e+01 5.686150e+00
    endloop
  endfacet
  facet normal -9.396926e-01 3.420201e-01 1.628519e-15
    outer loop
      vertex   -4.616827e+01 -1.580003e+01 5.686150e+00
      vertex   -4.616827e+01 -1.580003e+01 1.586157e+00
      vertex   -4.718739e+01 -1.860003e+01 5.686150e+00
    endloop
  endfacet
  facet normal -9.396926e-01 3.420201e-01 2.963663e-16
    outer loop
      vertex   -4.718739e+01 -1.860003e+01 5.686150e+00
      vertex   -4.616827e+01 -1.580003e+01 1.586157e+00
      vertex   -4.718739e+01 -1.860003e+01 1.586157e+00
    endloop
  endfacet
  facet normal -0.000000e+00 -1.040831e-16 -1.000000e+00
    outer loop
      vertex   -4.518739e+01 -1.580003e+01 1.586157e+00
      vertex   -4.518739e+01 -2.220005e+01 1.586157e+00
      vertex   -4.616827e+01 -1.580003e+01 1.586157e+00
    endloop
  endfacet
  facet normal 6.791162e-16 7.539681e-31 -1.000000e+00
    outer loop
      vertex   -4.616827e+01 -1.580003e+01 1.586157e+00
      vertex   -4.518739e+01 -2.220005e+01 1.586157e+00
      vertex   -4.616827e+01 -2.220005e+01 1.586157e+00
    endloop
  endfacet
  facet normal -6.536384e-16 -7.256821e-31 -1.000000e+00
    outer loop
      vertex   -4.616827e+01 -1.580003e+01 1.586157e+00
      vertex   -4.616827e+01 -2.220005e+01 1.586157e+00
      vertex   -4.718739e+01 -1.940005e+01 1.586157e+00
    endloop
  endfacet
  facet normal -6.536384e-16 0.000000e+00 -1.000000e+00
    outer loop
      vertex   -4.718739e+01 -1.940005e+01 1.586157e+00
      vertex   -4.718739e+01 -1.860003e+01 1.586157e+00
      vertex   -4.616827e+01 -1.580003e+01 1.586157e+00
    endloop
  endfacet
  facet normal -6.414808e-01 -7.671391e-01 4.105826e-16
    outer loop
      vertex   4.327162e+01 1.864333e+01 1.586157e+00
      vertex   4.327162e+01 1.864333e+01 8.224105e+00
      vertex   4.295840e+01 1.890524e+01 1.586157e+00
    endloop
  endfacet
  facet normal -6.414808e-01 -7.671391e-01 0.000000e+00
    outer loop
      vertex   4.295840e+01 1.890524e+01 1.586157e+00
      vertex   4.327162e+01 1.864333e+01 8.224105e+00
      vertex   4.327162e+01 1.864333e+01 1.486205e+01
    endloop
  endfacet
  facet normal -6.414808e-01 -7.671391e-01 0.000000e+00
    outer loop
      vertex   4.295840e+01 1.890524e+01 1.586157e+00
      vertex   4.327162e+01 1.864333e+01 1.486205e+01
      vertex   4.295840e+01 1.890524e+01 2.150000e+01
    endloop
  endfacet
  facet normal -6.414808e-01 -7.671391e-01 -4.096344e-16
    outer loop
      vertex   4.295840e+01 1.890524e+01 2.150000e+01
      vertex   4.327162e+01 1.864333e+01 1.486205e+01
      vertex   4.327162e+01 1.864333e+01 2.150000e+01
    endloop
  endfacet
  facet normal -8.017837e-01 -5.976143e-01 -3.198507e-16
    outer loop
      vertex   4.327162e+01 1.864333e+01 2.150000e+01
      vertex   4.327162e+01 1.864333e+01 1.486205e+01
      vertex   4.351563e+01 1.831596e+01 2.150000e+01
    endloop
  endfacet
  facet normal -8.017837e-01 -5.976143e-01 3.198507e-16
    outer loop
      vertex   4.351563e+01 1.831596e+01 2.150000e+01
      vertex   4.327162e+01 1.864333e+01 1.486205e+01
      vertex   4.351563e+01 1.831596e+01 1.486205e+01
    endloop
  endfacet
  facet normal -9.184410e-01 -3.955579e-01 2.117076e-16
    outer loop
      vertex   4.351563e+01 1.831596e+01 2.150000e+01
      vertex   4.351563e+01 1.831596e+01 1.486205e+01
      vertex   4.367713e+01 1.794096e+01 2.150000e+01
    endloop
  endfacet
  facet normal -9.184410e-01 -3.955579e-01 -0.000000e+00
    outer loop
      vertex   4.367713e+01 1.794096e+01 2.150000e+01
      vertex   4.351563e+01 1.831596e+01 1.486205e+01
      vertex   4.367713e+01 1.794096e+01 1.486205e+01
    endloop
  endfacet
  facet normal -9.851024e-01 -1.719691e-01 -0.000000e+00
    outer loop
      vertex   4.367713e+01 1.794096e+01 2.150000e+01
      vertex   4.367713e+01 1.794096e+01 1.486205e+01
      vertex   4.374735e+01 1.753874e+01 2.150000e+01
    endloop
  endfacet
  facet normal -9.851024e-01 -1.719691e-01 0.000000e+00
    outer loop
      vertex   4.374735e+01 1.753874e+01 2.150000e+01
      vertex   4.367713e+01 1.794096e+01 1.486205e+01
      vertex   4.367713e+01 1.794096e+01 8.224105e+00
    endloop
  endfacet
  facet normal -9.851024e-01 -1.719691e-01 -0.000000e+00
    outer loop
      vertex   4.374735e+01 1.753874e+01 2.150000e+01
      vertex   4.367713e+01 1.794096e+01 8.224105e+00
      vertex   4.374735e+01 1.753874e+01 1.586157e+00
    endloop
  endfacet
  facet normal -9.851024e-01 -1.719691e-01 0.000000e+00
    outer loop
      vertex   4.374735e+01 1.753874e+01 1.586157e+00
      vertex   4.367713e+01 1.794096e+01 8.224105e+00
      vertex   4.367713e+01 1.794096e+01 1.586157e+00
    endloop
  endfacet
  facet normal -9.184410e-01 -3.955579e-01 0.000000e+00
    outer loop
      vertex   4.367713e+01 1.794096e+01 1.586157e+00
      vertex   4.367713e+01 1.794096e+01 8.224105e+00
      vertex   4.351563e+01 1.831596e+01 1.586157e+00
    endloop
  endfacet
  facet normal -9.184410e-01 -3.955579e-01 -2.117076e-16
    outer loop
      vertex   4.351563e+01 1.831596e+01 1.586157e+00
      vertex   4.367713e+01 1.794096e+01 8.224105e+00
      vertex   4.351563e+01 1.831596e+01 8.224105e+00
    endloop
  endfacet
  facet normal -8.017837e-01 -5.976143e-01 -3.198507e-16
    outer loop
      vertex   4.351563e+01 1.831596e+01 1.586157e+00
      vertex   4.351563e+01 1.831596e+01 8.224105e+00
      vertex   4.327162e+01 1.864333e+01 1.586157e+00
    endloop
  endfacet
  facet normal -8.017837e-01 -5.976143e-01 3.198507e-16
    outer loop
      vertex   4.327162e+01 1.864333e+01 1.586157e+00
      vertex   4.351563e+01 1.831596e+01 8.224105e+00
      vertex   4.327162e+01 1.864333e+01 8.224105e+00
    endloop
  endfacet
  facet normal -8.017837e-01 -5.976143e-01 0.000000e+00
    outer loop
      vertex   4.351563e+01 1.831596e+01 1.486205e+01
      vertex   4.327162e+01 1.864333e+01 1.486205e+01
      vertex   4.327162e+01 1.864333e+01 8.224105e+00
    endloop
  endfacet
  facet normal -8.017837e-01 -5.976143e-01 -0.000000e+00
    outer loop
      vertex   4.351563e+01 1.831596e+01 1.486205e+01
      vertex   4.327162e+01 1.864333e+01 8.224105e+00
      vertex   4.351563e+01 1.831596e+01 8.224105e+00
    endloop
  endfacet
  facet normal -9.184410e-01 -3.955579e-01 0.000000e+00
    outer loop
      vertex   4.367713e+01 1.794096e+01 1.486205e+01
      vertex   4.351563e+01 1.831596e+01 1.486205e+01
      vertex   4.351563e+01 1.831596e+01 8.224105e+00
    endloop
  endfacet
  facet normal -9.184410e-01 -3.955579e-01 -0.000000e+00
    outer loop
      vertex   4.367713e+01 1.794096e+01 1.486205e+01
      vertex   4.351563e+01 1.831596e+01 8.224105e+00
      vertex   4.367713e+01 1.794096e+01 8.224105e+00
    endloop
  endfacet
  facet normal -9.139610e-01 -4.058020e-01 0.000000e+00
    outer loop
      vertex   4.114545e+01 1.867172e+01 1.586157e+00
      vertex   4.114545e+01 1.867172e+01 6.564618e+00
      vertex   4.104177e+01 1.890524e+01 1.586157e+00
    endloop
  endfacet
  facet normal -9.139610e-01 -4.058020e-01 0.000000e+00
    outer loop
      vertex   4.104177e+01 1.890524e+01 1.586157e+00
      vertex   4.114545e+01 1.867172e+01 6.564618e+00
      vertex   4.114545e+01 1.867172e+01 1.154308e+01
    endloop
  endfacet
  facet normal -9.139610e-01 -4.058020e-01 0.000000e+00
    outer loop
      vertex   4.104177e+01 1.890524e+01 1.586157e+00
      vertex   4.114545e+01 1.867172e+01 1.154308e+01
      vertex   4.104177e+01 1.890524e+01 2.150000e+01
    endloop
  endfacet
  facet normal -9.139610e-01 -4.058020e-01 0.000000e+00
    outer loop
      vertex   4.104177e+01 1.890524e+01 2.150000e+01
      vertex   4.114545e+01 1.867172e+01 1.154308e+01
      vertex   4.114545e+01 1.867172e+01 1.652154e+01
    endloop
  endfacet
  facet normal -9.139610e-01 -4.058020e-01 0.000000e+00
    outer loop
      vertex   4.104177e+01 1.890524e+01 2.150000e+01
      vertex   4.114545e+01 1.867172e+01 1.652154e+01
      vertex   4.114545e+01 1.867172e+01 2.150000e+01
    endloop
  endfacet
  facet normal -7.812908e-01 -6.241672e-01 -0.000000e+00
    outer loop
      vertex   4.114545e+01 1.867172e+01 2.150000e+01
      vertex   4.114545e+01 1.867172e+01 1.652154e+01
      vertex   4.130493e+01 1.847209e+01 2.150000e+01
    endloop
  endfacet
  facet normal -7.812908e-01 -6.241672e-01 -0.000000e+00
    outer loop
      vertex   4.130493e+01 1.847209e+01 2.150000e+01
      vertex   4.114545e+01 1.867172e+01 1.652154e+01
      vertex   4.130493e+01 1.847209e+01 1.652154e+01
    endloop
  endfacet
  facet normal -5.976143e-01 -8.017837e-01 -0.000000e+00
    outer loop
      vertex   4.130493e+01 1.847209e+01 2.150000e+01
      vertex   4.130493e+01 1.847209e+01 1.652154e+01
      vertex   4.150980e+01 1.831940e+01 2.150000e+01
    endloop
  endfacet
  facet normal -5.976143e-01 -8.017837e-01 -0.000000e+00
    outer loop
      vertex   4.150980e+01 1.831940e+01 2.150000e+01
      vertex   4.130493e+01 1.847209e+01 1.652154e+01
      vertex   4.150980e+01 1.831940e+01 1.652154e+01
    endloop
  endfacet
  facet normal -3.749227e-01 -9.270561e-01 -0.000000e+00
    outer loop
      vertex   4.150980e+01 1.831940e+01 2.150000e+01
      vertex   4.150980e+01 1.831940e+01 1.652154e+01
      vertex   4.174667e+01 1.822360e+01 2.150000e+01
    endloop
  endfacet
  facet normal -3.749227e-01 -9.270561e-01 -0.000000e+00
    outer loop
      vertex   4.174667e+01 1.822360e+01 2.150000e+01
      vertex   4.150980e+01 1.831940e+01 1.652154e+01
      vertex   4.174667e+01 1.822360e+01 1.652154e+01
    endloop
  endfacet
  facet normal -1.277544e-01 -9.918058e-01 -0.000000e+00
    outer loop
      vertex   4.174667e+01 1.822360e+01 2.150000e+01
      vertex   4.174667e+01 1.822360e+01 1.652154e+01
      vertex   4.200008e+01 1.819096e+01 2.150000e+01
    endloop
  endfacet
  facet normal -1.277544e-01 -9.918058e-01 -0.000000e+00
    outer loop
      vertex   4.200008e+01 1.819096e+01 2.150000e+01
      vertex   4.174667e+01 1.822360e+01 1.652154e+01
      vertex   4.200008e+01 1.819096e+01 1.652154e+01
    endloop
  endfacet
  facet normal 1.277544e-01 -9.918058e-01 0.000000e+00
    outer loop
      vertex   4.200008e+01 1.819096e+01 2.150000e+01
      vertex   4.200008e+01 1.819096e+01 1.652154e+01
      vertex   4.225350e+01 1.822360e+01 2.150000e+01
    endloop
  endfacet
  facet normal 1.277544e-01 -9.918058e-01 0.000000e+00
    outer loop
      vertex   4.225350e+01 1.822360e+01 2.150000e+01
      vertex   4.200008e+01 1.819096e+01 1.652154e+01
      vertex   4.225350e+01 1.822360e+01 1.652154e+01
    endloop
  endfacet
  facet normal 3.749227e-01 -9.270561e-01 0.000000e+00
    outer loop
      vertex   4.225350e+01 1.822360e+01 2.150000e+01
      vertex   4.225350e+01 1.822360e+01 1.652154e+01
      vertex   4.249037e+01 1.831940e+01 2.150000e+01
    endloop
  endfacet
  facet normal 3.749227e-01 -9.270561e-01 0.000000e+00
    outer loop
      vertex   4.249037e+01 1.831940e+01 2.150000e+01
      vertex   4.225350e+01 1.822360e+01 1.652154e+01
      vertex   4.249037e+01 1.831940e+01 1.652154e+01
    endloop
  endfacet
  facet normal 5.976143e-01 -8.017837e-01 0.000000e+00
    outer loop
      vertex   4.249037e+01 1.831940e+01 2.150000e+01
      vertex   4.249037e+01 1.831940e+01 1.652154e+01
      vertex   4.269523e+01 1.847209e+01 2.150000e+01
    endloop
  endfacet
  facet normal 5.976143e-01 -8.017837e-01 0.000000e+00
    outer loop
      vertex   4.269523e+01 1.847209e+01 2.150000e+01
      vertex   4.249037e+01 1.831940e+01 1.652154e+01
      vertex   4.269523e+01 1.847209e+01 1.652154e+01
    endloop
  endfacet
  facet normal 7.812908e-01 -6.241672e-01 0.000000e+00
    outer loop
      vertex   4.269523e+01 1.847209e+01 2.150000e+01
      vertex   4.269523e+01 1.847209e+01 1.652154e+01
      vertex   4.285471e+01 1.867172e+01 2.150000e+01
    endloop
  endfacet
  facet normal 7.812908e-01 -6.241672e-01 0.000000e+00
    outer loop
      vertex   4.285471e+01 1.867172e+01 2.150000e+01
      vertex   4.269523e+01 1.847209e+01 1.652154e+01
      vertex   4.285471e+01 1.867172e+01 1.652154e+01
    endloop
  endfacet
  facet normal 9.139610e-01 -4.058020e-01 0.000000e+00
    outer loop
      vertex   4.285471e+01 1.867172e+01 2.150000e+01
      vertex   4.285471e+01 1.867172e+01 1.652154e+01
      vertex   4.295840e+01 1.890524e+01 2.150000e+01
    endloop
  endfacet
  facet normal 9.139610e-01 -4.058020e-01 0.000000e+00
    outer loop
      vertex   4.295840e+01 1.890524e+01 2.150000e+01
      vertex   4.285471e+01 1.867172e+01 1.652154e+01
      vertex   4.285471e+01 1.867172e+01 1.154308e+01
    endloop
  endfacet
  facet normal 9.139610e-01 -4.058020e-01 0.000000e+00
    outer loop
      vertex   4.295840e+01 1.890524e+01 2.150000e+01
      vertex   4.285471e+01 1.867172e+01 1.154308e+01
      vertex   4.295840e+01 1.890524e+01 1.586157e+00
    endloop
  endfacet
  facet normal 9.139610e-01 -4.058020e-01 0.000000e+00
    outer loop
      vertex   4.295840e+01 1.890524e+01 1.586157e+00
      vertex   4.285471e+01 1.867172e+01 1.154308e+01
      vertex   4.285471e+01 1.867172e+01 6.564618e+00
    endloop
  endfacet
  facet normal 9.139610e-01 -4.058020e-01 0.000000e+00
    outer loop
      vertex   4.295840e+01 1.890524e+01 1.586157e+00
      vertex   4.285471e+01 1.867172e+01 6.564618e+00
      vertex   4.285471e+01 1.867172e+01 1.586157e+00
    endloop
  endfacet
  facet normal 7.812908e-01 -6.241672e-01 0.000000e+00
    outer loop
      vertex   4.285471e+01 1.867172e+01 1.586157e+00
      vertex   4.285471e+01 1.867172e+01 6.564618e+00
      vertex   4.269523e+01 1.847209e+01 1.586157e+00
    endloop
  endfacet
  facet normal 7.812908e-01 -6.241672e-01 0.000000e+00
    outer loop
      vertex   4.269523e+01 1.847209e+01 1.586157e+00
      vertex   4.285471e+01 1.867172e+01 6.564618e+00
      vertex   4.269523e+01 1.847209e+01 6.564618e+00
    endloop
  endfacet
  facet normal 5.976143e-01 -8.017837e-01 0.000000e+00
    outer loop
      vertex   4.269523e+01 1.847209e+01 1.586157e+00
      vertex   4.269523e+01 1.847209e+01 6.564618e+00
      vertex   4.249037e+01 1.831940e+01 1.586157e+00
    endloop
  endfacet
  facet normal 5.976143e-01 -8.017837e-01 0.000000e+00
    outer loop
      vertex   4.249037e+01 1.831940e+01 1.586157e+00
      vertex   4.269523e+01 1.847209e+01 6.564618e+00
      vertex   4.249037e+01 1.831940e+01 6.564618e+00
    endloop
  endfacet
  facet normal 3.749227e-01 -9.270561e-01 0.000000e+00
    outer loop
      vertex   4.249037e+01 1.831940e+01 1.586157e+00
      vertex   4.249037e+01 1.831940e+01 6.564618e+00
      vertex   4.225350e+01 1.822360e+01 1.586157e+00
    endloop
  endfacet
  facet normal 3.749227e-01 -9.270561e-01 0.000000e+00
    outer loop
      vertex   4.225350e+01 1.822360e+01 1.586157e+00
      vertex   4.249037e+01 1.831940e+01 6.564618e+00
      vertex   4.225350e+01 1.822360e+01 6.564618e+00
    endloop
  endfacet
  facet normal 1.277544e-01 -9.918058e-01 0.000000e+00
    outer loop
      vertex   4.225350e+01 1.822360e+01 1.586157e+00
      vertex   4.225350e+01 1.822360e+01 6.564618e+00
      vertex   4.200008e+01 1.819096e+01 1.586157e+00
    endloop
  endfacet
  facet normal 1.277544e-01 -9.918058e-01 0.000000e+00
    outer loop
      vertex   4.200008e+01 1.819096e+01 1.586157e+00
      vertex   4.225350e+01 1.822360e+01 6.564618e+00
      vertex   4.200008e+01 1.819096e+01 6.564618e+00
    endloop
  endfacet
  facet normal -1.277544e-01 -9.918058e-01 0.000000e+00
    outer loop
      vertex   4.200008e+01 1.819096e+01 1.586157e+00
      vertex   4.200008e+01 1.819096e+01 6.564618e+00
      vertex   4.174667e+01 1.822360e+01 1.586157e+00
    endloop
  endfacet
  facet normal -1.277544e-01 -9.918058e-01 0.000000e+00
    outer loop
      vertex   4.174667e+01 1.822360e+01 1.586157e+00
      vertex   4.200008e+01 1.819096e+01 6.564618e+00
      vertex   4.174667e+01 1.822360e+01 6.564618e+00
    endloop
  endfacet
  facet normal -3.749227e-01 -9.270561e-01 0.000000e+00
    outer loop
      vertex   4.174667e+01 1.822360e+01 1.586157e+00
      vertex   4.174667e+01 1.822360e+01 6.564618e+00
      vertex   4.150980e+01 1.831940e+01 1.586157e+00
    endloop
  endfacet
  facet normal -3.749227e-01 -9.270561e-01 0.000000e+00
    outer loop
      vertex   4.150980e+01 1.831940e+01 1.586157e+00
      vertex   4.174667e+01 1.822360e+01 6.564618e+00
      vertex   4.150980e+01 1.831940e+01 6.564618e+00
    endloop
  endfacet
  facet normal -5.976143e-01 -8.017837e-01 0.000000e+00
    outer loop
      vertex   4.150980e+01 1.831940e+01 1.586157e+00
      vertex   4.150980e+01 1.831940e+01 6.564618e+00
      vertex   4.130493e+01 1.847209e+01 1.586157e+00
    endloop
  endfacet
  facet normal -5.976143e-01 -8.017837e-01 0.000000e+00
    outer loop
      vertex   4.130493e+01 1.847209e+01 1.586157e+00
      vertex   4.150980e+01 1.831940e+01 6.564618e+00
      vertex   4.130493e+01 1.847209e+01 6.564618e+00
    endloop
  endfacet
  facet normal -7.812908e-01 -6.241672e-01 0.000000e+00
    outer loop
      vertex   4.130493e+01 1.847209e+01 1.586157e+00
      vertex   4.130493e+01 1.847209e+01 6.564618e+00
      vertex   4.114545e+01 1.867172e+01 1.586157e+00
    endloop
  endfacet
  facet normal -7.812908e-01 -6.241672e-01 0.000000e+00
    outer loop
      vertex   4.114545e+01 1.867172e+01 1.586157e+00
      vertex   4.130493e+01 1.847209e+01 6.564618e+00
      vertex   4.114545e+01 1.867172e+01 6.564618e+00
    endloop
  endfacet
  facet normal -7.812908e-01 -6.241672e-01 0.000000e+00
    outer loop
      vertex   4.130493e+01 1.847209e+01 1.652154e+01
      vertex   4.114545e+01 1.867172e+01 1.652154e+01
      vertex   4.114545e+01 1.867172e+01 1.154308e+01
    endloop
  endfacet
  facet normal -7.812908e-01 -6.241672e-01 -0.000000e+00
    outer loop
      vertex   4.114545e+01 1.867172e+01 1.154308e+01
      vertex   4.114545e+01 1.867172e+01 6.564618e+00
      vertex   4.130493e+01 1.847209e+01 1.154308e+01
    endloop
  endfacet
  facet normal -7.812908e-01 -6.241672e-01 -0.000000e+00
    outer loop
      vertex   4.130493e+01 1.847209e+01 1.154308e+01
      vertex   4.114545e+01 1.867172e+01 6.564618e+00
      vertex   4.130493e+01 1.847209e+01 6.564618e+00
    endloop
  endfacet
  facet normal -5.976143e-01 -8.017837e-01 -0.000000e+00
    outer loop
      vertex   4.130493e+01 1.847209e+01 1.154308e+01
      vertex   4.130493e+01 1.847209e+01 6.564618e+00
      vertex   4.150980e+01 1.831940e+01 1.154308e+01
    endloop
  endfacet
  facet normal -5.976143e-01 -8.017837e-01 -0.000000e+00
    outer loop
      vertex   4.150980e+01 1.831940e+01 1.154308e+01
      vertex   4.130493e+01 1.847209e+01 6.564618e+00
      vertex   4.150980e+01 1.831940e+01 6.564618e+00
    endloop
  endfacet
  facet normal -3.749227e-01 -9.270561e-01 -0.000000e+00
    outer loop
      vertex   4.150980e+01 1.831940e+01 1.154308e+01
      vertex   4.150980e+01 1.831940e+01 6.564618e+00
      vertex   4.174667e+01 1.822360e+01 1.154308e+01
    endloop
  endfacet
  facet normal -3.749227e-01 -9.270561e-01 -0.000000e+00
    outer loop
      vertex   4.174667e+01 1.822360e+01 1.154308e+01
      vertex   4.150980e+01 1.831940e+01 6.564618e+00
      vertex   4.174667e+01 1.822360e+01 6.564618e+00
    endloop
  endfacet
  facet normal -1.277544e-01 -9.918058e-01 -0.000000e+00
    outer loop
      vertex   4.174667e+01 1.822360e+01 1.154308e+01
      vertex   4.174667e+01 1.822360e+01 6.564618e+00
      vertex   4.200008e+01 1.819096e+01 1.154308e+01
    endloop
  endfacet
  facet normal -1.277544e-01 -9.918058e-01 -0.000000e+00
    outer loop
      vertex   4.200008e+01 1.819096e+01 1.154308e+01
      vertex   4.174667e+01 1.822360e+01 6.564618e+00
      vertex   4.200008e+01 1.819096e+01 6.564618e+00
    endloop
  endfacet
  facet normal 1.277544e-01 -9.918058e-01 0.000000e+00
    outer loop
      vertex   4.200008e+01 1.819096e+01 1.154308e+01
      vertex   4.200008e+01 1.819096e+01 6.564618e+00
      vertex   4.225350e+01 1.822360e+01 1.154308e+01
    endloop
  endfacet
  facet normal 1.277544e-01 -9.918058e-01 0.000000e+00
    outer loop
      vertex   4.225350e+01 1.822360e+01 1.154308e+01
      vertex   4.200008e+01 1.819096e+01 6.564618e+00
      vertex   4.225350e+01 1.822360e+01 6.564618e+00
    endloop
  endfacet
  facet normal 3.749227e-01 -9.270561e-01 0.000000e+00
    outer loop
      vertex   4.225350e+01 1.822360e+01 1.154308e+01
      vertex   4.225350e+01 1.822360e+01 6.564618e+00
      vertex   4.249037e+01 1.831940e+01 1.154308e+01
    endloop
  endfacet
  facet normal 3.749227e-01 -9.270561e-01 0.000000e+00
    outer loop
      vertex   4.249037e+01 1.831940e+01 1.154308e+01
      vertex   4.225350e+01 1.822360e+01 6.564618e+00
      vertex   4.249037e+01 1.831940e+01 6.564618e+00
    endloop
  endfacet
  facet normal 5.976143e-01 -8.017837e-01 0.000000e+00
    outer loop
      vertex   4.249037e+01 1.831940e+01 1.154308e+01
      vertex   4.249037e+01 1.831940e+01 6.564618e+00
      vertex   4.269523e+01 1.847209e+01 1.154308e+01
    endloop
  endfacet
  facet normal 5.976143e-01 -8.017837e-01 0.000000e+00
    outer loop
      vertex   4.269523e+01 1.847209e+01 1.154308e+01
      vertex   4.249037e+01 1.831940e+01 6.564618e+00
      vertex   4.269523e+01 1.847209e+01 6.564618e+00
    endloop
  endfacet
  facet normal 7.812908e-01 -6.241672e-01 0.000000e+00
    outer loop
      vertex   4.269523e+01 1.847209e+01 1.154308e+01
      vertex   4.269523e+01 1.847209e+01 6.564618e+00
      vertex   4.285471e+01 1.867172e+01 1.154308e+01
    endloop
  endfacet
  facet normal 7.812908e-01 -6.241672e-01 0.000000e+00
    outer loop
      vertex   4.285471e+01 1.867172e+01 1.154308e+01
      vertex   4.269523e+01 1.847209e+01 6.564618e+00
      vertex   4.285471e+01 1.867172e+01 6.564618e+00
    endloop
  endfacet
  facet normal -5.976143e-01 -8.017837e-01 0.000000e+00
    outer loop
      vertex   4.150980e+01 1.831940e+01 1.652154e+01
      vertex   4.130493e+01 1.847209e+01 1.652154e+01
      vertex   4.130493e+01 1.847209e+01 1.154308e+01
    endloop
  endfacet
  facet normal -7.812908e-01 -6.241672e-01 0.000000e+00
    outer loop
      vertex   4.130493e+01 1.847209e+01 1.154308e+01
      vertex   4.130493e+01 1.847209e+01 1.652154e+01
      vertex   4.114545e+01 1.867172e+01 1.154308e+01
    endloop
  endfacet
  facet normal -5.976143e-01 -8.017837e-01 -0.000000e+00
    outer loop
      vertex   4.150980e+01 1.831940e+01 1.652154e+01
      vertex   4.130493e+01 1.847209e+01 1.154308e+01
      vertex   4.150980e+01 1.831940e+01 1.154308e+01
    endloop
  endfacet
  facet normal -3.749227e-01 -9.270561e-01 0.000000e+00
    outer loop
      vertex   4.174667e+01 1.822360e+01 1.652154e+01
      vertex   4.150980e+01 1.831940e+01 1.652154e+01
      vertex   4.150980e+01 1.831940e+01 1.154308e+01
    endloop
  endfacet
  facet normal -3.749227e-01 -9.270561e-01 -0.000000e+00
    outer loop
      vertex   4.174667e+01 1.822360e+01 1.652154e+01
      vertex   4.150980e+01 1.831940e+01 1.154308e+01
      vertex   4.174667e+01 1.822360e+01 1.154308e+01
    endloop
  endfacet
  facet normal -1.277544e-01 -9.918058e-01 0.000000e+00
    outer loop
      vertex   4.200008e+01 1.819096e+01 1.652154e+01
      vertex   4.174667e+01 1.822360e+01 1.652154e+01
      vertex   4.174667e+01 1.822360e+01 1.154308e+01
    endloop
  endfacet
  facet normal -1.277544e-01 -9.918058e-01 -0.000000e+00
    outer loop
      vertex   4.200008e+01 1.819096e+01 1.652154e+01
      vertex   4.174667e+01 1.822360e+01 1.154308e+01
      vertex   4.200008e+01 1.819096e+01 1.154308e+01
    endloop
  endfacet
  facet normal 1.277544e-01 -9.918058e-01 0.000000e+00
    outer loop
      vertex   4.225350e+01 1.822360e+01 1.652154e+01
      vertex   4.200008e+01 1.819096e+01 1.652154e+01
      vertex   4.200008e+01 1.819096e+01 1.154308e+01
    endloop
  endfacet
  facet normal 1.277544e-01 -9.918058e-01 0.000000e+00
    outer loop
      vertex   4.225350e+01 1.822360e+01 1.652154e+01
      vertex   4.200008e+01 1.819096e+01 1.154308e+01
      vertex   4.225350e+01 1.822360e+01 1.154308e+01
    endloop
  endfacet
  facet normal 3.749227e-01 -9.270561e-01 0.000000e+00
    outer loop
      vertex   4.249037e+01 1.831940e+01 1.652154e+01
      vertex   4.225350e+01 1.822360e+01 1.652154e+01
      vertex   4.225350e+01 1.822360e+01 1.154308e+01
    endloop
  endfacet
  facet normal 3.749227e-01 -9.270561e-01 0.000000e+00
    outer loop
      vertex   4.249037e+01 1.831940e+01 1.652154e+01
      vertex   4.225350e+01 1.822360e+01 1.154308e+01
      vertex   4.249037e+01 1.831940e+01 1.154308e+01
    endloop
  endfacet
  facet normal 5.976143e-01 -8.017837e-01 0.000000e+00
    outer loop
      vertex   4.269523e+01 1.847209e+01 1.652154e+01
      vertex   4.249037e+01 1.831940e+01 1.652154e+01
      vertex   4.249037e+01 1.831940e+01 1.154308e+01
    endloop
  endfacet
  facet normal 5.976143e-01 -8.017837e-01 0.000000e+00
    outer loop
      vertex   4.269523e+01 1.847209e+01 1.652154e+01
      vertex   4.249037e+01 1.831940e+01 1.154308e+01
      vertex   4.269523e+01 1.847209e+01 1.154308e+01
    endloop
  endfacet
  facet normal 7.812908e-01 -6.241672e-01 0.000000e+00
    outer loop
      vertex   4.285471e+01 1.867172e+01 1.652154e+01
      vertex   4.269523e+01 1.847209e+01 1.652154e+01
      vertex   4.269523e+01 1.847209e+01 1.154308e+01
    endloop
  endfacet
  facet normal 7.812908e-01 -6.241672e-01 0.000000e+00
    outer loop
      vertex   4.285471e+01 1.867172e+01 1.652154e+01
      vertex   4.269523e+01 1.847209e+01 1.154308e+01
      vertex   4.285471e+01 1.867172e+01 1.154308e+01
    endloop
  endfacet
  facet normal 9.851024e-01 -1.719691e-01 0.000000e+00
    outer loop
      vertex   4.032303e+01 1.794096e+01 1.586157e+00
      vertex   4.032303e+01 1.794096e+01 8.224105e+00
      vertex   4.025282e+01 1.753874e+01 1.586157e+00
    endloop
  endfacet
  facet normal 9.851024e-01 -1.719691e-01 0.000000e+00
    outer loop
      vertex   4.025282e+01 1.753874e+01 1.586157e+00
      vertex   4.032303e+01 1.794096e+01 8.224105e+00
      vertex   4.032303e+01 1.794096e+01 1.486205e+01
    endloop
  endfacet
  facet normal 9.851024e-01 -1.719691e-01 0.000000e+00
    outer loop
      vertex   4.025282e+01 1.753874e+01 1.586157e+00
      vertex   4.032303e+01 1.794096e+01 1.486205e+01
      vertex   4.025282e+01 1.753874e+01 2.150000e+01
    endloop
  endfacet
  facet normal 9.851024e-01 -1.719691e-01 0.000000e+00
    outer loop
      vertex   4.025282e+01 1.753874e+01 2.150000e+01
      vertex   4.032303e+01 1.794096e+01 1.486205e+01
      vertex   4.032303e+01 1.794096e+01 2.150000e+01
    endloop
  endfacet
  facet normal 9.184410e-01 -3.955579e-01 0.000000e+00
    outer loop
      vertex   4.032303e+01 1.794096e+01 2.150000e+01
      vertex   4.032303e+01 1.794096e+01 1.486205e+01
      vertex   4.048454e+01 1.831596e+01 2.150000e+01
    endloop
  endfacet
  facet normal 9.184410e-01 -3.955579e-01 0.000000e+00
    outer loop
      vertex   4.048454e+01 1.831596e+01 2.150000e+01
      vertex   4.032303e+01 1.794096e+01 1.486205e+01
      vertex   4.048454e+01 1.831596e+01 1.486205e+01
    endloop
  endfacet
  facet normal 8.017837e-01 -5.976143e-01 0.000000e+00
    outer loop
      vertex   4.048454e+01 1.831596e+01 2.150000e+01
      vertex   4.048454e+01 1.831596e+01 1.486205e+01
      vertex   4.072854e+01 1.864333e+01 2.150000e+01
    endloop
  endfacet
  facet normal 8.017837e-01 -5.976143e-01 0.000000e+00
    outer loop
      vertex   4.072854e+01 1.864333e+01 2.150000e+01
      vertex   4.048454e+01 1.831596e+01 1.486205e+01
      vertex   4.072854e+01 1.864333e+01 1.486205e+01
    endloop
  endfacet
  facet normal 6.414808e-01 -7.671391e-01 0.000000e+00
    outer loop
      vertex   4.072854e+01 1.864333e+01 2.150000e+01
      vertex   4.072854e+01 1.864333e+01 1.486205e+01
      vertex   4.104177e+01 1.890524e+01 2.150000e+01
    endloop
  endfacet
  facet normal 6.414808e-01 -7.671391e-01 0.000000e+00
    outer loop
      vertex   4.104177e+01 1.890524e+01 2.150000e+01
      vertex   4.072854e+01 1.864333e+01 1.486205e+01
      vertex   4.072854e+01 1.864333e+01 8.224105e+00
    endloop
  endfacet
  facet normal 6.414808e-01 -7.671391e-01 0.000000e+00
    outer loop
      vertex   4.104177e+01 1.890524e+01 2.150000e+01
      vertex   4.072854e+01 1.864333e+01 8.224105e+00
      vertex   4.104177e+01 1.890524e+01 1.586157e+00
    endloop
  endfacet
  facet normal 6.414808e-01 -7.671391e-01 0.000000e+00
    outer loop
      vertex   4.104177e+01 1.890524e+01 1.586157e+00
      vertex   4.072854e+01 1.864333e+01 8.224105e+00
      vertex   4.072854e+01 1.864333e+01 1.586157e+00
    endloop
  endfacet
  facet normal 8.017837e-01 -5.976143e-01 0.000000e+00
    outer loop
      vertex   4.072854e+01 1.864333e+01 1.586157e+00
      vertex   4.072854e+01 1.864333e+01 8.224105e+00
      vertex   4.048454e+01 1.831596e+01 1.586157e+00
    endloop
  endfacet
  facet normal 8.017837e-01 -5.976143e-01 0.000000e+00
    outer loop
      vertex   4.048454e+01 1.831596e+01 1.586157e+00
      vertex   4.072854e+01 1.864333e+01 8.224105e+00
      vertex   4.048454e+01 1.831596e+01 8.224105e+00
    endloop
  endfacet
  facet normal 9.184410e-01 -3.955579e-01 0.000000e+00
    outer loop
      vertex   4.048454e+01 1.831596e+01 1.586157e+00
      vertex   4.048454e+01 1.831596e+01 8.224105e+00
      vertex   4.032303e+01 1.794096e+01 1.586157e+00
    endloop
  endfacet
  facet normal 9.184410e-01 -3.955579e-01 0.000000e+00
    outer loop
      vertex   4.032303e+01 1.794096e+01 1.586157e+00
      vertex   4.048454e+01 1.831596e+01 8.224105e+00
      vertex   4.032303e+01 1.794096e+01 8.224105e+00
    endloop
  endfacet
  facet normal 9.184410e-01 -3.955579e-01 0.000000e+00
    outer loop
      vertex   4.048454e+01 1.831596e+01 1.486205e+01
      vertex   4.032303e+01 1.794096e+01 1.486205e+01
      vertex   4.032303e+01 1.794096e+01 8.224105e+00
    endloop
  endfacet
  facet normal 9.184410e-01 -3.955579e-01 0.000000e+00
    outer loop
      vertex   4.048454e+01 1.831596e+01 1.486205e+01
      vertex   4.032303e+01 1.794096e+01 8.224105e+00
      vertex   4.048454e+01 1.831596e+01 8.224105e+00
    endloop
  endfacet
  facet normal 8.017837e-01 -5.976143e-01 0.000000e+00
    outer loop
      vertex   4.072854e+01 1.864333e+01 1.486205e+01
      vertex   4.048454e+01 1.831596e+01 1.486205e+01
      vertex   4.048454e+01 1.831596e+01 8.224105e+00
    endloop
  endfacet
  facet normal 8.017837e-01 -5.976143e-01 0.000000e+00
    outer loop
      vertex   4.072854e+01 1.864333e+01 1.486205e+01
      vertex   4.048454e+01 1.831596e+01 8.224105e+00
      vertex   4.072854e+01 1.864333e+01 8.224105e+00
    endloop
  endfacet
  facet normal 8.084154e-01 -5.886125e-01 0.000000e+00
    outer loop
      vertex   4.136153e+01 1.608545e+01 1.586157e+00
      vertex   4.136153e+01 1.608545e+01 6.564618e+00
      vertex   4.121113e+01 1.587889e+01 1.586157e+00
    endloop
  endfacet
  facet normal 8.084154e-01 -5.886125e-01 0.000000e+00
    outer loop
      vertex   4.121113e+01 1.587889e+01 1.586157e+00
      vertex   4.136153e+01 1.608545e+01 6.564618e+00
      vertex   4.136153e+01 1.608545e+01 1.154308e+01
    endloop
  endfacet
  facet normal 8.084154e-01 -5.886125e-01 0.000000e+00
    outer loop
      vertex   4.121113e+01 1.587889e+01 1.586157e+00
      vertex   4.136153e+01 1.608545e+01 1.154308e+01
      vertex   4.121113e+01 1.587889e+01 2.150000e+01
    endloop
  endfacet
  facet normal 8.084154e-01 -5.886125e-01 0.000000e+00
    outer loop
      vertex   4.121113e+01 1.587889e+01 2.150000e+01
      vertex   4.136153e+01 1.608545e+01 1.154308e+01
      vertex   4.136153e+01 1.608545e+01 1.652154e+01
    endloop
  endfacet
  facet normal 8.084154e-01 -5.886125e-01 0.000000e+00
    outer loop
      vertex   4.121113e+01 1.587889e+01 2.150000e+01
      vertex   4.136153e+01 1.608545e+01 1.652154e+01
      vertex   4.136153e+01 1.608545e+01 2.150000e+01
    endloop
  endfacet
  facet normal 9.311900e-01 -3.645341e-01 0.000000e+00
    outer loop
      vertex   4.136153e+01 1.608545e+01 2.150000e+01
      vertex   4.136153e+01 1.608545e+01 1.652154e+01
      vertex   4.145467e+01 1.632337e+01 2.150000e+01
    endloop
  endfacet
  facet normal 9.311900e-01 -3.645341e-01 -1.589164e-15
    outer loop
      vertex   4.145467e+01 1.632337e+01 2.150000e+01
      vertex   4.136153e+01 1.608545e+01 1.652154e+01
      vertex   4.145467e+01 1.632337e+01 1.652154e+01
    endloop
  endfacet
  facet normal 9.931722e-01 -1.166573e-01 -1.500738e-15
    outer loop
      vertex   4.145467e+01 1.632337e+01 2.150000e+01
      vertex   4.145467e+01 1.632337e+01 1.652154e+01
      vertex   4.148447e+01 1.657714e+01 2.150000e+01
    endloop
  endfacet
  facet normal 9.931722e-01 -1.166573e-01 1.417489e-15
    outer loop
      vertex   4.148447e+01 1.657714e+01 2.150000e+01
      vertex   4.145467e+01 1.632337e+01 1.652154e+01
      vertex   4.148447e+01 1.657714e+01 1.652154e+01
    endloop
  endfacet
  facet normal 9.903155e-01 1.388355e-01 1.413412e-15
    outer loop
      vertex   4.148447e+01 1.657714e+01 2.150000e+01
      vertex   4.148447e+01 1.657714e+01 1.652154e+01
      vertex   4.144900e+01 1.683017e+01 2.150000e+01
    endloop
  endfacet
  facet normal 9.903155e-01 1.388355e-01 -2.925899e-15
    outer loop
      vertex   4.144900e+01 1.683017e+01 2.150000e+01
      vertex   4.148447e+01 1.657714e+01 1.652154e+01
      vertex   4.144900e+01 1.683017e+01 1.652154e+01
    endloop
  endfacet
  facet normal 9.228062e-01 3.852644e-01 -2.909052e-15
    outer loop
      vertex   4.144900e+01 1.683017e+01 2.150000e+01
      vertex   4.144900e+01 1.683017e+01 1.652154e+01
      vertex   4.135056e+01 1.706596e+01 2.150000e+01
    endloop
  endfacet
  facet normal 9.228062e-01 3.852644e-01 1.866923e-15
    outer loop
      vertex   4.135056e+01 1.706596e+01 2.150000e+01
      vertex   4.144900e+01 1.683017e+01 1.652154e+01
      vertex   4.135056e+01 1.706596e+01 1.652154e+01
    endloop
  endfacet
  facet normal 7.950519e-01 6.065414e-01 2.000401e-15
    outer loop
      vertex   4.135056e+01 1.706596e+01 2.150000e+01
      vertex   4.135056e+01 1.706596e+01 1.652154e+01
      vertex   4.119559e+01 1.726910e+01 2.150000e+01
    endloop
  endfacet
  facet normal 7.950519e-01 6.065414e-01 0.000000e+00
    outer loop
      vertex   4.119559e+01 1.726910e+01 2.150000e+01
      vertex   4.135056e+01 1.706596e+01 1.652154e+01
      vertex   4.119559e+01 1.726910e+01 1.652154e+01
    endloop
  endfacet
  facet normal 6.153928e-01 7.882206e-01 0.000000e+00
    outer loop
      vertex   4.119559e+01 1.726910e+01 2.150000e+01
      vertex   4.119559e+01 1.726910e+01 1.652154e+01
      vertex   4.099419e+01 1.742634e+01 2.150000e+01
    endloop
  endfacet
  facet normal 6.153928e-01 7.882206e-01 0.000000e+00
    outer loop
      vertex   4.099419e+01 1.742634e+01 2.150000e+01
      vertex   4.119559e+01 1.726910e+01 1.652154e+01
      vertex   4.099419e+01 1.742634e+01 1.652154e+01
    endloop
  endfacet
  facet normal 3.955579e-01 9.184410e-01 0.000000e+00
    outer loop
      vertex   4.099419e+01 1.742634e+01 2.150000e+01
      vertex   4.099419e+01 1.742634e+01 1.652154e+01
      vertex   4.075952e+01 1.752741e+01 2.150000e+01
    endloop
  endfacet
  facet normal 3.955579e-01 9.184410e-01 0.000000e+00
    outer loop
      vertex   4.075952e+01 1.752741e+01 2.150000e+01
      vertex   4.099419e+01 1.742634e+01 1.652154e+01
      vertex   4.075952e+01 1.752741e+01 1.652154e+01
    endloop
  endfacet
  facet normal 1.498992e-01 9.887013e-01 0.000000e+00
    outer loop
      vertex   4.075952e+01 1.752741e+01 2.150000e+01
      vertex   4.075952e+01 1.752741e+01 1.652154e+01
      vertex   4.050690e+01 1.756571e+01 2.150000e+01
    endloop
  endfacet
  facet normal 1.498992e-01 9.887013e-01 0.000000e+00
    outer loop
      vertex   4.050690e+01 1.756571e+01 2.150000e+01
      vertex   4.075952e+01 1.752741e+01 1.652154e+01
      vertex   4.050690e+01 1.756571e+01 1.652154e+01
    endloop
  endfacet
  facet normal -1.055457e-01 9.944145e-01 0.000000e+00
    outer loop
      vertex   4.050690e+01 1.756571e+01 2.150000e+01
      vertex   4.050690e+01 1.756571e+01 1.652154e+01
      vertex   4.025282e+01 1.753874e+01 2.150000e+01
    endloop
  endfacet
  facet normal -1.055457e-01 9.944145e-01 0.000000e+00
    outer loop
      vertex   4.025282e+01 1.753874e+01 2.150000e+01
      vertex   4.050690e+01 1.756571e+01 1.652154e+01
      vertex   4.050690e+01 1.756571e+01 1.154308e+01
    endloop
  endfacet
  facet normal -1.055457e-01 9.944145e-01 0.000000e+00
    outer loop
      vertex   4.025282e+01 1.753874e+01 2.150000e+01
      vertex   4.050690e+01 1.756571e+01 1.154308e+01
      vertex   4.025282e+01 1.753874e+01 1.586157e+00
    endloop
  endfacet
  facet normal -1.055457e-01 9.944145e-01 0.000000e+00
    outer loop
      vertex   4.025282e+01 1.753874e+01 1.586157e+00
      vertex   4.050690e+01 1.756571e+01 1.154308e+01
      vertex   4.050690e+01 1.756571e+01 6.564618e+00
    endloop
  endfacet
  facet normal -1.055457e-01 9.944145e-01 0.000000e+00
    outer loop
      vertex   4.025282e+01 1.753874e+01 1.586157e+00
      vertex   4.050690e+01 1.756571e+01 6.564618e+00
      vertex   4.050690e+01 1.756571e+01 1.586157e+00
    endloop
  endfacet
  facet normal 1.498992e-01 9.887013e-01 -0.000000e+00
    outer loop
      vertex   4.050690e+01 1.756571e+01 1.586157e+00
      vertex   4.050690e+01 1.756571e+01 6.564618e+00
      vertex   4.075952e+01 1.752741e+01 1.586157e+00
    endloop
  endfacet
  facet normal 1.498992e-01 9.887013e-01 -0.000000e+00
    outer loop
      vertex   4.075952e+01 1.752741e+01 1.586157e+00
      vertex   4.050690e+01 1.756571e+01 6.564618e+00
      vertex   4.075952e+01 1.752741e+01 6.564618e+00
    endloop
  endfacet
  facet normal 3.955579e-01 9.184410e-01 -0.000000e+00
    outer loop
      vertex   4.075952e+01 1.752741e+01 1.586157e+00
      vertex   4.075952e+01 1.752741e+01 6.564618e+00
      vertex   4.099419e+01 1.742634e+01 1.586157e+00
    endloop
  endfacet
  facet normal 3.955579e-01 9.184410e-01 -0.000000e+00
    outer loop
      vertex   4.099419e+01 1.742634e+01 1.586157e+00
      vertex   4.075952e+01 1.752741e+01 6.564618e+00
      vertex   4.099419e+01 1.742634e+01 6.564618e+00
    endloop
  endfacet
  facet normal 6.153928e-01 7.882206e-01 -0.000000e+00
    outer loop
      vertex   4.099419e+01 1.742634e+01 1.586157e+00
      vertex   4.099419e+01 1.742634e+01 6.564618e+00
      vertex   4.119559e+01 1.726910e+01 1.586157e+00
    endloop
  endfacet
  facet normal 6.153928e-01 7.882206e-01 -0.000000e+00
    outer loop
      vertex   4.119559e+01 1.726910e+01 1.586157e+00
      vertex   4.099419e+01 1.742634e+01 6.564618e+00
      vertex   4.119559e+01 1.726910e+01 6.564618e+00
    endloop
  endfacet
  facet normal 7.950519e-01 6.065414e-01 -0.000000e+00
    outer loop
      vertex   4.119559e+01 1.726910e+01 1.586157e+00
      vertex   4.119559e+01 1.726910e+01 6.564618e+00
      vertex   4.135056e+01 1.706596e+01 1.586157e+00
    endloop
  endfacet
  facet normal 7.950519e-01 6.065414e-01 -2.000401e-15
    outer loop
      vertex   4.135056e+01 1.706596e+01 1.586157e+00
      vertex   4.119559e+01 1.726910e+01 6.564618e+00
      vertex   4.135056e+01 1.706596e+01 6.564618e+00
    endloop
  endfacet
  facet normal 9.228062e-01 3.852644e-01 -1.866923e-15
    outer loop
      vertex   4.135056e+01 1.706596e+01 1.586157e+00
      vertex   4.135056e+01 1.706596e+01 6.564618e+00
      vertex   4.144900e+01 1.683017e+01 1.586157e+00
    endloop
  endfacet
  facet normal 9.228062e-01 3.852644e-01 2.909052e-15
    outer loop
      vertex   4.144900e+01 1.683017e+01 1.586157e+00
      vertex   4.135056e+01 1.706596e+01 6.564618e+00
      vertex   4.144900e+01 1.683017e+01 6.564618e+00
    endloop
  endfacet
  facet normal 9.903155e-01 1.388355e-01 2.925899e-15
    outer loop
      vertex   4.144900e+01 1.683017e+01 1.586157e+00
      vertex   4.144900e+01 1.683017e+01 6.564618e+00
      vertex   4.148447e+01 1.657714e+01 1.586157e+00
    endloop
  endfacet
  facet normal 9.903155e-01 1.388355e-01 -1.413412e-15
    outer loop
      vertex   4.148447e+01 1.657714e+01 1.586157e+00
      vertex   4.144900e+01 1.683017e+01 6.564618e+00
      vertex   4.148447e+01 1.657714e+01 6.564618e+00
    endloop
  endfacet
  facet normal 9.931722e-01 -1.166573e-01 -1.417489e-15
    outer loop
      vertex   4.148447e+01 1.657714e+01 1.586157e+00
      vertex   4.148447e+01 1.657714e+01 6.564618e+00
      vertex   4.145467e+01 1.632337e+01 1.586157e+00
    endloop
  endfacet
  facet normal 9.931722e-01 -1.166573e-01 1.500738e-15
    outer loop
      vertex   4.145467e+01 1.632337e+01 1.586157e+00
      vertex   4.148447e+01 1.657714e+01 6.564618e+00
      vertex   4.145467e+01 1.632337e+01 6.564618e+00
    endloop
  endfacet
  facet normal 9.311900e-01 -3.645341e-01 1.589164e-15
    outer loop
      vertex   4.145467e+01 1.632337e+01 1.586157e+00
      vertex   4.145467e+01 1.632337e+01 6.564618e+00
      vertex   4.136153e+01 1.608545e+01 1.586157e+00
    endloop
  endfacet
  facet normal 9.311900e-01 -3.645341e-01 0.000000e+00
    outer loop
      vertex   4.136153e+01 1.608545e+01 1.586157e+00
      vertex   4.145467e+01 1.632337e+01 6.564618e+00
      vertex   4.136153e+01 1.608545e+01 6.564618e+00
    endloop
  endfacet
  facet normal 9.311900e-01 -3.645341e-01 0.000000e+00
    outer loop
      vertex   4.145467e+01 1.632337e+01 1.652154e+01
      vertex   4.136153e+01 1.608545e+01 1.652154e+01
      vertex   4.136153e+01 1.608545e+01 1.154308e+01
    endloop
  endfacet
  facet normal 9.311900e-01 -3.645341e-01 0.000000e+00
    outer loop
      vertex   4.136153e+01 1.608545e+01 1.154308e+01
      vertex   4.136153e+01 1.608545e+01 6.564618e+00
      vertex   4.145467e+01 1.632337e+01 1.154308e+01
    endloop
  endfacet
  facet normal 9.311900e-01 -3.645341e-01 0.000000e+00
    outer loop
      vertex   4.145467e+01 1.632337e+01 1.154308e+01
      vertex   4.136153e+01 1.608545e+01 6.564618e+00
      vertex   4.145467e+01 1.632337e+01 6.564618e+00
    endloop
  endfacet
  facet normal 9.931722e-01 -1.166573e-01 0.000000e+00
    outer loop
      vertex   4.145467e+01 1.632337e+01 1.154308e+01
      vertex   4.145467e+01 1.632337e+01 6.564618e+00
      vertex   4.148447e+01 1.657714e+01 1.154308e+01
    endloop
  endfacet
  facet normal 9.931722e-01 -1.166573e-01 0.000000e+00
    outer loop
      vertex   4.148447e+01 1.657714e+01 1.154308e+01
      vertex   4.145467e+01 1.632337e+01 6.564618e+00
      vertex   4.148447e+01 1.657714e+01 6.564618e+00
    endloop
  endfacet
  facet normal 9.903155e-01 1.388355e-01 0.000000e+00
    outer loop
      vertex   4.148447e+01 1.657714e+01 1.154308e+01
      vertex   4.148447e+01 1.657714e+01 6.564618e+00
      vertex   4.144900e+01 1.683017e+01 1.154308e+01
    endloop
  endfacet
  facet normal 9.903155e-01 1.388355e-01 0.000000e+00
    outer loop
      vertex   4.144900e+01 1.683017e+01 1.154308e+01
      vertex   4.148447e+01 1.657714e+01 6.564618e+00
      vertex   4.144900e+01 1.683017e+01 6.564618e+00
    endloop
  endfacet
  facet normal 9.228062e-01 3.852644e-01 0.000000e+00
    outer loop
      vertex   4.144900e+01 1.683017e+01 1.154308e+01
      vertex   4.144900e+01 1.683017e+01 6.564618e+00
      vertex   4.135056e+01 1.706596e+01 1.154308e+01
    endloop
  endfacet
  facet normal 9.228062e-01 3.852644e-01 0.000000e+00
    outer loop
      vertex   4.135056e+01 1.706596e+01 1.154308e+01
      vertex   4.144900e+01 1.683017e+01 6.564618e+00
      vertex   4.135056e+01 1.706596e+01 6.564618e+00
    endloop
  endfacet
  facet normal 7.950519e-01 6.065414e-01 0.000000e+00
    outer loop
      vertex   4.135056e+01 1.706596e+01 1.154308e+01
      vertex   4.135056e+01 1.706596e+01 6.564618e+00
      vertex   4.119559e+01 1.726910e+01 1.154308e+01
    endloop
  endfacet
  facet normal 7.950519e-01 6.065414e-01 0.000000e+00
    outer loop
      vertex   4.119559e+01 1.726910e+01 1.154308e+01
      vertex   4.135056e+01 1.706596e+01 6.564618e+00
      vertex   4.119559e+01 1.726910e+01 6.564618e+00
    endloop
  endfacet
  facet normal 6.153928e-01 7.882206e-01 0.000000e+00
    outer loop
      vertex   4.119559e+01 1.726910e+01 1.154308e+01
      vertex   4.119559e+01 1.726910e+01 6.564618e+00
      vertex   4.099419e+01 1.742634e+01 1.154308e+01
    endloop
  endfacet
  facet normal 6.153928e-01 7.882206e-01 0.000000e+00
    outer loop
      vertex   4.099419e+01 1.742634e+01 1.154308e+01
      vertex   4.119559e+01 1.726910e+01 6.564618e+00
      vertex   4.099419e+01 1.742634e+01 6.564618e+00
    endloop
  endfacet
  facet normal 3.955579e-01 9.184410e-01 0.000000e+00
    outer loop
      vertex   4.099419e+01 1.742634e+01 1.154308e+01
      vertex   4.099419e+01 1.742634e+01 6.564618e+00
      vertex   4.075952e+01 1.752741e+01 1.154308e+01
    endloop
  endfacet
  facet normal 3.955579e-01 9.184410e-01 0.000000e+00
    outer loop
      vertex   4.075952e+01 1.752741e+01 1.154308e+01
      vertex   4.099419e+01 1.742634e+01 6.564618e+00
      vertex   4.075952e+01 1.752741e+01 6.564618e+00
    endloop
  endfacet
  facet normal 1.498992e-01 9.887013e-01 0.000000e+00
    outer loop
      vertex   4.075952e+01 1.752741e+01 1.154308e+01
      vertex   4.075952e+01 1.752741e+01 6.564618e+00
      vertex   4.050690e+01 1.756571e+01 1.154308e+01
    endloop
  endfacet
  facet normal 1.498992e-01 9.887013e-01 0.000000e+00
    outer loop
      vertex   4.050690e+01 1.756571e+01 1.154308e+01
      vertex   4.075952e+01 1.752741e+01 6.564618e+00
      vertex   4.050690e+01 1.756571e+01 6.564618e+00
    endloop
  endfacet
  facet normal 9.931722e-01 -1.166573e-01 0.000000e+00
    outer loop
      vertex   4.148447e+01 1.657714e+01 1.652154e+01
      vertex   4.145467e+01 1.632337e+01 1.652154e+01
      vertex   4.145467e+01 1.632337e+01 1.154308e+01
    endloop
  endfacet
  facet normal 9.311900e-01 -3.645341e-01 0.000000e+00
    outer loop
      vertex   4.145467e+01 1.632337e+01 1.154308e+01
      vertex   4.145467e+01 1.632337e+01 1.652154e+01
      vertex   4.136153e+01 1.608545e+01 1.154308e+01
    endloop
  endfacet
  facet normal 9.931722e-01 -1.166573e-01 0.000000e+00
    outer loop
      vertex   4.148447e+01 1.657714e+01 1.652154e+01
      vertex   4.145467e+01 1.632337e+01 1.154308e+01
      vertex   4.148447e+01 1.657714e+01 1.154308e+01
    endloop
  endfacet
  facet normal 9.903155e-01 1.388355e-01 0.000000e+00
    outer loop
      vertex   4.144900e+01 1.683017e+01 1.652154e+01
      vertex   4.148447e+01 1.657714e+01 1.652154e+01
      vertex   4.148447e+01 1.657714e+01 1.154308e+01
    endloop
  endfacet
  facet normal 9.903155e-01 1.388355e-01 0.000000e+00
    outer loop
      vertex   4.144900e+01 1.683017e+01 1.652154e+01
      vertex   4.148447e+01 1.657714e+01 1.154308e+01
      vertex   4.144900e+01 1.683017e+01 1.154308e+01
    endloop
  endfacet
  facet normal 9.228062e-01 3.852644e-01 0.000000e+00
    outer loop
      vertex   4.135056e+01 1.706596e+01 1.652154e+01
      vertex   4.144900e+01 1.683017e+01 1.652154e+01
      vertex   4.144900e+01 1.683017e+01 1.154308e+01
    endloop
  endfacet
  facet normal 9.228062e-01 3.852644e-01 0.000000e+00
    outer loop
      vertex   4.135056e+01 1.706596e+01 1.652154e+01
      vertex   4.144900e+01 1.683017e+01 1.154308e+01
      vertex   4.135056e+01 1.706596e+01 1.154308e+01
    endloop
  endfacet
  facet normal 7.950519e-01 6.065414e-01 0.000000e+00
    outer loop
      vertex   4.119559e+01 1.726910e+01 1.652154e+01
      vertex   4.135056e+01 1.706596e+01 1.652154e+01
      vertex   4.135056e+01 1.706596e+01 1.154308e+01
    endloop
  endfacet
  facet normal 7.950519e-01 6.065414e-01 0.000000e+00
    outer loop
      vertex   4.119559e+01 1.726910e+01 1.652154e+01
      vertex   4.135056e+01 1.706596e+01 1.154308e+01
      vertex   4.119559e+01 1.726910e+01 1.154308e+01
    endloop
  endfacet
  facet normal 6.153928e-01 7.882206e-01 0.000000e+00
    outer loop
      vertex   4.099419e+01 1.742634e+01 1.652154e+01
      vertex   4.119559e+01 1.726910e+01 1.652154e+01
      vertex   4.119559e+01 1.726910e+01 1.154308e+01
    endloop
  endfacet
  facet normal 6.153928e-01 7.882206e-01 0.000000e+00
    outer loop
      vertex   4.099419e+01 1.742634e+01 1.652154e+01
      vertex   4.119559e+01 1.726910e+01 1.154308e+01
      vertex   4.099419e+01 1.742634e+01 1.154308e+01
    endloop
  endfacet
  facet normal 3.955579e-01 9.184410e-01 0.000000e+00
    outer loop
      vertex   4.075952e+01 1.752741e+01 1.652154e+01
      vertex   4.099419e+01 1.742634e+01 1.652154e+01
      vertex   4.099419e+01 1.742634e+01 1.154308e+01
    endloop
  endfacet
  facet normal 3.955579e-01 9.184410e-01 0.000000e+00
    outer loop
      vertex   4.075952e+01 1.752741e+01 1.652154e+01
      vertex   4.099419e+01 1.742634e+01 1.154308e+01
      vertex   4.075952e+01 1.752741e+01 1.154308e+01
    endloop
  endfacet
  facet normal 1.498992e-01 9.887013e-01 0.000000e+00
    outer loop
      vertex   4.050690e+01 1.756571e+01 1.652154e+01
      vertex   4.075952e+01 1.752741e+01 1.652154e+01
      vertex   4.075952e+01 1.752741e+01 1.154308e+01
    endloop
  endfacet
  facet normal 1.498992e-01 9.887013e-01 0.000000e+00
    outer loop
      vertex   4.050690e+01 1.756571e+01 1.652154e+01
      vertex   4.075952e+01 1.752741e+01 1.154308e+01
      vertex   4.050690e+01 1.756571e+01 1.154308e+01
    endloop
  endfacet
  facet normal 1.055457e-01 9.944145e-01 -0.000000e+00
    outer loop
      vertex   4.349327e+01 1.756571e+01 1.586157e+00
      vertex   4.349327e+01 1.756571e+01 6.564618e+00
      vertex   4.374735e+01 1.753874e+01 1.586157e+00
    endloop
  endfacet
  facet normal 1.055457e-01 9.944145e-01 0.000000e+00
    outer loop
      vertex   4.374735e+01 1.753874e+01 1.586157e+00
      vertex   4.349327e+01 1.756571e+01 6.564618e+00
      vertex   4.349327e+01 1.756571e+01 1.154308e+01
    endloop
  endfacet
  facet normal 1.055457e-01 9.944145e-01 -0.000000e+00
    outer loop
      vertex   4.374735e+01 1.753874e+01 1.586157e+00
      vertex   4.349327e+01 1.756571e+01 1.154308e+01
      vertex   4.374735e+01 1.753874e+01 2.150000e+01
    endloop
  endfacet
  facet normal 1.055457e-01 9.944145e-01 0.000000e+00
    outer loop
      vertex   4.374735e+01 1.753874e+01 2.150000e+01
      vertex   4.349327e+01 1.756571e+01 1.154308e+01
      vertex   4.349327e+01 1.756571e+01 1.652154e+01
    endloop
  endfacet
  facet normal 1.055457e-01 9.944145e-01 0.000000e+00
    outer loop
      vertex   4.374735e+01 1.753874e+01 2.150000e+01
      vertex   4.349327e+01 1.756571e+01 1.652154e+01
      vertex   4.349327e+01 1.756571e+01 2.150000e+01
    endloop
  endfacet
  facet normal -1.498992e-01 9.887013e-01 0.000000e+00
    outer loop
      vertex   4.349327e+01 1.756571e+01 2.150000e+01
      vertex   4.349327e+01 1.756571e+01 1.652154e+01
      vertex   4.324064e+01 1.752741e+01 2.150000e+01
    endloop
  endfacet
  facet normal -1.498992e-01 9.887013e-01 0.000000e+00
    outer loop
      vertex   4.324064e+01 1.752741e+01 2.150000e+01
      vertex   4.349327e+01 1.756571e+01 1.652154e+01
      vertex   4.324064e+01 1.752741e+01 1.652154e+01
    endloop
  endfacet
  facet normal -3.955579e-01 9.184410e-01 0.000000e+00
    outer loop
      vertex   4.324064e+01 1.752741e+01 2.150000e+01
      vertex   4.324064e+01 1.752741e+01 1.652154e+01
      vertex   4.300597e+01 1.742634e+01 2.150000e+01
    endloop
  endfacet
  facet normal -3.955579e-01 9.184410e-01 0.000000e+00
    outer loop
      vertex   4.300597e+01 1.742634e+01 2.150000e+01
      vertex   4.324064e+01 1.752741e+01 1.652154e+01
      vertex   4.300597e+01 1.742634e+01 1.652154e+01
    endloop
  endfacet
  facet normal -6.153928e-01 7.882206e-01 0.000000e+00
    outer loop
      vertex   4.300597e+01 1.742634e+01 2.150000e+01
      vertex   4.300597e+01 1.742634e+01 1.652154e+01
      vertex   4.280458e+01 1.726910e+01 2.150000e+01
    endloop
  endfacet
  facet normal -6.153928e-01 7.882206e-01 0.000000e+00
    outer loop
      vertex   4.280458e+01 1.726910e+01 2.150000e+01
      vertex   4.300597e+01 1.742634e+01 1.652154e+01
      vertex   4.280458e+01 1.726910e+01 1.652154e+01
    endloop
  endfacet
  facet normal -7.950519e-01 6.065414e-01 0.000000e+00
    outer loop
      vertex   4.280458e+01 1.726910e+01 2.150000e+01
      vertex   4.280458e+01 1.726910e+01 1.652154e+01
      vertex   4.264960e+01 1.706596e+01 2.150000e+01
    endloop
  endfacet
  facet normal -7.950519e-01 6.065414e-01 0.000000e+00
    outer loop
      vertex   4.264960e+01 1.706596e+01 2.150000e+01
      vertex   4.280458e+01 1.726910e+01 1.652154e+01
      vertex   4.264960e+01 1.706596e+01 1.652154e+01
    endloop
  endfacet
  facet normal -9.228062e-01 3.852644e-01 0.000000e+00
    outer loop
      vertex   4.264960e+01 1.706596e+01 2.150000e+01
      vertex   4.264960e+01 1.706596e+01 1.652154e+01
      vertex   4.255116e+01 1.683017e+01 2.150000e+01
    endloop
  endfacet
  facet normal -9.228062e-01 3.852644e-01 0.000000e+00
    outer loop
      vertex   4.255116e+01 1.683017e+01 2.150000e+01
      vertex   4.264960e+01 1.706596e+01 1.652154e+01
      vertex   4.255116e+01 1.683017e+01 1.652154e+01
    endloop
  endfacet
  facet normal -9.903155e-01 1.388355e-01 0.000000e+00
    outer loop
      vertex   4.255116e+01 1.683017e+01 2.150000e+01
      vertex   4.255116e+01 1.683017e+01 1.652154e+01
      vertex   4.251569e+01 1.657714e+01 2.150000e+01
    endloop
  endfacet
  facet normal -9.903155e-01 1.388355e-01 -1.413412e-15
    outer loop
      vertex   4.251569e+01 1.657714e+01 2.150000e+01
      vertex   4.255116e+01 1.683017e+01 1.652154e+01
      vertex   4.251569e+01 1.657714e+01 1.652154e+01
    endloop
  endfacet
  facet normal -9.931722e-01 -1.166573e-01 -1.417489e-15
    outer loop
      vertex   4.251569e+01 1.657714e+01 2.150000e+01
      vertex   4.251569e+01 1.657714e+01 1.652154e+01
      vertex   4.254550e+01 1.632337e+01 2.150000e+01
    endloop
  endfacet
  facet normal -9.931722e-01 -1.166573e-01 -0.000000e+00
    outer loop
      vertex   4.254550e+01 1.632337e+01 2.150000e+01
      vertex   4.251569e+01 1.657714e+01 1.652154e+01
      vertex   4.254550e+01 1.632337e+01 1.652154e+01
    endloop
  endfacet
  facet normal -9.311900e-01 -3.645341e-01 -0.000000e+00
    outer loop
      vertex   4.254550e+01 1.632337e+01 2.150000e+01
      vertex   4.254550e+01 1.632337e+01 1.652154e+01
      vertex   4.263864e+01 1.608545e+01 2.150000e+01
    endloop
  endfacet
  facet normal -9.311900e-01 -3.645341e-01 -0.000000e+00
    outer loop
      vertex   4.263864e+01 1.608545e+01 2.150000e+01
      vertex   4.254550e+01 1.632337e+01 1.652154e+01
      vertex   4.263864e+01 1.608545e+01 1.652154e+01
    endloop
  endfacet
  facet normal -8.084154e-01 -5.886125e-01 -0.000000e+00
    outer loop
      vertex   4.263864e+01 1.608545e+01 2.150000e+01
      vertex   4.263864e+01 1.608545e+01 1.652154e+01
      vertex   4.278903e+01 1.587889e+01 2.150000e+01
    endloop
  endfacet
  facet normal -8.084154e-01 -5.886125e-01 0.000000e+00
    outer loop
      vertex   4.278903e+01 1.587889e+01 2.150000e+01
      vertex   4.263864e+01 1.608545e+01 1.652154e+01
      vertex   4.263864e+01 1.608545e+01 1.154308e+01
    endloop
  endfacet
  facet normal -8.084154e-01 -5.886125e-01 -0.000000e+00
    outer loop
      vertex   4.278903e+01 1.587889e+01 2.150000e+01
      vertex   4.263864e+01 1.608545e+01 1.154308e+01
      vertex   4.278903e+01 1.587889e+01 1.586157e+00
    endloop
  endfacet
  facet normal -8.084154e-01 -5.886125e-01 0.000000e+00
    outer loop
      vertex   4.278903e+01 1.587889e+01 1.586157e+00
      vertex   4.263864e+01 1.608545e+01 1.154308e+01
      vertex   4.263864e+01 1.608545e+01 6.564618e+00
    endloop
  endfacet
  facet normal -8.084154e-01 -5.886125e-01 0.000000e+00
    outer loop
      vertex   4.278903e+01 1.587889e+01 1.586157e+00
      vertex   4.263864e+01 1.608545e+01 6.564618e+00
      vertex   4.263864e+01 1.608545e+01 1.586157e+00
    endloop
  endfacet
  facet normal -9.311900e-01 -3.645341e-01 0.000000e+00
    outer loop
      vertex   4.263864e+01 1.608545e+01 1.586157e+00
      vertex   4.263864e+01 1.608545e+01 6.564618e+00
      vertex   4.254550e+01 1.632337e+01 1.586157e+00
    endloop
  endfacet
  facet normal -9.311900e-01 -3.645341e-01 0.000000e+00
    outer loop
      vertex   4.254550e+01 1.632337e+01 1.586157e+00
      vertex   4.263864e+01 1.608545e+01 6.564618e+00
      vertex   4.254550e+01 1.632337e+01 6.564618e+00
    endloop
  endfacet
  facet normal -9.931722e-01 -1.166573e-01 0.000000e+00
    outer loop
      vertex   4.254550e+01 1.632337e+01 1.586157e+00
      vertex   4.254550e+01 1.632337e+01 6.564618e+00
      vertex   4.251569e+01 1.657714e+01 1.586157e+00
    endloop
  endfacet
  facet normal -9.931722e-01 -1.166573e-01 1.417489e-15
    outer loop
      vertex   4.251569e+01 1.657714e+01 1.586157e+00
      vertex   4.254550e+01 1.632337e+01 6.564618e+00
      vertex   4.251569e+01 1.657714e+01 6.564618e+00
    endloop
  endfacet
  facet normal -9.903155e-01 1.388355e-01 1.413412e-15
    outer loop
      vertex   4.251569e+01 1.657714e+01 1.586157e+00
      vertex   4.251569e+01 1.657714e+01 6.564618e+00
      vertex   4.255116e+01 1.683017e+01 1.586157e+00
    endloop
  endfacet
  facet normal -9.903155e-01 1.388355e-01 0.000000e+00
    outer loop
      vertex   4.255116e+01 1.683017e+01 1.586157e+00
      vertex   4.251569e+01 1.657714e+01 6.564618e+00
      vertex   4.255116e+01 1.683017e+01 6.564618e+00
    endloop
  endfacet
  facet normal -9.228062e-01 3.852644e-01 0.000000e+00
    outer loop
      vertex   4.255116e+01 1.683017e+01 1.586157e+00
      vertex   4.255116e+01 1.683017e+01 6.564618e+00
      vertex   4.264960e+01 1.706596e+01 1.586157e+00
    endloop
  endfacet
  facet normal -9.228062e-01 3.852644e-01 0.000000e+00
    outer loop
      vertex   4.264960e+01 1.706596e+01 1.586157e+00
      vertex   4.255116e+01 1.683017e+01 6.564618e+00
      vertex   4.264960e+01 1.706596e+01 6.564618e+00
    endloop
  endfacet
  facet normal -7.950519e-01 6.065414e-01 0.000000e+00
    outer loop
      vertex   4.264960e+01 1.706596e+01 1.586157e+00
      vertex   4.264960e+01 1.706596e+01 6.564618e+00
      vertex   4.280458e+01 1.726910e+01 1.586157e+00
    endloop
  endfacet
  facet normal -7.950519e-01 6.065414e-01 0.000000e+00
    outer loop
      vertex   4.280458e+01 1.726910e+01 1.586157e+00
      vertex   4.264960e+01 1.706596e+01 6.564618e+00
      vertex   4.280458e+01 1.726910e+01 6.564618e+00
    endloop
  endfacet
  facet normal -6.153928e-01 7.882206e-01 0.000000e+00
    outer loop
      vertex   4.280458e+01 1.726910e+01 1.586157e+00
      vertex   4.280458e+01 1.726910e+01 6.564618e+00
      vertex   4.300597e+01 1.742634e+01 1.586157e+00
    endloop
  endfacet
  facet normal -6.153928e-01 7.882206e-01 0.000000e+00
    outer loop
      vertex   4.300597e+01 1.742634e+01 1.586157e+00
      vertex   4.280458e+01 1.726910e+01 6.564618e+00
      vertex   4.300597e+01 1.742634e+01 6.564618e+00
    endloop
  endfacet
  facet normal -3.955579e-01 9.184410e-01 0.000000e+00
    outer loop
      vertex   4.300597e+01 1.742634e+01 1.586157e+00
      vertex   4.300597e+01 1.742634e+01 6.564618e+00
      vertex   4.324064e+01 1.752741e+01 1.586157e+00
    endloop
  endfacet
  facet normal -3.955579e-01 9.184410e-01 0.000000e+00
    outer loop
      vertex   4.324064e+01 1.752741e+01 1.586157e+00
      vertex   4.300597e+01 1.742634e+01 6.564618e+00
      vertex   4.324064e+01 1.752741e+01 6.564618e+00
    endloop
  endfacet
  facet normal -1.498992e-01 9.887013e-01 0.000000e+00
    outer loop
      vertex   4.324064e+01 1.752741e+01 1.586157e+00
      vertex   4.324064e+01 1.752741e+01 6.564618e+00
      vertex   4.349327e+01 1.756571e+01 1.586157e+00
    endloop
  endfacet
  facet normal -1.498992e-01 9.887013e-01 0.000000e+00
    outer loop
      vertex   4.349327e+01 1.756571e+01 1.586157e+00
      vertex   4.324064e+01 1.752741e+01 6.564618e+00
      vertex   4.349327e+01 1.756571e+01 6.564618e+00
    endloop
  endfacet
  facet normal -1.498992e-01 9.887013e-01 0.000000e+00
    outer loop
      vertex   4.324064e+01 1.752741e+01 1.652154e+01
      vertex   4.349327e+01 1.756571e+01 1.652154e+01
      vertex   4.349327e+01 1.756571e+01 1.154308e+01
    endloop
  endfacet
  facet normal -1.498992e-01 9.887013e-01 0.000000e+00
    outer loop
      vertex   4.349327e+01 1.756571e+01 1.154308e+01
      vertex   4.349327e+01 1.756571e+01 6.564618e+00
      vertex   4.324064e+01 1.752741e+01 1.154308e+01
    endloop
  endfacet
  facet normal -1.498992e-01 9.887013e-01 0.000000e+00
    outer loop
      vertex   4.324064e+01 1.752741e+01 1.154308e+01
      vertex   4.349327e+01 1.756571e+01 6.564618e+00
      vertex   4.324064e+01 1.752741e+01 6.564618e+00
    endloop
  endfacet
  facet normal -3.955579e-01 9.184410e-01 0.000000e+00
    outer loop
      vertex   4.324064e+01 1.752741e+01 1.154308e+01
      vertex   4.324064e+01 1.752741e+01 6.564618e+00
      vertex   4.300597e+01 1.742634e+01 1.154308e+01
    endloop
  endfacet
  facet normal -3.955579e-01 9.184410e-01 0.000000e+00
    outer loop
      vertex   4.300597e+01 1.742634e+01 1.154308e+01
      vertex   4.324064e+01 1.752741e+01 6.564618e+00
      vertex   4.300597e+01 1.742634e+01 6.564618e+00
    endloop
  endfacet
  facet normal -6.153928e-01 7.882206e-01 0.000000e+00
    outer loop
      vertex   4.300597e+01 1.742634e+01 1.154308e+01
      vertex   4.300597e+01 1.742634e+01 6.564618e+00
      vertex   4.280458e+01 1.726910e+01 1.154308e+01
    endloop
  endfacet
  facet normal -6.153928e-01 7.882206e-01 0.000000e+00
    outer loop
      vertex   4.280458e+01 1.726910e+01 1.154308e+01
      vertex   4.300597e+01 1.742634e+01 6.564618e+00
      vertex   4.280458e+01 1.726910e+01 6.564618e+00
    endloop
  endfacet
  facet normal -7.950519e-01 6.065414e-01 0.000000e+00
    outer loop
      vertex   4.280458e+01 1.726910e+01 1.154308e+01
      vertex   4.280458e+01 1.726910e+01 6.564618e+00
      vertex   4.264960e+01 1.706596e+01 1.154308e+01
    endloop
  endfacet
  facet normal -7.950519e-01 6.065414e-01 0.000000e+00
    outer loop
      vertex   4.264960e+01 1.706596e+01 1.154308e+01
      vertex   4.280458e+01 1.726910e+01 6.564618e+00
      vertex   4.264960e+01 1.706596e+01 6.564618e+00
    endloop
  endfacet
  facet normal -9.228062e-01 3.852644e-01 0.000000e+00
    outer loop
      vertex   4.264960e+01 1.706596e+01 1.154308e+01
      vertex   4.264960e+01 1.706596e+01 6.564618e+00
      vertex   4.255116e+01 1.683017e+01 1.154308e+01
    endloop
  endfacet
  facet normal -9.228062e-01 3.852644e-01 0.000000e+00
    outer loop
      vertex   4.255116e+01 1.683017e+01 1.154308e+01
      vertex   4.264960e+01 1.706596e+01 6.564618e+00
      vertex   4.255116e+01 1.683017e+01 6.564618e+00
    endloop
  endfacet
  facet normal -9.903155e-01 1.388355e-01 0.000000e+00
    outer loop
      vertex   4.255116e+01 1.683017e+01 1.154308e+01
      vertex   4.255116e+01 1.683017e+01 6.564618e+00
      vertex   4.251569e+01 1.657714e+01 1.154308e+01
    endloop
  endfacet
  facet normal -9.903155e-01 1.388355e-01 0.000000e+00
    outer loop
      vertex   4.251569e+01 1.657714e+01 1.154308e+01
      vertex   4.255116e+01 1.683017e+01 6.564618e+00
      vertex   4.251569e+01 1.657714e+01 6.564618e+00
    endloop
  endfacet
  facet normal -9.931722e-01 -1.166573e-01 -0.000000e+00
    outer loop
      vertex   4.251569e+01 1.657714e+01 1.154308e+01
      vertex   4.251569e+01 1.657714e+01 6.564618e+00
      vertex   4.254550e+01 1.632337e+01 1.154308e+01
    endloop
  endfacet
  facet normal -9.931722e-01 -1.166573e-01 -0.000000e+00
    outer loop
      vertex   4.254550e+01 1.632337e+01 1.154308e+01
      vertex   4.251569e+01 1.657714e+01 6.564618e+00
      vertex   4.254550e+01 1.632337e+01 6.564618e+00
    endloop
  endfacet
  facet normal -9.311900e-01 -3.645341e-01 -0.000000e+00
    outer loop
      vertex   4.254550e+01 1.632337e+01 1.154308e+01
      vertex   4.254550e+01 1.632337e+01 6.564618e+00
      vertex   4.263864e+01 1.608545e+01 1.154308e+01
    endloop
  endfacet
  facet normal -9.311900e-01 -3.645341e-01 -0.000000e+00
    outer loop
      vertex   4.263864e+01 1.608545e+01 1.154308e+01
      vertex   4.254550e+01 1.632337e+01 6.564618e+00
      vertex   4.263864e+01 1.608545e+01 6.564618e+00
    endloop
  endfacet
  facet normal -3.955579e-01 9.184410e-01 0.000000e+00
    outer loop
      vertex   4.300597e+01 1.742634e+01 1.652154e+01
      vertex   4.324064e+01 1.752741e+01 1.652154e+01
      vertex   4.324064e+01 1.752741e+01 1.154308e+01
    endloop
  endfacet
  facet normal -1.498992e-01 9.887013e-01 0.000000e+00
    outer loop
      vertex   4.324064e+01 1.752741e+01 1.154308e+01
      vertex   4.324064e+01 1.752741e+01 1.652154e+01
      vertex   4.349327e+01 1.756571e+01 1.154308e+01
    endloop
  endfacet
  facet normal -3.955579e-01 9.184410e-01 0.000000e+00
    outer loop
      vertex   4.300597e+01 1.742634e+01 1.652154e+01
      vertex   4.324064e+01 1.752741e+01 1.154308e+01
      vertex   4.300597e+01 1.742634e+01 1.154308e+01
    endloop
  endfacet
  facet normal -6.153928e-01 7.882206e-01 0.000000e+00
    outer loop
      vertex   4.280458e+01 1.726910e+01 1.652154e+01
      vertex   4.300597e+01 1.742634e+01 1.652154e+01
      vertex   4.300597e+01 1.742634e+01 1.154308e+01
    endloop
  endfacet
  facet normal -6.153928e-01 7.882206e-01 0.000000e+00
    outer loop
      vertex   4.280458e+01 1.726910e+01 1.652154e+01
      vertex   4.300597e+01 1.742634e+01 1.154308e+01
      vertex   4.280458e+01 1.726910e+01 1.154308e+01
    endloop
  endfacet
  facet normal -7.950519e-01 6.065414e-01 0.000000e+00
    outer loop
      vertex   4.264960e+01 1.706596e+01 1.652154e+01
      vertex   4.280458e+01 1.726910e+01 1.652154e+01
      vertex   4.280458e+01 1.726910e+01 1.154308e+01
    endloop
  endfacet
  facet normal -7.950519e-01 6.065414e-01 0.000000e+00
    outer loop
      vertex   4.264960e+01 1.706596e+01 1.652154e+01
      vertex   4.280458e+01 1.726910e+01 1.154308e+01
      vertex   4.264960e+01 1.706596e+01 1.154308e+01
    endloop
  endfacet
  facet normal -9.228062e-01 3.852644e-01 0.000000e+00
    outer loop
      vertex   4.255116e+01 1.683017e+01 1.652154e+01
      vertex   4.264960e+01 1.706596e+01 1.652154e+01
      vertex   4.264960e+01 1.706596e+01 1.154308e+01
    endloop
  endfacet
  facet normal -9.228062e-01 3.852644e-01 0.000000e+00
    outer loop
      vertex   4.255116e+01 1.683017e+01 1.652154e+01
      vertex   4.264960e+01 1.706596e+01 1.154308e+01
      vertex   4.255116e+01 1.683017e+01 1.154308e+01
    endloop
  endfacet
  facet normal -9.903155e-01 1.388355e-01 0.000000e+00
    outer loop
      vertex   4.251569e+01 1.657714e+01 1.652154e+01
      vertex   4.255116e+01 1.683017e+01 1.652154e+01
      vertex   4.255116e+01 1.683017e+01 1.154308e+01
    endloop
  endfacet
  facet normal -9.903155e-01 1.388355e-01 0.000000e+00
    outer loop
      vertex   4.251569e+01 1.657714e+01 1.652154e+01
      vertex   4.255116e+01 1.683017e+01 1.154308e+01
      vertex   4.251569e+01 1.657714e+01 1.154308e+01
    endloop
  endfacet
  facet normal -9.931722e-01 -1.166573e-01 0.000000e+00
    outer loop
      vertex   4.254550e+01 1.632337e+01 1.652154e+01
      vertex   4.251569e+01 1.657714e+01 1.652154e+01
      vertex   4.251569e+01 1.657714e+01 1.154308e+01
    endloop
  endfacet
  facet normal -9.931722e-01 -1.166573e-01 -0.000000e+00
    outer loop
      vertex   4.254550e+01 1.632337e+01 1.652154e+01
      vertex   4.251569e+01 1.657714e+01 1.154308e+01
      vertex   4.254550e+01 1.632337e+01 1.154308e+01
    endloop
  endfacet
  facet normal -9.311900e-01 -3.645341e-01 0.000000e+00
    outer loop
      vertex   4.263864e+01 1.608545e+01 1.652154e+01
      vertex   4.254550e+01 1.632337e+01 1.652154e+01
      vertex   4.254550e+01 1.632337e+01 1.154308e+01
    endloop
  endfacet
  facet normal -9.311900e-01 -3.645341e-01 -0.000000e+00
    outer loop
      vertex   4.263864e+01 1.608545e+01 1.652154e+01
      vertex   4.254550e+01 1.632337e+01 1.154308e+01
      vertex   4.263864e+01 1.608545e+01 1.154308e+01
    endloop
  endfacet
  facet normal -3.436216e-01 9.391082e-01 0.000000e+00
    outer loop
      vertex   4.240559e+01 1.573859e+01 1.586157e+00
      vertex   4.240559e+01 1.573859e+01 8.224105e+00
      vertex   4.278903e+01 1.587889e+01 1.586157e+00
    endloop
  endfacet
  facet normal -3.436216e-01 9.391082e-01 0.000000e+00
    outer loop
      vertex   4.278903e+01 1.587889e+01 1.586157e+00
      vertex   4.240559e+01 1.573859e+01 8.224105e+00
      vertex   4.240559e+01 1.573859e+01 1.486205e+01
    endloop
  endfacet
  facet normal -3.436216e-01 9.391082e-01 0.000000e+00
    outer loop
      vertex   4.278903e+01 1.587889e+01 1.586157e+00
      vertex   4.240559e+01 1.573859e+01 1.486205e+01
      vertex   4.278903e+01 1.587889e+01 2.150000e+01
    endloop
  endfacet
  facet normal -3.436216e-01 9.391082e-01 0.000000e+00
    outer loop
      vertex   4.278903e+01 1.587889e+01 2.150000e+01
      vertex   4.240559e+01 1.573859e+01 1.486205e+01
      vertex   4.240559e+01 1.573859e+01 2.150000e+01
    endloop
  endfacet
  facet normal -1.166573e-01 9.931722e-01 0.000000e+00
    outer loop
      vertex   4.240559e+01 1.573859e+01 2.150000e+01
      vertex   4.240559e+01 1.573859e+01 1.486205e+01
      vertex   4.200008e+01 1.569096e+01 2.150000e+01
    endloop
  endfacet
  facet normal -1.166573e-01 9.931722e-01 0.000000e+00
    outer loop
      vertex   4.200008e+01 1.569096e+01 2.150000e+01
      vertex   4.240559e+01 1.573859e+01 1.486205e+01
      vertex   4.200008e+01 1.569096e+01 1.486205e+01
    endloop
  endfacet
  facet normal 1.166573e-01 9.931722e-01 0.000000e+00
    outer loop
      vertex   4.200008e+01 1.569096e+01 2.150000e+01
      vertex   4.200008e+01 1.569096e+01 1.486205e+01
      vertex   4.159457e+01 1.573859e+01 2.150000e+01
    endloop
  endfacet
  facet normal 1.166573e-01 9.931722e-01 0.000000e+00
    outer loop
      vertex   4.159457e+01 1.573859e+01 2.150000e+01
      vertex   4.200008e+01 1.569096e+01 1.486205e+01
      vertex   4.159457e+01 1.573859e+01 1.486205e+01
    endloop
  endfacet
  facet normal 3.436216e-01 9.391082e-01 0.000000e+00
    outer loop
      vertex   4.159457e+01 1.573859e+01 2.150000e+01
      vertex   4.159457e+01 1.573859e+01 1.486205e+01
      vertex   4.121113e+01 1.587889e+01 2.150000e+01
    endloop
  endfacet
  facet normal 3.436216e-01 9.391082e-01 0.000000e+00
    outer loop
      vertex   4.121113e+01 1.587889e+01 2.150000e+01
      vertex   4.159457e+01 1.573859e+01 1.486205e+01
      vertex   4.159457e+01 1.573859e+01 8.224105e+00
    endloop
  endfacet
  facet normal 3.436216e-01 9.391082e-01 0.000000e+00
    outer loop
      vertex   4.121113e+01 1.587889e+01 2.150000e+01
      vertex   4.159457e+01 1.573859e+01 8.224105e+00
      vertex   4.121113e+01 1.587889e+01 1.586157e+00
    endloop
  endfacet
  facet normal 3.436216e-01 9.391082e-01 0.000000e+00
    outer loop
      vertex   4.121113e+01 1.587889e+01 1.586157e+00
      vertex   4.159457e+01 1.573859e+01 8.224105e+00
      vertex   4.159457e+01 1.573859e+01 1.586157e+00
    endloop
  endfacet
  facet normal 1.166573e-01 9.931722e-01 -0.000000e+00
    outer loop
      vertex   4.159457e+01 1.573859e+01 1.586157e+00
      vertex   4.159457e+01 1.573859e+01 8.224105e+00
      vertex   4.200008e+01 1.569096e+01 1.586157e+00
    endloop
  endfacet
  facet normal 1.166573e-01 9.931722e-01 -0.000000e+00
    outer loop
      vertex   4.200008e+01 1.569096e+01 1.586157e+00
      vertex   4.159457e+01 1.573859e+01 8.224105e+00
      vertex   4.200008e+01 1.569096e+01 8.224105e+00
    endloop
  endfacet
  facet normal -1.166573e-01 9.931722e-01 0.000000e+00
    outer loop
      vertex   4.200008e+01 1.569096e+01 1.586157e+00
      vertex   4.200008e+01 1.569096e+01 8.224105e+00
      vertex   4.240559e+01 1.573859e+01 1.586157e+00
    endloop
  endfacet
  facet normal -1.166573e-01 9.931722e-01 0.000000e+00
    outer loop
      vertex   4.240559e+01 1.573859e+01 1.586157e+00
      vertex   4.200008e+01 1.569096e+01 8.224105e+00
      vertex   4.240559e+01 1.573859e+01 8.224105e+00
    endloop
  endfacet
  facet normal -1.166573e-01 9.931722e-01 0.000000e+00
    outer loop
      vertex   4.200008e+01 1.569096e+01 1.486205e+01
      vertex   4.240559e+01 1.573859e+01 1.486205e+01
      vertex   4.240559e+01 1.573859e+01 8.224105e+00
    endloop
  endfacet
  facet normal -1.166573e-01 9.931722e-01 0.000000e+00
    outer loop
      vertex   4.200008e+01 1.569096e+01 1.486205e+01
      vertex   4.240559e+01 1.573859e+01 8.224105e+00
      vertex   4.200008e+01 1.569096e+01 8.224105e+00
    endloop
  endfacet
  facet normal 1.166573e-01 9.931722e-01 0.000000e+00
    outer loop
      vertex   4.159457e+01 1.573859e+01 1.486205e+01
      vertex   4.200008e+01 1.569096e+01 1.486205e+01
      vertex   4.200008e+01 1.569096e+01 8.224105e+00
    endloop
  endfacet
  facet normal 1.166573e-01 9.931722e-01 0.000000e+00
    outer loop
      vertex   4.159457e+01 1.573859e+01 1.486205e+01
      vertex   4.200008e+01 1.569096e+01 8.224105e+00
      vertex   4.159457e+01 1.573859e+01 8.224105e+00
    endloop
  endfacet
  facet normal -0.000000e+00 0.000000e+00 -1.000000e+00
    outer loop
      vertex   4.278903e+01 1.587889e+01 2.150000e+01
      vertex   4.240559e+01 1.573859e+01 2.150000e+01
      vertex   4.263864e+01 1.608545e+01 2.150000e+01
    endloop
  endfacet
  facet normal 0.000000e+00 0.000000e+00 -1.000000e+00
    outer loop
      vertex   4.263864e+01 1.608545e+01 2.150000e+01
      vertex   4.240559e+01 1.573859e+01 2.150000e+01
      vertex   4.200008e+01 1.569096e+01 2.150000e+01
    endloop
  endfacet
  facet normal -0.000000e+00 0.000000e+00 -1.000000e+00
    outer loop
      vertex   4.263864e+01 1.608545e+01 2.150000e+01
      vertex   4.200008e+01 1.569096e+01 2.150000e+01
      vertex   4.254550e+01 1.632337e+01 2.150000e+01
    endloop
  endfacet
  facet normal -0.000000e+00 0.000000e+00 -1.000000e+00
    outer loop
      vertex   4.254550e+01 1.632337e+01 2.150000e+01
      vertex   4.200008e+01 1.569096e+01 2.150000e+01
      vertex   4.145467e+01 1.632337e+01 2.150000e+01
    endloop
  endfacet
  facet normal 0.000000e+00 0.000000e+00 -1.000000e+00
    outer loop
      vertex   4.254550e+01 1.632337e+01 2.150000e+01
      vertex   4.145467e+01 1.632337e+01 2.150000e+01
      vertex   4.251569e+01 1.657714e+01 2.150000e+01
    endloop
  endfacet
  facet normal -0.000000e+00 0.000000e+00 -1.000000e+00
    outer loop
      vertex   4.251569e+01 1.657714e+01 2.150000e+01
      vertex   4.145467e+01 1.632337e+01 2.150000e+01
      vertex   4.148447e+01 1.657714e+01 2.150000e+01
    endloop
  endfacet
  facet normal 0.000000e+00 0.000000e+00 -1.000000e+00
    outer loop
      vertex   4.251569e+01 1.657714e+01 2.150000e+01
      vertex   4.148447e+01 1.657714e+01 2.150000e+01
      vertex   4.255116e+01 1.683017e+01 2.150000e+01
    endloop
  endfacet
  facet normal -0.000000e+00 0.000000e+00 -1.000000e+00
    outer loop
      vertex   4.255116e+01 1.683017e+01 2.150000e+01
      vertex   4.148447e+01 1.657714e+01 2.150000e+01
      vertex   4.144900e+01 1.683017e+01 2.150000e+01
    endloop
  endfacet
  facet normal 0.000000e+00 0.000000e+00 -1.000000e+00
    outer loop
      vertex   4.255116e+01 1.683017e+01 2.150000e+01
      vertex   4.144900e+01 1.683017e+01 2.150000e+01
      vertex   4.264960e+01 1.706596e+01 2.150000e+01
    endloop
  endfacet
  facet normal 0.000000e+00 0.000000e+00 -1.000000e+00
    outer loop
      vertex   4.264960e+01 1.706596e+01 2.150000e+01
      vertex   4.144900e+01 1.683017e+01 2.150000e+01
      vertex   4.135056e+01 1.706596e+01 2.150000e+01
    endloop
  endfacet
  facet normal -0.000000e+00 0.000000e+00 -1.000000e+00
    outer loop
      vertex   4.264960e+01 1.706596e+01 2.150000e+01
      vertex   4.135056e+01 1.706596e+01 2.150000e+01
      vertex   4.200008e+01 1.819096e+01 2.150000e+01
    endloop
  endfacet
  facet normal 0.000000e+00 0.000000e+00 -1.000000e+00
    outer loop
      vertex   4.200008e+01 1.819096e+01 2.150000e+01
      vertex   4.135056e+01 1.706596e+01 2.150000e+01
      vertex   4.119559e+01 1.726910e+01 2.150000e+01
    endloop
  endfacet
  facet normal -0.000000e+00 0.000000e+00 -1.000000e+00
    outer loop
      vertex   4.200008e+01 1.819096e+01 2.150000e+01
      vertex   4.119559e+01 1.726910e+01 2.150000e+01
      vertex   4.174667e+01 1.822360e+01 2.150000e+01
    endloop
  endfacet
  facet normal 0.000000e+00 0.000000e+00 -1.000000e+00
    outer loop
      vertex   4.174667e+01 1.822360e+01 2.150000e+01
      vertex   4.119559e+01 1.726910e+01 2.150000e+01
      vertex   4.099419e+01 1.742634e+01 2.150000e+01
    endloop
  endfacet
  facet normal -0.000000e+00 0.000000e+00 -1.000000e+00
    outer loop
      vertex   4.174667e+01 1.822360e+01 2.150000e+01
      vertex   4.099419e+01 1.742634e+01 2.150000e+01
      vertex   4.150980e+01 1.831940e+01 2.150000e+01
    endloop
  endfacet
  facet normal 0.000000e+00 0.000000e+00 -1.000000e+00
    outer loop
      vertex   4.150980e+01 1.831940e+01 2.150000e+01
      vertex   4.099419e+01 1.742634e+01 2.150000e+01
      vertex   4.075952e+01 1.752741e+01 2.150000e+01
    endloop
  endfacet
  facet normal -0.000000e+00 0.000000e+00 -1.000000e+00
    outer loop
      vertex   4.150980e+01 1.831940e+01 2.150000e+01
      vertex   4.075952e+01 1.752741e+01 2.150000e+01
      vertex   4.130493e+01 1.847209e+01 2.150000e+01
    endloop
  endfacet
  facet normal 0.000000e+00 0.000000e+00 -1.000000e+00
    outer loop
      vertex   4.130493e+01 1.847209e+01 2.150000e+01
      vertex   4.075952e+01 1.752741e+01 2.150000e+01
      vertex   4.048454e+01 1.831596e+01 2.150000e+01
    endloop
  endfacet
  facet normal -0.000000e+00 0.000000e+00 -1.000000e+00
    outer loop
      vertex   4.130493e+01 1.847209e+01 2.150000e+01
      vertex   4.048454e+01 1.831596e+01 2.150000e+01
      vertex   4.072854e+01 1.864333e+01 2.150000e+01
    endloop
  endfacet
  facet normal 0.000000e+00 -0.000000e+00 -1.000000e+00
    outer loop
      vertex   4.145467e+01 1.632337e+01 2.150000e+01
      vertex   4.200008e+01 1.569096e+01 2.150000e+01
      vertex   4.136153e+01 1.608545e+01 2.150000e+01
    endloop
  endfacet
  facet normal 0.000000e+00 0.000000e+00 -1.000000e+00
    outer loop
      vertex   4.136153e+01 1.608545e+01 2.150000e+01
      vertex   4.200008e+01 1.569096e+01 2.150000e+01
      vertex   4.159457e+01 1.573859e+01 2.150000e+01
    endloop
  endfacet
  facet normal 0.000000e+00 -0.000000e+00 -1.000000e+00
    outer loop
      vertex   4.136153e+01 1.608545e+01 2.150000e+01
      vertex   4.159457e+01 1.573859e+01 2.150000e+01
      vertex   4.121113e+01 1.587889e+01 2.150000e+01
    endloop
  endfacet
  facet normal 0.000000e+00 -0.000000e+00 -1.000000e+00
    outer loop
      vertex   4.048454e+01 1.831596e+01 2.150000e+01
      vertex   4.075952e+01 1.752741e+01 2.150000e+01
      vertex   4.032303e+01 1.794096e+01 2.150000e+01
    endloop
  endfacet
  facet normal 0.000000e+00 0.000000e+00 -1.000000e+00
    outer loop
      vertex   4.032303e+01 1.794096e+01 2.150000e+01
      vertex   4.075952e+01 1.752741e+01 2.150000e+01
      vertex   4.050690e+01 1.756571e+01 2.150000e+01
    endloop
  endfacet
  facet normal 0.000000e+00 -0.000000e+00 -1.000000e+00
    outer loop
      vertex   4.032303e+01 1.794096e+01 2.150000e+01
      vertex   4.050690e+01 1.756571e+01 2.150000e+01
      vertex   4.025282e+01 1.753874e+01 2.150000e+01
    endloop
  endfacet
  facet normal 0.000000e+00 -0.000000e+00 -1.000000e+00
    outer loop
      vertex   4.104177e+01 1.890524e+01 2.150000e+01
      vertex   4.114545e+01 1.867172e+01 2.150000e+01
      vertex   4.072854e+01 1.864333e+01 2.150000e+01
    endloop
  endfacet
  facet normal 0.000000e+00 0.000000e+00 -1.000000e+00
    outer loop
      vertex   4.072854e+01 1.864333e+01 2.150000e+01
      vertex   4.114545e+01 1.867172e+01 2.150000e+01
      vertex   4.130493e+01 1.847209e+01 2.150000e+01
    endloop
  endfacet
  facet normal 0.000000e+00 0.000000e+00 -1.000000e+00
    outer loop
      vertex   4.264960e+01 1.706596e+01 2.150000e+01
      vertex   4.200008e+01 1.819096e+01 2.150000e+01
      vertex   4.280458e+01 1.726910e+01 2.150000e+01
    endloop
  endfacet
  facet normal 0.000000e+00 0.000000e+00 -1.000000e+00
    outer loop
      vertex   4.280458e+01 1.726910e+01 2.150000e+01
      vertex   4.200008e+01 1.819096e+01 2.150000e+01
      vertex   4.225350e+01 1.822360e+01 2.150000e+01
    endloop
  endfacet
  facet normal 0.000000e+00 0.000000e+00 -1.000000e+00
    outer loop
      vertex   4.280458e+01 1.726910e+01 2.150000e+01
      vertex   4.225350e+01 1.822360e+01 2.150000e+01
      vertex   4.300597e+01 1.742634e+01 2.150000e+01
    endloop
  endfacet
  facet normal 0.000000e+00 0.000000e+00 -1.000000e+00
    outer loop
      vertex   4.300597e+01 1.742634e+01 2.150000e+01
      vertex   4.225350e+01 1.822360e+01 2.150000e+01
      vertex   4.249037e+01 1.831940e+01 2.150000e+01
    endloop
  endfacet
  facet normal 0.000000e+00 0.000000e+00 -1.000000e+00
    outer loop
      vertex   4.300597e+01 1.742634e+01 2.150000e+01
      vertex   4.249037e+01 1.831940e+01 2.150000e+01
      vertex   4.324064e+01 1.752741e+01 2.150000e+01
    endloop
  endfacet
  facet normal 0.000000e+00 0.000000e+00 -1.000000e+00
    outer loop
      vertex   4.324064e+01 1.752741e+01 2.150000e+01
      vertex   4.249037e+01 1.831940e+01 2.150000e+01
      vertex   4.269523e+01 1.847209e+01 2.150000e+01
    endloop
  endfacet
  facet normal 0.000000e+00 0.000000e+00 -1.000000e+00
    outer loop
      vertex   4.324064e+01 1.752741e+01 2.150000e+01
      vertex   4.269523e+01 1.847209e+01 2.150000e+01
      vertex   4.351563e+01 1.831596e+01 2.150000e+01
    endloop
  endfacet
  facet normal 0.000000e+00 0.000000e+00 -1.000000e+00
    outer loop
      vertex   4.351563e+01 1.831596e+01 2.150000e+01
      vertex   4.269523e+01 1.847209e+01 2.150000e+01
      vertex   4.327162e+01 1.864333e+01 2.150000e+01
    endloop
  endfacet
  facet normal -0.000000e+00 0.000000e+00 -1.000000e+00
    outer loop
      vertex   4.327162e+01 1.864333e+01 2.150000e+01
      vertex   4.269523e+01 1.847209e+01 2.150000e+01
      vertex   4.285471e+01 1.867172e+01 2.150000e+01
    endloop
  endfacet
  facet normal 0.000000e+00 0.000000e+00 -1.000000e+00
    outer loop
      vertex   4.327162e+01 1.864333e+01 2.150000e+01
      vertex   4.285471e+01 1.867172e+01 2.150000e+01
      vertex   4.295840e+01 1.890524e+01 2.150000e+01
    endloop
  endfacet
  facet normal 0.000000e+00 -0.000000e+00 -1.000000e+00
    outer loop
      vertex   4.351563e+01 1.831596e+01 2.150000e+01
      vertex   4.367713e+01 1.794096e+01 2.150000e+01
      vertex   4.324064e+01 1.752741e+01 2.150000e+01
    endloop
  endfacet
  facet normal 0.000000e+00 0.000000e+00 -1.000000e+00
    outer loop
      vertex   4.324064e+01 1.752741e+01 2.150000e+01
      vertex   4.367713e+01 1.794096e+01 2.150000e+01
      vertex   4.349327e+01 1.756571e+01 2.150000e+01
    endloop
  endfacet
  facet normal 0.000000e+00 0.000000e+00 -1.000000e+00
    outer loop
      vertex   4.349327e+01 1.756571e+01 2.150000e+01
      vertex   4.367713e+01 1.794096e+01 2.150000e+01
      vertex   4.374735e+01 1.753874e+01 2.150000e+01
    endloop
  endfacet
  facet normal 9.851024e-01 -1.719691e-01 0.000000e+00
    outer loop
      vertex   -4.367713e+01 1.794096e+01 1.586157e+00
      vertex   -4.367713e+01 1.794096e+01 8.224105e+00
      vertex   -4.374735e+01 1.753874e+01 1.586157e+00
    endloop
  endfacet
  facet normal 9.851024e-01 -1.719691e-01 0.000000e+00
    outer loop
      vertex   -4.374735e+01 1.753874e+01 1.586157e+00
      vertex   -4.367713e+01 1.794096e+01 8.224105e+00
      vertex   -4.367713e+01 1.794096e+01 1.486205e+01
    endloop
  endfacet
  facet normal 9.851024e-01 -1.719691e-01 0.000000e+00
    outer loop
      vertex   -4.374735e+01 1.753874e+01 1.586157e+00
      vertex   -4.367713e+01 1.794096e+01 1.486205e+01
      vertex   -4.374735e+01 1.753874e+01 2.150000e+01
    endloop
  endfacet
  facet normal 9.851024e-01 -1.719691e-01 0.000000e+00
    outer loop
      vertex   -4.374735e+01 1.753874e+01 2.150000e+01
      vertex   -4.367713e+01 1.794096e+01 1.486205e+01
      vertex   -4.367713e+01 1.794096e+01 2.150000e+01
    endloop
  endfacet
  facet normal 9.184410e-01 -3.955579e-01 0.000000e+00
    outer loop
      vertex   -4.367713e+01 1.794096e+01 2.150000e+01
      vertex   -4.367713e+01 1.794096e+01 1.486205e+01
      vertex   -4.351563e+01 1.831596e+01 2.150000e+01
    endloop
  endfacet
  facet normal 9.184410e-01 -3.955579e-01 -2.117076e-16
    outer loop
      vertex   -4.351563e+01 1.831596e+01 2.150000e+01
      vertex   -4.367713e+01 1.794096e+01 1.486205e+01
      vertex   -4.351563e+01 1.831596e+01 1.486205e+01
    endloop
  endfacet
  facet normal 8.017837e-01 -5.976143e-01 -3.198507e-16
    outer loop
      vertex   -4.351563e+01 1.831596e+01 2.150000e+01
      vertex   -4.351563e+01 1.831596e+01 1.486205e+01
      vertex   -4.327162e+01 1.864333e+01 2.150000e+01
    endloop
  endfacet
  facet normal 8.017837e-01 -5.976143e-01 0.000000e+00
    outer loop
      vertex   -4.327162e+01 1.864333e+01 2.150000e+01
      vertex   -4.351563e+01 1.831596e+01 1.486205e+01
      vertex   -4.327162e+01 1.864333e+01 1.486205e+01
    endloop
  endfacet
  facet normal 6.414808e-01 -7.671391e-01 0.000000e+00
    outer loop
      vertex   -4.327162e+01 1.864333e+01 2.150000e+01
      vertex   -4.327162e+01 1.864333e+01 1.486205e+01
      vertex   -4.295840e+01 1.890524e+01 2.150000e+01
    endloop
  endfacet
  facet normal 6.414808e-01 -7.671391e-01 0.000000e+00
    outer loop
      vertex   -4.295840e+01 1.890524e+01 2.150000e+01
      vertex   -4.327162e+01 1.864333e+01 1.486205e+01
      vertex   -4.327162e+01 1.864333e+01 8.224105e+00
    endloop
  endfacet
  facet normal 6.414808e-01 -7.671391e-01 0.000000e+00
    outer loop
      vertex   -4.295840e+01 1.890524e+01 2.150000e+01
      vertex   -4.327162e+01 1.864333e+01 8.224105e+00
      vertex   -4.295840e+01 1.890524e+01 1.586157e+00
    endloop
  endfacet
  facet normal 6.414808e-01 -7.671391e-01 0.000000e+00
    outer loop
      vertex   -4.295840e+01 1.890524e+01 1.586157e+00
      vertex   -4.327162e+01 1.864333e+01 8.224105e+00
      vertex   -4.327162e+01 1.864333e+01 1.586157e+00
    endloop
  endfacet
  facet normal 8.017837e-01 -5.976143e-01 0.000000e+00
    outer loop
      vertex   -4.327162e+01 1.864333e+01 1.586157e+00
      vertex   -4.327162e+01 1.864333e+01 8.224105e+00
      vertex   -4.351563e+01 1.831596e+01 1.586157e+00
    endloop
  endfacet
  facet normal 8.017837e-01 -5.976143e-01 3.198507e-16
    outer loop
      vertex   -4.351563e+01 1.831596e+01 1.586157e+00
      vertex   -4.327162e+01 1.864333e+01 8.224105e+00
      vertex   -4.351563e+01 1.831596e+01 8.224105e+00
    endloop
  endfacet
  facet normal 9.184410e-01 -3.955579e-01 2.117076e-16
    outer loop
      vertex   -4.351563e+01 1.831596e+01 1.586157e+00
      vertex   -4.351563e+01 1.831596e+01 8.224105e+00
      vertex   -4.367713e+01 1.794096e+01 1.586157e+00
    endloop
  endfacet
  facet normal 9.184410e-01 -3.955579e-01 0.000000e+00
    outer loop
      vertex   -4.367713e+01 1.794096e+01 1.586157e+00
      vertex   -4.351563e+01 1.831596e+01 8.224105e+00
      vertex   -4.367713e+01 1.794096e+01 8.224105e+00
    endloop
  endfacet
  facet normal 9.184410e-01 -3.955579e-01 0.000000e+00
    outer loop
      vertex   -4.351563e+01 1.831596e+01 1.486205e+01
      vertex   -4.367713e+01 1.794096e+01 1.486205e+01
      vertex   -4.367713e+01 1.794096e+01 8.224105e+00
    endloop
  endfacet
  facet normal 9.184410e-01 -3.955579e-01 0.000000e+00
    outer loop
      vertex   -4.351563e+01 1.831596e+01 1.486205e+01
      vertex   -4.367713e+01 1.794096e+01 8.224105e+00
      vertex   -4.351563e+01 1.831596e+01 8.224105e+00
    endloop
  endfacet
  facet normal 8.017837e-01 -5.976143e-01 0.000000e+00
    outer loop
      vertex   -4.327162e+01 1.864333e+01 1.486205e+01
      vertex   -4.351563e+01 1.831596e+01 1.486205e+01
      vertex   -4.351563e+01 1.831596e+01 8.224105e+00
    endloop
  endfacet
  facet normal 8.017837e-01 -5.976143e-01 0.000000e+00
    outer loop
      vertex   -4.327162e+01 1.864333e+01 1.486205e+01
      vertex   -4.351563e+01 1.831596e+01 8.224105e+00
      vertex   -4.327162e+01 1.864333e+01 8.224105e+00
    endloop
  endfacet
  facet normal 8.084154e-01 -5.886125e-01 0.000000e+00
    outer loop
      vertex   -4.263864e+01 1.608545e+01 1.586157e+00
      vertex   -4.263864e+01 1.608545e+01 6.564618e+00
      vertex   -4.278904e+01 1.587889e+01 1.586157e+00
    endloop
  endfacet
  facet normal 8.084154e-01 -5.886125e-01 0.000000e+00
    outer loop
      vertex   -4.278904e+01 1.587889e+01 1.586157e+00
      vertex   -4.263864e+01 1.608545e+01 6.564618e+00
      vertex   -4.263864e+01 1.608545e+01 1.154308e+01
    endloop
  endfacet
  facet normal 8.084154e-01 -5.886125e-01 0.000000e+00
    outer loop
      vertex   -4.278904e+01 1.587889e+01 1.586157e+00
      vertex   -4.263864e+01 1.608545e+01 1.154308e+01
      vertex   -4.278904e+01 1.587889e+01 2.150000e+01
    endloop
  endfacet
  facet normal 8.084154e-01 -5.886125e-01 0.000000e+00
    outer loop
      vertex   -4.278904e+01 1.587889e+01 2.150000e+01
      vertex   -4.263864e+01 1.608545e+01 1.154308e+01
      vertex   -4.263864e+01 1.608545e+01 1.652154e+01
    endloop
  endfacet
  facet normal 8.084154e-01 -5.886125e-01 0.000000e+00
    outer loop
      vertex   -4.278904e+01 1.587889e+01 2.150000e+01
      vertex   -4.263864e+01 1.608545e+01 1.652154e+01
      vertex   -4.263864e+01 1.608545e+01 2.150000e+01
    endloop
  endfacet
  facet normal 9.311900e-01 -3.645341e-01 0.000000e+00
    outer loop
      vertex   -4.263864e+01 1.608545e+01 2.150000e+01
      vertex   -4.263864e+01 1.608545e+01 1.652154e+01
      vertex   -4.254550e+01 1.632337e+01 2.150000e+01
    endloop
  endfacet
  facet normal 9.311900e-01 -3.645341e-01 1.589164e-15
    outer loop
      vertex   -4.254550e+01 1.632337e+01 2.150000e+01
      vertex   -4.263864e+01 1.608545e+01 1.652154e+01
      vertex   -4.254550e+01 1.632337e+01 1.652154e+01
    endloop
  endfacet
  facet normal 9.931722e-01 -1.166573e-01 1.500738e-15
    outer loop
      vertex   -4.254550e+01 1.632337e+01 2.150000e+01
      vertex   -4.254550e+01 1.632337e+01 1.652154e+01
      vertex   -4.251569e+01 1.657714e+01 2.150000e+01
    endloop
  endfacet
  facet normal 9.931722e-01 -1.166573e-01 0.000000e+00
    outer loop
      vertex   -4.251569e+01 1.657714e+01 2.150000e+01
      vertex   -4.254550e+01 1.632337e+01 1.652154e+01
      vertex   -4.251569e+01 1.657714e+01 1.652154e+01
    endloop
  endfacet
  facet normal 9.903155e-01 1.388355e-01 0.000000e+00
    outer loop
      vertex   -4.251569e+01 1.657714e+01 2.150000e+01
      vertex   -4.251569e+01 1.657714e+01 1.652154e+01
      vertex   -4.255116e+01 1.683017e+01 2.150000e+01
    endloop
  endfacet
  facet normal 9.903155e-01 1.388355e-01 0.000000e+00
    outer loop
      vertex   -4.255116e+01 1.683017e+01 2.150000e+01
      vertex   -4.251569e+01 1.657714e+01 1.652154e+01
      vertex   -4.255116e+01 1.683017e+01 1.652154e+01
    endloop
  endfacet
  facet normal 9.228062e-01 3.852644e-01 0.000000e+00
    outer loop
      vertex   -4.255116e+01 1.683017e+01 2.150000e+01
      vertex   -4.255116e+01 1.683017e+01 1.652154e+01
      vertex   -4.264960e+01 1.706596e+01 2.150000e+01
    endloop
  endfacet
  facet normal 9.228062e-01 3.852644e-01 0.000000e+00
    outer loop
      vertex   -4.264960e+01 1.706596e+01 2.150000e+01
      vertex   -4.255116e+01 1.683017e+01 1.652154e+01
      vertex   -4.264960e+01 1.706596e+01 1.652154e+01
    endloop
  endfacet
  facet normal 7.950519e-01 6.065414e-01 0.000000e+00
    outer loop
      vertex   -4.264960e+01 1.706596e+01 2.150000e+01
      vertex   -4.264960e+01 1.706596e+01 1.652154e+01
      vertex   -4.280458e+01 1.726910e+01 2.150000e+01
    endloop
  endfacet
  facet normal 7.950519e-01 6.065414e-01 0.000000e+00
    outer loop
      vertex   -4.280458e+01 1.726910e+01 2.150000e+01
      vertex   -4.264960e+01 1.706596e+01 1.652154e+01
      vertex   -4.280458e+01 1.726910e+01 1.652154e+01
    endloop
  endfacet
  facet normal 6.153928e-01 7.882206e-01 0.000000e+00
    outer loop
      vertex   -4.280458e+01 1.726910e+01 2.150000e+01
      vertex   -4.280458e+01 1.726910e+01 1.652154e+01
      vertex   -4.300598e+01 1.742634e+01 2.150000e+01
    endloop
  endfacet
  facet normal 6.153928e-01 7.882206e-01 0.000000e+00
    outer loop
      vertex   -4.300598e+01 1.742634e+01 2.150000e+01
      vertex   -4.280458e+01 1.726910e+01 1.652154e+01
      vertex   -4.300598e+01 1.742634e+01 1.652154e+01
    endloop
  endfacet
  facet normal 3.955579e-01 9.184410e-01 0.000000e+00
    outer loop
      vertex   -4.300598e+01 1.742634e+01 2.150000e+01
      vertex   -4.300598e+01 1.742634e+01 1.652154e+01
      vertex   -4.324065e+01 1.752741e+01 2.150000e+01
    endloop
  endfacet
  facet normal 3.955579e-01 9.184410e-01 0.000000e+00
    outer loop
      vertex   -4.324065e+01 1.752741e+01 2.150000e+01
      vertex   -4.300598e+01 1.742634e+01 1.652154e+01
      vertex   -4.324065e+01 1.752741e+01 1.652154e+01
    endloop
  endfacet
  facet normal 1.498992e-01 9.887013e-01 0.000000e+00
    outer loop
      vertex   -4.324065e+01 1.752741e+01 2.150000e+01
      vertex   -4.324065e+01 1.752741e+01 1.652154e+01
      vertex   -4.349327e+01 1.756571e+01 2.150000e+01
    endloop
  endfacet
  facet normal 1.498992e-01 9.887013e-01 0.000000e+00
    outer loop
      vertex   -4.349327e+01 1.756571e+01 2.150000e+01
      vertex   -4.324065e+01 1.752741e+01 1.652154e+01
      vertex   -4.349327e+01 1.756571e+01 1.652154e+01
    endloop
  endfacet
  facet normal -1.055457e-01 9.944145e-01 0.000000e+00
    outer loop
      vertex   -4.349327e+01 1.756571e+01 2.150000e+01
      vertex   -4.349327e+01 1.756571e+01 1.652154e+01
      vertex   -4.374735e+01 1.753874e+01 2.150000e+01
    endloop
  endfacet
  facet normal -1.055457e-01 9.944145e-01 0.000000e+00
    outer loop
      vertex   -4.374735e+01 1.753874e+01 2.150000e+01
      vertex   -4.349327e+01 1.756571e+01 1.652154e+01
      vertex   -4.349327e+01 1.756571e+01 1.154308e+01
    endloop
  endfacet
  facet normal -1.055457e-01 9.944145e-01 0.000000e+00
    outer loop
      vertex   -4.374735e+01 1.753874e+01 2.150000e+01
      vertex   -4.349327e+01 1.756571e+01 1.154308e+01
      vertex   -4.374735e+01 1.753874e+01 1.586157e+00
    endloop
  endfacet
  facet normal -1.055457e-01 9.944145e-01 0.000000e+00
    outer loop
      vertex   -4.374735e+01 1.753874e+01 1.586157e+00
      vertex   -4.349327e+01 1.756571e+01 1.154308e+01
      vertex   -4.349327e+01 1.756571e+01 6.564618e+00
    endloop
  endfacet
  facet normal -1.055457e-01 9.944145e-01 0.000000e+00
    outer loop
      vertex   -4.374735e+01 1.753874e+01 1.586157e+00
      vertex   -4.349327e+01 1.756571e+01 6.564618e+00
      vertex   -4.349327e+01 1.756571e+01 1.586157e+00
    endloop
  endfacet
  facet normal 1.498992e-01 9.887013e-01 -0.000000e+00
    outer loop
      vertex   -4.349327e+01 1.756571e+01 1.586157e+00
      vertex   -4.349327e+01 1.756571e+01 6.564618e+00
      vertex   -4.324065e+01 1.752741e+01 1.586157e+00
    endloop
  endfacet
  facet normal 1.498992e-01 9.887013e-01 -0.000000e+00
    outer loop
      vertex   -4.324065e+01 1.752741e+01 1.586157e+00
      vertex   -4.349327e+01 1.756571e+01 6.564618e+00
      vertex   -4.324065e+01 1.752741e+01 6.564618e+00
    endloop
  endfacet
  facet normal 3.955579e-01 9.184410e-01 -0.000000e+00
    outer loop
      vertex   -4.324065e+01 1.752741e+01 1.586157e+00
      vertex   -4.324065e+01 1.752741e+01 6.564618e+00
      vertex   -4.300598e+01 1.742634e+01 1.586157e+00
    endloop
  endfacet
  facet normal 3.955579e-01 9.184410e-01 -0.000000e+00
    outer loop
      vertex   -4.300598e+01 1.742634e+01 1.586157e+00
      vertex   -4.324065e+01 1.752741e+01 6.564618e+00
      vertex   -4.300598e+01 1.742634e+01 6.564618e+00
    endloop
  endfacet
  facet normal 6.153928e-01 7.882206e-01 -0.000000e+00
    outer loop
      vertex   -4.300598e+01 1.742634e+01 1.586157e+00
      vertex   -4.300598e+01 1.742634e+01 6.564618e+00
      vertex   -4.280458e+01 1.726910e+01 1.586157e+00
    endloop
  endfacet
  facet normal 6.153928e-01 7.882206e-01 -0.000000e+00
    outer loop
      vertex   -4.280458e+01 1.726910e+01 1.586157e+00
      vertex   -4.300598e+01 1.742634e+01 6.564618e+00
      vertex   -4.280458e+01 1.726910e+01 6.564618e+00
    endloop
  endfacet
  facet normal 7.950519e-01 6.065414e-01 -0.000000e+00
    outer loop
      vertex   -4.280458e+01 1.726910e+01 1.586157e+00
      vertex   -4.280458e+01 1.726910e+01 6.564618e+00
      vertex   -4.264960e+01 1.706596e+01 1.586157e+00
    endloop
  endfacet
  facet normal 7.950519e-01 6.065414e-01 -0.000000e+00
    outer loop
      vertex   -4.264960e+01 1.706596e+01 1.586157e+00
      vertex   -4.280458e+01 1.726910e+01 6.564618e+00
      vertex   -4.264960e+01 1.706596e+01 6.564618e+00
    endloop
  endfacet
  facet normal 9.228062e-01 3.852644e-01 -0.000000e+00
    outer loop
      vertex   -4.264960e+01 1.706596e+01 1.586157e+00
      vertex   -4.264960e+01 1.706596e+01 6.564618e+00
      vertex   -4.255116e+01 1.683017e+01 1.586157e+00
    endloop
  endfacet
  facet normal 9.228062e-01 3.852644e-01 -0.000000e+00
    outer loop
      vertex   -4.255116e+01 1.683017e+01 1.586157e+00
      vertex   -4.264960e+01 1.706596e+01 6.564618e+00
      vertex   -4.255116e+01 1.683017e+01 6.564618e+00
    endloop
  endfacet
  facet normal 9.903155e-01 1.388355e-01 -0.000000e+00
    outer loop
      vertex   -4.255116e+01 1.683017e+01 1.586157e+00
      vertex   -4.255116e+01 1.683017e+01 6.564618e+00
      vertex   -4.251569e+01 1.657714e+01 1.586157e+00
    endloop
  endfacet
  facet normal 9.903155e-01 1.388355e-01 -0.000000e+00
    outer loop
      vertex   -4.251569e+01 1.657714e+01 1.586157e+00
      vertex   -4.255116e+01 1.683017e+01 6.564618e+00
      vertex   -4.251569e+01 1.657714e+01 6.564618e+00
    endloop
  endfacet
  facet normal 9.931722e-01 -1.166573e-01 0.000000e+00
    outer loop
      vertex   -4.251569e+01 1.657714e+01 1.586157e+00
      vertex   -4.251569e+01 1.657714e+01 6.564618e+00
      vertex   -4.254550e+01 1.632337e+01 1.586157e+00
    endloop
  endfacet
  facet normal 9.931722e-01 -1.166573e-01 -1.500738e-15
    outer loop
      vertex   -4.254550e+01 1.632337e+01 1.586157e+00
      vertex   -4.251569e+01 1.657714e+01 6.564618e+00
      vertex   -4.254550e+01 1.632337e+01 6.564618e+00
    endloop
  endfacet
  facet normal 9.311900e-01 -3.645341e-01 -1.589164e-15
    outer loop
      vertex   -4.254550e+01 1.632337e+01 1.586157e+00
      vertex   -4.254550e+01 1.632337e+01 6.564618e+00
      vertex   -4.263864e+01 1.608545e+01 1.586157e+00
    endloop
  endfacet
  facet normal 9.311900e-01 -3.645341e-01 0.000000e+00
    outer loop
      vertex   -4.263864e+01 1.608545e+01 1.586157e+00
      vertex   -4.254550e+01 1.632337e+01 6.564618e+00
      vertex   -4.263864e+01 1.608545e+01 6.564618e+00
    endloop
  endfacet
  facet normal 9.311900e-01 -3.645341e-01 0.000000e+00
    outer loop
      vertex   -4.254550e+01 1.632337e+01 1.652154e+01
      vertex   -4.263864e+01 1.608545e+01 1.652154e+01
      vertex   -4.263864e+01 1.608545e+01 1.154308e+01
    endloop
  endfacet
  facet normal 9.311900e-01 -3.645341e-01 0.000000e+00
    outer loop
      vertex   -4.263864e+01 1.608545e+01 1.154308e+01
      vertex   -4.263864e+01 1.608545e+01 6.564618e+00
      vertex   -4.254550e+01 1.632337e+01 1.154308e+01
    endloop
  endfacet
  facet normal 9.311900e-01 -3.645341e-01 0.000000e+00
    outer loop
      vertex   -4.254550e+01 1.632337e+01 1.154308e+01
      vertex   -4.263864e+01 1.608545e+01 6.564618e+00
      vertex   -4.254550e+01 1.632337e+01 6.564618e+00
    endloop
  endfacet
  facet normal 9.931722e-01 -1.166573e-01 0.000000e+00
    outer loop
      vertex   -4.254550e+01 1.632337e+01 1.154308e+01
      vertex   -4.254550e+01 1.632337e+01 6.564618e+00
      vertex   -4.251569e+01 1.657714e+01 1.154308e+01
    endloop
  endfacet
  facet normal 9.931722e-01 -1.166573e-01 0.000000e+00
    outer loop
      vertex   -4.251569e+01 1.657714e+01 1.154308e+01
      vertex   -4.254550e+01 1.632337e+01 6.564618e+00
      vertex   -4.251569e+01 1.657714e+01 6.564618e+00
    endloop
  endfacet
  facet normal 9.903155e-01 1.388355e-01 0.000000e+00
    outer loop
      vertex   -4.251569e+01 1.657714e+01 1.154308e+01
      vertex   -4.251569e+01 1.657714e+01 6.564618e+00
      vertex   -4.255116e+01 1.683017e+01 1.154308e+01
    endloop
  endfacet
  facet normal 9.903155e-01 1.388355e-01 0.000000e+00
    outer loop
      vertex   -4.255116e+01 1.683017e+01 1.154308e+01
      vertex   -4.251569e+01 1.657714e+01 6.564618e+00
      vertex   -4.255116e+01 1.683017e+01 6.564618e+00
    endloop
  endfacet
  facet normal 9.228062e-01 3.852644e-01 0.000000e+00
    outer loop
      vertex   -4.255116e+01 1.683017e+01 1.154308e+01
      vertex   -4.255116e+01 1.683017e+01 6.564618e+00
      vertex   -4.264960e+01 1.706596e+01 1.154308e+01
    endloop
  endfacet
  facet normal 9.228062e-01 3.852644e-01 0.000000e+00
    outer loop
      vertex   -4.264960e+01 1.706596e+01 1.154308e+01
      vertex   -4.255116e+01 1.683017e+01 6.564618e+00
      vertex   -4.264960e+01 1.706596e+01 6.564618e+00
    endloop
  endfacet
  facet normal 7.950519e-01 6.065414e-01 0.000000e+00
    outer loop
      vertex   -4.264960e+01 1.706596e+01 1.154308e+01
      vertex   -4.264960e+01 1.706596e+01 6.564618e+00
      vertex   -4.280458e+01 1.726910e+01 1.154308e+01
    endloop
  endfacet
  facet normal 7.950519e-01 6.065414e-01 0.000000e+00
    outer loop
      vertex   -4.280458e+01 1.726910e+01 1.154308e+01
      vertex   -4.264960e+01 1.706596e+01 6.564618e+00
      vertex   -4.280458e+01 1.726910e+01 6.564618e+00
    endloop
  endfacet
  facet normal 6.153928e-01 7.882206e-01 0.000000e+00
    outer loop
      vertex   -4.280458e+01 1.726910e+01 1.154308e+01
      vertex   -4.280458e+01 1.726910e+01 6.564618e+00
      vertex   -4.300598e+01 1.742634e+01 1.154308e+01
    endloop
  endfacet
  facet normal 6.153928e-01 7.882206e-01 0.000000e+00
    outer loop
      vertex   -4.300598e+01 1.742634e+01 1.154308e+01
      vertex   -4.280458e+01 1.726910e+01 6.564618e+00
      vertex   -4.300598e+01 1.742634e+01 6.564618e+00
    endloop
  endfacet
  facet normal 3.955579e-01 9.184410e-01 0.000000e+00
    outer loop
      vertex   -4.300598e+01 1.742634e+01 1.154308e+01
      vertex   -4.300598e+01 1.742634e+01 6.564618e+00
      vertex   -4.324065e+01 1.752741e+01 1.154308e+01
    endloop
  endfacet
  facet normal 3.955579e-01 9.184410e-01 0.000000e+00
    outer loop
      vertex   -4.324065e+01 1.752741e+01 1.154308e+01
      vertex   -4.300598e+01 1.742634e+01 6.564618e+00
      vertex   -4.324065e+01 1.752741e+01 6.564618e+00
    endloop
  endfacet
  facet normal 1.498992e-01 9.887013e-01 0.000000e+00
    outer loop
      vertex   -4.324065e+01 1.752741e+01 1.154308e+01
      vertex   -4.324065e+01 1.752741e+01 6.564618e+00
      vertex   -4.349327e+01 1.756571e+01 1.154308e+01
    endloop
  endfacet
  facet normal 1.498992e-01 9.887013e-01 0.000000e+00
    outer loop
      vertex   -4.349327e+01 1.756571e+01 1.154308e+01
      vertex   -4.324065e+01 1.752741e+01 6.564618e+00
      vertex   -4.349327e+01 1.756571e+01 6.564618e+00
    endloop
  endfacet
  facet normal 9.931722e-01 -1.166573e-01 0.000000e+00
    outer loop
      vertex   -4.251569e+01 1.657714e+01 1.652154e+01
      vertex   -4.254550e+01 1.632337e+01 1.652154e+01
      vertex   -4.254550e+01 1.632337e+01 1.154308e+01
    endloop
  endfacet
  facet normal 9.311900e-01 -3.645341e-01 0.000000e+00
    outer loop
      vertex   -4.254550e+01 1.632337e+01 1.154308e+01
      vertex   -4.254550e+01 1.632337e+01 1.652154e+01
      vertex   -4.263864e+01 1.608545e+01 1.154308e+01
    endloop
  endfacet
  facet normal 9.931722e-01 -1.166573e-01 0.000000e+00
    outer loop
      vertex   -4.251569e+01 1.657714e+01 1.652154e+01
      vertex   -4.254550e+01 1.632337e+01 1.154308e+01
      vertex   -4.251569e+01 1.657714e+01 1.154308e+01
    endloop
  endfacet
  facet normal 9.903155e-01 1.388355e-01 0.000000e+00
    outer loop
      vertex   -4.255116e+01 1.683017e+01 1.652154e+01
      vertex   -4.251569e+01 1.657714e+01 1.652154e+01
      vertex   -4.251569e+01 1.657714e+01 1.154308e+01
    endloop
  endfacet
  facet normal 9.903155e-01 1.388355e-01 0.000000e+00
    outer loop
      vertex   -4.255116e+01 1.683017e+01 1.652154e+01
      vertex   -4.251569e+01 1.657714e+01 1.154308e+01
      vertex   -4.255116e+01 1.683017e+01 1.154308e+01
    endloop
  endfacet
  facet normal 9.228062e-01 3.852644e-01 0.000000e+00
    outer loop
      vertex   -4.264960e+01 1.706596e+01 1.652154e+01
      vertex   -4.255116e+01 1.683017e+01 1.652154e+01
      vertex   -4.255116e+01 1.683017e+01 1.154308e+01
    endloop
  endfacet
  facet normal 9.228062e-01 3.852644e-01 0.000000e+00
    outer loop
      vertex   -4.264960e+01 1.706596e+01 1.652154e+01
      vertex   -4.255116e+01 1.683017e+01 1.154308e+01
      vertex   -4.264960e+01 1.706596e+01 1.154308e+01
    endloop
  endfacet
  facet normal 7.950519e-01 6.065414e-01 0.000000e+00
    outer loop
      vertex   -4.280458e+01 1.726910e+01 1.652154e+01
      vertex   -4.264960e+01 1.706596e+01 1.652154e+01
      vertex   -4.264960e+01 1.706596e+01 1.154308e+01
    endloop
  endfacet
  facet normal 7.950519e-01 6.065414e-01 0.000000e+00
    outer loop
      vertex   -4.280458e+01 1.726910e+01 1.652154e+01
      vertex   -4.264960e+01 1.706596e+01 1.154308e+01
      vertex   -4.280458e+01 1.726910e+01 1.154308e+01
    endloop
  endfacet
  facet normal 6.153928e-01 7.882206e-01 0.000000e+00
    outer loop
      vertex   -4.300598e+01 1.742634e+01 1.652154e+01
      vertex   -4.280458e+01 1.726910e+01 1.652154e+01
      vertex   -4.280458e+01 1.726910e+01 1.154308e+01
    endloop
  endfacet
  facet normal 6.153928e-01 7.882206e-01 0.000000e+00
    outer loop
      vertex   -4.300598e+01 1.742634e+01 1.652154e+01
      vertex   -4.280458e+01 1.726910e+01 1.154308e+01
      vertex   -4.300598e+01 1.742634e+01 1.154308e+01
    endloop
  endfacet
  facet normal 3.955579e-01 9.184410e-01 0.000000e+00
    outer loop
      vertex   -4.324065e+01 1.752741e+01 1.652154e+01
      vertex   -4.300598e+01 1.742634e+01 1.652154e+01
      vertex   -4.300598e+01 1.742634e+01 1.154308e+01
    endloop
  endfacet
  facet normal 3.955579e-01 9.184410e-01 0.000000e+00
    outer loop
      vertex   -4.324065e+01 1.752741e+01 1.652154e+01
      vertex   -4.300598e+01 1.742634e+01 1.154308e+01
      vertex   -4.324065e+01 1.752741e+01 1.154308e+01
    endloop
  endfacet
  facet normal 1.498992e-01 9.887013e-01 0.000000e+00
    outer loop
      vertex   -4.349327e+01 1.756571e+01 1.652154e+01
      vertex   -4.324065e+01 1.752741e+01 1.652154e+01
      vertex   -4.324065e+01 1.752741e+01 1.154308e+01
    endloop
  endfacet
  facet normal 1.498992e-01 9.887013e-01 0.000000e+00
    outer loop
      vertex   -4.349327e+01 1.756571e+01 1.652154e+01
      vertex   -4.324065e+01 1.752741e+01 1.154308e+01
      vertex   -4.349327e+01 1.756571e+01 1.154308e+01
    endloop
  endfacet
  facet normal -3.436216e-01 9.391082e-01 2.513113e-16
    outer loop
      vertex   -4.159457e+01 1.573859e+01 1.586157e+00
      vertex   -4.159457e+01 1.573859e+01 8.224105e+00
      vertex   -4.121113e+01 1.587889e+01 1.586157e+00
    endloop
  endfacet
  facet normal -3.436216e-01 9.391082e-01 0.000000e+00
    outer loop
      vertex   -4.121113e+01 1.587889e+01 1.586157e+00
      vertex   -4.159457e+01 1.573859e+01 8.224105e+00
      vertex   -4.159457e+01 1.573859e+01 1.486205e+01
    endloop
  endfacet
  facet normal -3.436216e-01 9.391082e-01 0.000000e+00
    outer loop
      vertex   -4.121113e+01 1.587889e+01 1.586157e+00
      vertex   -4.159457e+01 1.573859e+01 1.486205e+01
      vertex   -4.121113e+01 1.587889e+01 2.150000e+01
    endloop
  endfacet
  facet normal -3.436216e-01 9.391082e-01 -2.534613e-16
    outer loop
      vertex   -4.121113e+01 1.587889e+01 2.150000e+01
      vertex   -4.159457e+01 1.573859e+01 1.486205e+01
      vertex   -4.159457e+01 1.573859e+01 2.150000e+01
    endloop
  endfacet
  facet normal -1.166573e-01 9.931722e-01 -2.657792e-16
    outer loop
      vertex   -4.159457e+01 1.573859e+01 2.150000e+01
      vertex   -4.159457e+01 1.573859e+01 1.486205e+01
      vertex   -4.200008e+01 1.569096e+01 2.150000e+01
    endloop
  endfacet
  facet normal -1.166573e-01 9.931722e-01 0.000000e+00
    outer loop
      vertex   -4.200008e+01 1.569096e+01 2.150000e+01
      vertex   -4.159457e+01 1.573859e+01 1.486205e+01
      vertex   -4.200008e+01 1.569096e+01 1.486205e+01
    endloop
  endfacet
  facet normal 1.166573e-01 9.931722e-01 0.000000e+00
    outer loop
      vertex   -4.200008e+01 1.569096e+01 2.150000e+01
      vertex   -4.200008e+01 1.569096e+01 1.486205e+01
      vertex   -4.240560e+01 1.573859e+01 2.150000e+01
    endloop
  endfacet
  facet normal 1.166573e-01 9.931722e-01 0.000000e+00
    outer loop
      vertex   -4.240560e+01 1.573859e+01 2.150000e+01
      vertex   -4.200008e+01 1.569096e+01 1.486205e+01
      vertex   -4.240560e+01 1.573859e+01 1.486205e+01
    endloop
  endfacet
  facet normal 3.436216e-01 9.391082e-01 0.000000e+00
    outer loop
      vertex   -4.240560e+01 1.573859e+01 2.150000e+01
      vertex   -4.240560e+01 1.573859e+01 1.486205e+01
      vertex   -4.278904e+01 1.587889e+01 2.150000e+01
    endloop
  endfacet
  facet normal 3.436216e-01 9.391082e-01 0.000000e+00
    outer loop
      vertex   -4.278904e+01 1.587889e+01 2.150000e+01
      vertex   -4.240560e+01 1.573859e+01 1.486205e+01
      vertex   -4.240560e+01 1.573859e+01 8.224105e+00
    endloop
  endfacet
  facet normal 3.436216e-01 9.391082e-01 0.000000e+00
    outer loop
      vertex   -4.278904e+01 1.587889e+01 2.150000e+01
      vertex   -4.240560e+01 1.573859e+01 8.224105e+00
      vertex   -4.278904e+01 1.587889e+01 1.586157e+00
    endloop
  endfacet
  facet normal 3.436216e-01 9.391082e-01 0.000000e+00
    outer loop
      vertex   -4.278904e+01 1.587889e+01 1.586157e+00
      vertex   -4.240560e+01 1.573859e+01 8.224105e+00
      vertex   -4.240560e+01 1.573859e+01 1.586157e+00
    endloop
  endfacet
  facet normal 1.166573e-01 9.931722e-01 -0.000000e+00
    outer loop
      vertex   -4.240560e+01 1.573859e+01 1.586157e+00
      vertex   -4.240560e+01 1.573859e+01 8.224105e+00
      vertex   -4.200008e+01 1.569096e+01 1.586157e+00
    endloop
  endfacet
  facet normal 1.166573e-01 9.931722e-01 -0.000000e+00
    outer loop
      vertex   -4.200008e+01 1.569096e+01 1.586157e+00
      vertex   -4.240560e+01 1.573859e+01 8.224105e+00
      vertex   -4.200008e+01 1.569096e+01 8.224105e+00
    endloop
  endfacet
  facet normal -1.166573e-01 9.931722e-01 0.000000e+00
    outer loop
      vertex   -4.200008e+01 1.569096e+01 1.586157e+00
      vertex   -4.200008e+01 1.569096e+01 8.224105e+00
      vertex   -4.159457e+01 1.573859e+01 1.586157e+00
    endloop
  endfacet
  facet normal -1.166573e-01 9.931722e-01 2.657792e-16
    outer loop
      vertex   -4.159457e+01 1.573859e+01 1.586157e+00
      vertex   -4.200008e+01 1.569096e+01 8.224105e+00
      vertex   -4.159457e+01 1.573859e+01 8.224105e+00
    endloop
  endfacet
  facet normal -1.166573e-01 9.931722e-01 0.000000e+00
    outer loop
      vertex   -4.200008e+01 1.569096e+01 1.486205e+01
      vertex   -4.159457e+01 1.573859e+01 1.486205e+01
      vertex   -4.159457e+01 1.573859e+01 8.224105e+00
    endloop
  endfacet
  facet normal -1.166573e-01 9.931722e-01 0.000000e+00
    outer loop
      vertex   -4.200008e+01 1.569096e+01 1.486205e+01
      vertex   -4.159457e+01 1.573859e+01 8.224105e+00
      vertex   -4.200008e+01 1.569096e+01 8.224105e+00
    endloop
  endfacet
  facet normal 1.166573e-01 9.931722e-01 0.000000e+00
    outer loop
      vertex   -4.240560e+01 1.573859e+01 1.486205e+01
      vertex   -4.200008e+01 1.569096e+01 1.486205e+01
      vertex   -4.200008e+01 1.569096e+01 8.224105e+00
    endloop
  endfacet
  facet normal 1.166573e-01 9.931722e-01 0.000000e+00
    outer loop
      vertex   -4.240560e+01 1.573859e+01 1.486205e+01
      vertex   -4.200008e+01 1.569096e+01 8.224105e+00
      vertex   -4.240560e+01 1.573859e+01 8.224105e+00
    endloop
  endfacet
  facet normal 1.055457e-01 9.944145e-01 -0.000000e+00
    outer loop
      vertex   -4.050690e+01 1.756571e+01 1.586157e+00
      vertex   -4.050690e+01 1.756571e+01 6.564618e+00
      vertex   -4.025282e+01 1.753874e+01 1.586157e+00
    endloop
  endfacet
  facet normal 1.055457e-01 9.944145e-01 0.000000e+00
    outer loop
      vertex   -4.025282e+01 1.753874e+01 1.586157e+00
      vertex   -4.050690e+01 1.756571e+01 6.564618e+00
      vertex   -4.050690e+01 1.756571e+01 1.154308e+01
    endloop
  endfacet
  facet normal 1.055457e-01 9.944145e-01 -0.000000e+00
    outer loop
      vertex   -4.025282e+01 1.753874e+01 1.586157e+00
      vertex   -4.050690e+01 1.756571e+01 1.154308e+01
      vertex   -4.025282e+01 1.753874e+01 2.150000e+01
    endloop
  endfacet
  facet normal 1.055457e-01 9.944145e-01 0.000000e+00
    outer loop
      vertex   -4.025282e+01 1.753874e+01 2.150000e+01
      vertex   -4.050690e+01 1.756571e+01 1.154308e+01
      vertex   -4.050690e+01 1.756571e+01 1.652154e+01
    endloop
  endfacet
  facet normal 1.055457e-01 9.944145e-01 0.000000e+00
    outer loop
      vertex   -4.025282e+01 1.753874e+01 2.150000e+01
      vertex   -4.050690e+01 1.756571e+01 1.652154e+01
      vertex   -4.050690e+01 1.756571e+01 2.150000e+01
    endloop
  endfacet
  facet normal -1.498992e-01 9.887013e-01 0.000000e+00
    outer loop
      vertex   -4.050690e+01 1.756571e+01 2.150000e+01
      vertex   -4.050690e+01 1.756571e+01 1.652154e+01
      vertex   -4.075952e+01 1.752741e+01 2.150000e+01
    endloop
  endfacet
  facet normal -1.498992e-01 9.887013e-01 0.000000e+00
    outer loop
      vertex   -4.075952e+01 1.752741e+01 2.150000e+01
      vertex   -4.050690e+01 1.756571e+01 1.652154e+01
      vertex   -4.075952e+01 1.752741e+01 1.652154e+01
    endloop
  endfacet
  facet normal -3.955579e-01 9.184410e-01 0.000000e+00
    outer loop
      vertex   -4.075952e+01 1.752741e+01 2.150000e+01
      vertex   -4.075952e+01 1.752741e+01 1.652154e+01
      vertex   -4.099419e+01 1.742634e+01 2.150000e+01
    endloop
  endfacet
  facet normal -3.955579e-01 9.184410e-01 0.000000e+00
    outer loop
      vertex   -4.099419e+01 1.742634e+01 2.150000e+01
      vertex   -4.075952e+01 1.752741e+01 1.652154e+01
      vertex   -4.099419e+01 1.742634e+01 1.652154e+01
    endloop
  endfacet
  facet normal -6.153928e-01 7.882206e-01 0.000000e+00
    outer loop
      vertex   -4.099419e+01 1.742634e+01 2.150000e+01
      vertex   -4.099419e+01 1.742634e+01 1.652154e+01
      vertex   -4.119559e+01 1.726910e+01 2.150000e+01
    endloop
  endfacet
  facet normal -6.153928e-01 7.882206e-01 0.000000e+00
    outer loop
      vertex   -4.119559e+01 1.726910e+01 2.150000e+01
      vertex   -4.099419e+01 1.742634e+01 1.652154e+01
      vertex   -4.119559e+01 1.726910e+01 1.652154e+01
    endloop
  endfacet
  facet normal -7.950519e-01 6.065414e-01 0.000000e+00
    outer loop
      vertex   -4.119559e+01 1.726910e+01 2.150000e+01
      vertex   -4.119559e+01 1.726910e+01 1.652154e+01
      vertex   -4.135056e+01 1.706596e+01 2.150000e+01
    endloop
  endfacet
  facet normal -7.950519e-01 6.065414e-01 0.000000e+00
    outer loop
      vertex   -4.135056e+01 1.706596e+01 2.150000e+01
      vertex   -4.119559e+01 1.726910e+01 1.652154e+01
      vertex   -4.135056e+01 1.706596e+01 1.652154e+01
    endloop
  endfacet
  facet normal -9.228062e-01 3.852644e-01 0.000000e+00
    outer loop
      vertex   -4.135056e+01 1.706596e+01 2.150000e+01
      vertex   -4.135056e+01 1.706596e+01 1.652154e+01
      vertex   -4.144900e+01 1.683017e+01 2.150000e+01
    endloop
  endfacet
  facet normal -9.228062e-01 3.852644e-01 0.000000e+00
    outer loop
      vertex   -4.144900e+01 1.683017e+01 2.150000e+01
      vertex   -4.135056e+01 1.706596e+01 1.652154e+01
      vertex   -4.144900e+01 1.683017e+01 1.652154e+01
    endloop
  endfacet
  facet normal -9.903155e-01 1.388355e-01 0.000000e+00
    outer loop
      vertex   -4.144900e+01 1.683017e+01 2.150000e+01
      vertex   -4.144900e+01 1.683017e+01 1.652154e+01
      vertex   -4.148448e+01 1.657714e+01 2.150000e+01
    endloop
  endfacet
  facet normal -9.903155e-01 1.388355e-01 0.000000e+00
    outer loop
      vertex   -4.148448e+01 1.657714e+01 2.150000e+01
      vertex   -4.144900e+01 1.683017e+01 1.652154e+01
      vertex   -4.148448e+01 1.657714e+01 1.652154e+01
    endloop
  endfacet
  facet normal -9.931722e-01 -1.166573e-01 -0.000000e+00
    outer loop
      vertex   -4.148448e+01 1.657714e+01 2.150000e+01
      vertex   -4.148448e+01 1.657714e+01 1.652154e+01
      vertex   -4.145467e+01 1.632337e+01 2.150000e+01
    endloop
  endfacet
  facet normal -9.931722e-01 -1.166573e-01 -0.000000e+00
    outer loop
      vertex   -4.145467e+01 1.632337e+01 2.150000e+01
      vertex   -4.148448e+01 1.657714e+01 1.652154e+01
      vertex   -4.145467e+01 1.632337e+01 1.652154e+01
    endloop
  endfacet
  facet normal -9.311900e-01 -3.645341e-01 -0.000000e+00
    outer loop
      vertex   -4.145467e+01 1.632337e+01 2.150000e+01
      vertex   -4.145467e+01 1.632337e+01 1.652154e+01
      vertex   -4.136153e+01 1.608545e+01 2.150000e+01
    endloop
  endfacet
  facet normal -9.311900e-01 -3.645341e-01 -0.000000e+00
    outer loop
      vertex   -4.136153e+01 1.608545e+01 2.150000e+01
      vertex   -4.145467e+01 1.632337e+01 1.652154e+01
      vertex   -4.136153e+01 1.608545e+01 1.652154e+01
    endloop
  endfacet
  facet normal -8.084154e-01 -5.886125e-01 -0.000000e+00
    outer loop
      vertex   -4.136153e+01 1.608545e+01 2.150000e+01
      vertex   -4.136153e+01 1.608545e+01 1.652154e+01
      vertex   -4.121113e+01 1.587889e+01 2.150000e+01
    endloop
  endfacet
  facet normal -8.084154e-01 -5.886125e-01 0.000000e+00
    outer loop
      vertex   -4.121113e+01 1.587889e+01 2.150000e+01
      vertex   -4.136153e+01 1.608545e+01 1.652154e+01
      vertex   -4.136153e+01 1.608545e+01 1.154308e+01
    endloop
  endfacet
  facet normal -8.084154e-01 -5.886125e-01 -0.000000e+00
    outer loop
      vertex   -4.121113e+01 1.587889e+01 2.150000e+01
      vertex   -4.136153e+01 1.608545e+01 1.154308e+01
      vertex   -4.121113e+01 1.587889e+01 1.586157e+00
    endloop
  endfacet
  facet normal -8.084154e-01 -5.886125e-01 0.000000e+00
    outer loop
      vertex   -4.121113e+01 1.587889e+01 1.586157e+00
      vertex   -4.136153e+01 1.608545e+01 1.154308e+01
      vertex   -4.136153e+01 1.608545e+01 6.564618e+00
    endloop
  endfacet
  facet normal -8.084154e-01 -5.886125e-01 0.000000e+00
    outer loop
      vertex   -4.121113e+01 1.587889e+01 1.586157e+00
      vertex   -4.136153e+01 1.608545e+01 6.564618e+00
      vertex   -4.136153e+01 1.608545e+01 1.586157e+00
    endloop
  endfacet
  facet normal -9.311900e-01 -3.645341e-01 0.000000e+00
    outer loop
      vertex   -4.136153e+01 1.608545e+01 1.586157e+00
      vertex   -4.136153e+01 1.608545e+01 6.564618e+00
      vertex   -4.145467e+01 1.632337e+01 1.586157e+00
    endloop
  endfacet
  facet normal -9.311900e-01 -3.645341e-01 0.000000e+00
    outer loop
      vertex   -4.145467e+01 1.632337e+01 1.586157e+00
      vertex   -4.136153e+01 1.608545e+01 6.564618e+00
      vertex   -4.145467e+01 1.632337e+01 6.564618e+00
    endloop
  endfacet
  facet normal -9.931722e-01 -1.166573e-01 0.000000e+00
    outer loop
      vertex   -4.145467e+01 1.632337e+01 1.586157e+00
      vertex   -4.145467e+01 1.632337e+01 6.564618e+00
      vertex   -4.148448e+01 1.657714e+01 1.586157e+00
    endloop
  endfacet
  facet normal -9.931722e-01 -1.166573e-01 0.000000e+00
    outer loop
      vertex   -4.148448e+01 1.657714e+01 1.586157e+00
      vertex   -4.145467e+01 1.632337e+01 6.564618e+00
      vertex   -4.148448e+01 1.657714e+01 6.564618e+00
    endloop
  endfacet
  facet normal -9.903155e-01 1.388355e-01 0.000000e+00
    outer loop
      vertex   -4.148448e+01 1.657714e+01 1.586157e+00
      vertex   -4.148448e+01 1.657714e+01 6.564618e+00
      vertex   -4.144900e+01 1.683017e+01 1.586157e+00
    endloop
  endfacet
  facet normal -9.903155e-01 1.388355e-01 0.000000e+00
    outer loop
      vertex   -4.144900e+01 1.683017e+01 1.586157e+00
      vertex   -4.148448e+01 1.657714e+01 6.564618e+00
      vertex   -4.144900e+01 1.683017e+01 6.564618e+00
    endloop
  endfacet
  facet normal -9.228062e-01 3.852644e-01 0.000000e+00
    outer loop
      vertex   -4.144900e+01 1.683017e+01 1.586157e+00
      vertex   -4.144900e+01 1.683017e+01 6.564618e+00
      vertex   -4.135056e+01 1.706596e+01 1.586157e+00
    endloop
  endfacet
  facet normal -9.228062e-01 3.852644e-01 0.000000e+00
    outer loop
      vertex   -4.135056e+01 1.706596e+01 1.586157e+00
      vertex   -4.144900e+01 1.683017e+01 6.564618e+00
      vertex   -4.135056e+01 1.706596e+01 6.564618e+00
    endloop
  endfacet
  facet normal -7.950519e-01 6.065414e-01 0.000000e+00
    outer loop
      vertex   -4.135056e+01 1.706596e+01 1.586157e+00
      vertex   -4.135056e+01 1.706596e+01 6.564618e+00
      vertex   -4.119559e+01 1.726910e+01 1.586157e+00
    endloop
  endfacet
  facet normal -7.950519e-01 6.065414e-01 0.000000e+00
    outer loop
      vertex   -4.119559e+01 1.726910e+01 1.586157e+00
      vertex   -4.135056e+01 1.706596e+01 6.564618e+00
      vertex   -4.119559e+01 1.726910e+01 6.564618e+00
    endloop
  endfacet
  facet normal -6.153928e-01 7.882206e-01 0.000000e+00
    outer loop
      vertex   -4.119559e+01 1.726910e+01 1.586157e+00
      vertex   -4.119559e+01 1.726910e+01 6.564618e+00
      vertex   -4.099419e+01 1.742634e+01 1.586157e+00
    endloop
  endfacet
  facet normal -6.153928e-01 7.882206e-01 0.000000e+00
    outer loop
      vertex   -4.099419e+01 1.742634e+01 1.586157e+00
      vertex   -4.119559e+01 1.726910e+01 6.564618e+00
      vertex   -4.099419e+01 1.742634e+01 6.564618e+00
    endloop
  endfacet
  facet normal -3.955579e-01 9.184410e-01 0.000000e+00
    outer loop
      vertex   -4.099419e+01 1.742634e+01 1.586157e+00
      vertex   -4.099419e+01 1.742634e+01 6.564618e+00
      vertex   -4.075952e+01 1.752741e+01 1.586157e+00
    endloop
  endfacet
  facet normal -3.955579e-01 9.184410e-01 0.000000e+00
    outer loop
      vertex   -4.075952e+01 1.752741e+01 1.586157e+00
      vertex   -4.099419e+01 1.742634e+01 6.564618e+00
      vertex   -4.075952e+01 1.752741e+01 6.564618e+00
    endloop
  endfacet
  facet normal -1.498992e-01 9.887013e-01 0.000000e+00
    outer loop
      vertex   -4.075952e+01 1.752741e+01 1.586157e+00
      vertex   -4.075952e+01 1.752741e+01 6.564618e+00
      vertex   -4.050690e+01 1.756571e+01 1.586157e+00
    endloop
  endfacet
  facet normal -1.498992e-01 9.887013e-01 0.000000e+00
    outer loop
      vertex   -4.050690e+01 1.756571e+01 1.586157e+00
      vertex   -4.075952e+01 1.752741e+01 6.564618e+00
      vertex   -4.050690e+01 1.756571e+01 6.564618e+00
    endloop
  endfacet
  facet normal -1.498992e-01 9.887013e-01 0.000000e+00
    outer loop
      vertex   -4.075952e+01 1.752741e+01 1.652154e+01
      vertex   -4.050690e+01 1.756571e+01 1.652154e+01
      vertex   -4.050690e+01 1.756571e+01 1.154308e+01
    endloop
  endfacet
  facet normal -1.498992e-01 9.887013e-01 0.000000e+00
    outer loop
      vertex   -4.050690e+01 1.756571e+01 1.154308e+01
      vertex   -4.050690e+01 1.756571e+01 6.564618e+00
      vertex   -4.075952e+01 1.752741e+01 1.154308e+01
    endloop
  endfacet
  facet normal -1.498992e-01 9.887013e-01 0.000000e+00
    outer loop
      vertex   -4.075952e+01 1.752741e+01 1.154308e+01
      vertex   -4.050690e+01 1.756571e+01 6.564618e+00
      vertex   -4.075952e+01 1.752741e+01 6.564618e+00
    endloop
  endfacet
  facet normal -3.955579e-01 9.184410e-01 0.000000e+00
    outer loop
      vertex   -4.075952e+01 1.752741e+01 1.154308e+01
      vertex   -4.075952e+01 1.752741e+01 6.564618e+00
      vertex   -4.099419e+01 1.742634e+01 1.154308e+01
    endloop
  endfacet
  facet normal -3.955579e-01 9.184410e-01 0.000000e+00
    outer loop
      vertex   -4.099419e+01 1.742634e+01 1.154308e+01
      vertex   -4.075952e+01 1.752741e+01 6.564618e+00
      vertex   -4.099419e+01 1.742634e+01 6.564618e+00
    endloop
  endfacet
  facet normal -6.153928e-01 7.882206e-01 0.000000e+00
    outer loop
      vertex   -4.099419e+01 1.742634e+01 1.154308e+01
      vertex   -4.099419e+01 1.742634e+01 6.564618e+00
      vertex   -4.119559e+01 1.726910e+01 1.154308e+01
    endloop
  endfacet
  facet normal -6.153928e-01 7.882206e-01 0.000000e+00
    outer loop
      vertex   -4.119559e+01 1.726910e+01 1.154308e+01
      vertex   -4.099419e+01 1.742634e+01 6.564618e+00
      vertex   -4.119559e+01 1.726910e+01 6.564618e+00
    endloop
  endfacet
  facet normal -7.950519e-01 6.065414e-01 0.000000e+00
    outer loop
      vertex   -4.119559e+01 1.726910e+01 1.154308e+01
      vertex   -4.119559e+01 1.726910e+01 6.564618e+00
      vertex   -4.135056e+01 1.706596e+01 1.154308e+01
    endloop
  endfacet
  facet normal -7.950519e-01 6.065414e-01 0.000000e+00
    outer loop
      vertex   -4.135056e+01 1.706596e+01 1.154308e+01
      vertex   -4.119559e+01 1.726910e+01 6.564618e+00
      vertex   -4.135056e+01 1.706596e+01 6.564618e+00
    endloop
  endfacet
  facet normal -9.228062e-01 3.852644e-01 0.000000e+00
    outer loop
      vertex   -4.135056e+01 1.706596e+01 1.154308e+01
      vertex   -4.135056e+01 1.706596e+01 6.564618e+00
      vertex   -4.144900e+01 1.683017e+01 1.154308e+01
    endloop
  endfacet
  facet normal -9.228062e-01 3.852644e-01 0.000000e+00
    outer loop
      vertex   -4.144900e+01 1.683017e+01 1.154308e+01
      vertex   -4.135056e+01 1.706596e+01 6.564618e+00
      vertex   -4.144900e+01 1.683017e+01 6.564618e+00
    endloop
  endfacet
  facet normal -9.903155e-01 1.388355e-01 0.000000e+00
    outer loop
      vertex   -4.144900e+01 1.683017e+01 1.154308e+01
      vertex   -4.144900e+01 1.683017e+01 6.564618e+00
      vertex   -4.148448e+01 1.657714e+01 1.154308e+01
    endloop
  endfacet
  facet normal -9.903155e-01 1.388355e-01 0.000000e+00
    outer loop
      vertex   -4.148448e+01 1.657714e+01 1.154308e+01
      vertex   -4.144900e+01 1.683017e+01 6.564618e+00
      vertex   -4.148448e+01 1.657714e+01 6.564618e+00
    endloop
  endfacet
  facet normal -9.931722e-01 -1.166573e-01 -0.000000e+00
    outer loop
      vertex   -4.148448e+01 1.657714e+01 1.154308e+01
      vertex   -4.148448e+01 1.657714e+01 6.564618e+00
      vertex   -4.145467e+01 1.632337e+01 1.154308e+01
    endloop
  endfacet
  facet normal -9.931722e-01 -1.166573e-01 -0.000000e+00
    outer loop
      vertex   -4.145467e+01 1.632337e+01 1.154308e+01
      vertex   -4.148448e+01 1.657714e+01 6.564618e+00
      vertex   -4.145467e+01 1.632337e+01 6.564618e+00
    endloop
  endfacet
  facet normal -9.311900e-01 -3.645341e-01 -0.000000e+00
    outer loop
      vertex   -4.145467e+01 1.632337e+01 1.154308e+01
      vertex   -4.145467e+01 1.632337e+01 6.564618e+00
      vertex   -4.136153e+01 1.608545e+01 1.154308e+01
    endloop
  endfacet
  facet normal -9.311900e-01 -3.645341e-01 -0.000000e+00
    outer loop
      vertex   -4.136153e+01 1.608545e+01 1.154308e+01
      vertex   -4.145467e+01 1.632337e+01 6.564618e+00
      vertex   -4.136153e+01 1.608545e+01 6.564618e+00
    endloop
  endfacet
  facet normal -3.955579e-01 9.184410e-01 0.000000e+00
    outer loop
      vertex   -4.099419e+01 1.742634e+01 1.652154e+01
      vertex   -4.075952e+01 1.752741e+01 1.652154e+01
      vertex   -4.075952e+01 1.752741e+01 1.154308e+01
    endloop
  endfacet
  facet normal -1.498992e-01 9.887013e-01 0.000000e+00
    outer loop
      vertex   -4.075952e+01 1.752741e+01 1.154308e+01
      vertex   -4.075952e+01 1.752741e+01 1.652154e+01
      vertex   -4.050690e+01 1.756571e+01 1.154308e+01
    endloop
  endfacet
  facet normal -3.955579e-01 9.184410e-01 0.000000e+00
    outer loop
      vertex   -4.099419e+01 1.742634e+01 1.652154e+01
      vertex   -4.075952e+01 1.752741e+01 1.154308e+01
      vertex   -4.099419e+01 1.742634e+01 1.154308e+01
    endloop
  endfacet
  facet normal -6.153928e-01 7.882206e-01 0.000000e+00
    outer loop
      vertex   -4.119559e+01 1.726910e+01 1.652154e+01
      vertex   -4.099419e+01 1.742634e+01 1.652154e+01
      vertex   -4.099419e+01 1.742634e+01 1.154308e+01
    endloop
  endfacet
  facet normal -6.153928e-01 7.882206e-01 0.000000e+00
    outer loop
      vertex   -4.119559e+01 1.726910e+01 1.652154e+01
      vertex   -4.099419e+01 1.742634e+01 1.154308e+01
      vertex   -4.119559e+01 1.726910e+01 1.154308e+01
    endloop
  endfacet
  facet normal -7.950519e-01 6.065414e-01 0.000000e+00
    outer loop
      vertex   -4.135056e+01 1.706596e+01 1.652154e+01
      vertex   -4.119559e+01 1.726910e+01 1.652154e+01
      vertex   -4.119559e+01 1.726910e+01 1.154308e+01
    endloop
  endfacet
  facet normal -7.950519e-01 6.065414e-01 0.000000e+00
    outer loop
      vertex   -4.135056e+01 1.706596e+01 1.652154e+01
      vertex   -4.119559e+01 1.726910e+01 1.154308e+01
      vertex   -4.135056e+01 1.706596e+01 1.154308e+01
    endloop
  endfacet
  facet normal -9.228062e-01 3.852644e-01 0.000000e+00
    outer loop
      vertex   -4.144900e+01 1.683017e+01 1.652154e+01
      vertex   -4.135056e+01 1.706596e+01 1.652154e+01
      vertex   -4.135056e+01 1.706596e+01 1.154308e+01
    endloop
  endfacet
  facet normal -9.228062e-01 3.852644e-01 0.000000e+00
    outer loop
      vertex   -4.144900e+01 1.683017e+01 1.652154e+01
      vertex   -4.135056e+01 1.706596e+01 1.154308e+01
      vertex   -4.144900e+01 1.683017e+01 1.154308e+01
    endloop
  endfacet
  facet normal -9.903155e-01 1.388355e-01 0.000000e+00
    outer loop
      vertex   -4.148448e+01 1.657714e+01 1.652154e+01
      vertex   -4.144900e+01 1.683017e+01 1.652154e+01
      vertex   -4.144900e+01 1.683017e+01 1.154308e+01
    endloop
  endfacet
  facet normal -9.903155e-01 1.388355e-01 0.000000e+00
    outer loop
      vertex   -4.148448e+01 1.657714e+01 1.652154e+01
      vertex   -4.144900e+01 1.683017e+01 1.154308e+01
      vertex   -4.148448e+01 1.657714e+01 1.154308e+01
    endloop
  endfacet
  facet normal -9.931722e-01 -1.166573e-01 0.000000e+00
    outer loop
      vertex   -4.145467e+01 1.632337e+01 1.652154e+01
      vertex   -4.148448e+01 1.657714e+01 1.652154e+01
      vertex   -4.148448e+01 1.657714e+01 1.154308e+01
    endloop
  endfacet
  facet normal -9.931722e-01 -1.166573e-01 -0.000000e+00
    outer loop
      vertex   -4.145467e+01 1.632337e+01 1.652154e+01
      vertex   -4.148448e+01 1.657714e+01 1.154308e+01
      vertex   -4.145467e+01 1.632337e+01 1.154308e+01
    endloop
  endfacet
  facet normal -9.311900e-01 -3.645341e-01 0.000000e+00
    outer loop
      vertex   -4.136153e+01 1.608545e+01 1.652154e+01
      vertex   -4.145467e+01 1.632337e+01 1.652154e+01
      vertex   -4.145467e+01 1.632337e+01 1.154308e+01
    endloop
  endfacet
  facet normal -9.311900e-01 -3.645341e-01 -0.000000e+00
    outer loop
      vertex   -4.136153e+01 1.608545e+01 1.652154e+01
      vertex   -4.145467e+01 1.632337e+01 1.154308e+01
      vertex   -4.136153e+01 1.608545e+01 1.154308e+01
    endloop
  endfacet
  facet normal -9.139610e-01 -4.058020e-01 0.000000e+00
    outer loop
      vertex   -4.285471e+01 1.867172e+01 1.586157e+00
      vertex   -4.285471e+01 1.867172e+01 6.564618e+00
      vertex   -4.295840e+01 1.890524e+01 1.586157e+00
    endloop
  endfacet
  facet normal -9.139610e-01 -4.058020e-01 0.000000e+00
    outer loop
      vertex   -4.295840e+01 1.890524e+01 1.586157e+00
      vertex   -4.285471e+01 1.867172e+01 6.564618e+00
      vertex   -4.285471e+01 1.867172e+01 1.154308e+01
    endloop
  endfacet
  facet normal -9.139610e-01 -4.058020e-01 0.000000e+00
    outer loop
      vertex   -4.295840e+01 1.890524e+01 1.586157e+00
      vertex   -4.285471e+01 1.867172e+01 1.154308e+01
      vertex   -4.295840e+01 1.890524e+01 2.150000e+01
    endloop
  endfacet
  facet normal -9.139610e-01 -4.058020e-01 0.000000e+00
    outer loop
      vertex   -4.295840e+01 1.890524e+01 2.150000e+01
      vertex   -4.285471e+01 1.867172e+01 1.154308e+01
      vertex   -4.285471e+01 1.867172e+01 1.652154e+01
    endloop
  endfacet
  facet normal -9.139610e-01 -4.058020e-01 0.000000e+00
    outer loop
      vertex   -4.295840e+01 1.890524e+01 2.150000e+01
      vertex   -4.285471e+01 1.867172e+01 1.652154e+01
      vertex   -4.285471e+01 1.867172e+01 2.150000e+01
    endloop
  endfacet
  facet normal -7.812908e-01 -6.241672e-01 -0.000000e+00
    outer loop
      vertex   -4.285471e+01 1.867172e+01 2.150000e+01
      vertex   -4.285471e+01 1.867172e+01 1.652154e+01
      vertex   -4.269523e+01 1.847209e+01 2.150000e+01
    endloop
  endfacet
  facet normal -7.812908e-01 -6.241672e-01 -0.000000e+00
    outer loop
      vertex   -4.269523e+01 1.847209e+01 2.150000e+01
      vertex   -4.285471e+01 1.867172e+01 1.652154e+01
      vertex   -4.269523e+01 1.847209e+01 1.652154e+01
    endloop
  endfacet
  facet normal -5.976143e-01 -8.017837e-01 -0.000000e+00
    outer loop
      vertex   -4.269523e+01 1.847209e+01 2.150000e+01
      vertex   -4.269523e+01 1.847209e+01 1.652154e+01
      vertex   -4.249037e+01 1.831940e+01 2.150000e+01
    endloop
  endfacet
  facet normal -5.976143e-01 -8.017837e-01 -0.000000e+00
    outer loop
      vertex   -4.249037e+01 1.831940e+01 2.150000e+01
      vertex   -4.269523e+01 1.847209e+01 1.652154e+01
      vertex   -4.249037e+01 1.831940e+01 1.652154e+01
    endloop
  endfacet
  facet normal -3.749227e-01 -9.270561e-01 -0.000000e+00
    outer loop
      vertex   -4.249037e+01 1.831940e+01 2.150000e+01
      vertex   -4.249037e+01 1.831940e+01 1.652154e+01
      vertex   -4.225350e+01 1.822360e+01 2.150000e+01
    endloop
  endfacet
  facet normal -3.749227e-01 -9.270561e-01 -0.000000e+00
    outer loop
      vertex   -4.225350e+01 1.822360e+01 2.150000e+01
      vertex   -4.249037e+01 1.831940e+01 1.652154e+01
      vertex   -4.225350e+01 1.822360e+01 1.652154e+01
    endloop
  endfacet
  facet normal -1.277544e-01 -9.918058e-01 -0.000000e+00
    outer loop
      vertex   -4.225350e+01 1.822360e+01 2.150000e+01
      vertex   -4.225350e+01 1.822360e+01 1.652154e+01
      vertex   -4.200008e+01 1.819096e+01 2.150000e+01
    endloop
  endfacet
  facet normal -1.277544e-01 -9.918058e-01 -0.000000e+00
    outer loop
      vertex   -4.200008e+01 1.819096e+01 2.150000e+01
      vertex   -4.225350e+01 1.822360e+01 1.652154e+01
      vertex   -4.200008e+01 1.819096e+01 1.652154e+01
    endloop
  endfacet
  facet normal 1.277544e-01 -9.918058e-01 0.000000e+00
    outer loop
      vertex   -4.200008e+01 1.819096e+01 2.150000e+01
      vertex   -4.200008e+01 1.819096e+01 1.652154e+01
      vertex   -4.174667e+01 1.822360e+01 2.150000e+01
    endloop
  endfacet
  facet normal 1.277544e-01 -9.918058e-01 0.000000e+00
    outer loop
      vertex   -4.174667e+01 1.822360e+01 2.150000e+01
      vertex   -4.200008e+01 1.819096e+01 1.652154e+01
      vertex   -4.174667e+01 1.822360e+01 1.652154e+01
    endloop
  endfacet
  facet normal 3.749227e-01 -9.270561e-01 0.000000e+00
    outer loop
      vertex   -4.174667e+01 1.822360e+01 2.150000e+01
      vertex   -4.174667e+01 1.822360e+01 1.652154e+01
      vertex   -4.150980e+01 1.831940e+01 2.150000e+01
    endloop
  endfacet
  facet normal 3.749227e-01 -9.270561e-01 0.000000e+00
    outer loop
      vertex   -4.150980e+01 1.831940e+01 2.150000e+01
      vertex   -4.174667e+01 1.822360e+01 1.652154e+01
      vertex   -4.150980e+01 1.831940e+01 1.652154e+01
    endloop
  endfacet
  facet normal 5.976143e-01 -8.017837e-01 0.000000e+00
    outer loop
      vertex   -4.150980e+01 1.831940e+01 2.150000e+01
      vertex   -4.150980e+01 1.831940e+01 1.652154e+01
      vertex   -4.130494e+01 1.847209e+01 2.150000e+01
    endloop
  endfacet
  facet normal 5.976143e-01 -8.017837e-01 0.000000e+00
    outer loop
      vertex   -4.130494e+01 1.847209e+01 2.150000e+01
      vertex   -4.150980e+01 1.831940e+01 1.652154e+01
      vertex   -4.130494e+01 1.847209e+01 1.652154e+01
    endloop
  endfacet
  facet normal 7.812908e-01 -6.241672e-01 0.000000e+00
    outer loop
      vertex   -4.130494e+01 1.847209e+01 2.150000e+01
      vertex   -4.130494e+01 1.847209e+01 1.652154e+01
      vertex   -4.114545e+01 1.867172e+01 2.150000e+01
    endloop
  endfacet
  facet normal 7.812908e-01 -6.241672e-01 0.000000e+00
    outer loop
      vertex   -4.114545e+01 1.867172e+01 2.150000e+01
      vertex   -4.130494e+01 1.847209e+01 1.652154e+01
      vertex   -4.114545e+01 1.867172e+01 1.652154e+01
    endloop
  endfacet
  facet normal 9.139610e-01 -4.058020e-01 0.000000e+00
    outer loop
      vertex   -4.114545e+01 1.867172e+01 2.150000e+01
      vertex   -4.114545e+01 1.867172e+01 1.652154e+01
      vertex   -4.104177e+01 1.890524e+01 2.150000e+01
    endloop
  endfacet
  facet normal 9.139610e-01 -4.058020e-01 0.000000e+00
    outer loop
      vertex   -4.104177e+01 1.890524e+01 2.150000e+01
      vertex   -4.114545e+01 1.867172e+01 1.652154e+01
      vertex   -4.114545e+01 1.867172e+01 1.154308e+01
    endloop
  endfacet
  facet normal 9.139610e-01 -4.058020e-01 0.000000e+00
    outer loop
      vertex   -4.104177e+01 1.890524e+01 2.150000e+01
      vertex   -4.114545e+01 1.867172e+01 1.154308e+01
      vertex   -4.104177e+01 1.890524e+01 1.586157e+00
    endloop
  endfacet
  facet normal 9.139610e-01 -4.058020e-01 0.000000e+00
    outer loop
      vertex   -4.104177e+01 1.890524e+01 1.586157e+00
      vertex   -4.114545e+01 1.867172e+01 1.154308e+01
      vertex   -4.114545e+01 1.867172e+01 6.564618e+00
    endloop
  endfacet
  facet normal 9.139610e-01 -4.058020e-01 0.000000e+00
    outer loop
      vertex   -4.104177e+01 1.890524e+01 1.586157e+00
      vertex   -4.114545e+01 1.867172e+01 6.564618e+00
      vertex   -4.114545e+01 1.867172e+01 1.586157e+00
    endloop
  endfacet
  facet normal 7.812908e-01 -6.241672e-01 0.000000e+00
    outer loop
      vertex   -4.114545e+01 1.867172e+01 1.586157e+00
      vertex   -4.114545e+01 1.867172e+01 6.564618e+00
      vertex   -4.130494e+01 1.847209e+01 1.586157e+00
    endloop
  endfacet
  facet normal 7.812908e-01 -6.241672e-01 0.000000e+00
    outer loop
      vertex   -4.130494e+01 1.847209e+01 1.586157e+00
      vertex   -4.114545e+01 1.867172e+01 6.564618e+00
      vertex   -4.130494e+01 1.847209e+01 6.564618e+00
    endloop
  endfacet
  facet normal 5.976143e-01 -8.017837e-01 0.000000e+00
    outer loop
      vertex   -4.130494e+01 1.847209e+01 1.586157e+00
      vertex   -4.130494e+01 1.847209e+01 6.564618e+00
      vertex   -4.150980e+01 1.831940e+01 1.586157e+00
    endloop
  endfacet
  facet normal 5.976143e-01 -8.017837e-01 0.000000e+00
    outer loop
      vertex   -4.150980e+01 1.831940e+01 1.586157e+00
      vertex   -4.130494e+01 1.847209e+01 6.564618e+00
      vertex   -4.150980e+01 1.831940e+01 6.564618e+00
    endloop
  endfacet
  facet normal 3.749227e-01 -9.270561e-01 0.000000e+00
    outer loop
      vertex   -4.150980e+01 1.831940e+01 1.586157e+00
      vertex   -4.150980e+01 1.831940e+01 6.564618e+00
      vertex   -4.174667e+01 1.822360e+01 1.586157e+00
    endloop
  endfacet
  facet normal 3.749227e-01 -9.270561e-01 0.000000e+00
    outer loop
      vertex   -4.174667e+01 1.822360e+01 1.586157e+00
      vertex   -4.150980e+01 1.831940e+01 6.564618e+00
      vertex   -4.174667e+01 1.822360e+01 6.564618e+00
    endloop
  endfacet
  facet normal 1.277544e-01 -9.918058e-01 0.000000e+00
    outer loop
      vertex   -4.174667e+01 1.822360e+01 1.586157e+00
      vertex   -4.174667e+01 1.822360e+01 6.564618e+00
      vertex   -4.200008e+01 1.819096e+01 1.586157e+00
    endloop
  endfacet
  facet normal 1.277544e-01 -9.918058e-01 0.000000e+00
    outer loop
      vertex   -4.200008e+01 1.819096e+01 1.586157e+00
      vertex   -4.174667e+01 1.822360e+01 6.564618e+00
      vertex   -4.200008e+01 1.819096e+01 6.564618e+00
    endloop
  endfacet
  facet normal -1.277544e-01 -9.918058e-01 0.000000e+00
    outer loop
      vertex   -4.200008e+01 1.819096e+01 1.586157e+00
      vertex   -4.200008e+01 1.819096e+01 6.564618e+00
      vertex   -4.225350e+01 1.822360e+01 1.586157e+00
    endloop
  endfacet
  facet normal -1.277544e-01 -9.918058e-01 0.000000e+00
    outer loop
      vertex   -4.225350e+01 1.822360e+01 1.586157e+00
      vertex   -4.200008e+01 1.819096e+01 6.564618e+00
      vertex   -4.225350e+01 1.822360e+01 6.564618e+00
    endloop
  endfacet
  facet normal -3.749227e-01 -9.270561e-01 0.000000e+00
    outer loop
      vertex   -4.225350e+01 1.822360e+01 1.586157e+00
      vertex   -4.225350e+01 1.822360e+01 6.564618e+00
      vertex   -4.249037e+01 1.831940e+01 1.586157e+00
    endloop
  endfacet
  facet normal -3.749227e-01 -9.270561e-01 0.000000e+00
    outer loop
      vertex   -4.249037e+01 1.831940e+01 1.586157e+00
      vertex   -4.225350e+01 1.822360e+01 6.564618e+00
      vertex   -4.249037e+01 1.831940e+01 6.564618e+00
    endloop
  endfacet
  facet normal -5.976143e-01 -8.017837e-01 0.000000e+00
    outer loop
      vertex   -4.249037e+01 1.831940e+01 1.586157e+00
      vertex   -4.249037e+01 1.831940e+01 6.564618e+00
      vertex   -4.269523e+01 1.847209e+01 1.586157e+00
    endloop
  endfacet
  facet normal -5.976143e-01 -8.017837e-01 0.000000e+00
    outer loop
      vertex   -4.269523e+01 1.847209e+01 1.586157e+00
      vertex   -4.249037e+01 1.831940e+01 6.564618e+00
      vertex   -4.269523e+01 1.847209e+01 6.564618e+00
    endloop
  endfacet
  facet normal -7.812908e-01 -6.241672e-01 0.000000e+00
    outer loop
      vertex   -4.269523e+01 1.847209e+01 1.586157e+00
      vertex   -4.269523e+01 1.847209e+01 6.564618e+00
      vertex   -4.285471e+01 1.867172e+01 1.586157e+00
    endloop
  endfacet
  facet normal -7.812908e-01 -6.241672e-01 0.000000e+00
    outer loop
      vertex   -4.285471e+01 1.867172e+01 1.586157e+00
      vertex   -4.269523e+01 1.847209e+01 6.564618e+00
      vertex   -4.285471e+01 1.867172e+01 6.564618e+00
    endloop
  endfacet
  facet normal -7.812908e-01 -6.241672e-01 0.000000e+00
    outer loop
      vertex   -4.269523e+01 1.847209e+01 1.652154e+01
      vertex   -4.285471e+01 1.867172e+01 1.652154e+01
      vertex   -4.285471e+01 1.867172e+01 1.154308e+01
    endloop
  endfacet
  facet normal -7.812908e-01 -6.241672e-01 -0.000000e+00
    outer loop
      vertex   -4.285471e+01 1.867172e+01 1.154308e+01
      vertex   -4.285471e+01 1.867172e+01 6.564618e+00
      vertex   -4.269523e+01 1.847209e+01 1.154308e+01
    endloop
  endfacet
  facet normal -7.812908e-01 -6.241672e-01 -0.000000e+00
    outer loop
      vertex   -4.269523e+01 1.847209e+01 1.154308e+01
      vertex   -4.285471e+01 1.867172e+01 6.564618e+00
      vertex   -4.269523e+01 1.847209e+01 6.564618e+00
    endloop
  endfacet
  facet normal -5.976143e-01 -8.017837e-01 -0.000000e+00
    outer loop
      vertex   -4.269523e+01 1.847209e+01 1.154308e+01
      vertex   -4.269523e+01 1.847209e+01 6.564618e+00
      vertex   -4.249037e+01 1.831940e+01 1.154308e+01
    endloop
  endfacet
  facet normal -5.976143e-01 -8.017837e-01 -0.000000e+00
    outer loop
      vertex   -4.249037e+01 1.831940e+01 1.154308e+01
      vertex   -4.269523e+01 1.847209e+01 6.564618e+00
      vertex   -4.249037e+01 1.831940e+01 6.564618e+00
    endloop
  endfacet
  facet normal -3.749227e-01 -9.270561e-01 -0.000000e+00
    outer loop
      vertex   -4.249037e+01 1.831940e+01 1.154308e+01
      vertex   -4.249037e+01 1.831940e+01 6.564618e+00
      vertex   -4.225350e+01 1.822360e+01 1.154308e+01
    endloop
  endfacet
  facet normal -3.749227e-01 -9.270561e-01 -0.000000e+00
    outer loop
      vertex   -4.225350e+01 1.822360e+01 1.154308e+01
      vertex   -4.249037e+01 1.831940e+01 6.564618e+00
      vertex   -4.225350e+01 1.822360e+01 6.564618e+00
    endloop
  endfacet
  facet normal -1.277544e-01 -9.918058e-01 -0.000000e+00
    outer loop
      vertex   -4.225350e+01 1.822360e+01 1.154308e+01
      vertex   -4.225350e+01 1.822360e+01 6.564618e+00
      vertex   -4.200008e+01 1.819096e+01 1.154308e+01
    endloop
  endfacet
  facet normal -1.277544e-01 -9.918058e-01 -0.000000e+00
    outer loop
      vertex   -4.200008e+01 1.819096e+01 1.154308e+01
      vertex   -4.225350e+01 1.822360e+01 6.564618e+00
      vertex   -4.200008e+01 1.819096e+01 6.564618e+00
    endloop
  endfacet
  facet normal 1.277544e-01 -9.918058e-01 0.000000e+00
    outer loop
      vertex   -4.200008e+01 1.819096e+01 1.154308e+01
      vertex   -4.200008e+01 1.819096e+01 6.564618e+00
      vertex   -4.174667e+01 1.822360e+01 1.154308e+01
    endloop
  endfacet
  facet normal 1.277544e-01 -9.918058e-01 0.000000e+00
    outer loop
      vertex   -4.174667e+01 1.822360e+01 1.154308e+01
      vertex   -4.200008e+01 1.819096e+01 6.564618e+00
      vertex   -4.174667e+01 1.822360e+01 6.564618e+00
    endloop
  endfacet
  facet normal 3.749227e-01 -9.270561e-01 0.000000e+00
    outer loop
      vertex   -4.174667e+01 1.822360e+01 1.154308e+01
      vertex   -4.174667e+01 1.822360e+01 6.564618e+00
      vertex   -4.150980e+01 1.831940e+01 1.154308e+01
    endloop
  endfacet
  facet normal 3.749227e-01 -9.270561e-01 0.000000e+00
    outer loop
      vertex   -4.150980e+01 1.831940e+01 1.154308e+01
      vertex   -4.174667e+01 1.822360e+01 6.564618e+00
      vertex   -4.150980e+01 1.831940e+01 6.564618e+00
    endloop
  endfacet
  facet normal 5.976143e-01 -8.017837e-01 0.000000e+00
    outer loop
      vertex   -4.150980e+01 1.831940e+01 1.154308e+01
      vertex   -4.150980e+01 1.831940e+01 6.564618e+00
      vertex   -4.130494e+01 1.847209e+01 1.154308e+01
    endloop
  endfacet
  facet normal 5.976143e-01 -8.017837e-01 0.000000e+00
    outer loop
      vertex   -4.130494e+01 1.847209e+01 1.154308e+01
      vertex   -4.150980e+01 1.831940e+01 6.564618e+00
      vertex   -4.130494e+01 1.847209e+01 6.564618e+00
    endloop
  endfacet
  facet normal 7.812908e-01 -6.241672e-01 0.000000e+00
    outer loop
      vertex   -4.130494e+01 1.847209e+01 1.154308e+01
      vertex   -4.130494e+01 1.847209e+01 6.564618e+00
      vertex   -4.114545e+01 1.867172e+01 1.154308e+01
    endloop
  endfacet
  facet normal 7.812908e-01 -6.241672e-01 0.000000e+00
    outer loop
      vertex   -4.114545e+01 1.867172e+01 1.154308e+01
      vertex   -4.130494e+01 1.847209e+01 6.564618e+00
      vertex   -4.114545e+01 1.867172e+01 6.564618e+00
    endloop
  endfacet
  facet normal -5.976143e-01 -8.017837e-01 0.000000e+00
    outer loop
      vertex   -4.249037e+01 1.831940e+01 1.652154e+01
      vertex   -4.269523e+01 1.847209e+01 1.652154e+01
      vertex   -4.269523e+01 1.847209e+01 1.154308e+01
    endloop
  endfacet
  facet normal -7.812908e-01 -6.241672e-01 0.000000e+00
    outer loop
      vertex   -4.269523e+01 1.847209e+01 1.154308e+01
      vertex   -4.269523e+01 1.847209e+01 1.652154e+01
      vertex   -4.285471e+01 1.867172e+01 1.154308e+01
    endloop
  endfacet
  facet normal -5.976143e-01 -8.017837e-01 -0.000000e+00
    outer loop
      vertex   -4.249037e+01 1.831940e+01 1.652154e+01
      vertex   -4.269523e+01 1.847209e+01 1.154308e+01
      vertex   -4.249037e+01 1.831940e+01 1.154308e+01
    endloop
  endfacet
  facet normal -3.749227e-01 -9.270561e-01 0.000000e+00
    outer loop
      vertex   -4.225350e+01 1.822360e+01 1.652154e+01
      vertex   -4.249037e+01 1.831940e+01 1.652154e+01
      vertex   -4.249037e+01 1.831940e+01 1.154308e+01
    endloop
  endfacet
  facet normal -3.749227e-01 -9.270561e-01 -0.000000e+00
    outer loop
      vertex   -4.225350e+01 1.822360e+01 1.652154e+01
      vertex   -4.249037e+01 1.831940e+01 1.154308e+01
      vertex   -4.225350e+01 1.822360e+01 1.154308e+01
    endloop
  endfacet
  facet normal -1.277544e-01 -9.918058e-01 0.000000e+00
    outer loop
      vertex   -4.200008e+01 1.819096e+01 1.652154e+01
      vertex   -4.225350e+01 1.822360e+01 1.652154e+01
      vertex   -4.225350e+01 1.822360e+01 1.154308e+01
    endloop
  endfacet
  facet normal -1.277544e-01 -9.918058e-01 -0.000000e+00
    outer loop
      vertex   -4.200008e+01 1.819096e+01 1.652154e+01
      vertex   -4.225350e+01 1.822360e+01 1.154308e+01
      vertex   -4.200008e+01 1.819096e+01 1.154308e+01
    endloop
  endfacet
  facet normal 1.277544e-01 -9.918058e-01 0.000000e+00
    outer loop
      vertex   -4.174667e+01 1.822360e+01 1.652154e+01
      vertex   -4.200008e+01 1.819096e+01 1.652154e+01
      vertex   -4.200008e+01 1.819096e+01 1.154308e+01
    endloop
  endfacet
  facet normal 1.277544e-01 -9.918058e-01 0.000000e+00
    outer loop
      vertex   -4.174667e+01 1.822360e+01 1.652154e+01
      vertex   -4.200008e+01 1.819096e+01 1.154308e+01
      vertex   -4.174667e+01 1.822360e+01 1.154308e+01
    endloop
  endfacet
  facet normal 3.749227e-01 -9.270561e-01 0.000000e+00
    outer loop
      vertex   -4.150980e+01 1.831940e+01 1.652154e+01
      vertex   -4.174667e+01 1.822360e+01 1.652154e+01
      vertex   -4.174667e+01 1.822360e+01 1.154308e+01
    endloop
  endfacet
  facet normal 3.749227e-01 -9.270561e-01 0.000000e+00
    outer loop
      vertex   -4.150980e+01 1.831940e+01 1.652154e+01
      vertex   -4.174667e+01 1.822360e+01 1.154308e+01
      vertex   -4.150980e+01 1.831940e+01 1.154308e+01
    endloop
  endfacet
  facet normal 5.976143e-01 -8.017837e-01 0.000000e+00
    outer loop
      vertex   -4.130494e+01 1.847209e+01 1.652154e+01
      vertex   -4.150980e+01 1.831940e+01 1.652154e+01
      vertex   -4.150980e+01 1.831940e+01 1.154308e+01
    endloop
  endfacet
  facet normal 5.976143e-01 -8.017837e-01 0.000000e+00
    outer loop
      vertex   -4.130494e+01 1.847209e+01 1.652154e+01
      vertex   -4.150980e+01 1.831940e+01 1.154308e+01
      vertex   -4.130494e+01 1.847209e+01 1.154308e+01
    endloop
  endfacet
  facet normal 7.812908e-01 -6.241672e-01 0.000000e+00
    outer loop
      vertex   -4.114545e+01 1.867172e+01 1.652154e+01
      vertex   -4.130494e+01 1.847209e+01 1.652154e+01
      vertex   -4.130494e+01 1.847209e+01 1.154308e+01
    endloop
  endfacet
  facet normal 7.812908e-01 -6.241672e-01 0.000000e+00
    outer loop
      vertex   -4.114545e+01 1.867172e+01 1.652154e+01
      vertex   -4.130494e+01 1.847209e+01 1.154308e+01
      vertex   -4.114545e+01 1.867172e+01 1.154308e+01
    endloop
  endfacet
  facet normal -6.414808e-01 -7.671391e-01 0.000000e+00
    outer loop
      vertex   -4.072855e+01 1.864333e+01 1.586157e+00
      vertex   -4.072855e+01 1.864333e+01 8.224105e+00
      vertex   -4.104177e+01 1.890524e+01 1.586157e+00
    endloop
  endfacet
  facet normal -6.414808e-01 -7.671391e-01 0.000000e+00
    outer loop
      vertex   -4.104177e+01 1.890524e+01 1.586157e+00
      vertex   -4.072855e+01 1.864333e+01 8.224105e+00
      vertex   -4.072855e+01 1.864333e+01 1.486205e+01
    endloop
  endfacet
  facet normal -6.414808e-01 -7.671391e-01 0.000000e+00
    outer loop
      vertex   -4.104177e+01 1.890524e+01 1.586157e+00
      vertex   -4.072855e+01 1.864333e+01 1.486205e+01
      vertex   -4.104177e+01 1.890524e+01 2.150000e+01
    endloop
  endfacet
  facet normal -6.414808e-01 -7.671391e-01 0.000000e+00
    outer loop
      vertex   -4.104177e+01 1.890524e+01 2.150000e+01
      vertex   -4.072855e+01 1.864333e+01 1.486205e+01
      vertex   -4.072855e+01 1.864333e+01 2.150000e+01
    endloop
  endfacet
  facet normal -8.017837e-01 -5.976143e-01 -0.000000e+00
    outer loop
      vertex   -4.072855e+01 1.864333e+01 2.150000e+01
      vertex   -4.072855e+01 1.864333e+01 1.486205e+01
      vertex   -4.048454e+01 1.831596e+01 2.150000e+01
    endloop
  endfacet
  facet normal -8.017837e-01 -5.976143e-01 -0.000000e+00
    outer loop
      vertex   -4.048454e+01 1.831596e+01 2.150000e+01
      vertex   -4.072855e+01 1.864333e+01 1.486205e+01
      vertex   -4.048454e+01 1.831596e+01 1.486205e+01
    endloop
  endfacet
  facet normal -9.184410e-01 -3.955579e-01 -0.000000e+00
    outer loop
      vertex   -4.048454e+01 1.831596e+01 2.150000e+01
      vertex   -4.048454e+01 1.831596e+01 1.486205e+01
      vertex   -4.032303e+01 1.794096e+01 2.150000e+01
    endloop
  endfacet
  facet normal -9.184410e-01 -3.955579e-01 -0.000000e+00
    outer loop
      vertex   -4.032303e+01 1.794096e+01 2.150000e+01
      vertex   -4.048454e+01 1.831596e+01 1.486205e+01
      vertex   -4.032303e+01 1.794096e+01 1.486205e+01
    endloop
  endfacet
  facet normal -9.851024e-01 -1.719691e-01 -0.000000e+00
    outer loop
      vertex   -4.032303e+01 1.794096e+01 2.150000e+01
      vertex   -4.032303e+01 1.794096e+01 1.486205e+01
      vertex   -4.025282e+01 1.753874e+01 2.150000e+01
    endloop
  endfacet
  facet normal -9.851024e-01 -1.719691e-01 0.000000e+00
    outer loop
      vertex   -4.025282e+01 1.753874e+01 2.150000e+01
      vertex   -4.032303e+01 1.794096e+01 1.486205e+01
      vertex   -4.032303e+01 1.794096e+01 8.224105e+00
    endloop
  endfacet
  facet normal -9.851024e-01 -1.719691e-01 -0.000000e+00
    outer loop
      vertex   -4.025282e+01 1.753874e+01 2.150000e+01
      vertex   -4.032303e+01 1.794096e+01 8.224105e+00
      vertex   -4.025282e+01 1.753874e+01 1.586157e+00
    endloop
  endfacet
  facet normal -9.851024e-01 -1.719691e-01 0.000000e+00
    outer loop
      vertex   -4.025282e+01 1.753874e+01 1.586157e+00
      vertex   -4.032303e+01 1.794096e+01 8.224105e+00
      vertex   -4.032303e+01 1.794096e+01 1.586157e+00
    endloop
  endfacet
  facet normal -9.184410e-01 -3.955579e-01 0.000000e+00
    outer loop
      vertex   -4.032303e+01 1.794096e+01 1.586157e+00
      vertex   -4.032303e+01 1.794096e+01 8.224105e+00
      vertex   -4.048454e+01 1.831596e+01 1.586157e+00
    endloop
  endfacet
  facet normal -9.184410e-01 -3.955579e-01 0.000000e+00
    outer loop
      vertex   -4.048454e+01 1.831596e+01 1.586157e+00
      vertex   -4.032303e+01 1.794096e+01 8.224105e+00
      vertex   -4.048454e+01 1.831596e+01 8.224105e+00
    endloop
  endfacet
  facet normal -8.017837e-01 -5.976143e-01 0.000000e+00
    outer loop
      vertex   -4.048454e+01 1.831596e+01 1.586157e+00
      vertex   -4.048454e+01 1.831596e+01 8.224105e+00
      vertex   -4.072855e+01 1.864333e+01 1.586157e+00
    endloop
  endfacet
  facet normal -8.017837e-01 -5.976143e-01 0.000000e+00
    outer loop
      vertex   -4.072855e+01 1.864333e+01 1.586157e+00
      vertex   -4.048454e+01 1.831596e+01 8.224105e+00
      vertex   -4.072855e+01 1.864333e+01 8.224105e+00
    endloop
  endfacet
  facet normal -8.017837e-01 -5.976143e-01 0.000000e+00
    outer loop
      vertex   -4.048454e+01 1.831596e+01 1.486205e+01
      vertex   -4.072855e+01 1.864333e+01 1.486205e+01
      vertex   -4.072855e+01 1.864333e+01 8.224105e+00
    endloop
  endfacet
  facet normal -8.017837e-01 -5.976143e-01 -0.000000e+00
    outer loop
      vertex   -4.048454e+01 1.831596e+01 1.486205e+01
      vertex   -4.072855e+01 1.864333e+01 8.224105e+00
      vertex   -4.048454e+01 1.831596e+01 8.224105e+00
    endloop
  endfacet
  facet normal -9.184410e-01 -3.955579e-01 0.000000e+00
    outer loop
      vertex   -4.032303e+01 1.794096e+01 1.486205e+01
      vertex   -4.048454e+01 1.831596e+01 1.486205e+01
      vertex   -4.048454e+01 1.831596e+01 8.224105e+00
    endloop
  endfacet
  facet normal -9.184410e-01 -3.955579e-01 -0.000000e+00
    outer loop
      vertex   -4.032303e+01 1.794096e+01 1.486205e+01
      vertex   -4.048454e+01 1.831596e+01 8.224105e+00
      vertex   -4.032303e+01 1.794096e+01 8.224105e+00
    endloop
  endfacet
  facet normal 0.000000e+00 -0.000000e+00 -1.000000e+00
    outer loop
      vertex   -4.104177e+01 1.890524e+01 2.150000e+01
      vertex   -4.072855e+01 1.864333e+01 2.150000e+01
      vertex   -4.114545e+01 1.867172e+01 2.150000e+01
    endloop
  endfacet
  facet normal 0.000000e+00 -0.000000e+00 -1.000000e+00
    outer loop
      vertex   -4.114545e+01 1.867172e+01 2.150000e+01
      vertex   -4.072855e+01 1.864333e+01 2.150000e+01
      vertex   -4.130494e+01 1.847209e+01 2.150000e+01
    endloop
  endfacet
  facet normal 0.000000e+00 0.000000e+00 -1.000000e+00
    outer loop
      vertex   -4.130494e+01 1.847209e+01 2.150000e+01
      vertex   -4.072855e+01 1.864333e+01 2.150000e+01
      vertex   -4.048454e+01 1.831596e+01 2.150000e+01
    endloop
  endfacet
  facet normal 0.000000e+00 0.000000e+00 -1.000000e+00
    outer loop
      vertex   -4.130494e+01 1.847209e+01 2.150000e+01
      vertex   -4.048454e+01 1.831596e+01 2.150000e+01
      vertex   -4.075952e+01 1.752741e+01 2.150000e+01
    endloop
  endfacet
  facet normal 0.000000e+00 0.000000e+00 -1.000000e+00
    outer loop
      vertex   -4.075952e+01 1.752741e+01 2.150000e+01
      vertex   -4.048454e+01 1.831596e+01 2.150000e+01
      vertex   -4.032303e+01 1.794096e+01 2.150000e+01
    endloop
  endfacet
  facet normal 0.000000e+00 0.000000e+00 -1.000000e+00
    outer loop
      vertex   -4.075952e+01 1.752741e+01 2.150000e+01
      vertex   -4.032303e+01 1.794096e+01 2.150000e+01
      vertex   -4.050690e+01 1.756571e+01 2.150000e+01
    endloop
  endfacet
  facet normal 0.000000e+00 0.000000e+00 -1.000000e+00
    outer loop
      vertex   -4.050690e+01 1.756571e+01 2.150000e+01
      vertex   -4.032303e+01 1.794096e+01 2.150000e+01
      vertex   -4.025282e+01 1.753874e+01 2.150000e+01
    endloop
  endfacet
  facet normal 0.000000e+00 -0.000000e+00 -1.000000e+00
    outer loop
      vertex   -4.130494e+01 1.847209e+01 2.150000e+01
      vertex   -4.075952e+01 1.752741e+01 2.150000e+01
      vertex   -4.150980e+01 1.831940e+01 2.150000e+01
    endloop
  endfacet
  facet normal 0.000000e+00 0.000000e+00 -1.000000e+00
    outer loop
      vertex   -4.150980e+01 1.831940e+01 2.150000e+01
      vertex   -4.075952e+01 1.752741e+01 2.150000e+01
      vertex   -4.099419e+01 1.742634e+01 2.150000e+01
    endloop
  endfacet
  facet normal 0.000000e+00 -0.000000e+00 -1.000000e+00
    outer loop
      vertex   -4.150980e+01 1.831940e+01 2.150000e+01
      vertex   -4.099419e+01 1.742634e+01 2.150000e+01
      vertex   -4.174667e+01 1.822360e+01 2.150000e+01
    endloop
  endfacet
  facet normal 0.000000e+00 0.000000e+00 -1.000000e+00
    outer loop
      vertex   -4.174667e+01 1.822360e+01 2.150000e+01
      vertex   -4.099419e+01 1.742634e+01 2.150000e+01
      vertex   -4.119559e+01 1.726910e+01 2.150000e+01
    endloop
  endfacet
  facet normal 0.000000e+00 -0.000000e+00 -1.000000e+00
    outer loop
      vertex   -4.174667e+01 1.822360e+01 2.150000e+01
      vertex   -4.119559e+01 1.726910e+01 2.150000e+01
      vertex   -4.200008e+01 1.819096e+01 2.150000e+01
    endloop
  endfacet
  facet normal 0.000000e+00 0.000000e+00 -1.000000e+00
    outer loop
      vertex   -4.200008e+01 1.819096e+01 2.150000e+01
      vertex   -4.119559e+01 1.726910e+01 2.150000e+01
      vertex   -4.135056e+01 1.706596e+01 2.150000e+01
    endloop
  endfacet
  facet normal 0.000000e+00 -0.000000e+00 -1.000000e+00
    outer loop
      vertex   -4.200008e+01 1.819096e+01 2.150000e+01
      vertex   -4.135056e+01 1.706596e+01 2.150000e+01
      vertex   -4.264960e+01 1.706596e+01 2.150000e+01
    endloop
  endfacet
  facet normal 0.000000e+00 0.000000e+00 -1.000000e+00
    outer loop
      vertex   -4.264960e+01 1.706596e+01 2.150000e+01
      vertex   -4.135056e+01 1.706596e+01 2.150000e+01
      vertex   -4.255116e+01 1.683017e+01 2.150000e+01
    endloop
  endfacet
  facet normal 0.000000e+00 0.000000e+00 -1.000000e+00
    outer loop
      vertex   -4.255116e+01 1.683017e+01 2.150000e+01
      vertex   -4.135056e+01 1.706596e+01 2.150000e+01
      vertex   -4.144900e+01 1.683017e+01 2.150000e+01
    endloop
  endfacet
  facet normal 0.000000e+00 0.000000e+00 -1.000000e+00
    outer loop
      vertex   -4.255116e+01 1.683017e+01 2.150000e+01
      vertex   -4.144900e+01 1.683017e+01 2.150000e+01
      vertex   -4.251569e+01 1.657714e+01 2.150000e+01
    endloop
  endfacet
  facet normal 0.000000e+00 0.000000e+00 -1.000000e+00
    outer loop
      vertex   -4.251569e+01 1.657714e+01 2.150000e+01
      vertex   -4.144900e+01 1.683017e+01 2.150000e+01
      vertex   -4.148448e+01 1.657714e+01 2.150000e+01
    endloop
  endfacet
  facet normal 0.000000e+00 -0.000000e+00 -1.000000e+00
    outer loop
      vertex   -4.251569e+01 1.657714e+01 2.150000e+01
      vertex   -4.148448e+01 1.657714e+01 2.150000e+01
      vertex   -4.254550e+01 1.632337e+01 2.150000e+01
    endloop
  endfacet
  facet normal 0.000000e+00 0.000000e+00 -1.000000e+00
    outer loop
      vertex   -4.254550e+01 1.632337e+01 2.150000e+01
      vertex   -4.148448e+01 1.657714e+01 2.150000e+01
      vertex   -4.145467e+01 1.632337e+01 2.150000e+01
    endloop
  endfacet
  facet normal 0.000000e+00 0.000000e+00 -1.000000e+00
    outer loop
      vertex   -4.254550e+01 1.632337e+01 2.150000e+01
      vertex   -4.145467e+01 1.632337e+01 2.150000e+01
      vertex   -4.200008e+01 1.569096e+01 2.150000e+01
    endloop
  endfacet
  facet normal 0.000000e+00 0.000000e+00 -1.000000e+00
    outer loop
      vertex   -4.200008e+01 1.569096e+01 2.150000e+01
      vertex   -4.145467e+01 1.632337e+01 2.150000e+01
      vertex   -4.136153e+01 1.608545e+01 2.150000e+01
    endloop
  endfacet
  facet normal 0.000000e+00 0.000000e+00 -1.000000e+00
    outer loop
      vertex   -4.200008e+01 1.569096e+01 2.150000e+01
      vertex   -4.136153e+01 1.608545e+01 2.150000e+01
      vertex   -4.159457e+01 1.573859e+01 2.150000e+01
    endloop
  endfacet
  facet normal 0.000000e+00 0.000000e+00 -1.000000e+00
    outer loop
      vertex   -4.159457e+01 1.573859e+01 2.150000e+01
      vertex   -4.136153e+01 1.608545e+01 2.150000e+01
      vertex   -4.121113e+01 1.587889e+01 2.150000e+01
    endloop
  endfacet
  facet normal 0.000000e+00 -0.000000e+00 -1.000000e+00
    outer loop
      vertex   -4.254550e+01 1.632337e+01 2.150000e+01
      vertex   -4.200008e+01 1.569096e+01 2.150000e+01
      vertex   -4.263864e+01 1.608545e+01 2.150000e+01
    endloop
  endfacet
  facet normal 0.000000e+00 0.000000e+00 -1.000000e+00
    outer loop
      vertex   -4.263864e+01 1.608545e+01 2.150000e+01
      vertex   -4.200008e+01 1.569096e+01 2.150000e+01
      vertex   -4.240560e+01 1.573859e+01 2.150000e+01
    endloop
  endfacet
  facet normal 0.000000e+00 -0.000000e+00 -1.000000e+00
    outer loop
      vertex   -4.263864e+01 1.608545e+01 2.150000e+01
      vertex   -4.240560e+01 1.573859e+01 2.150000e+01
      vertex   -4.278904e+01 1.587889e+01 2.150000e+01
    endloop
  endfacet
  facet normal 0.000000e+00 0.000000e+00 -1.000000e+00
    outer loop
      vertex   -4.264960e+01 1.706596e+01 2.150000e+01
      vertex   -4.280458e+01 1.726910e+01 2.150000e+01
      vertex   -4.200008e+01 1.819096e+01 2.150000e+01
    endloop
  endfacet
  facet normal -0.000000e+00 0.000000e+00 -1.000000e+00
    outer loop
      vertex   -4.200008e+01 1.819096e+01 2.150000e+01
      vertex   -4.280458e+01 1.726910e+01 2.150000e+01
      vertex   -4.225350e+01 1.822360e+01 2.150000e+01
    endloop
  endfacet
  facet normal 0.000000e+00 0.000000e+00 -1.000000e+00
    outer loop
      vertex   -4.225350e+01 1.822360e+01 2.150000e+01
      vertex   -4.280458e+01 1.726910e+01 2.150000e+01
      vertex   -4.300598e+01 1.742634e+01 2.150000e+01
    endloop
  endfacet
  facet normal -0.000000e+00 0.000000e+00 -1.000000e+00
    outer loop
      vertex   -4.225350e+01 1.822360e+01 2.150000e+01
      vertex   -4.300598e+01 1.742634e+01 2.150000e+01
      vertex   -4.249037e+01 1.831940e+01 2.150000e+01
    endloop
  endfacet
  facet normal 0.000000e+00 0.000000e+00 -1.000000e+00
    outer loop
      vertex   -4.249037e+01 1.831940e+01 2.150000e+01
      vertex   -4.300598e+01 1.742634e+01 2.150000e+01
      vertex   -4.324065e+01 1.752741e+01 2.150000e+01
    endloop
  endfacet
  facet normal -0.000000e+00 0.000000e+00 -1.000000e+00
    outer loop
      vertex   -4.249037e+01 1.831940e+01 2.150000e+01
      vertex   -4.324065e+01 1.752741e+01 2.150000e+01
      vertex   -4.269523e+01 1.847209e+01 2.150000e+01
    endloop
  endfacet
  facet normal 0.000000e+00 0.000000e+00 -1.000000e+00
    outer loop
      vertex   -4.269523e+01 1.847209e+01 2.150000e+01
      vertex   -4.324065e+01 1.752741e+01 2.150000e+01
      vertex   -4.351563e+01 1.831596e+01 2.150000e+01
    endloop
  endfacet
  facet normal -0.000000e+00 0.000000e+00 -1.000000e+00
    outer loop
      vertex   -4.269523e+01 1.847209e+01 2.150000e+01
      vertex   -4.351563e+01 1.831596e+01 2.150000e+01
      vertex   -4.327162e+01 1.864333e+01 2.150000e+01
    endloop
  endfacet
  facet normal 0.000000e+00 -0.000000e+00 -1.000000e+00
    outer loop
      vertex   -4.351563e+01 1.831596e+01 2.150000e+01
      vertex   -4.324065e+01 1.752741e+01 2.150000e+01
      vertex   -4.367713e+01 1.794096e+01 2.150000e+01
    endloop
  endfacet
  facet normal 0.000000e+00 0.000000e+00 -1.000000e+00
    outer loop
      vertex   -4.367713e+01 1.794096e+01 2.150000e+01
      vertex   -4.324065e+01 1.752741e+01 2.150000e+01
      vertex   -4.349327e+01 1.756571e+01 2.150000e+01
    endloop
  endfacet
  facet normal 0.000000e+00 -0.000000e+00 -1.000000e+00
    outer loop
      vertex   -4.367713e+01 1.794096e+01 2.150000e+01
      vertex   -4.349327e+01 1.756571e+01 2.150000e+01
      vertex   -4.374735e+01 1.753874e+01 2.150000e+01
    endloop
  endfacet
  facet normal 0.000000e+00 -0.000000e+00 -1.000000e+00
    outer loop
      vertex   -4.295840e+01 1.890524e+01 2.150000e+01
      vertex   -4.285471e+01 1.867172e+01 2.150000e+01
      vertex   -4.327162e+01 1.864333e+01 2.150000e+01
    endloop
  endfacet
  facet normal 0.000000e+00 0.000000e+00 -1.000000e+00
    outer loop
      vertex   -4.327162e+01 1.864333e+01 2.150000e+01
      vertex   -4.285471e+01 1.867172e+01 2.150000e+01
      vertex   -4.269523e+01 1.847209e+01 2.150000e+01
    endloop
  endfacet
  facet normal 6.414808e-01 7.671391e-01 -0.000000e+00
    outer loop
      vertex   4.072854e+01 -4.776155e+01 1.586157e+00
      vertex   4.072854e+01 -4.776155e+01 8.224105e+00
      vertex   4.104177e+01 -4.802347e+01 1.586157e+00
    endloop
  endfacet
  facet normal 6.414808e-01 7.671391e-01 0.000000e+00
    outer loop
      vertex   4.104177e+01 -4.802347e+01 1.586157e+00
      vertex   4.072854e+01 -4.776155e+01 8.224105e+00
      vertex   4.072854e+01 -4.776155e+01 1.486205e+01
    endloop
  endfacet
  facet normal 6.414808e-01 7.671391e-01 -0.000000e+00
    outer loop
      vertex   4.104177e+01 -4.802347e+01 1.586157e+00
      vertex   4.072854e+01 -4.776155e+01 1.486205e+01
      vertex   4.104177e+01 -4.802347e+01 2.150000e+01
    endloop
  endfacet
  facet normal 6.414808e-01 7.671391e-01 0.000000e+00
    outer loop
      vertex   4.104177e+01 -4.802347e+01 2.150000e+01
      vertex   4.072854e+01 -4.776155e+01 1.486205e+01
      vertex   4.072854e+01 -4.776155e+01 2.150000e+01
    endloop
  endfacet
  facet normal 8.017837e-01 5.976143e-01 0.000000e+00
    outer loop
      vertex   4.072854e+01 -4.776155e+01 2.150000e+01
      vertex   4.072854e+01 -4.776155e+01 1.486205e+01
      vertex   4.048454e+01 -4.743418e+01 2.150000e+01
    endloop
  endfacet
  facet normal 8.017837e-01 5.976143e-01 0.000000e+00
    outer loop
      vertex   4.048454e+01 -4.743418e+01 2.150000e+01
      vertex   4.072854e+01 -4.776155e+01 1.486205e+01
      vertex   4.048454e+01 -4.743418e+01 1.486205e+01
    endloop
  endfacet
  facet normal 9.184410e-01 3.955579e-01 0.000000e+00
    outer loop
      vertex   4.048454e+01 -4.743418e+01 2.150000e+01
      vertex   4.048454e+01 -4.743418e+01 1.486205e+01
      vertex   4.032303e+01 -4.705918e+01 2.150000e+01
    endloop
  endfacet
  facet normal 9.184410e-01 3.955579e-01 0.000000e+00
    outer loop
      vertex   4.032303e+01 -4.705918e+01 2.150000e+01
      vertex   4.048454e+01 -4.743418e+01 1.486205e+01
      vertex   4.032303e+01 -4.705918e+01 1.486205e+01
    endloop
  endfacet
  facet normal 9.851024e-01 1.719691e-01 0.000000e+00
    outer loop
      vertex   4.032303e+01 -4.705918e+01 2.150000e+01
      vertex   4.032303e+01 -4.705918e+01 1.486205e+01
      vertex   4.025282e+01 -4.665696e+01 2.150000e+01
    endloop
  endfacet
  facet normal 9.851024e-01 1.719691e-01 0.000000e+00
    outer loop
      vertex   4.025282e+01 -4.665696e+01 2.150000e+01
      vertex   4.032303e+01 -4.705918e+01 1.486205e+01
      vertex   4.032303e+01 -4.705918e+01 8.224105e+00
    endloop
  endfacet
  facet normal 9.851024e-01 1.719691e-01 0.000000e+00
    outer loop
      vertex   4.025282e+01 -4.665696e+01 2.150000e+01
      vertex   4.032303e+01 -4.705918e+01 8.224105e+00
      vertex   4.025282e+01 -4.665696e+01 1.586157e+00
    endloop
  endfacet
  facet normal 9.851024e-01 1.719691e-01 0.000000e+00
    outer loop
      vertex   4.025282e+01 -4.665696e+01 1.586157e+00
      vertex   4.032303e+01 -4.705918e+01 8.224105e+00
      vertex   4.032303e+01 -4.705918e+01 1.586157e+00
    endloop
  endfacet
  facet normal 9.184410e-01 3.955579e-01 -0.000000e+00
    outer loop
      vertex   4.032303e+01 -4.705918e+01 1.586157e+00
      vertex   4.032303e+01 -4.705918e+01 8.224105e+00
      vertex   4.048454e+01 -4.743418e+01 1.586157e+00
    endloop
  endfacet
  facet normal 9.184410e-01 3.955579e-01 -0.000000e+00
    outer loop
      vertex   4.048454e+01 -4.743418e+01 1.586157e+00
      vertex   4.032303e+01 -4.705918e+01 8.224105e+00
      vertex   4.048454e+01 -4.743418e+01 8.224105e+00
    endloop
  endfacet
  facet normal 8.017837e-01 5.976143e-01 -0.000000e+00
    outer loop
      vertex   4.048454e+01 -4.743418e+01 1.586157e+00
      vertex   4.048454e+01 -4.743418e+01 8.224105e+00
      vertex   4.072854e+01 -4.776155e+01 1.586157e+00
    endloop
  endfacet
  facet normal 8.017837e-01 5.976143e-01 -0.000000e+00
    outer loop
      vertex   4.072854e+01 -4.776155e+01 1.586157e+00
      vertex   4.048454e+01 -4.743418e+01 8.224105e+00
      vertex   4.072854e+01 -4.776155e+01 8.224105e+00
    endloop
  endfacet
  facet normal 8.017837e-01 5.976143e-01 0.000000e+00
    outer loop
      vertex   4.048454e+01 -4.743418e+01 1.486205e+01
      vertex   4.072854e+01 -4.776155e+01 1.486205e+01
      vertex   4.072854e+01 -4.776155e+01 8.224105e+00
    endloop
  endfacet
  facet normal 8.017837e-01 5.976143e-01 0.000000e+00
    outer loop
      vertex   4.048454e+01 -4.743418e+01 1.486205e+01
      vertex   4.072854e+01 -4.776155e+01 8.224105e+00
      vertex   4.048454e+01 -4.743418e+01 8.224105e+00
    endloop
  endfacet
  facet normal 9.184410e-01 3.955579e-01 0.000000e+00
    outer loop
      vertex   4.032303e+01 -4.705918e+01 1.486205e+01
      vertex   4.048454e+01 -4.743418e+01 1.486205e+01
      vertex   4.048454e+01 -4.743418e+01 8.224105e+00
    endloop
  endfacet
  facet normal 9.184410e-01 3.955579e-01 0.000000e+00
    outer loop
      vertex   4.032303e+01 -4.705918e+01 1.486205e+01
      vertex   4.048454e+01 -4.743418e+01 8.224105e+00
      vertex   4.032303e+01 -4.705918e+01 8.224105e+00
    endloop
  endfacet
  facet normal 9.139610e-01 4.058020e-01 -0.000000e+00
    outer loop
      vertex   4.285471e+01 -4.778994e+01 1.586157e+00
      vertex   4.285471e+01 -4.778994e+01 6.564618e+00
      vertex   4.295840e+01 -4.802347e+01 1.586157e+00
    endloop
  endfacet
  facet normal 9.139610e-01 4.058020e-01 0.000000e+00
    outer loop
      vertex   4.295840e+01 -4.802347e+01 1.586157e+00
      vertex   4.285471e+01 -4.778994e+01 6.564618e+00
      vertex   4.285471e+01 -4.778994e+01 1.154308e+01
    endloop
  endfacet
  facet normal 9.139610e-01 4.058020e-01 -0.000000e+00
    outer loop
      vertex   4.295840e+01 -4.802347e+01 1.586157e+00
      vertex   4.285471e+01 -4.778994e+01 1.154308e+01
      vertex   4.295840e+01 -4.802347e+01 2.150000e+01
    endloop
  endfacet
  facet normal 9.139610e-01 4.058020e-01 0.000000e+00
    outer loop
      vertex   4.295840e+01 -4.802347e+01 2.150000e+01
      vertex   4.285471e+01 -4.778994e+01 1.154308e+01
      vertex   4.285471e+01 -4.778994e+01 1.652154e+01
    endloop
  endfacet
  facet normal 9.139610e-01 4.058020e-01 0.000000e+00
    outer loop
      vertex   4.295840e+01 -4.802347e+01 2.150000e+01
      vertex   4.285471e+01 -4.778994e+01 1.652154e+01
      vertex   4.285471e+01 -4.778994e+01 2.150000e+01
    endloop
  endfacet
  facet normal 7.812908e-01 6.241672e-01 0.000000e+00
    outer loop
      vertex   4.285471e+01 -4.778994e+01 2.150000e+01
      vertex   4.285471e+01 -4.778994e+01 1.652154e+01
      vertex   4.269523e+01 -4.759031e+01 2.150000e+01
    endloop
  endfacet
  facet normal 7.812908e-01 6.241672e-01 -2.896750e-15
    outer loop
      vertex   4.269523e+01 -4.759031e+01 2.150000e+01
      vertex   4.285471e+01 -4.778994e+01 1.652154e+01
      vertex   4.269523e+01 -4.759031e+01 1.652154e+01
    endloop
  endfacet
  facet normal 5.976143e-01 8.017837e-01 -3.141601e-15
    outer loop
      vertex   4.269523e+01 -4.759031e+01 2.150000e+01
      vertex   4.269523e+01 -4.759031e+01 1.652154e+01
      vertex   4.249037e+01 -4.743762e+01 2.150000e+01
    endloop
  endfacet
  facet normal 5.976143e-01 8.017837e-01 0.000000e+00
    outer loop
      vertex   4.249037e+01 -4.743762e+01 2.150000e+01
      vertex   4.269523e+01 -4.759031e+01 1.652154e+01
      vertex   4.249037e+01 -4.743762e+01 1.652154e+01
    endloop
  endfacet
  facet normal 3.749227e-01 9.270561e-01 0.000000e+00
    outer loop
      vertex   4.249037e+01 -4.743762e+01 2.150000e+01
      vertex   4.249037e+01 -4.743762e+01 1.652154e+01
      vertex   4.225350e+01 -4.734182e+01 2.150000e+01
    endloop
  endfacet
  facet normal 3.749227e-01 9.270561e-01 0.000000e+00
    outer loop
      vertex   4.225350e+01 -4.734182e+01 2.150000e+01
      vertex   4.249037e+01 -4.743762e+01 1.652154e+01
      vertex   4.225350e+01 -4.734182e+01 1.652154e+01
    endloop
  endfacet
  facet normal 1.277544e-01 9.918058e-01 0.000000e+00
    outer loop
      vertex   4.225350e+01 -4.734182e+01 2.150000e+01
      vertex   4.225350e+01 -4.734182e+01 1.652154e+01
      vertex   4.200008e+01 -4.730918e+01 2.150000e+01
    endloop
  endfacet
  facet normal 1.277544e-01 9.918058e-01 0.000000e+00
    outer loop
      vertex   4.200008e+01 -4.730918e+01 2.150000e+01
      vertex   4.225350e+01 -4.734182e+01 1.652154e+01
      vertex   4.200008e+01 -4.730918e+01 1.652154e+01
    endloop
  endfacet
  facet normal -1.277544e-01 9.918058e-01 0.000000e+00
    outer loop
      vertex   4.200008e+01 -4.730918e+01 2.150000e+01
      vertex   4.200008e+01 -4.730918e+01 1.652154e+01
      vertex   4.174667e+01 -4.734182e+01 2.150000e+01
    endloop
  endfacet
  facet normal -1.277544e-01 9.918058e-01 0.000000e+00
    outer loop
      vertex   4.174667e+01 -4.734182e+01 2.150000e+01
      vertex   4.200008e+01 -4.730918e+01 1.652154e+01
      vertex   4.174667e+01 -4.734182e+01 1.652154e+01
    endloop
  endfacet
  facet normal -3.749227e-01 9.270561e-01 0.000000e+00
    outer loop
      vertex   4.174667e+01 -4.734182e+01 2.150000e+01
      vertex   4.174667e+01 -4.734182e+01 1.652154e+01
      vertex   4.150980e+01 -4.743762e+01 2.150000e+01
    endloop
  endfacet
  facet normal -3.749227e-01 9.270561e-01 0.000000e+00
    outer loop
      vertex   4.150980e+01 -4.743762e+01 2.150000e+01
      vertex   4.174667e+01 -4.734182e+01 1.652154e+01
      vertex   4.150980e+01 -4.743762e+01 1.652154e+01
    endloop
  endfacet
  facet normal -5.976143e-01 8.017837e-01 0.000000e+00
    outer loop
      vertex   4.150980e+01 -4.743762e+01 2.150000e+01
      vertex   4.150980e+01 -4.743762e+01 1.652154e+01
      vertex   4.130493e+01 -4.759031e+01 2.150000e+01
    endloop
  endfacet
  facet normal -5.976143e-01 8.017837e-01 0.000000e+00
    outer loop
      vertex   4.130493e+01 -4.759031e+01 2.150000e+01
      vertex   4.150980e+01 -4.743762e+01 1.652154e+01
      vertex   4.130493e+01 -4.759031e+01 1.652154e+01
    endloop
  endfacet
  facet normal -7.812908e-01 6.241672e-01 0.000000e+00
    outer loop
      vertex   4.130493e+01 -4.759031e+01 2.150000e+01
      vertex   4.130493e+01 -4.759031e+01 1.652154e+01
      vertex   4.114545e+01 -4.778994e+01 2.150000e+01
    endloop
  endfacet
  facet normal -7.812908e-01 6.241672e-01 0.000000e+00
    outer loop
      vertex   4.114545e+01 -4.778994e+01 2.150000e+01
      vertex   4.130493e+01 -4.759031e+01 1.652154e+01
      vertex   4.114545e+01 -4.778994e+01 1.652154e+01
    endloop
  endfacet
  facet normal -9.139610e-01 4.058020e-01 0.000000e+00
    outer loop
      vertex   4.114545e+01 -4.778994e+01 2.150000e+01
      vertex   4.114545e+01 -4.778994e+01 1.652154e+01
      vertex   4.104177e+01 -4.802347e+01 2.150000e+01
    endloop
  endfacet
  facet normal -9.139610e-01 4.058020e-01 0.000000e+00
    outer loop
      vertex   4.104177e+01 -4.802347e+01 2.150000e+01
      vertex   4.114545e+01 -4.778994e+01 1.652154e+01
      vertex   4.114545e+01 -4.778994e+01 1.154308e+01
    endloop
  endfacet
  facet normal -9.139610e-01 4.058020e-01 0.000000e+00
    outer loop
      vertex   4.104177e+01 -4.802347e+01 2.150000e+01
      vertex   4.114545e+01 -4.778994e+01 1.154308e+01
      vertex   4.104177e+01 -4.802347e+01 1.586157e+00
    endloop
  endfacet
  facet normal -9.139610e-01 4.058020e-01 0.000000e+00
    outer loop
      vertex   4.104177e+01 -4.802347e+01 1.586157e+00
      vertex   4.114545e+01 -4.778994e+01 1.154308e+01
      vertex   4.114545e+01 -4.778994e+01 6.564618e+00
    endloop
  endfacet
  facet normal -9.139610e-01 4.058020e-01 0.000000e+00
    outer loop
      vertex   4.104177e+01 -4.802347e+01 1.586157e+00
      vertex   4.114545e+01 -4.778994e+01 6.564618e+00
      vertex   4.114545e+01 -4.778994e+01 1.586157e+00
    endloop
  endfacet
  facet normal -7.812908e-01 6.241672e-01 0.000000e+00
    outer loop
      vertex   4.114545e+01 -4.778994e+01 1.586157e+00
      vertex   4.114545e+01 -4.778994e+01 6.564618e+00
      vertex   4.130493e+01 -4.759031e+01 1.586157e+00
    endloop
  endfacet
  facet normal -7.812908e-01 6.241672e-01 0.000000e+00
    outer loop
      vertex   4.130493e+01 -4.759031e+01 1.586157e+00
      vertex   4.114545e+01 -4.778994e+01 6.564618e+00
      vertex   4.130493e+01 -4.759031e+01 6.564618e+00
    endloop
  endfacet
  facet normal -5.976143e-01 8.017837e-01 0.000000e+00
    outer loop
      vertex   4.130493e+01 -4.759031e+01 1.586157e+00
      vertex   4.130493e+01 -4.759031e+01 6.564618e+00
      vertex   4.150980e+01 -4.743762e+01 1.586157e+00
    endloop
  endfacet
  facet normal -5.976143e-01 8.017837e-01 0.000000e+00
    outer loop
      vertex   4.150980e+01 -4.743762e+01 1.586157e+00
      vertex   4.130493e+01 -4.759031e+01 6.564618e+00
      vertex   4.150980e+01 -4.743762e+01 6.564618e+00
    endloop
  endfacet
  facet normal -3.749227e-01 9.270561e-01 0.000000e+00
    outer loop
      vertex   4.150980e+01 -4.743762e+01 1.586157e+00
      vertex   4.150980e+01 -4.743762e+01 6.564618e+00
      vertex   4.174667e+01 -4.734182e+01 1.586157e+00
    endloop
  endfacet
  facet normal -3.749227e-01 9.270561e-01 0.000000e+00
    outer loop
      vertex   4.174667e+01 -4.734182e+01 1.586157e+00
      vertex   4.150980e+01 -4.743762e+01 6.564618e+00
      vertex   4.174667e+01 -4.734182e+01 6.564618e+00
    endloop
  endfacet
  facet normal -1.277544e-01 9.918058e-01 0.000000e+00
    outer loop
      vertex   4.174667e+01 -4.734182e+01 1.586157e+00
      vertex   4.174667e+01 -4.734182e+01 6.564618e+00
      vertex   4.200008e+01 -4.730918e+01 1.586157e+00
    endloop
  endfacet
  facet normal -1.277544e-01 9.918058e-01 0.000000e+00
    outer loop
      vertex   4.200008e+01 -4.730918e+01 1.586157e+00
      vertex   4.174667e+01 -4.734182e+01 6.564618e+00
      vertex   4.200008e+01 -4.730918e+01 6.564618e+00
    endloop
  endfacet
  facet normal 1.277544e-01 9.918058e-01 -0.000000e+00
    outer loop
      vertex   4.200008e+01 -4.730918e+01 1.586157e+00
      vertex   4.200008e+01 -4.730918e+01 6.564618e+00
      vertex   4.225350e+01 -4.734182e+01 1.586157e+00
    endloop
  endfacet
  facet normal 1.277544e-01 9.918058e-01 -0.000000e+00
    outer loop
      vertex   4.225350e+01 -4.734182e+01 1.586157e+00
      vertex   4.200008e+01 -4.730918e+01 6.564618e+00
      vertex   4.225350e+01 -4.734182e+01 6.564618e+00
    endloop
  endfacet
  facet normal 3.749227e-01 9.270561e-01 -0.000000e+00
    outer loop
      vertex   4.225350e+01 -4.734182e+01 1.586157e+00
      vertex   4.225350e+01 -4.734182e+01 6.564618e+00
      vertex   4.249037e+01 -4.743762e+01 1.586157e+00
    endloop
  endfacet
  facet normal 3.749227e-01 9.270561e-01 -0.000000e+00
    outer loop
      vertex   4.249037e+01 -4.743762e+01 1.586157e+00
      vertex   4.225350e+01 -4.734182e+01 6.564618e+00
      vertex   4.249037e+01 -4.743762e+01 6.564618e+00
    endloop
  endfacet
  facet normal 5.976143e-01 8.017837e-01 -0.000000e+00
    outer loop
      vertex   4.249037e+01 -4.743762e+01 1.586157e+00
      vertex   4.249037e+01 -4.743762e+01 6.564618e+00
      vertex   4.269523e+01 -4.759031e+01 1.586157e+00
    endloop
  endfacet
  facet normal 5.976143e-01 8.017837e-01 3.141601e-15
    outer loop
      vertex   4.269523e+01 -4.759031e+01 1.586157e+00
      vertex   4.249037e+01 -4.743762e+01 6.564618e+00
      vertex   4.269523e+01 -4.759031e+01 6.564618e+00
    endloop
  endfacet
  facet normal 7.812908e-01 6.241672e-01 2.896750e-15
    outer loop
      vertex   4.269523e+01 -4.759031e+01 1.586157e+00
      vertex   4.269523e+01 -4.759031e+01 6.564618e+00
      vertex   4.285471e+01 -4.778994e+01 1.586157e+00
    endloop
  endfacet
  facet normal 7.812908e-01 6.241672e-01 -0.000000e+00
    outer loop
      vertex   4.285471e+01 -4.778994e+01 1.586157e+00
      vertex   4.269523e+01 -4.759031e+01 6.564618e+00
      vertex   4.285471e+01 -4.778994e+01 6.564618e+00
    endloop
  endfacet
  facet normal 7.812908e-01 6.241672e-01 0.000000e+00
    outer loop
      vertex   4.269523e+01 -4.759031e+01 1.652154e+01
      vertex   4.285471e+01 -4.778994e+01 1.652154e+01
      vertex   4.285471e+01 -4.778994e+01 1.154308e+01
    endloop
  endfacet
  facet normal 7.812908e-01 6.241672e-01 0.000000e+00
    outer loop
      vertex   4.285471e+01 -4.778994e+01 1.154308e+01
      vertex   4.285471e+01 -4.778994e+01 6.564618e+00
      vertex   4.269523e+01 -4.759031e+01 1.154308e+01
    endloop
  endfacet
  facet normal 7.812908e-01 6.241672e-01 0.000000e+00
    outer loop
      vertex   4.269523e+01 -4.759031e+01 1.154308e+01
      vertex   4.285471e+01 -4.778994e+01 6.564618e+00
      vertex   4.269523e+01 -4.759031e+01 6.564618e+00
    endloop
  endfacet
  facet normal 5.976143e-01 8.017837e-01 0.000000e+00
    outer loop
      vertex   4.269523e+01 -4.759031e+01 1.154308e+01
      vertex   4.269523e+01 -4.759031e+01 6.564618e+00
      vertex   4.249037e+01 -4.743762e+01 1.154308e+01
    endloop
  endfacet
  facet normal 5.976143e-01 8.017837e-01 0.000000e+00
    outer loop
      vertex   4.249037e+01 -4.743762e+01 1.154308e+01
      vertex   4.269523e+01 -4.759031e+01 6.564618e+00
      vertex   4.249037e+01 -4.743762e+01 6.564618e+00
    endloop
  endfacet
  facet normal 3.749227e-01 9.270561e-01 0.000000e+00
    outer loop
      vertex   4.249037e+01 -4.743762e+01 1.154308e+01
      vertex   4.249037e+01 -4.743762e+01 6.564618e+00
      vertex   4.225350e+01 -4.734182e+01 1.154308e+01
    endloop
  endfacet
  facet normal 3.749227e-01 9.270561e-01 0.000000e+00
    outer loop
      vertex   4.225350e+01 -4.734182e+01 1.154308e+01
      vertex   4.249037e+01 -4.743762e+01 6.564618e+00
      vertex   4.225350e+01 -4.734182e+01 6.564618e+00
    endloop
  endfacet
  facet normal 1.277544e-01 9.918058e-01 0.000000e+00
    outer loop
      vertex   4.225350e+01 -4.734182e+01 1.154308e+01
      vertex   4.225350e+01 -4.734182e+01 6.564618e+00
      vertex   4.200008e+01 -4.730918e+01 1.154308e+01
    endloop
  endfacet
  facet normal 1.277544e-01 9.918058e-01 0.000000e+00
    outer loop
      vertex   4.200008e+01 -4.730918e+01 1.154308e+01
      vertex   4.225350e+01 -4.734182e+01 6.564618e+00
      vertex   4.200008e+01 -4.730918e+01 6.564618e+00
    endloop
  endfacet
  facet normal -1.277544e-01 9.918058e-01 0.000000e+00
    outer loop
      vertex   4.200008e+01 -4.730918e+01 1.154308e+01
      vertex   4.200008e+01 -4.730918e+01 6.564618e+00
      vertex   4.174667e+01 -4.734182e+01 1.154308e+01
    endloop
  endfacet
  facet normal -1.277544e-01 9.918058e-01 0.000000e+00
    outer loop
      vertex   4.174667e+01 -4.734182e+01 1.154308e+01
      vertex   4.200008e+01 -4.730918e+01 6.564618e+00
      vertex   4.174667e+01 -4.734182e+01 6.564618e+00
    endloop
  endfacet
  facet normal -3.749227e-01 9.270561e-01 0.000000e+00
    outer loop
      vertex   4.174667e+01 -4.734182e+01 1.154308e+01
      vertex   4.174667e+01 -4.734182e+01 6.564618e+00
      vertex   4.150980e+01 -4.743762e+01 1.154308e+01
    endloop
  endfacet
  facet normal -3.749227e-01 9.270561e-01 0.000000e+00
    outer loop
      vertex   4.150980e+01 -4.743762e+01 1.154308e+01
      vertex   4.174667e+01 -4.734182e+01 6.564618e+00
      vertex   4.150980e+01 -4.743762e+01 6.564618e+00
    endloop
  endfacet
  facet normal -5.976143e-01 8.017837e-01 0.000000e+00
    outer loop
      vertex   4.150980e+01 -4.743762e+01 1.154308e+01
      vertex   4.150980e+01 -4.743762e+01 6.564618e+00
      vertex   4.130493e+01 -4.759031e+01 1.154308e+01
    endloop
  endfacet
  facet normal -5.976143e-01 8.017837e-01 0.000000e+00
    outer loop
      vertex   4.130493e+01 -4.759031e+01 1.154308e+01
      vertex   4.150980e+01 -4.743762e+01 6.564618e+00
      vertex   4.130493e+01 -4.759031e+01 6.564618e+00
    endloop
  endfacet
  facet normal -7.812908e-01 6.241672e-01 0.000000e+00
    outer loop
      vertex   4.130493e+01 -4.759031e+01 1.154308e+01
      vertex   4.130493e+01 -4.759031e+01 6.564618e+00
      vertex   4.114545e+01 -4.778994e+01 1.154308e+01
    endloop
  endfacet
  facet normal -7.812908e-01 6.241672e-01 0.000000e+00
    outer loop
      vertex   4.114545e+01 -4.778994e+01 1.154308e+01
      vertex   4.130493e+01 -4.759031e+01 6.564618e+00
      vertex   4.114545e+01 -4.778994e+01 6.564618e+00
    endloop
  endfacet
  facet normal 5.976143e-01 8.017837e-01 0.000000e+00
    outer loop
      vertex   4.249037e+01 -4.743762e+01 1.652154e+01
      vertex   4.269523e+01 -4.759031e+01 1.652154e+01
      vertex   4.269523e+01 -4.759031e+01 1.154308e+01
    endloop
  endfacet
  facet normal 7.812908e-01 6.241672e-01 -0.000000e+00
    outer loop
      vertex   4.269523e+01 -4.759031e+01 1.154308e+01
      vertex   4.269523e+01 -4.759031e+01 1.652154e+01
      vertex   4.285471e+01 -4.778994e+01 1.154308e+01
    endloop
  endfacet
  facet normal 5.976143e-01 8.017837e-01 0.000000e+00
    outer loop
      vertex   4.249037e+01 -4.743762e+01 1.652154e+01
      vertex   4.269523e+01 -4.759031e+01 1.154308e+01
      vertex   4.249037e+01 -4.743762e+01 1.154308e+01
    endloop
  endfacet
  facet normal 3.749227e-01 9.270561e-01 0.000000e+00
    outer loop
      vertex   4.225350e+01 -4.734182e+01 1.652154e+01
      vertex   4.249037e+01 -4.743762e+01 1.652154e+01
      vertex   4.249037e+01 -4.743762e+01 1.154308e+01
    endloop
  endfacet
  facet normal 3.749227e-01 9.270561e-01 0.000000e+00
    outer loop
      vertex   4.225350e+01 -4.734182e+01 1.652154e+01
      vertex   4.249037e+01 -4.743762e+01 1.154308e+01
      vertex   4.225350e+01 -4.734182e+01 1.154308e+01
    endloop
  endfacet
  facet normal 1.277544e-01 9.918058e-01 0.000000e+00
    outer loop
      vertex   4.200008e+01 -4.730918e+01 1.652154e+01
      vertex   4.225350e+01 -4.734182e+01 1.652154e+01
      vertex   4.225350e+01 -4.734182e+01 1.154308e+01
    endloop
  endfacet
  facet normal 1.277544e-01 9.918058e-01 0.000000e+00
    outer loop
      vertex   4.200008e+01 -4.730918e+01 1.652154e+01
      vertex   4.225350e+01 -4.734182e+01 1.154308e+01
      vertex   4.200008e+01 -4.730918e+01 1.154308e+01
    endloop
  endfacet
  facet normal -1.277544e-01 9.918058e-01 0.000000e+00
    outer loop
      vertex   4.174667e+01 -4.734182e+01 1.652154e+01
      vertex   4.200008e+01 -4.730918e+01 1.652154e+01
      vertex   4.200008e+01 -4.730918e+01 1.154308e+01
    endloop
  endfacet
  facet normal -1.277544e-01 9.918058e-01 0.000000e+00
    outer loop
      vertex   4.174667e+01 -4.734182e+01 1.652154e+01
      vertex   4.200008e+01 -4.730918e+01 1.154308e+01
      vertex   4.174667e+01 -4.734182e+01 1.154308e+01
    endloop
  endfacet
  facet normal -3.749227e-01 9.270561e-01 0.000000e+00
    outer loop
      vertex   4.150980e+01 -4.743762e+01 1.652154e+01
      vertex   4.174667e+01 -4.734182e+01 1.652154e+01
      vertex   4.174667e+01 -4.734182e+01 1.154308e+01
    endloop
  endfacet
  facet normal -3.749227e-01 9.270561e-01 0.000000e+00
    outer loop
      vertex   4.150980e+01 -4.743762e+01 1.652154e+01
      vertex   4.174667e+01 -4.734182e+01 1.154308e+01
      vertex   4.150980e+01 -4.743762e+01 1.154308e+01
    endloop
  endfacet
  facet normal -5.976143e-01 8.017837e-01 0.000000e+00
    outer loop
      vertex   4.130493e+01 -4.759031e+01 1.652154e+01
      vertex   4.150980e+01 -4.743762e+01 1.652154e+01
      vertex   4.150980e+01 -4.743762e+01 1.154308e+01
    endloop
  endfacet
  facet normal -5.976143e-01 8.017837e-01 0.000000e+00
    outer loop
      vertex   4.130493e+01 -4.759031e+01 1.652154e+01
      vertex   4.150980e+01 -4.743762e+01 1.154308e+01
      vertex   4.130493e+01 -4.759031e+01 1.154308e+01
    endloop
  endfacet
  facet normal -7.812908e-01 6.241672e-01 0.000000e+00
    outer loop
      vertex   4.114545e+01 -4.778994e+01 1.652154e+01
      vertex   4.130493e+01 -4.759031e+01 1.652154e+01
      vertex   4.130493e+01 -4.759031e+01 1.154308e+01
    endloop
  endfacet
  facet normal -7.812908e-01 6.241672e-01 0.000000e+00
    outer loop
      vertex   4.114545e+01 -4.778994e+01 1.652154e+01
      vertex   4.130493e+01 -4.759031e+01 1.154308e+01
      vertex   4.114545e+01 -4.778994e+01 1.154308e+01
    endloop
  endfacet
  facet normal -9.851024e-01 1.719691e-01 0.000000e+00
    outer loop
      vertex   4.367713e+01 -4.705918e+01 1.586157e+00
      vertex   4.367713e+01 -4.705918e+01 8.224105e+00
      vertex   4.374735e+01 -4.665696e+01 1.586157e+00
    endloop
  endfacet
  facet normal -9.851024e-01 1.719691e-01 0.000000e+00
    outer loop
      vertex   4.374735e+01 -4.665696e+01 1.586157e+00
      vertex   4.367713e+01 -4.705918e+01 8.224105e+00
      vertex   4.367713e+01 -4.705918e+01 1.486205e+01
    endloop
  endfacet
  facet normal -9.851024e-01 1.719691e-01 0.000000e+00
    outer loop
      vertex   4.374735e+01 -4.665696e+01 1.586157e+00
      vertex   4.367713e+01 -4.705918e+01 1.486205e+01
      vertex   4.374735e+01 -4.665696e+01 2.150000e+01
    endloop
  endfacet
  facet normal -9.851024e-01 1.719691e-01 0.000000e+00
    outer loop
      vertex   4.374735e+01 -4.665696e+01 2.150000e+01
      vertex   4.367713e+01 -4.705918e+01 1.486205e+01
      vertex   4.367713e+01 -4.705918e+01 2.150000e+01
    endloop
  endfacet
  facet normal -9.184410e-01 3.955579e-01 0.000000e+00
    outer loop
      vertex   4.367713e+01 -4.705918e+01 2.150000e+01
      vertex   4.367713e+01 -4.705918e+01 1.486205e+01
      vertex   4.351563e+01 -4.743418e+01 2.150000e+01
    endloop
  endfacet
  facet normal -9.184410e-01 3.955579e-01 0.000000e+00
    outer loop
      vertex   4.351563e+01 -4.743418e+01 2.150000e+01
      vertex   4.367713e+01 -4.705918e+01 1.486205e+01
      vertex   4.351563e+01 -4.743418e+01 1.486205e+01
    endloop
  endfacet
  facet normal -8.017837e-01 5.976143e-01 0.000000e+00
    outer loop
      vertex   4.351563e+01 -4.743418e+01 2.150000e+01
      vertex   4.351563e+01 -4.743418e+01 1.486205e+01
      vertex   4.327162e+01 -4.776155e+01 2.150000e+01
    endloop
  endfacet
  facet normal -8.017837e-01 5.976143e-01 0.000000e+00
    outer loop
      vertex   4.327162e+01 -4.776155e+01 2.150000e+01
      vertex   4.351563e+01 -4.743418e+01 1.486205e+01
      vertex   4.327162e+01 -4.776155e+01 1.486205e+01
    endloop
  endfacet
  facet normal -6.414808e-01 7.671391e-01 0.000000e+00
    outer loop
      vertex   4.327162e+01 -4.776155e+01 2.150000e+01
      vertex   4.327162e+01 -4.776155e+01 1.486205e+01
      vertex   4.295840e+01 -4.802347e+01 2.150000e+01
    endloop
  endfacet
  facet normal -6.414808e-01 7.671391e-01 0.000000e+00
    outer loop
      vertex   4.295840e+01 -4.802347e+01 2.150000e+01
      vertex   4.327162e+01 -4.776155e+01 1.486205e+01
      vertex   4.327162e+01 -4.776155e+01 8.224105e+00
    endloop
  endfacet
  facet normal -6.414808e-01 7.671391e-01 0.000000e+00
    outer loop
      vertex   4.295840e+01 -4.802347e+01 2.150000e+01
      vertex   4.327162e+01 -4.776155e+01 8.224105e+00
      vertex   4.295840e+01 -4.802347e+01 1.586157e+00
    endloop
  endfacet
  facet normal -6.414808e-01 7.671391e-01 0.000000e+00
    outer loop
      vertex   4.295840e+01 -4.802347e+01 1.586157e+00
      vertex   4.327162e+01 -4.776155e+01 8.224105e+00
      vertex   4.327162e+01 -4.776155e+01 1.586157e+00
    endloop
  endfacet
  facet normal -8.017837e-01 5.976143e-01 0.000000e+00
    outer loop
      vertex   4.327162e+01 -4.776155e+01 1.586157e+00
      vertex   4.327162e+01 -4.776155e+01 8.224105e+00
      vertex   4.351563e+01 -4.743418e+01 1.586157e+00
    endloop
  endfacet
  facet normal -8.017837e-01 5.976143e-01 0.000000e+00
    outer loop
      vertex   4.351563e+01 -4.743418e+01 1.586157e+00
      vertex   4.327162e+01 -4.776155e+01 8.224105e+00
      vertex   4.351563e+01 -4.743418e+01 8.224105e+00
    endloop
  endfacet
  facet normal -9.184410e-01 3.955579e-01 0.000000e+00
    outer loop
      vertex   4.351563e+01 -4.743418e+01 1.586157e+00
      vertex   4.351563e+01 -4.743418e+01 8.224105e+00
      vertex   4.367713e+01 -4.705918e+01 1.586157e+00
    endloop
  endfacet
  facet normal -9.184410e-01 3.955579e-01 0.000000e+00
    outer loop
      vertex   4.367713e+01 -4.705918e+01 1.586157e+00
      vertex   4.351563e+01 -4.743418e+01 8.224105e+00
      vertex   4.367713e+01 -4.705918e+01 8.224105e+00
    endloop
  endfacet
  facet normal -9.184410e-01 3.955579e-01 0.000000e+00
    outer loop
      vertex   4.351563e+01 -4.743418e+01 1.486205e+01
      vertex   4.367713e+01 -4.705918e+01 1.486205e+01
      vertex   4.367713e+01 -4.705918e+01 8.224105e+00
    endloop
  endfacet
  facet normal -9.184410e-01 3.955579e-01 0.000000e+00
    outer loop
      vertex   4.351563e+01 -4.743418e+01 1.486205e+01
      vertex   4.367713e+01 -4.705918e+01 8.224105e+00
      vertex   4.351563e+01 -4.743418e+01 8.224105e+00
    endloop
  endfacet
  facet normal -8.017837e-01 5.976143e-01 0.000000e+00
    outer loop
      vertex   4.327162e+01 -4.776155e+01 1.486205e+01
      vertex   4.351563e+01 -4.743418e+01 1.486205e+01
      vertex   4.351563e+01 -4.743418e+01 8.224105e+00
    endloop
  endfacet
  facet normal -8.017837e-01 5.976143e-01 0.000000e+00
    outer loop
      vertex   4.327162e+01 -4.776155e+01 1.486205e+01
      vertex   4.351563e+01 -4.743418e+01 8.224105e+00
      vertex   4.327162e+01 -4.776155e+01 8.224105e+00
    endloop
  endfacet
  facet normal -8.084154e-01 5.886125e-01 -1.153798e-15
    outer loop
      vertex   4.263864e+01 -4.520367e+01 1.586157e+00
      vertex   4.263864e+01 -4.520367e+01 6.564618e+00
      vertex   4.278903e+01 -4.499711e+01 1.586157e+00
    endloop
  endfacet
  facet normal -8.084154e-01 5.886125e-01 0.000000e+00
    outer loop
      vertex   4.278903e+01 -4.499711e+01 1.586157e+00
      vertex   4.263864e+01 -4.520367e+01 6.564618e+00
      vertex   4.263864e+01 -4.520367e+01 1.154308e+01
    endloop
  endfacet
  facet normal -8.084154e-01 5.886125e-01 0.000000e+00
    outer loop
      vertex   4.278903e+01 -4.499711e+01 1.586157e+00
      vertex   4.263864e+01 -4.520367e+01 1.154308e+01
      vertex   4.278903e+01 -4.499711e+01 2.150000e+01
    endloop
  endfacet
  facet normal -8.084154e-01 5.886125e-01 0.000000e+00
    outer loop
      vertex   4.278903e+01 -4.499711e+01 2.150000e+01
      vertex   4.263864e+01 -4.520367e+01 1.154308e+01
      vertex   4.263864e+01 -4.520367e+01 1.652154e+01
    endloop
  endfacet
  facet normal -8.084154e-01 5.886125e-01 1.153718e-15
    outer loop
      vertex   4.278903e+01 -4.499711e+01 2.150000e+01
      vertex   4.263864e+01 -4.520367e+01 1.652154e+01
      vertex   4.263864e+01 -4.520367e+01 2.150000e+01
    endloop
  endfacet
  facet normal -9.311900e-01 3.645341e-01 1.329026e-15
    outer loop
      vertex   4.263864e+01 -4.520367e+01 2.150000e+01
      vertex   4.263864e+01 -4.520367e+01 1.652154e+01
      vertex   4.254550e+01 -4.544160e+01 2.150000e+01
    endloop
  endfacet
  facet normal -9.311900e-01 3.645341e-01 0.000000e+00
    outer loop
      vertex   4.254550e+01 -4.544160e+01 2.150000e+01
      vertex   4.263864e+01 -4.520367e+01 1.652154e+01
      vertex   4.254550e+01 -4.544160e+01 1.652154e+01
    endloop
  endfacet
  facet normal -9.931722e-01 1.166573e-01 0.000000e+00
    outer loop
      vertex   4.254550e+01 -4.544160e+01 2.150000e+01
      vertex   4.254550e+01 -4.544160e+01 1.652154e+01
      vertex   4.251569e+01 -4.569536e+01 2.150000e+01
    endloop
  endfacet
  facet normal -9.931722e-01 1.166573e-01 1.417489e-15
    outer loop
      vertex   4.251569e+01 -4.569536e+01 2.150000e+01
      vertex   4.254550e+01 -4.544160e+01 1.652154e+01
      vertex   4.251569e+01 -4.569536e+01 1.652154e+01
    endloop
  endfacet
  facet normal -9.903155e-01 -1.388355e-01 1.413412e-15
    outer loop
      vertex   4.251569e+01 -4.569536e+01 2.150000e+01
      vertex   4.251569e+01 -4.569536e+01 1.652154e+01
      vertex   4.255116e+01 -4.594839e+01 2.150000e+01
    endloop
  endfacet
  facet normal -9.903155e-01 -1.388355e-01 -0.000000e+00
    outer loop
      vertex   4.255116e+01 -4.594839e+01 2.150000e+01
      vertex   4.251569e+01 -4.569536e+01 1.652154e+01
      vertex   4.255116e+01 -4.594839e+01 1.652154e+01
    endloop
  endfacet
  facet normal -9.228062e-01 -3.852644e-01 -0.000000e+00
    outer loop
      vertex   4.255116e+01 -4.594839e+01 2.150000e+01
      vertex   4.255116e+01 -4.594839e+01 1.652154e+01
      vertex   4.264960e+01 -4.618418e+01 2.150000e+01
    endloop
  endfacet
  facet normal -9.228062e-01 -3.852644e-01 -0.000000e+00
    outer loop
      vertex   4.264960e+01 -4.618418e+01 2.150000e+01
      vertex   4.255116e+01 -4.594839e+01 1.652154e+01
      vertex   4.264960e+01 -4.618418e+01 1.652154e+01
    endloop
  endfacet
  facet normal -7.950519e-01 -6.065414e-01 -0.000000e+00
    outer loop
      vertex   4.264960e+01 -4.618418e+01 2.150000e+01
      vertex   4.264960e+01 -4.618418e+01 1.652154e+01
      vertex   4.280458e+01 -4.638732e+01 2.150000e+01
    endloop
  endfacet
  facet normal -7.950519e-01 -6.065414e-01 -0.000000e+00
    outer loop
      vertex   4.280458e+01 -4.638732e+01 2.150000e+01
      vertex   4.264960e+01 -4.618418e+01 1.652154e+01
      vertex   4.280458e+01 -4.638732e+01 1.652154e+01
    endloop
  endfacet
  facet normal -6.153928e-01 -7.882206e-01 -0.000000e+00
    outer loop
      vertex   4.280458e+01 -4.638732e+01 2.150000e+01
      vertex   4.280458e+01 -4.638732e+01 1.652154e+01
      vertex   4.300597e+01 -4.654456e+01 2.150000e+01
    endloop
  endfacet
  facet normal -6.153928e-01 -7.882206e-01 -0.000000e+00
    outer loop
      vertex   4.300597e+01 -4.654456e+01 2.150000e+01
      vertex   4.280458e+01 -4.638732e+01 1.652154e+01
      vertex   4.300597e+01 -4.654456e+01 1.652154e+01
    endloop
  endfacet
  facet normal -3.955579e-01 -9.184410e-01 -0.000000e+00
    outer loop
      vertex   4.300597e+01 -4.654456e+01 2.150000e+01
      vertex   4.300597e+01 -4.654456e+01 1.652154e+01
      vertex   4.324064e+01 -4.664563e+01 2.150000e+01
    endloop
  endfacet
  facet normal -3.955579e-01 -9.184410e-01 -0.000000e+00
    outer loop
      vertex   4.324064e+01 -4.664563e+01 2.150000e+01
      vertex   4.300597e+01 -4.654456e+01 1.652154e+01
      vertex   4.324064e+01 -4.664563e+01 1.652154e+01
    endloop
  endfacet
  facet normal -1.498992e-01 -9.887013e-01 -0.000000e+00
    outer loop
      vertex   4.324064e+01 -4.664563e+01 2.150000e+01
      vertex   4.324064e+01 -4.664563e+01 1.652154e+01
      vertex   4.349327e+01 -4.668393e+01 2.150000e+01
    endloop
  endfacet
  facet normal -1.498992e-01 -9.887013e-01 -0.000000e+00
    outer loop
      vertex   4.349327e+01 -4.668393e+01 2.150000e+01
      vertex   4.324064e+01 -4.664563e+01 1.652154e+01
      vertex   4.349327e+01 -4.668393e+01 1.652154e+01
    endloop
  endfacet
  facet normal 1.055457e-01 -9.944145e-01 0.000000e+00
    outer loop
      vertex   4.349327e+01 -4.668393e+01 2.150000e+01
      vertex   4.349327e+01 -4.668393e+01 1.652154e+01
      vertex   4.374735e+01 -4.665696e+01 2.150000e+01
    endloop
  endfacet
  facet normal 1.055457e-01 -9.944145e-01 0.000000e+00
    outer loop
      vertex   4.374735e+01 -4.665696e+01 2.150000e+01
      vertex   4.349327e+01 -4.668393e+01 1.652154e+01
      vertex   4.349327e+01 -4.668393e+01 1.154308e+01
    endloop
  endfacet
  facet normal 1.055457e-01 -9.944145e-01 0.000000e+00
    outer loop
      vertex   4.374735e+01 -4.665696e+01 2.150000e+01
      vertex   4.349327e+01 -4.668393e+01 1.154308e+01
      vertex   4.374735e+01 -4.665696e+01 1.586157e+00
    endloop
  endfacet
  facet normal 1.055457e-01 -9.944145e-01 0.000000e+00
    outer loop
      vertex   4.374735e+01 -4.665696e+01 1.586157e+00
      vertex   4.349327e+01 -4.668393e+01 1.154308e+01
      vertex   4.349327e+01 -4.668393e+01 6.564618e+00
    endloop
  endfacet
  facet normal 1.055457e-01 -9.944145e-01 0.000000e+00
    outer loop
      vertex   4.374735e+01 -4.665696e+01 1.586157e+00
      vertex   4.349327e+01 -4.668393e+01 6.564618e+00
      vertex   4.349327e+01 -4.668393e+01 1.586157e+00
    endloop
  endfacet
  facet normal -1.498992e-01 -9.887013e-01 0.000000e+00
    outer loop
      vertex   4.349327e+01 -4.668393e+01 1.586157e+00
      vertex   4.349327e+01 -4.668393e+01 6.564618e+00
      vertex   4.324064e+01 -4.664563e+01 1.586157e+00
    endloop
  endfacet
  facet normal -1.498992e-01 -9.887013e-01 0.000000e+00
    outer loop
      vertex   4.324064e+01 -4.664563e+01 1.586157e+00
      vertex   4.349327e+01 -4.668393e+01 6.564618e+00
      vertex   4.324064e+01 -4.664563e+01 6.564618e+00
    endloop
  endfacet
  facet normal -3.955579e-01 -9.184410e-01 0.000000e+00
    outer loop
      vertex   4.324064e+01 -4.664563e+01 1.586157e+00
      vertex   4.324064e+01 -4.664563e+01 6.564618e+00
      vertex   4.300597e+01 -4.654456e+01 1.586157e+00
    endloop
  endfacet
  facet normal -3.955579e-01 -9.184410e-01 0.000000e+00
    outer loop
      vertex   4.300597e+01 -4.654456e+01 1.586157e+00
      vertex   4.324064e+01 -4.664563e+01 6.564618e+00
      vertex   4.300597e+01 -4.654456e+01 6.564618e+00
    endloop
  endfacet
  facet normal -6.153928e-01 -7.882206e-01 0.000000e+00
    outer loop
      vertex   4.300597e+01 -4.654456e+01 1.586157e+00
      vertex   4.300597e+01 -4.654456e+01 6.564618e+00
      vertex   4.280458e+01 -4.638732e+01 1.586157e+00
    endloop
  endfacet
  facet normal -6.153928e-01 -7.882206e-01 0.000000e+00
    outer loop
      vertex   4.280458e+01 -4.638732e+01 1.586157e+00
      vertex   4.300597e+01 -4.654456e+01 6.564618e+00
      vertex   4.280458e+01 -4.638732e+01 6.564618e+00
    endloop
  endfacet
  facet normal -7.950519e-01 -6.065414e-01 0.000000e+00
    outer loop
      vertex   4.280458e+01 -4.638732e+01 1.586157e+00
      vertex   4.280458e+01 -4.638732e+01 6.564618e+00
      vertex   4.264960e+01 -4.618418e+01 1.586157e+00
    endloop
  endfacet
  facet normal -7.950519e-01 -6.065414e-01 0.000000e+00
    outer loop
      vertex   4.264960e+01 -4.618418e+01 1.586157e+00
      vertex   4.280458e+01 -4.638732e+01 6.564618e+00
      vertex   4.264960e+01 -4.618418e+01 6.564618e+00
    endloop
  endfacet
  facet normal -9.228062e-01 -3.852644e-01 0.000000e+00
    outer loop
      vertex   4.264960e+01 -4.618418e+01 1.586157e+00
      vertex   4.264960e+01 -4.618418e+01 6.564618e+00
      vertex   4.255116e+01 -4.594839e+01 1.586157e+00
    endloop
  endfacet
  facet normal -9.228062e-01 -3.852644e-01 0.000000e+00
    outer loop
      vertex   4.255116e+01 -4.594839e+01 1.586157e+00
      vertex   4.264960e+01 -4.618418e+01 6.564618e+00
      vertex   4.255116e+01 -4.594839e+01 6.564618e+00
    endloop
  endfacet
  facet normal -9.903155e-01 -1.388355e-01 0.000000e+00
    outer loop
      vertex   4.255116e+01 -4.594839e+01 1.586157e+00
      vertex   4.255116e+01 -4.594839e+01 6.564618e+00
      vertex   4.251569e+01 -4.569536e+01 1.586157e+00
    endloop
  endfacet
  facet normal -9.903155e-01 -1.388355e-01 -1.413412e-15
    outer loop
      vertex   4.251569e+01 -4.569536e+01 1.586157e+00
      vertex   4.255116e+01 -4.594839e+01 6.564618e+00
      vertex   4.251569e+01 -4.569536e+01 6.564618e+00
    endloop
  endfacet
  facet normal -9.931722e-01 1.166573e-01 -1.417489e-15
    outer loop
      vertex   4.251569e+01 -4.569536e+01 1.586157e+00
      vertex   4.251569e+01 -4.569536e+01 6.564618e+00
      vertex   4.254550e+01 -4.544160e+01 1.586157e+00
    endloop
  endfacet
  facet normal -9.931722e-01 1.166573e-01 0.000000e+00
    outer loop
      vertex   4.254550e+01 -4.544160e+01 1.586157e+00
      vertex   4.251569e+01 -4.569536e+01 6.564618e+00
      vertex   4.254550e+01 -4.544160e+01 6.564618e+00
    endloop
  endfacet
  facet normal -9.311900e-01 3.645341e-01 0.000000e+00
    outer loop
      vertex   4.254550e+01 -4.544160e+01 1.586157e+00
      vertex   4.254550e+01 -4.544160e+01 6.564618e+00
      vertex   4.263864e+01 -4.520367e+01 1.586157e+00
    endloop
  endfacet
  facet normal -9.311900e-01 3.645341e-01 -1.329026e-15
    outer loop
      vertex   4.263864e+01 -4.520367e+01 1.586157e+00
      vertex   4.254550e+01 -4.544160e+01 6.564618e+00
      vertex   4.263864e+01 -4.520367e+01 6.564618e+00
    endloop
  endfacet
  facet normal -9.311900e-01 3.645341e-01 0.000000e+00
    outer loop
      vertex   4.254550e+01 -4.544160e+01 1.652154e+01
      vertex   4.263864e+01 -4.520367e+01 1.652154e+01
      vertex   4.263864e+01 -4.520367e+01 1.154308e+01
    endloop
  endfacet
  facet normal -9.311900e-01 3.645341e-01 0.000000e+00
    outer loop
      vertex   4.263864e+01 -4.520367e+01 1.154308e+01
      vertex   4.263864e+01 -4.520367e+01 6.564618e+00
      vertex   4.254550e+01 -4.544160e+01 1.154308e+01
    endloop
  endfacet
  facet normal -9.311900e-01 3.645341e-01 0.000000e+00
    outer loop
      vertex   4.254550e+01 -4.544160e+01 1.154308e+01
      vertex   4.263864e+01 -4.520367e+01 6.564618e+00
      vertex   4.254550e+01 -4.544160e+01 6.564618e+00
    endloop
  endfacet
  facet normal -9.931722e-01 1.166573e-01 0.000000e+00
    outer loop
      vertex   4.254550e+01 -4.544160e+01 1.154308e+01
      vertex   4.254550e+01 -4.544160e+01 6.564618e+00
      vertex   4.251569e+01 -4.569536e+01 1.154308e+01
    endloop
  endfacet
  facet normal -9.931722e-01 1.166573e-01 0.000000e+00
    outer loop
      vertex   4.251569e+01 -4.569536e+01 1.154308e+01
      vertex   4.254550e+01 -4.544160e+01 6.564618e+00
      vertex   4.251569e+01 -4.569536e+01 6.564618e+00
    endloop
  endfacet
  facet normal -9.903155e-01 -1.388355e-01 -0.000000e+00
    outer loop
      vertex   4.251569e+01 -4.569536e+01 1.154308e+01
      vertex   4.251569e+01 -4.569536e+01 6.564618e+00
      vertex   4.255116e+01 -4.594839e+01 1.154308e+01
    endloop
  endfacet
  facet normal -9.903155e-01 -1.388355e-01 -0.000000e+00
    outer loop
      vertex   4.255116e+01 -4.594839e+01 1.154308e+01
      vertex   4.251569e+01 -4.569536e+01 6.564618e+00
      vertex   4.255116e+01 -4.594839e+01 6.564618e+00
    endloop
  endfacet
  facet normal -9.228062e-01 -3.852644e-01 -0.000000e+00
    outer loop
      vertex   4.255116e+01 -4.594839e+01 1.154308e+01
      vertex   4.255116e+01 -4.594839e+01 6.564618e+00
      vertex   4.264960e+01 -4.618418e+01 1.154308e+01
    endloop
  endfacet
  facet normal -9.228062e-01 -3.852644e-01 -0.000000e+00
    outer loop
      vertex   4.264960e+01 -4.618418e+01 1.154308e+01
      vertex   4.255116e+01 -4.594839e+01 6.564618e+00
      vertex   4.264960e+01 -4.618418e+01 6.564618e+00
    endloop
  endfacet
  facet normal -7.950519e-01 -6.065414e-01 -0.000000e+00
    outer loop
      vertex   4.264960e+01 -4.618418e+01 1.154308e+01
      vertex   4.264960e+01 -4.618418e+01 6.564618e+00
      vertex   4.280458e+01 -4.638732e+01 1.154308e+01
    endloop
  endfacet
  facet normal -7.950519e-01 -6.065414e-01 -0.000000e+00
    outer loop
      vertex   4.280458e+01 -4.638732e+01 1.154308e+01
      vertex   4.264960e+01 -4.618418e+01 6.564618e+00
      vertex   4.280458e+01 -4.638732e+01 6.564618e+00
    endloop
  endfacet
  facet normal -6.153928e-01 -7.882206e-01 -0.000000e+00
    outer loop
      vertex   4.280458e+01 -4.638732e+01 1.154308e+01
      vertex   4.280458e+01 -4.638732e+01 6.564618e+00
      vertex   4.300597e+01 -4.654456e+01 1.154308e+01
    endloop
  endfacet
  facet normal -6.153928e-01 -7.882206e-01 -0.000000e+00
    outer loop
      vertex   4.300597e+01 -4.654456e+01 1.154308e+01
      vertex   4.280458e+01 -4.638732e+01 6.564618e+00
      vertex   4.300597e+01 -4.654456e+01 6.564618e+00
    endloop
  endfacet
  facet normal -3.955579e-01 -9.184410e-01 -0.000000e+00
    outer loop
      vertex   4.300597e+01 -4.654456e+01 1.154308e+01
      vertex   4.300597e+01 -4.654456e+01 6.564618e+00
      vertex   4.324064e+01 -4.664563e+01 1.154308e+01
    endloop
  endfacet
  facet normal -3.955579e-01 -9.184410e-01 -0.000000e+00
    outer loop
      vertex   4.324064e+01 -4.664563e+01 1.154308e+01
      vertex   4.300597e+01 -4.654456e+01 6.564618e+00
      vertex   4.324064e+01 -4.664563e+01 6.564618e+00
    endloop
  endfacet
  facet normal -1.498992e-01 -9.887013e-01 -0.000000e+00
    outer loop
      vertex   4.324064e+01 -4.664563e+01 1.154308e+01
      vertex   4.324064e+01 -4.664563e+01 6.564618e+00
      vertex   4.349327e+01 -4.668393e+01 1.154308e+01
    endloop
  endfacet
  facet normal -1.498992e-01 -9.887013e-01 -0.000000e+00
    outer loop
      vertex   4.349327e+01 -4.668393e+01 1.154308e+01
      vertex   4.324064e+01 -4.664563e+01 6.564618e+00
      vertex   4.349327e+01 -4.668393e+01 6.564618e+00
    endloop
  endfacet
  facet normal -9.931722e-01 1.166573e-01 0.000000e+00
    outer loop
      vertex   4.251569e+01 -4.569536e+01 1.652154e+01
      vertex   4.254550e+01 -4.544160e+01 1.652154e+01
      vertex   4.254550e+01 -4.544160e+01 1.154308e+01
    endloop
  endfacet
  facet normal -9.311900e-01 3.645341e-01 0.000000e+00
    outer loop
      vertex   4.254550e+01 -4.544160e+01 1.154308e+01
      vertex   4.254550e+01 -4.544160e+01 1.652154e+01
      vertex   4.263864e+01 -4.520367e+01 1.154308e+01
    endloop
  endfacet
  facet normal -9.931722e-01 1.166573e-01 0.000000e+00
    outer loop
      vertex   4.251569e+01 -4.569536e+01 1.652154e+01
      vertex   4.254550e+01 -4.544160e+01 1.154308e+01
      vertex   4.251569e+01 -4.569536e+01 1.154308e+01
    endloop
  endfacet
  facet normal -9.903155e-01 -1.388355e-01 0.000000e+00
    outer loop
      vertex   4.255116e+01 -4.594839e+01 1.652154e+01
      vertex   4.251569e+01 -4.569536e+01 1.652154e+01
      vertex   4.251569e+01 -4.569536e+01 1.154308e+01
    endloop
  endfacet
  facet normal -9.903155e-01 -1.388355e-01 -0.000000e+00
    outer loop
      vertex   4.255116e+01 -4.594839e+01 1.652154e+01
      vertex   4.251569e+01 -4.569536e+01 1.154308e+01
      vertex   4.255116e+01 -4.594839e+01 1.154308e+01
    endloop
  endfacet
  facet normal -9.228062e-01 -3.852644e-01 0.000000e+00
    outer loop
      vertex   4.264960e+01 -4.618418e+01 1.652154e+01
      vertex   4.255116e+01 -4.594839e+01 1.652154e+01
      vertex   4.255116e+01 -4.594839e+01 1.154308e+01
    endloop
  endfacet
  facet normal -9.228062e-01 -3.852644e-01 -0.000000e+00
    outer loop
      vertex   4.264960e+01 -4.618418e+01 1.652154e+01
      vertex   4.255116e+01 -4.594839e+01 1.154308e+01
      vertex   4.264960e+01 -4.618418e+01 1.154308e+01
    endloop
  endfacet
  facet normal -7.950519e-01 -6.065414e-01 0.000000e+00
    outer loop
      vertex   4.280458e+01 -4.638732e+01 1.652154e+01
      vertex   4.264960e+01 -4.618418e+01 1.652154e+01
      vertex   4.264960e+01 -4.618418e+01 1.154308e+01
    endloop
  endfacet
  facet normal -7.950519e-01 -6.065414e-01 -0.000000e+00
    outer loop
      vertex   4.280458e+01 -4.638732e+01 1.652154e+01
      vertex   4.264960e+01 -4.618418e+01 1.154308e+01
      vertex   4.280458e+01 -4.638732e+01 1.154308e+01
    endloop
  endfacet
  facet normal -6.153928e-01 -7.882206e-01 0.000000e+00
    outer loop
      vertex   4.300597e+01 -4.654456e+01 1.652154e+01
      vertex   4.280458e+01 -4.638732e+01 1.652154e+01
      vertex   4.280458e+01 -4.638732e+01 1.154308e+01
    endloop
  endfacet
  facet normal -6.153928e-01 -7.882206e-01 -0.000000e+00
    outer loop
      vertex   4.300597e+01 -4.654456e+01 1.652154e+01
      vertex   4.280458e+01 -4.638732e+01 1.154308e+01
      vertex   4.300597e+01 -4.654456e+01 1.154308e+01
    endloop
  endfacet
  facet normal -3.955579e-01 -9.184410e-01 0.000000e+00
    outer loop
      vertex   4.324064e+01 -4.664563e+01 1.652154e+01
      vertex   4.300597e+01 -4.654456e+01 1.652154e+01
      vertex   4.300597e+01 -4.654456e+01 1.154308e+01
    endloop
  endfacet
  facet normal -3.955579e-01 -9.184410e-01 -0.000000e+00
    outer loop
      vertex   4.324064e+01 -4.664563e+01 1.652154e+01
      vertex   4.300597e+01 -4.654456e+01 1.154308e+01
      vertex   4.324064e+01 -4.664563e+01 1.154308e+01
    endloop
  endfacet
  facet normal -1.498992e-01 -9.887013e-01 0.000000e+00
    outer loop
      vertex   4.349327e+01 -4.668393e+01 1.652154e+01
      vertex   4.324064e+01 -4.664563e+01 1.652154e+01
      vertex   4.324064e+01 -4.664563e+01 1.154308e+01
    endloop
  endfacet
  facet normal -1.498992e-01 -9.887013e-01 -0.000000e+00
    outer loop
      vertex   4.349327e+01 -4.668393e+01 1.652154e+01
      vertex   4.324064e+01 -4.664563e+01 1.154308e+01
      vertex   4.349327e+01 -4.668393e+01 1.154308e+01
    endloop
  endfacet
  facet normal -1.055457e-01 -9.944145e-01 0.000000e+00
    outer loop
      vertex   4.050690e+01 -4.668393e+01 1.586157e+00
      vertex   4.050690e+01 -4.668393e+01 6.564618e+00
      vertex   4.025282e+01 -4.665696e+01 1.586157e+00
    endloop
  endfacet
  facet normal -1.055457e-01 -9.944145e-01 0.000000e+00
    outer loop
      vertex   4.025282e+01 -4.665696e+01 1.586157e+00
      vertex   4.050690e+01 -4.668393e+01 6.564618e+00
      vertex   4.050690e+01 -4.668393e+01 1.154308e+01
    endloop
  endfacet
  facet normal -1.055457e-01 -9.944145e-01 0.000000e+00
    outer loop
      vertex   4.025282e+01 -4.665696e+01 1.586157e+00
      vertex   4.050690e+01 -4.668393e+01 1.154308e+01
      vertex   4.025282e+01 -4.665696e+01 2.150000e+01
    endloop
  endfacet
  facet normal -1.055457e-01 -9.944145e-01 0.000000e+00
    outer loop
      vertex   4.025282e+01 -4.665696e+01 2.150000e+01
      vertex   4.050690e+01 -4.668393e+01 1.154308e+01
      vertex   4.050690e+01 -4.668393e+01 1.652154e+01
    endloop
  endfacet
  facet normal -1.055457e-01 -9.944145e-01 0.000000e+00
    outer loop
      vertex   4.025282e+01 -4.665696e+01 2.150000e+01
      vertex   4.050690e+01 -4.668393e+01 1.652154e+01
      vertex   4.050690e+01 -4.668393e+01 2.150000e+01
    endloop
  endfacet
  facet normal 1.498992e-01 -9.887013e-01 0.000000e+00
    outer loop
      vertex   4.050690e+01 -4.668393e+01 2.150000e+01
      vertex   4.050690e+01 -4.668393e+01 1.652154e+01
      vertex   4.075952e+01 -4.664563e+01 2.150000e+01
    endloop
  endfacet
  facet normal 1.498992e-01 -9.887013e-01 0.000000e+00
    outer loop
      vertex   4.075952e+01 -4.664563e+01 2.150000e+01
      vertex   4.050690e+01 -4.668393e+01 1.652154e+01
      vertex   4.075952e+01 -4.664563e+01 1.652154e+01
    endloop
  endfacet
  facet normal 3.955579e-01 -9.184410e-01 0.000000e+00
    outer loop
      vertex   4.075952e+01 -4.664563e+01 2.150000e+01
      vertex   4.075952e+01 -4.664563e+01 1.652154e+01
      vertex   4.099419e+01 -4.654456e+01 2.150000e+01
    endloop
  endfacet
  facet normal 3.955579e-01 -9.184410e-01 0.000000e+00
    outer loop
      vertex   4.099419e+01 -4.654456e+01 2.150000e+01
      vertex   4.075952e+01 -4.664563e+01 1.652154e+01
      vertex   4.099419e+01 -4.654456e+01 1.652154e+01
    endloop
  endfacet
  facet normal 6.153928e-01 -7.882206e-01 0.000000e+00
    outer loop
      vertex   4.099419e+01 -4.654456e+01 2.150000e+01
      vertex   4.099419e+01 -4.654456e+01 1.652154e+01
      vertex   4.119559e+01 -4.638732e+01 2.150000e+01
    endloop
  endfacet
  facet normal 6.153928e-01 -7.882206e-01 0.000000e+00
    outer loop
      vertex   4.119559e+01 -4.638732e+01 2.150000e+01
      vertex   4.099419e+01 -4.654456e+01 1.652154e+01
      vertex   4.119559e+01 -4.638732e+01 1.652154e+01
    endloop
  endfacet
  facet normal 7.950519e-01 -6.065414e-01 0.000000e+00
    outer loop
      vertex   4.119559e+01 -4.638732e+01 2.150000e+01
      vertex   4.119559e+01 -4.638732e+01 1.652154e+01
      vertex   4.135056e+01 -4.618418e+01 2.150000e+01
    endloop
  endfacet
  facet normal 7.950519e-01 -6.065414e-01 0.000000e+00
    outer loop
      vertex   4.135056e+01 -4.618418e+01 2.150000e+01
      vertex   4.119559e+01 -4.638732e+01 1.652154e+01
      vertex   4.135056e+01 -4.618418e+01 1.652154e+01
    endloop
  endfacet
  facet normal 9.228062e-01 -3.852644e-01 0.000000e+00
    outer loop
      vertex   4.135056e+01 -4.618418e+01 2.150000e+01
      vertex   4.135056e+01 -4.618418e+01 1.652154e+01
      vertex   4.144900e+01 -4.594839e+01 2.150000e+01
    endloop
  endfacet
  facet normal 9.228062e-01 -3.852644e-01 -2.634120e-15
    outer loop
      vertex   4.144900e+01 -4.594839e+01 2.150000e+01
      vertex   4.135056e+01 -4.618418e+01 1.652154e+01
      vertex   4.144900e+01 -4.594839e+01 1.652154e+01
    endloop
  endfacet
  facet normal 9.903155e-01 -1.388355e-01 -2.826823e-15
    outer loop
      vertex   4.144900e+01 -4.594839e+01 2.150000e+01
      vertex   4.144900e+01 -4.594839e+01 1.652154e+01
      vertex   4.148447e+01 -4.569536e+01 2.150000e+01
    endloop
  endfacet
  facet normal 9.903155e-01 -1.388355e-01 2.826823e-15
    outer loop
      vertex   4.148447e+01 -4.569536e+01 2.150000e+01
      vertex   4.144900e+01 -4.594839e+01 1.652154e+01
      vertex   4.148447e+01 -4.569536e+01 1.652154e+01
    endloop
  endfacet
  facet normal 9.931722e-01 1.166573e-01 2.834978e-15
    outer loop
      vertex   4.148447e+01 -4.569536e+01 2.150000e+01
      vertex   4.148447e+01 -4.569536e+01 1.652154e+01
      vertex   4.145467e+01 -4.544160e+01 2.150000e+01
    endloop
  endfacet
  facet normal 9.931722e-01 1.166573e-01 0.000000e+00
    outer loop
      vertex   4.145467e+01 -4.544160e+01 2.150000e+01
      vertex   4.148447e+01 -4.569536e+01 1.652154e+01
      vertex   4.145467e+01 -4.544160e+01 1.652154e+01
    endloop
  endfacet
  facet normal 9.311900e-01 3.645341e-01 0.000000e+00
    outer loop
      vertex   4.145467e+01 -4.544160e+01 2.150000e+01
      vertex   4.145467e+01 -4.544160e+01 1.652154e+01
      vertex   4.136153e+01 -4.520367e+01 2.150000e+01
    endloop
  endfacet
  facet normal 9.311900e-01 3.645341e-01 0.000000e+00
    outer loop
      vertex   4.136153e+01 -4.520367e+01 2.150000e+01
      vertex   4.145467e+01 -4.544160e+01 1.652154e+01
      vertex   4.136153e+01 -4.520367e+01 1.652154e+01
    endloop
  endfacet
  facet normal 8.084154e-01 5.886125e-01 0.000000e+00
    outer loop
      vertex   4.136153e+01 -4.520367e+01 2.150000e+01
      vertex   4.136153e+01 -4.520367e+01 1.652154e+01
      vertex   4.121113e+01 -4.499711e+01 2.150000e+01
    endloop
  endfacet
  facet normal 8.084154e-01 5.886125e-01 0.000000e+00
    outer loop
      vertex   4.121113e+01 -4.499711e+01 2.150000e+01
      vertex   4.136153e+01 -4.520367e+01 1.652154e+01
      vertex   4.136153e+01 -4.520367e+01 1.154308e+01
    endloop
  endfacet
  facet normal 8.084154e-01 5.886125e-01 0.000000e+00
    outer loop
      vertex   4.121113e+01 -4.499711e+01 2.150000e+01
      vertex   4.136153e+01 -4.520367e+01 1.154308e+01
      vertex   4.121113e+01 -4.499711e+01 1.586157e+00
    endloop
  endfacet
  facet normal 8.084154e-01 5.886125e-01 0.000000e+00
    outer loop
      vertex   4.121113e+01 -4.499711e+01 1.586157e+00
      vertex   4.136153e+01 -4.520367e+01 1.154308e+01
      vertex   4.136153e+01 -4.520367e+01 6.564618e+00
    endloop
  endfacet
  facet normal 8.084154e-01 5.886125e-01 0.000000e+00
    outer loop
      vertex   4.121113e+01 -4.499711e+01 1.586157e+00
      vertex   4.136153e+01 -4.520367e+01 6.564618e+00
      vertex   4.136153e+01 -4.520367e+01 1.586157e+00
    endloop
  endfacet
  facet normal 9.311900e-01 3.645341e-01 -0.000000e+00
    outer loop
      vertex   4.136153e+01 -4.520367e+01 1.586157e+00
      vertex   4.136153e+01 -4.520367e+01 6.564618e+00
      vertex   4.145467e+01 -4.544160e+01 1.586157e+00
    endloop
  endfacet
  facet normal 9.311900e-01 3.645341e-01 -0.000000e+00
    outer loop
      vertex   4.145467e+01 -4.544160e+01 1.586157e+00
      vertex   4.136153e+01 -4.520367e+01 6.564618e+00
      vertex   4.145467e+01 -4.544160e+01 6.564618e+00
    endloop
  endfacet
  facet normal 9.931722e-01 1.166573e-01 -0.000000e+00
    outer loop
      vertex   4.145467e+01 -4.544160e+01 1.586157e+00
      vertex   4.145467e+01 -4.544160e+01 6.564618e+00
      vertex   4.148447e+01 -4.569536e+01 1.586157e+00
    endloop
  endfacet
  facet normal 9.931722e-01 1.166573e-01 -2.834978e-15
    outer loop
      vertex   4.148447e+01 -4.569536e+01 1.586157e+00
      vertex   4.145467e+01 -4.544160e+01 6.564618e+00
      vertex   4.148447e+01 -4.569536e+01 6.564618e+00
    endloop
  endfacet
  facet normal 9.903155e-01 -1.388355e-01 -2.826823e-15
    outer loop
      vertex   4.148447e+01 -4.569536e+01 1.586157e+00
      vertex   4.148447e+01 -4.569536e+01 6.564618e+00
      vertex   4.144900e+01 -4.594839e+01 1.586157e+00
    endloop
  endfacet
  facet normal 9.903155e-01 -1.388355e-01 2.826823e-15
    outer loop
      vertex   4.144900e+01 -4.594839e+01 1.586157e+00
      vertex   4.148447e+01 -4.569536e+01 6.564618e+00
      vertex   4.144900e+01 -4.594839e+01 6.564618e+00
    endloop
  endfacet
  facet normal 9.228062e-01 -3.852644e-01 2.634120e-15
    outer loop
      vertex   4.144900e+01 -4.594839e+01 1.586157e+00
      vertex   4.144900e+01 -4.594839e+01 6.564618e+00
      vertex   4.135056e+01 -4.618418e+01 1.586157e+00
    endloop
  endfacet
  facet normal 9.228062e-01 -3.852644e-01 0.000000e+00
    outer loop
      vertex   4.135056e+01 -4.618418e+01 1.586157e+00
      vertex   4.144900e+01 -4.594839e+01 6.564618e+00
      vertex   4.135056e+01 -4.618418e+01 6.564618e+00
    endloop
  endfacet
  facet normal 7.950519e-01 -6.065414e-01 0.000000e+00
    outer loop
      vertex   4.135056e+01 -4.618418e+01 1.586157e+00
      vertex   4.135056e+01 -4.618418e+01 6.564618e+00
      vertex   4.119559e+01 -4.638732e+01 1.586157e+00
    endloop
  endfacet
  facet normal 7.950519e-01 -6.065414e-01 0.000000e+00
    outer loop
      vertex   4.119559e+01 -4.638732e+01 1.586157e+00
      vertex   4.135056e+01 -4.618418e+01 6.564618e+00
      vertex   4.119559e+01 -4.638732e+01 6.564618e+00
    endloop
  endfacet
  facet normal 6.153928e-01 -7.882206e-01 0.000000e+00
    outer loop
      vertex   4.119559e+01 -4.638732e+01 1.586157e+00
      vertex   4.119559e+01 -4.638732e+01 6.564618e+00
      vertex   4.099419e+01 -4.654456e+01 1.586157e+00
    endloop
  endfacet
  facet normal 6.153928e-01 -7.882206e-01 0.000000e+00
    outer loop
      vertex   4.099419e+01 -4.654456e+01 1.586157e+00
      vertex   4.119559e+01 -4.638732e+01 6.564618e+00
      vertex   4.099419e+01 -4.654456e+01 6.564618e+00
    endloop
  endfacet
  facet normal 3.955579e-01 -9.184410e-01 0.000000e+00
    outer loop
      vertex   4.099419e+01 -4.654456e+01 1.586157e+00
      vertex   4.099419e+01 -4.654456e+01 6.564618e+00
      vertex   4.075952e+01 -4.664563e+01 1.586157e+00
    endloop
  endfacet
  facet normal 3.955579e-01 -9.184410e-01 0.000000e+00
    outer loop
      vertex   4.075952e+01 -4.664563e+01 1.586157e+00
      vertex   4.099419e+01 -4.654456e+01 6.564618e+00
      vertex   4.075952e+01 -4.664563e+01 6.564618e+00
    endloop
  endfacet
  facet normal 1.498992e-01 -9.887013e-01 0.000000e+00
    outer loop
      vertex   4.075952e+01 -4.664563e+01 1.586157e+00
      vertex   4.075952e+01 -4.664563e+01 6.564618e+00
      vertex   4.050690e+01 -4.668393e+01 1.586157e+00
    endloop
  endfacet
  facet normal 1.498992e-01 -9.887013e-01 0.000000e+00
    outer loop
      vertex   4.050690e+01 -4.668393e+01 1.586157e+00
      vertex   4.075952e+01 -4.664563e+01 6.564618e+00
      vertex   4.050690e+01 -4.668393e+01 6.564618e+00
    endloop
  endfacet
  facet normal 1.498992e-01 -9.887013e-01 0.000000e+00
    outer loop
      vertex   4.075952e+01 -4.664563e+01 1.652154e+01
      vertex   4.050690e+01 -4.668393e+01 1.652154e+01
      vertex   4.050690e+01 -4.668393e+01 1.154308e+01
    endloop
  endfacet
  facet normal 1.498992e-01 -9.887013e-01 0.000000e+00
    outer loop
      vertex   4.050690e+01 -4.668393e+01 1.154308e+01
      vertex   4.050690e+01 -4.668393e+01 6.564618e+00
      vertex   4.075952e+01 -4.664563e+01 1.154308e+01
    endloop
  endfacet
  facet normal 1.498992e-01 -9.887013e-01 0.000000e+00
    outer loop
      vertex   4.075952e+01 -4.664563e+01 1.154308e+01
      vertex   4.050690e+01 -4.668393e+01 6.564618e+00
      vertex   4.075952e+01 -4.664563e+01 6.564618e+00
    endloop
  endfacet
  facet normal 3.955579e-01 -9.184410e-01 0.000000e+00
    outer loop
      vertex   4.075952e+01 -4.664563e+01 1.154308e+01
      vertex   4.075952e+01 -4.664563e+01 6.564618e+00
      vertex   4.099419e+01 -4.654456e+01 1.154308e+01
    endloop
  endfacet
  facet normal 3.955579e-01 -9.184410e-01 0.000000e+00
    outer loop
      vertex   4.099419e+01 -4.654456e+01 1.154308e+01
      vertex   4.075952e+01 -4.664563e+01 6.564618e+00
      vertex   4.099419e+01 -4.654456e+01 6.564618e+00
    endloop
  endfacet
  facet normal 6.153928e-01 -7.882206e-01 0.000000e+00
    outer loop
      vertex   4.099419e+01 -4.654456e+01 1.154308e+01
      vertex   4.099419e+01 -4.654456e+01 6.564618e+00
      vertex   4.119559e+01 -4.638732e+01 1.154308e+01
    endloop
  endfacet
  facet normal 6.153928e-01 -7.882206e-01 0.000000e+00
    outer loop
      vertex   4.119559e+01 -4.638732e+01 1.154308e+01
      vertex   4.099419e+01 -4.654456e+01 6.564618e+00
      vertex   4.119559e+01 -4.638732e+01 6.564618e+00
    endloop
  endfacet
  facet normal 7.950519e-01 -6.065414e-01 0.000000e+00
    outer loop
      vertex   4.119559e+01 -4.638732e+01 1.154308e+01
      vertex   4.119559e+01 -4.638732e+01 6.564618e+00
      vertex   4.135056e+01 -4.618418e+01 1.154308e+01
    endloop
  endfacet
  facet normal 7.950519e-01 -6.065414e-01 0.000000e+00
    outer loop
      vertex   4.135056e+01 -4.618418e+01 1.154308e+01
      vertex   4.119559e+01 -4.638732e+01 6.564618e+00
      vertex   4.135056e+01 -4.618418e+01 6.564618e+00
    endloop
  endfacet
  facet normal 9.228062e-01 -3.852644e-01 0.000000e+00
    outer loop
      vertex   4.135056e+01 -4.618418e+01 1.154308e+01
      vertex   4.135056e+01 -4.618418e+01 6.564618e+00
      vertex   4.144900e+01 -4.594839e+01 1.154308e+01
    endloop
  endfacet
  facet normal 9.228062e-01 -3.852644e-01 0.000000e+00
    outer loop
      vertex   4.144900e+01 -4.594839e+01 1.154308e+01
      vertex   4.135056e+01 -4.618418e+01 6.564618e+00
      vertex   4.144900e+01 -4.594839e+01 6.564618e+00
    endloop
  endfacet
  facet normal 9.903155e-01 -1.388355e-01 0.000000e+00
    outer loop
      vertex   4.144900e+01 -4.594839e+01 1.154308e+01
      vertex   4.144900e+01 -4.594839e+01 6.564618e+00
      vertex   4.148447e+01 -4.569536e+01 1.154308e+01
    endloop
  endfacet
  facet normal 9.903155e-01 -1.388355e-01 0.000000e+00
    outer loop
      vertex   4.148447e+01 -4.569536e+01 1.154308e+01
      vertex   4.144900e+01 -4.594839e+01 6.564618e+00
      vertex   4.148447e+01 -4.569536e+01 6.564618e+00
    endloop
  endfacet
  facet normal 9.931722e-01 1.166573e-01 0.000000e+00
    outer loop
      vertex   4.148447e+01 -4.569536e+01 1.154308e+01
      vertex   4.148447e+01 -4.569536e+01 6.564618e+00
      vertex   4.145467e+01 -4.544160e+01 1.154308e+01
    endloop
  endfacet
  facet normal 9.931722e-01 1.166573e-01 0.000000e+00
    outer loop
      vertex   4.145467e+01 -4.544160e+01 1.154308e+01
      vertex   4.148447e+01 -4.569536e+01 6.564618e+00
      vertex   4.145467e+01 -4.544160e+01 6.564618e+00
    endloop
  endfacet
  facet normal 9.311900e-01 3.645341e-01 0.000000e+00
    outer loop
      vertex   4.145467e+01 -4.544160e+01 1.154308e+01
      vertex   4.145467e+01 -4.544160e+01 6.564618e+00
      vertex   4.136153e+01 -4.520367e+01 1.154308e+01
    endloop
  endfacet
  facet normal 9.311900e-01 3.645341e-01 0.000000e+00
    outer loop
      vertex   4.136153e+01 -4.520367e+01 1.154308e+01
      vertex   4.145467e+01 -4.544160e+01 6.564618e+00
      vertex   4.136153e+01 -4.520367e+01 6.564618e+00
    endloop
  endfacet
  facet normal 3.955579e-01 -9.184410e-01 0.000000e+00
    outer loop
      vertex   4.099419e+01 -4.654456e+01 1.652154e+01
      vertex   4.075952e+01 -4.664563e+01 1.652154e+01
      vertex   4.075952e+01 -4.664563e+01 1.154308e+01
    endloop
  endfacet
  facet normal 1.498992e-01 -9.887013e-01 0.000000e+00
    outer loop
      vertex   4.075952e+01 -4.664563e+01 1.154308e+01
      vertex   4.075952e+01 -4.664563e+01 1.652154e+01
      vertex   4.050690e+01 -4.668393e+01 1.154308e+01
    endloop
  endfacet
  facet normal 3.955579e-01 -9.184410e-01 0.000000e+00
    outer loop
      vertex   4.099419e+01 -4.654456e+01 1.652154e+01
      vertex   4.075952e+01 -4.664563e+01 1.154308e+01
      vertex   4.099419e+01 -4.654456e+01 1.154308e+01
    endloop
  endfacet
  facet normal 6.153928e-01 -7.882206e-01 0.000000e+00
    outer loop
      vertex   4.119559e+01 -4.638732e+01 1.652154e+01
      vertex   4.099419e+01 -4.654456e+01 1.652154e+01
      vertex   4.099419e+01 -4.654456e+01 1.154308e+01
    endloop
  endfacet
  facet normal 6.153928e-01 -7.882206e-01 0.000000e+00
    outer loop
      vertex   4.119559e+01 -4.638732e+01 1.652154e+01
      vertex   4.099419e+01 -4.654456e+01 1.154308e+01
      vertex   4.119559e+01 -4.638732e+01 1.154308e+01
    endloop
  endfacet
  facet normal 7.950519e-01 -6.065414e-01 0.000000e+00
    outer loop
      vertex   4.135056e+01 -4.618418e+01 1.652154e+01
      vertex   4.119559e+01 -4.638732e+01 1.652154e+01
      vertex   4.119559e+01 -4.638732e+01 1.154308e+01
    endloop
  endfacet
  facet normal 7.950519e-01 -6.065414e-01 0.000000e+00
    outer loop
      vertex   4.135056e+01 -4.618418e+01 1.652154e+01
      vertex   4.119559e+01 -4.638732e+01 1.154308e+01
      vertex   4.135056e+01 -4.618418e+01 1.154308e+01
    endloop
  endfacet
  facet normal 9.228062e-01 -3.852644e-01 0.000000e+00
    outer loop
      vertex   4.144900e+01 -4.594839e+01 1.652154e+01
      vertex   4.135056e+01 -4.618418e+01 1.652154e+01
      vertex   4.135056e+01 -4.618418e+01 1.154308e+01
    endloop
  endfacet
  facet normal 9.228062e-01 -3.852644e-01 0.000000e+00
    outer loop
      vertex   4.144900e+01 -4.594839e+01 1.652154e+01
      vertex   4.135056e+01 -4.618418e+01 1.154308e+01
      vertex   4.144900e+01 -4.594839e+01 1.154308e+01
    endloop
  endfacet
  facet normal 9.903155e-01 -1.388355e-01 0.000000e+00
    outer loop
      vertex   4.148447e+01 -4.569536e+01 1.652154e+01
      vertex   4.144900e+01 -4.594839e+01 1.652154e+01
      vertex   4.144900e+01 -4.594839e+01 1.154308e+01
    endloop
  endfacet
  facet normal 9.903155e-01 -1.388355e-01 0.000000e+00
    outer loop
      vertex   4.148447e+01 -4.569536e+01 1.652154e+01
      vertex   4.144900e+01 -4.594839e+01 1.154308e+01
      vertex   4.148447e+01 -4.569536e+01 1.154308e+01
    endloop
  endfacet
  facet normal 9.931722e-01 1.166573e-01 0.000000e+00
    outer loop
      vertex   4.145467e+01 -4.544160e+01 1.652154e+01
      vertex   4.148447e+01 -4.569536e+01 1.652154e+01
      vertex   4.148447e+01 -4.569536e+01 1.154308e+01
    endloop
  endfacet
  facet normal 9.931722e-01 1.166573e-01 0.000000e+00
    outer loop
      vertex   4.145467e+01 -4.544160e+01 1.652154e+01
      vertex   4.148447e+01 -4.569536e+01 1.154308e+01
      vertex   4.145467e+01 -4.544160e+01 1.154308e+01
    endloop
  endfacet
  facet normal 9.311900e-01 3.645341e-01 0.000000e+00
    outer loop
      vertex   4.136153e+01 -4.520367e+01 1.652154e+01
      vertex   4.145467e+01 -4.544160e+01 1.652154e+01
      vertex   4.145467e+01 -4.544160e+01 1.154308e+01
    endloop
  endfacet
  facet normal 9.311900e-01 3.645341e-01 0.000000e+00
    outer loop
      vertex   4.136153e+01 -4.520367e+01 1.652154e+01
      vertex   4.145467e+01 -4.544160e+01 1.154308e+01
      vertex   4.136153e+01 -4.520367e+01 1.154308e+01
    endloop
  endfacet
  facet normal 3.436216e-01 -9.391082e-01 0.000000e+00
    outer loop
      vertex   4.159457e+01 -4.485681e+01 1.586157e+00
      vertex   4.159457e+01 -4.485681e+01 8.224105e+00
      vertex   4.121113e+01 -4.499711e+01 1.586157e+00
    endloop
  endfacet
  facet normal 3.436216e-01 -9.391082e-01 0.000000e+00
    outer loop
      vertex   4.121113e+01 -4.499711e+01 1.586157e+00
      vertex   4.159457e+01 -4.485681e+01 8.224105e+00
      vertex   4.159457e+01 -4.485681e+01 1.486205e+01
    endloop
  endfacet
  facet normal 3.436216e-01 -9.391082e-01 0.000000e+00
    outer loop
      vertex   4.121113e+01 -4.499711e+01 1.586157e+00
      vertex   4.159457e+01 -4.485681e+01 1.486205e+01
      vertex   4.121113e+01 -4.499711e+01 2.150000e+01
    endloop
  endfacet
  facet normal 3.436216e-01 -9.391082e-01 0.000000e+00
    outer loop
      vertex   4.121113e+01 -4.499711e+01 2.150000e+01
      vertex   4.159457e+01 -4.485681e+01 1.486205e+01
      vertex   4.159457e+01 -4.485681e+01 2.150000e+01
    endloop
  endfacet
  facet normal 1.166573e-01 -9.931722e-01 0.000000e+00
    outer loop
      vertex   4.159457e+01 -4.485681e+01 2.150000e+01
      vertex   4.159457e+01 -4.485681e+01 1.486205e+01
      vertex   4.200008e+01 -4.480918e+01 2.150000e+01
    endloop
  endfacet
  facet normal 1.166573e-01 -9.931722e-01 0.000000e+00
    outer loop
      vertex   4.200008e+01 -4.480918e+01 2.150000e+01
      vertex   4.159457e+01 -4.485681e+01 1.486205e+01
      vertex   4.200008e+01 -4.480918e+01 1.486205e+01
    endloop
  endfacet
  facet normal -1.166573e-01 -9.931722e-01 -0.000000e+00
    outer loop
      vertex   4.200008e+01 -4.480918e+01 2.150000e+01
      vertex   4.200008e+01 -4.480918e+01 1.486205e+01
      vertex   4.240559e+01 -4.485681e+01 2.150000e+01
    endloop
  endfacet
  facet normal -1.166573e-01 -9.931722e-01 -0.000000e+00
    outer loop
      vertex   4.240559e+01 -4.485681e+01 2.150000e+01
      vertex   4.200008e+01 -4.480918e+01 1.486205e+01
      vertex   4.240559e+01 -4.485681e+01 1.486205e+01
    endloop
  endfacet
  facet normal -3.436216e-01 -9.391082e-01 -0.000000e+00
    outer loop
      vertex   4.240559e+01 -4.485681e+01 2.150000e+01
      vertex   4.240559e+01 -4.485681e+01 1.486205e+01
      vertex   4.278903e+01 -4.499711e+01 2.150000e+01
    endloop
  endfacet
  facet normal -3.436216e-01 -9.391082e-01 0.000000e+00
    outer loop
      vertex   4.278903e+01 -4.499711e+01 2.150000e+01
      vertex   4.240559e+01 -4.485681e+01 1.486205e+01
      vertex   4.240559e+01 -4.485681e+01 8.224105e+00
    endloop
  endfacet
  facet normal -3.436216e-01 -9.391082e-01 -0.000000e+00
    outer loop
      vertex   4.278903e+01 -4.499711e+01 2.150000e+01
      vertex   4.240559e+01 -4.485681e+01 8.224105e+00
      vertex   4.278903e+01 -4.499711e+01 1.586157e+00
    endloop
  endfacet
  facet normal -3.436216e-01 -9.391082e-01 0.000000e+00
    outer loop
      vertex   4.278903e+01 -4.499711e+01 1.586157e+00
      vertex   4.240559e+01 -4.485681e+01 8.224105e+00
      vertex   4.240559e+01 -4.485681e+01 1.586157e+00
    endloop
  endfacet
  facet normal -1.166573e-01 -9.931722e-01 0.000000e+00
    outer loop
      vertex   4.240559e+01 -4.485681e+01 1.586157e+00
      vertex   4.240559e+01 -4.485681e+01 8.224105e+00
      vertex   4.200008e+01 -4.480918e+01 1.586157e+00
    endloop
  endfacet
  facet normal -1.166573e-01 -9.931722e-01 0.000000e+00
    outer loop
      vertex   4.200008e+01 -4.480918e+01 1.586157e+00
      vertex   4.240559e+01 -4.485681e+01 8.224105e+00
      vertex   4.200008e+01 -4.480918e+01 8.224105e+00
    endloop
  endfacet
  facet normal 1.166573e-01 -9.931722e-01 0.000000e+00
    outer loop
      vertex   4.200008e+01 -4.480918e+01 1.586157e+00
      vertex   4.200008e+01 -4.480918e+01 8.224105e+00
      vertex   4.159457e+01 -4.485681e+01 1.586157e+00
    endloop
  endfacet
  facet normal 1.166573e-01 -9.931722e-01 0.000000e+00
    outer loop
      vertex   4.159457e+01 -4.485681e+01 1.586157e+00
      vertex   4.200008e+01 -4.480918e+01 8.224105e+00
      vertex   4.159457e+01 -4.485681e+01 8.224105e+00
    endloop
  endfacet
  facet normal 1.166573e-01 -9.931722e-01 0.000000e+00
    outer loop
      vertex   4.200008e+01 -4.480918e+01 1.486205e+01
      vertex   4.159457e+01 -4.485681e+01 1.486205e+01
      vertex   4.159457e+01 -4.485681e+01 8.224105e+00
    endloop
  endfacet
  facet normal 1.166573e-01 -9.931722e-01 0.000000e+00
    outer loop
      vertex   4.200008e+01 -4.480918e+01 1.486205e+01
      vertex   4.159457e+01 -4.485681e+01 8.224105e+00
      vertex   4.200008e+01 -4.480918e+01 8.224105e+00
    endloop
  endfacet
  facet normal -1.166573e-01 -9.931722e-01 0.000000e+00
    outer loop
      vertex   4.240559e+01 -4.485681e+01 1.486205e+01
      vertex   4.200008e+01 -4.480918e+01 1.486205e+01
      vertex   4.200008e+01 -4.480918e+01 8.224105e+00
    endloop
  endfacet
  facet normal -1.166573e-01 -9.931722e-01 -0.000000e+00
    outer loop
      vertex   4.240559e+01 -4.485681e+01 1.486205e+01
      vertex   4.200008e+01 -4.480918e+01 8.224105e+00
      vertex   4.240559e+01 -4.485681e+01 8.224105e+00
    endloop
  endfacet
  facet normal 0.000000e+00 0.000000e+00 -1.000000e+00
    outer loop
      vertex   4.121113e+01 -4.499711e+01 2.150000e+01
      vertex   4.159457e+01 -4.485681e+01 2.150000e+01
      vertex   4.136153e+01 -4.520367e+01 2.150000e+01
    endloop
  endfacet
  facet normal 0.000000e+00 0.000000e+00 -1.000000e+00
    outer loop
      vertex   4.136153e+01 -4.520367e+01 2.150000e+01
      vertex   4.159457e+01 -4.485681e+01 2.150000e+01
      vertex   4.200008e+01 -4.480918e+01 2.150000e+01
    endloop
  endfacet
  facet normal 0.000000e+00 0.000000e+00 -1.000000e+00
    outer loop
      vertex   4.136153e+01 -4.520367e+01 2.150000e+01
      vertex   4.200008e+01 -4.480918e+01 2.150000e+01
      vertex   4.145467e+01 -4.544160e+01 2.150000e+01
    endloop
  endfacet
  facet normal 0.000000e+00 0.000000e+00 -1.000000e+00
    outer loop
      vertex   4.145467e+01 -4.544160e+01 2.150000e+01
      vertex   4.200008e+01 -4.480918e+01 2.150000e+01
      vertex   4.254550e+01 -4.544160e+01 2.150000e+01
    endloop
  endfacet
  facet normal 0.000000e+00 0.000000e+00 -1.000000e+00
    outer loop
      vertex   4.145467e+01 -4.544160e+01 2.150000e+01
      vertex   4.254550e+01 -4.544160e+01 2.150000e+01
      vertex   4.148447e+01 -4.569536e+01 2.150000e+01
    endloop
  endfacet
  facet normal 0.000000e+00 0.000000e+00 -1.000000e+00
    outer loop
      vertex   4.148447e+01 -4.569536e+01 2.150000e+01
      vertex   4.254550e+01 -4.544160e+01 2.150000e+01
      vertex   4.251569e+01 -4.569536e+01 2.150000e+01
    endloop
  endfacet
  facet normal 0.000000e+00 -0.000000e+00 -1.000000e+00
    outer loop
      vertex   4.148447e+01 -4.569536e+01 2.150000e+01
      vertex   4.251569e+01 -4.569536e+01 2.150000e+01
      vertex   4.144900e+01 -4.594839e+01 2.150000e+01
    endloop
  endfacet
  facet normal 0.000000e+00 0.000000e+00 -1.000000e+00
    outer loop
      vertex   4.144900e+01 -4.594839e+01 2.150000e+01
      vertex   4.251569e+01 -4.569536e+01 2.150000e+01
      vertex   4.255116e+01 -4.594839e+01 2.150000e+01
    endloop
  endfacet
  facet normal 0.000000e+00 -0.000000e+00 -1.000000e+00
    outer loop
      vertex   4.144900e+01 -4.594839e+01 2.150000e+01
      vertex   4.255116e+01 -4.594839e+01 2.150000e+01
      vertex   4.135056e+01 -4.618418e+01 2.150000e+01
    endloop
  endfacet
  facet normal 0.000000e+00 0.000000e+00 -1.000000e+00
    outer loop
      vertex   4.135056e+01 -4.618418e+01 2.150000e+01
      vertex   4.255116e+01 -4.594839e+01 2.150000e+01
      vertex   4.264960e+01 -4.618418e+01 2.150000e+01
    endloop
  endfacet
  facet normal 0.000000e+00 0.000000e+00 -1.000000e+00
    outer loop
      vertex   4.135056e+01 -4.618418e+01 2.150000e+01
      vertex   4.264960e+01 -4.618418e+01 2.150000e+01
      vertex   4.200008e+01 -4.730918e+01 2.150000e+01
    endloop
  endfacet
  facet normal 0.000000e+00 0.000000e+00 -1.000000e+00
    outer loop
      vertex   4.200008e+01 -4.730918e+01 2.150000e+01
      vertex   4.264960e+01 -4.618418e+01 2.150000e+01
      vertex   4.280458e+01 -4.638732e+01 2.150000e+01
    endloop
  endfacet
  facet normal 0.000000e+00 0.000000e+00 -1.000000e+00
    outer loop
      vertex   4.200008e+01 -4.730918e+01 2.150000e+01
      vertex   4.280458e+01 -4.638732e+01 2.150000e+01
      vertex   4.225350e+01 -4.734182e+01 2.150000e+01
    endloop
  endfacet
  facet normal 0.000000e+00 0.000000e+00 -1.000000e+00
    outer loop
      vertex   4.225350e+01 -4.734182e+01 2.150000e+01
      vertex   4.280458e+01 -4.638732e+01 2.150000e+01
      vertex   4.300597e+01 -4.654456e+01 2.150000e+01
    endloop
  endfacet
  facet normal 0.000000e+00 0.000000e+00 -1.000000e+00
    outer loop
      vertex   4.225350e+01 -4.734182e+01 2.150000e+01
      vertex   4.300597e+01 -4.654456e+01 2.150000e+01
      vertex   4.249037e+01 -4.743762e+01 2.150000e+01
    endloop
  endfacet
  facet normal 0.000000e+00 0.000000e+00 -1.000000e+00
    outer loop
      vertex   4.249037e+01 -4.743762e+01 2.150000e+01
      vertex   4.300597e+01 -4.654456e+01 2.150000e+01
      vertex   4.324064e+01 -4.664563e+01 2.150000e+01
    endloop
  endfacet
  facet normal 0.000000e+00 0.000000e+00 -1.000000e+00
    outer loop
      vertex   4.249037e+01 -4.743762e+01 2.150000e+01
      vertex   4.324064e+01 -4.664563e+01 2.150000e+01
      vertex   4.269523e+01 -4.759031e+01 2.150000e+01
    endloop
  endfacet
  facet normal 0.000000e+00 0.000000e+00 -1.000000e+00
    outer loop
      vertex   4.269523e+01 -4.759031e+01 2.150000e+01
      vertex   4.324064e+01 -4.664563e+01 2.150000e+01
      vertex   4.351563e+01 -4.743418e+01 2.150000e+01
    endloop
  endfacet
  facet normal 0.000000e+00 0.000000e+00 -1.000000e+00
    outer loop
      vertex   4.269523e+01 -4.759031e+01 2.150000e+01
      vertex   4.351563e+01 -4.743418e+01 2.150000e+01
      vertex   4.327162e+01 -4.776155e+01 2.150000e+01
    endloop
  endfacet
  facet normal 0.000000e+00 0.000000e+00 -1.000000e+00
    outer loop
      vertex   4.254550e+01 -4.544160e+01 2.150000e+01
      vertex   4.200008e+01 -4.480918e+01 2.150000e+01
      vertex   4.263864e+01 -4.520367e+01 2.150000e+01
    endloop
  endfacet
  facet normal 0.000000e+00 0.000000e+00 -1.000000e+00
    outer loop
      vertex   4.263864e+01 -4.520367e+01 2.150000e+01
      vertex   4.200008e+01 -4.480918e+01 2.150000e+01
      vertex   4.240559e+01 -4.485681e+01 2.150000e+01
    endloop
  endfacet
  facet normal 0.000000e+00 0.000000e+00 -1.000000e+00
    outer loop
      vertex   4.263864e+01 -4.520367e+01 2.150000e+01
      vertex   4.240559e+01 -4.485681e+01 2.150000e+01
      vertex   4.278903e+01 -4.499711e+01 2.150000e+01
    endloop
  endfacet
  facet normal 0.000000e+00 0.000000e+00 -1.000000e+00
    outer loop
      vertex   4.351563e+01 -4.743418e+01 2.150000e+01
      vertex   4.324064e+01 -4.664563e+01 2.150000e+01
      vertex   4.367713e+01 -4.705918e+01 2.150000e+01
    endloop
  endfacet
  facet normal 0.000000e+00 0.000000e+00 -1.000000e+00
    outer loop
      vertex   4.367713e+01 -4.705918e+01 2.150000e+01
      vertex   4.324064e+01 -4.664563e+01 2.150000e+01
      vertex   4.349327e+01 -4.668393e+01 2.150000e+01
    endloop
  endfacet
  facet normal 0.000000e+00 0.000000e+00 -1.000000e+00
    outer loop
      vertex   4.367713e+01 -4.705918e+01 2.150000e+01
      vertex   4.349327e+01 -4.668393e+01 2.150000e+01
      vertex   4.374735e+01 -4.665696e+01 2.150000e+01
    endloop
  endfacet
  facet normal 0.000000e+00 0.000000e+00 -1.000000e+00
    outer loop
      vertex   4.295840e+01 -4.802347e+01 2.150000e+01
      vertex   4.285471e+01 -4.778994e+01 2.150000e+01
      vertex   4.327162e+01 -4.776155e+01 2.150000e+01
    endloop
  endfacet
  facet normal -0.000000e+00 0.000000e+00 -1.000000e+00
    outer loop
      vertex   4.327162e+01 -4.776155e+01 2.150000e+01
      vertex   4.285471e+01 -4.778994e+01 2.150000e+01
      vertex   4.269523e+01 -4.759031e+01 2.150000e+01
    endloop
  endfacet
  facet normal 0.000000e+00 -0.000000e+00 -1.000000e+00
    outer loop
      vertex   4.135056e+01 -4.618418e+01 2.150000e+01
      vertex   4.200008e+01 -4.730918e+01 2.150000e+01
      vertex   4.119559e+01 -4.638732e+01 2.150000e+01
    endloop
  endfacet
  facet normal 0.000000e+00 0.000000e+00 -1.000000e+00
    outer loop
      vertex   4.119559e+01 -4.638732e+01 2.150000e+01
      vertex   4.200008e+01 -4.730918e+01 2.150000e+01
      vertex   4.174667e+01 -4.734182e+01 2.150000e+01
    endloop
  endfacet
  facet normal 0.000000e+00 -0.000000e+00 -1.000000e+00
    outer loop
      vertex   4.119559e+01 -4.638732e+01 2.150000e+01
      vertex   4.174667e+01 -4.734182e+01 2.150000e+01
      vertex   4.099419e+01 -4.654456e+01 2.150000e+01
    endloop
  endfacet
  facet normal 0.000000e+00 0.000000e+00 -1.000000e+00
    outer loop
      vertex   4.099419e+01 -4.654456e+01 2.150000e+01
      vertex   4.174667e+01 -4.734182e+01 2.150000e+01
      vertex   4.150980e+01 -4.743762e+01 2.150000e+01
    endloop
  endfacet
  facet normal 0.000000e+00 -0.000000e+00 -1.000000e+00
    outer loop
      vertex   4.099419e+01 -4.654456e+01 2.150000e+01
      vertex   4.150980e+01 -4.743762e+01 2.150000e+01
      vertex   4.075952e+01 -4.664563e+01 2.150000e+01
    endloop
  endfacet
  facet normal 0.000000e+00 0.000000e+00 -1.000000e+00
    outer loop
      vertex   4.075952e+01 -4.664563e+01 2.150000e+01
      vertex   4.150980e+01 -4.743762e+01 2.150000e+01
      vertex   4.130493e+01 -4.759031e+01 2.150000e+01
    endloop
  endfacet
  facet normal 0.000000e+00 -0.000000e+00 -1.000000e+00
    outer loop
      vertex   4.075952e+01 -4.664563e+01 2.150000e+01
      vertex   4.130493e+01 -4.759031e+01 2.150000e+01
      vertex   4.048454e+01 -4.743418e+01 2.150000e+01
    endloop
  endfacet
  facet normal 0.000000e+00 0.000000e+00 -1.000000e+00
    outer loop
      vertex   4.048454e+01 -4.743418e+01 2.150000e+01
      vertex   4.130493e+01 -4.759031e+01 2.150000e+01
      vertex   4.072854e+01 -4.776155e+01 2.150000e+01
    endloop
  endfacet
  facet normal 0.000000e+00 0.000000e+00 -1.000000e+00
    outer loop
      vertex   4.072854e+01 -4.776155e+01 2.150000e+01
      vertex   4.130493e+01 -4.759031e+01 2.150000e+01
      vertex   4.114545e+01 -4.778994e+01 2.150000e+01
    endloop
  endfacet
  facet normal 0.000000e+00 0.000000e+00 -1.000000e+00
    outer loop
      vertex   4.072854e+01 -4.776155e+01 2.150000e+01
      vertex   4.114545e+01 -4.778994e+01 2.150000e+01
      vertex   4.104177e+01 -4.802347e+01 2.150000e+01
    endloop
  endfacet
  facet normal 0.000000e+00 0.000000e+00 -1.000000e+00
    outer loop
      vertex   4.048454e+01 -4.743418e+01 2.150000e+01
      vertex   4.032303e+01 -4.705918e+01 2.150000e+01
      vertex   4.075952e+01 -4.664563e+01 2.150000e+01
    endloop
  endfacet
  facet normal 0.000000e+00 0.000000e+00 -1.000000e+00
    outer loop
      vertex   4.075952e+01 -4.664563e+01 2.150000e+01
      vertex   4.032303e+01 -4.705918e+01 2.150000e+01
      vertex   4.050690e+01 -4.668393e+01 2.150000e+01
    endloop
  endfacet
  facet normal -0.000000e+00 0.000000e+00 -1.000000e+00
    outer loop
      vertex   4.050690e+01 -4.668393e+01 2.150000e+01
      vertex   4.032303e+01 -4.705918e+01 2.150000e+01
      vertex   4.025282e+01 -4.665696e+01 2.150000e+01
    endloop
  endfacet
  facet normal 6.414808e-01 7.671391e-01 -0.000000e+00
    outer loop
      vertex   -4.327162e+01 -4.776155e+01 1.586157e+00
      vertex   -4.327162e+01 -4.776155e+01 8.224105e+00
      vertex   -4.295840e+01 -4.802347e+01 1.586157e+00
    endloop
  endfacet
  facet normal 6.414808e-01 7.671391e-01 0.000000e+00
    outer loop
      vertex   -4.295840e+01 -4.802347e+01 1.586157e+00
      vertex   -4.327162e+01 -4.776155e+01 8.224105e+00
      vertex   -4.327162e+01 -4.776155e+01 1.486205e+01
    endloop
  endfacet
  facet normal 6.414808e-01 7.671391e-01 -0.000000e+00
    outer loop
      vertex   -4.295840e+01 -4.802347e+01 1.586157e+00
      vertex   -4.327162e+01 -4.776155e+01 1.486205e+01
      vertex   -4.295840e+01 -4.802347e+01 2.150000e+01
    endloop
  endfacet
  facet normal 6.414808e-01 7.671391e-01 0.000000e+00
    outer loop
      vertex   -4.295840e+01 -4.802347e+01 2.150000e+01
      vertex   -4.327162e+01 -4.776155e+01 1.486205e+01
      vertex   -4.327162e+01 -4.776155e+01 2.150000e+01
    endloop
  endfacet
  facet normal 8.017837e-01 5.976143e-01 0.000000e+00
    outer loop
      vertex   -4.327162e+01 -4.776155e+01 2.150000e+01
      vertex   -4.327162e+01 -4.776155e+01 1.486205e+01
      vertex   -4.351563e+01 -4.743418e+01 2.150000e+01
    endloop
  endfacet
  facet normal 8.017837e-01 5.976143e-01 0.000000e+00
    outer loop
      vertex   -4.351563e+01 -4.743418e+01 2.150000e+01
      vertex   -4.327162e+01 -4.776155e+01 1.486205e+01
      vertex   -4.351563e+01 -4.743418e+01 1.486205e+01
    endloop
  endfacet
  facet normal 9.184410e-01 3.955579e-01 0.000000e+00
    outer loop
      vertex   -4.351563e+01 -4.743418e+01 2.150000e+01
      vertex   -4.351563e+01 -4.743418e+01 1.486205e+01
      vertex   -4.367713e+01 -4.705918e+01 2.150000e+01
    endloop
  endfacet
  facet normal 9.184410e-01 3.955579e-01 0.000000e+00
    outer loop
      vertex   -4.367713e+01 -4.705918e+01 2.150000e+01
      vertex   -4.351563e+01 -4.743418e+01 1.486205e+01
      vertex   -4.367713e+01 -4.705918e+01 1.486205e+01
    endloop
  endfacet
  facet normal 9.851024e-01 1.719691e-01 0.000000e+00
    outer loop
      vertex   -4.367713e+01 -4.705918e+01 2.150000e+01
      vertex   -4.367713e+01 -4.705918e+01 1.486205e+01
      vertex   -4.374735e+01 -4.665696e+01 2.150000e+01
    endloop
  endfacet
  facet normal 9.851024e-01 1.719691e-01 0.000000e+00
    outer loop
      vertex   -4.374735e+01 -4.665696e+01 2.150000e+01
      vertex   -4.367713e+01 -4.705918e+01 1.486205e+01
      vertex   -4.367713e+01 -4.705918e+01 8.224105e+00
    endloop
  endfacet
  facet normal 9.851024e-01 1.719691e-01 0.000000e+00
    outer loop
      vertex   -4.374735e+01 -4.665696e+01 2.150000e+01
      vertex   -4.367713e+01 -4.705918e+01 8.224105e+00
      vertex   -4.374735e+01 -4.665696e+01 1.586157e+00
    endloop
  endfacet
  facet normal 9.851024e-01 1.719691e-01 0.000000e+00
    outer loop
      vertex   -4.374735e+01 -4.665696e+01 1.586157e+00
      vertex   -4.367713e+01 -4.705918e+01 8.224105e+00
      vertex   -4.367713e+01 -4.705918e+01 1.586157e+00
    endloop
  endfacet
  facet normal 9.184410e-01 3.955579e-01 -0.000000e+00
    outer loop
      vertex   -4.367713e+01 -4.705918e+01 1.586157e+00
      vertex   -4.367713e+01 -4.705918e+01 8.224105e+00
      vertex   -4.351563e+01 -4.743418e+01 1.586157e+00
    endloop
  endfacet
  facet normal 9.184410e-01 3.955579e-01 -0.000000e+00
    outer loop
      vertex   -4.351563e+01 -4.743418e+01 1.586157e+00
      vertex   -4.367713e+01 -4.705918e+01 8.224105e+00
      vertex   -4.351563e+01 -4.743418e+01 8.224105e+00
    endloop
  endfacet
  facet normal 8.017837e-01 5.976143e-01 -0.000000e+00
    outer loop
      vertex   -4.351563e+01 -4.743418e+01 1.586157e+00
      vertex   -4.351563e+01 -4.743418e+01 8.224105e+00
      vertex   -4.327162e+01 -4.776155e+01 1.586157e+00
    endloop
  endfacet
  facet normal 8.017837e-01 5.976143e-01 -0.000000e+00
    outer loop
      vertex   -4.327162e+01 -4.776155e+01 1.586157e+00
      vertex   -4.351563e+01 -4.743418e+01 8.224105e+00
      vertex   -4.327162e+01 -4.776155e+01 8.224105e+00
    endloop
  endfacet
  facet normal 8.017837e-01 5.976143e-01 0.000000e+00
    outer loop
      vertex   -4.351563e+01 -4.743418e+01 1.486205e+01
      vertex   -4.327162e+01 -4.776155e+01 1.486205e+01
      vertex   -4.327162e+01 -4.776155e+01 8.224105e+00
    endloop
  endfacet
  facet normal 8.017837e-01 5.976143e-01 0.000000e+00
    outer loop
      vertex   -4.351563e+01 -4.743418e+01 1.486205e+01
      vertex   -4.327162e+01 -4.776155e+01 8.224105e+00
      vertex   -4.351563e+01 -4.743418e+01 8.224105e+00
    endloop
  endfacet
  facet normal 9.184410e-01 3.955579e-01 0.000000e+00
    outer loop
      vertex   -4.367713e+01 -4.705918e+01 1.486205e+01
      vertex   -4.351563e+01 -4.743418e+01 1.486205e+01
      vertex   -4.351563e+01 -4.743418e+01 8.224105e+00
    endloop
  endfacet
  facet normal 9.184410e-01 3.955579e-01 0.000000e+00
    outer loop
      vertex   -4.367713e+01 -4.705918e+01 1.486205e+01
      vertex   -4.351563e+01 -4.743418e+01 8.224105e+00
      vertex   -4.367713e+01 -4.705918e+01 8.224105e+00
    endloop
  endfacet
  facet normal 9.139610e-01 4.058020e-01 -0.000000e+00
    outer loop
      vertex   -4.114545e+01 -4.778994e+01 1.586157e+00
      vertex   -4.114545e+01 -4.778994e+01 6.564618e+00
      vertex   -4.104177e+01 -4.802347e+01 1.586157e+00
    endloop
  endfacet
  facet normal 9.139610e-01 4.058020e-01 0.000000e+00
    outer loop
      vertex   -4.104177e+01 -4.802347e+01 1.586157e+00
      vertex   -4.114545e+01 -4.778994e+01 6.564618e+00
      vertex   -4.114545e+01 -4.778994e+01 1.154308e+01
    endloop
  endfacet
  facet normal 9.139610e-01 4.058020e-01 -0.000000e+00
    outer loop
      vertex   -4.104177e+01 -4.802347e+01 1.586157e+00
      vertex   -4.114545e+01 -4.778994e+01 1.154308e+01
      vertex   -4.104177e+01 -4.802347e+01 2.150000e+01
    endloop
  endfacet
  facet normal 9.139610e-01 4.058020e-01 0.000000e+00
    outer loop
      vertex   -4.104177e+01 -4.802347e+01 2.150000e+01
      vertex   -4.114545e+01 -4.778994e+01 1.154308e+01
      vertex   -4.114545e+01 -4.778994e+01 1.652154e+01
    endloop
  endfacet
  facet normal 9.139610e-01 4.058020e-01 0.000000e+00
    outer loop
      vertex   -4.104177e+01 -4.802347e+01 2.150000e+01
      vertex   -4.114545e+01 -4.778994e+01 1.652154e+01
      vertex   -4.114545e+01 -4.778994e+01 2.150000e+01
    endloop
  endfacet
  facet normal 7.812908e-01 6.241672e-01 0.000000e+00
    outer loop
      vertex   -4.114545e+01 -4.778994e+01 2.150000e+01
      vertex   -4.114545e+01 -4.778994e+01 1.652154e+01
      vertex   -4.130494e+01 -4.759032e+01 2.150000e+01
    endloop
  endfacet
  facet normal 7.812908e-01 6.241672e-01 0.000000e+00
    outer loop
      vertex   -4.130494e+01 -4.759032e+01 2.150000e+01
      vertex   -4.114545e+01 -4.778994e+01 1.652154e+01
      vertex   -4.130494e+01 -4.759032e+01 1.652154e+01
    endloop
  endfacet
  facet normal 5.976143e-01 8.017837e-01 0.000000e+00
    outer loop
      vertex   -4.130494e+01 -4.759032e+01 2.150000e+01
      vertex   -4.130494e+01 -4.759032e+01 1.652154e+01
      vertex   -4.150980e+01 -4.743762e+01 2.150000e+01
    endloop
  endfacet
  facet normal 5.976143e-01 8.017837e-01 0.000000e+00
    outer loop
      vertex   -4.150980e+01 -4.743762e+01 2.150000e+01
      vertex   -4.130494e+01 -4.759032e+01 1.652154e+01
      vertex   -4.150980e+01 -4.743762e+01 1.652154e+01
    endloop
  endfacet
  facet normal 3.749227e-01 9.270561e-01 0.000000e+00
    outer loop
      vertex   -4.150980e+01 -4.743762e+01 2.150000e+01
      vertex   -4.150980e+01 -4.743762e+01 1.652154e+01
      vertex   -4.174667e+01 -4.734182e+01 2.150000e+01
    endloop
  endfacet
  facet normal 3.749227e-01 9.270561e-01 0.000000e+00
    outer loop
      vertex   -4.174667e+01 -4.734182e+01 2.150000e+01
      vertex   -4.150980e+01 -4.743762e+01 1.652154e+01
      vertex   -4.174667e+01 -4.734182e+01 1.652154e+01
    endloop
  endfacet
  facet normal 1.277544e-01 9.918058e-01 0.000000e+00
    outer loop
      vertex   -4.174667e+01 -4.734182e+01 2.150000e+01
      vertex   -4.174667e+01 -4.734182e+01 1.652154e+01
      vertex   -4.200008e+01 -4.730918e+01 2.150000e+01
    endloop
  endfacet
  facet normal 1.277544e-01 9.918058e-01 0.000000e+00
    outer loop
      vertex   -4.200008e+01 -4.730918e+01 2.150000e+01
      vertex   -4.174667e+01 -4.734182e+01 1.652154e+01
      vertex   -4.200008e+01 -4.730918e+01 1.652154e+01
    endloop
  endfacet
  facet normal -1.277544e-01 9.918058e-01 0.000000e+00
    outer loop
      vertex   -4.200008e+01 -4.730918e+01 2.150000e+01
      vertex   -4.200008e+01 -4.730918e+01 1.652154e+01
      vertex   -4.225350e+01 -4.734182e+01 2.150000e+01
    endloop
  endfacet
  facet normal -1.277544e-01 9.918058e-01 1.415539e-15
    outer loop
      vertex   -4.225350e+01 -4.734182e+01 2.150000e+01
      vertex   -4.200008e+01 -4.730918e+01 1.652154e+01
      vertex   -4.225350e+01 -4.734182e+01 1.652154e+01
    endloop
  endfacet
  facet normal -3.749227e-01 9.270561e-01 1.323126e-15
    outer loop
      vertex   -4.225350e+01 -4.734182e+01 2.150000e+01
      vertex   -4.225350e+01 -4.734182e+01 1.652154e+01
      vertex   -4.249037e+01 -4.743762e+01 2.150000e+01
    endloop
  endfacet
  facet normal -3.749227e-01 9.270561e-01 0.000000e+00
    outer loop
      vertex   -4.249037e+01 -4.743762e+01 2.150000e+01
      vertex   -4.225350e+01 -4.734182e+01 1.652154e+01
      vertex   -4.249037e+01 -4.743762e+01 1.652154e+01
    endloop
  endfacet
  facet normal -5.976143e-01 8.017837e-01 0.000000e+00
    outer loop
      vertex   -4.249037e+01 -4.743762e+01 2.150000e+01
      vertex   -4.249037e+01 -4.743762e+01 1.652154e+01
      vertex   -4.269523e+01 -4.759032e+01 2.150000e+01
    endloop
  endfacet
  facet normal -5.976143e-01 8.017837e-01 0.000000e+00
    outer loop
      vertex   -4.269523e+01 -4.759032e+01 2.150000e+01
      vertex   -4.249037e+01 -4.743762e+01 1.652154e+01
      vertex   -4.269523e+01 -4.759032e+01 1.652154e+01
    endloop
  endfacet
  facet normal -7.812908e-01 6.241672e-01 0.000000e+00
    outer loop
      vertex   -4.269523e+01 -4.759032e+01 2.150000e+01
      vertex   -4.269523e+01 -4.759032e+01 1.652154e+01
      vertex   -4.285471e+01 -4.778994e+01 2.150000e+01
    endloop
  endfacet
  facet normal -7.812908e-01 6.241672e-01 0.000000e+00
    outer loop
      vertex   -4.285471e+01 -4.778994e+01 2.150000e+01
      vertex   -4.269523e+01 -4.759032e+01 1.652154e+01
      vertex   -4.285471e+01 -4.778994e+01 1.652154e+01
    endloop
  endfacet
  facet normal -9.139610e-01 4.058020e-01 0.000000e+00
    outer loop
      vertex   -4.285471e+01 -4.778994e+01 2.150000e+01
      vertex   -4.285471e+01 -4.778994e+01 1.652154e+01
      vertex   -4.295840e+01 -4.802347e+01 2.150000e+01
    endloop
  endfacet
  facet normal -9.139610e-01 4.058020e-01 0.000000e+00
    outer loop
      vertex   -4.295840e+01 -4.802347e+01 2.150000e+01
      vertex   -4.285471e+01 -4.778994e+01 1.652154e+01
      vertex   -4.285471e+01 -4.778994e+01 1.154308e+01
    endloop
  endfacet
  facet normal -9.139610e-01 4.058020e-01 0.000000e+00
    outer loop
      vertex   -4.295840e+01 -4.802347e+01 2.150000e+01
      vertex   -4.285471e+01 -4.778994e+01 1.154308e+01
      vertex   -4.295840e+01 -4.802347e+01 1.586157e+00
    endloop
  endfacet
  facet normal -9.139610e-01 4.058020e-01 0.000000e+00
    outer loop
      vertex   -4.295840e+01 -4.802347e+01 1.586157e+00
      vertex   -4.285471e+01 -4.778994e+01 1.154308e+01
      vertex   -4.285471e+01 -4.778994e+01 6.564618e+00
    endloop
  endfacet
  facet normal -9.139610e-01 4.058020e-01 0.000000e+00
    outer loop
      vertex   -4.295840e+01 -4.802347e+01 1.586157e+00
      vertex   -4.285471e+01 -4.778994e+01 6.564618e+00
      vertex   -4.285471e+01 -4.778994e+01 1.586157e+00
    endloop
  endfacet
  facet normal -7.812908e-01 6.241672e-01 0.000000e+00
    outer loop
      vertex   -4.285471e+01 -4.778994e+01 1.586157e+00
      vertex   -4.285471e+01 -4.778994e+01 6.564618e+00
      vertex   -4.269523e+01 -4.759032e+01 1.586157e+00
    endloop
  endfacet
  facet normal -7.812908e-01 6.241672e-01 0.000000e+00
    outer loop
      vertex   -4.269523e+01 -4.759032e+01 1.586157e+00
      vertex   -4.285471e+01 -4.778994e+01 6.564618e+00
      vertex   -4.269523e+01 -4.759032e+01 6.564618e+00
    endloop
  endfacet
  facet normal -5.976143e-01 8.017837e-01 0.000000e+00
    outer loop
      vertex   -4.269523e+01 -4.759032e+01 1.586157e+00
      vertex   -4.269523e+01 -4.759032e+01 6.564618e+00
      vertex   -4.249037e+01 -4.743762e+01 1.586157e+00
    endloop
  endfacet
  facet normal -5.976143e-01 8.017837e-01 0.000000e+00
    outer loop
      vertex   -4.249037e+01 -4.743762e+01 1.586157e+00
      vertex   -4.269523e+01 -4.759032e+01 6.564618e+00
      vertex   -4.249037e+01 -4.743762e+01 6.564618e+00
    endloop
  endfacet
  facet normal -3.749227e-01 9.270561e-01 0.000000e+00
    outer loop
      vertex   -4.249037e+01 -4.743762e+01 1.586157e+00
      vertex   -4.249037e+01 -4.743762e+01 6.564618e+00
      vertex   -4.225350e+01 -4.734182e+01 1.586157e+00
    endloop
  endfacet
  facet normal -3.749227e-01 9.270561e-01 -1.323126e-15
    outer loop
      vertex   -4.225350e+01 -4.734182e+01 1.586157e+00
      vertex   -4.249037e+01 -4.743762e+01 6.564618e+00
      vertex   -4.225350e+01 -4.734182e+01 6.564618e+00
    endloop
  endfacet
  facet normal -1.277544e-01 9.918058e-01 -1.415539e-15
    outer loop
      vertex   -4.225350e+01 -4.734182e+01 1.586157e+00
      vertex   -4.225350e+01 -4.734182e+01 6.564618e+00
      vertex   -4.200008e+01 -4.730918e+01 1.586157e+00
    endloop
  endfacet
  facet normal -1.277544e-01 9.918058e-01 0.000000e+00
    outer loop
      vertex   -4.200008e+01 -4.730918e+01 1.586157e+00
      vertex   -4.225350e+01 -4.734182e+01 6.564618e+00
      vertex   -4.200008e+01 -4.730918e+01 6.564618e+00
    endloop
  endfacet
  facet normal 1.277544e-01 9.918058e-01 -0.000000e+00
    outer loop
      vertex   -4.200008e+01 -4.730918e+01 1.586157e+00
      vertex   -4.200008e+01 -4.730918e+01 6.564618e+00
      vertex   -4.174667e+01 -4.734182e+01 1.586157e+00
    endloop
  endfacet
  facet normal 1.277544e-01 9.918058e-01 -0.000000e+00
    outer loop
      vertex   -4.174667e+01 -4.734182e+01 1.586157e+00
      vertex   -4.200008e+01 -4.730918e+01 6.564618e+00
      vertex   -4.174667e+01 -4.734182e+01 6.564618e+00
    endloop
  endfacet
  facet normal 3.749227e-01 9.270561e-01 -0.000000e+00
    outer loop
      vertex   -4.174667e+01 -4.734182e+01 1.586157e+00
      vertex   -4.174667e+01 -4.734182e+01 6.564618e+00
      vertex   -4.150980e+01 -4.743762e+01 1.586157e+00
    endloop
  endfacet
  facet normal 3.749227e-01 9.270561e-01 -0.000000e+00
    outer loop
      vertex   -4.150980e+01 -4.743762e+01 1.586157e+00
      vertex   -4.174667e+01 -4.734182e+01 6.564618e+00
      vertex   -4.150980e+01 -4.743762e+01 6.564618e+00
    endloop
  endfacet
  facet normal 5.976143e-01 8.017837e-01 -0.000000e+00
    outer loop
      vertex   -4.150980e+01 -4.743762e+01 1.586157e+00
      vertex   -4.150980e+01 -4.743762e+01 6.564618e+00
      vertex   -4.130494e+01 -4.759032e+01 1.586157e+00
    endloop
  endfacet
  facet normal 5.976143e-01 8.017837e-01 -0.000000e+00
    outer loop
      vertex   -4.130494e+01 -4.759032e+01 1.586157e+00
      vertex   -4.150980e+01 -4.743762e+01 6.564618e+00
      vertex   -4.130494e+01 -4.759032e+01 6.564618e+00
    endloop
  endfacet
  facet normal 7.812908e-01 6.241672e-01 -0.000000e+00
    outer loop
      vertex   -4.130494e+01 -4.759032e+01 1.586157e+00
      vertex   -4.130494e+01 -4.759032e+01 6.564618e+00
      vertex   -4.114545e+01 -4.778994e+01 1.586157e+00
    endloop
  endfacet
  facet normal 7.812908e-01 6.241672e-01 -0.000000e+00
    outer loop
      vertex   -4.114545e+01 -4.778994e+01 1.586157e+00
      vertex   -4.130494e+01 -4.759032e+01 6.564618e+00
      vertex   -4.114545e+01 -4.778994e+01 6.564618e+00
    endloop
  endfacet
  facet normal 7.812908e-01 6.241672e-01 0.000000e+00
    outer loop
      vertex   -4.130494e+01 -4.759032e+01 1.652154e+01
      vertex   -4.114545e+01 -4.778994e+01 1.652154e+01
      vertex   -4.114545e+01 -4.778994e+01 1.154308e+01
    endloop
  endfacet
  facet normal 7.812908e-01 6.241672e-01 0.000000e+00
    outer loop
      vertex   -4.114545e+01 -4.778994e+01 1.154308e+01
      vertex   -4.114545e+01 -4.778994e+01 6.564618e+00
      vertex   -4.130494e+01 -4.759032e+01 1.154308e+01
    endloop
  endfacet
  facet normal 7.812908e-01 6.241672e-01 0.000000e+00
    outer loop
      vertex   -4.130494e+01 -4.759032e+01 1.154308e+01
      vertex   -4.114545e+01 -4.778994e+01 6.564618e+00
      vertex   -4.130494e+01 -4.759032e+01 6.564618e+00
    endloop
  endfacet
  facet normal 5.976143e-01 8.017837e-01 0.000000e+00
    outer loop
      vertex   -4.130494e+01 -4.759032e+01 1.154308e+01
      vertex   -4.130494e+01 -4.759032e+01 6.564618e+00
      vertex   -4.150980e+01 -4.743762e+01 1.154308e+01
    endloop
  endfacet
  facet normal 5.976143e-01 8.017837e-01 0.000000e+00
    outer loop
      vertex   -4.150980e+01 -4.743762e+01 1.154308e+01
      vertex   -4.130494e+01 -4.759032e+01 6.564618e+00
      vertex   -4.150980e+01 -4.743762e+01 6.564618e+00
    endloop
  endfacet
  facet normal 3.749227e-01 9.270561e-01 0.000000e+00
    outer loop
      vertex   -4.150980e+01 -4.743762e+01 1.154308e+01
      vertex   -4.150980e+01 -4.743762e+01 6.564618e+00
      vertex   -4.174667e+01 -4.734182e+01 1.154308e+01
    endloop
  endfacet
  facet normal 3.749227e-01 9.270561e-01 0.000000e+00
    outer loop
      vertex   -4.174667e+01 -4.734182e+01 1.154308e+01
      vertex   -4.150980e+01 -4.743762e+01 6.564618e+00
      vertex   -4.174667e+01 -4.734182e+01 6.564618e+00
    endloop
  endfacet
  facet normal 1.277544e-01 9.918058e-01 0.000000e+00
    outer loop
      vertex   -4.174667e+01 -4.734182e+01 1.154308e+01
      vertex   -4.174667e+01 -4.734182e+01 6.564618e+00
      vertex   -4.200008e+01 -4.730918e+01 1.154308e+01
    endloop
  endfacet
  facet normal 1.277544e-01 9.918058e-01 0.000000e+00
    outer loop
      vertex   -4.200008e+01 -4.730918e+01 1.154308e+01
      vertex   -4.174667e+01 -4.734182e+01 6.564618e+00
      vertex   -4.200008e+01 -4.730918e+01 6.564618e+00
    endloop
  endfacet
  facet normal -1.277544e-01 9.918058e-01 0.000000e+00
    outer loop
      vertex   -4.200008e+01 -4.730918e+01 1.154308e+01
      vertex   -4.200008e+01 -4.730918e+01 6.564618e+00
      vertex   -4.225350e+01 -4.734182e+01 1.154308e+01
    endloop
  endfacet
  facet normal -1.277544e-01 9.918058e-01 0.000000e+00
    outer loop
      vertex   -4.225350e+01 -4.734182e+01 1.154308e+01
      vertex   -4.200008e+01 -4.730918e+01 6.564618e+00
      vertex   -4.225350e+01 -4.734182e+01 6.564618e+00
    endloop
  endfacet
  facet normal -3.749227e-01 9.270561e-01 0.000000e+00
    outer loop
      vertex   -4.225350e+01 -4.734182e+01 1.154308e+01
      vertex   -4.225350e+01 -4.734182e+01 6.564618e+00
      vertex   -4.249037e+01 -4.743762e+01 1.154308e+01
    endloop
  endfacet
  facet normal -3.749227e-01 9.270561e-01 0.000000e+00
    outer loop
      vertex   -4.249037e+01 -4.743762e+01 1.154308e+01
      vertex   -4.225350e+01 -4.734182e+01 6.564618e+00
      vertex   -4.249037e+01 -4.743762e+01 6.564618e+00
    endloop
  endfacet
  facet normal -5.976143e-01 8.017837e-01 0.000000e+00
    outer loop
      vertex   -4.249037e+01 -4.743762e+01 1.154308e+01
      vertex   -4.249037e+01 -4.743762e+01 6.564618e+00
      vertex   -4.269523e+01 -4.759032e+01 1.154308e+01
    endloop
  endfacet
  facet normal -5.976143e-01 8.017837e-01 0.000000e+00
    outer loop
      vertex   -4.269523e+01 -4.759032e+01 1.154308e+01
      vertex   -4.249037e+01 -4.743762e+01 6.564618e+00
      vertex   -4.269523e+01 -4.759032e+01 6.564618e+00
    endloop
  endfacet
  facet normal -7.812908e-01 6.241672e-01 0.000000e+00
    outer loop
      vertex   -4.269523e+01 -4.759032e+01 1.154308e+01
      vertex   -4.269523e+01 -4.759032e+01 6.564618e+00
      vertex   -4.285471e+01 -4.778994e+01 1.154308e+01
    endloop
  endfacet
  facet normal -7.812908e-01 6.241672e-01 0.000000e+00
    outer loop
      vertex   -4.285471e+01 -4.778994e+01 1.154308e+01
      vertex   -4.269523e+01 -4.759032e+01 6.564618e+00
      vertex   -4.285471e+01 -4.778994e+01 6.564618e+00
    endloop
  endfacet
  facet normal 5.976143e-01 8.017837e-01 0.000000e+00
    outer loop
      vertex   -4.150980e+01 -4.743762e+01 1.652154e+01
      vertex   -4.130494e+01 -4.759032e+01 1.652154e+01
      vertex   -4.130494e+01 -4.759032e+01 1.154308e+01
    endloop
  endfacet
  facet normal 7.812908e-01 6.241672e-01 -0.000000e+00
    outer loop
      vertex   -4.130494e+01 -4.759032e+01 1.154308e+01
      vertex   -4.130494e+01 -4.759032e+01 1.652154e+01
      vertex   -4.114545e+01 -4.778994e+01 1.154308e+01
    endloop
  endfacet
  facet normal 5.976143e-01 8.017837e-01 0.000000e+00
    outer loop
      vertex   -4.150980e+01 -4.743762e+01 1.652154e+01
      vertex   -4.130494e+01 -4.759032e+01 1.154308e+01
      vertex   -4.150980e+01 -4.743762e+01 1.154308e+01
    endloop
  endfacet
  facet normal 3.749227e-01 9.270561e-01 0.000000e+00
    outer loop
      vertex   -4.174667e+01 -4.734182e+01 1.652154e+01
      vertex   -4.150980e+01 -4.743762e+01 1.652154e+01
      vertex   -4.150980e+01 -4.743762e+01 1.154308e+01
    endloop
  endfacet
  facet normal 3.749227e-01 9.270561e-01 0.000000e+00
    outer loop
      vertex   -4.174667e+01 -4.734182e+01 1.652154e+01
      vertex   -4.150980e+01 -4.743762e+01 1.154308e+01
      vertex   -4.174667e+01 -4.734182e+01 1.154308e+01
    endloop
  endfacet
  facet normal 1.277544e-01 9.918058e-01 0.000000e+00
    outer loop
      vertex   -4.200008e+01 -4.730918e+01 1.652154e+01
      vertex   -4.174667e+01 -4.734182e+01 1.652154e+01
      vertex   -4.174667e+01 -4.734182e+01 1.154308e+01
    endloop
  endfacet
  facet normal 1.277544e-01 9.918058e-01 0.000000e+00
    outer loop
      vertex   -4.200008e+01 -4.730918e+01 1.652154e+01
      vertex   -4.174667e+01 -4.734182e+01 1.154308e+01
      vertex   -4.200008e+01 -4.730918e+01 1.154308e+01
    endloop
  endfacet
  facet normal -1.277544e-01 9.918058e-01 0.000000e+00
    outer loop
      vertex   -4.225350e+01 -4.734182e+01 1.652154e+01
      vertex   -4.200008e+01 -4.730918e+01 1.652154e+01
      vertex   -4.200008e+01 -4.730918e+01 1.154308e+01
    endloop
  endfacet
  facet normal -1.277544e-01 9.918058e-01 0.000000e+00
    outer loop
      vertex   -4.225350e+01 -4.734182e+01 1.652154e+01
      vertex   -4.200008e+01 -4.730918e+01 1.154308e+01
      vertex   -4.225350e+01 -4.734182e+01 1.154308e+01
    endloop
  endfacet
  facet normal -3.749227e-01 9.270561e-01 0.000000e+00
    outer loop
      vertex   -4.249037e+01 -4.743762e+01 1.652154e+01
      vertex   -4.225350e+01 -4.734182e+01 1.652154e+01
      vertex   -4.225350e+01 -4.734182e+01 1.154308e+01
    endloop
  endfacet
  facet normal -3.749227e-01 9.270561e-01 0.000000e+00
    outer loop
      vertex   -4.249037e+01 -4.743762e+01 1.652154e+01
      vertex   -4.225350e+01 -4.734182e+01 1.154308e+01
      vertex   -4.249037e+01 -4.743762e+01 1.154308e+01
    endloop
  endfacet
  facet normal -5.976143e-01 8.017837e-01 0.000000e+00
    outer loop
      vertex   -4.269523e+01 -4.759032e+01 1.652154e+01
      vertex   -4.249037e+01 -4.743762e+01 1.652154e+01
      vertex   -4.249037e+01 -4.743762e+01 1.154308e+01
    endloop
  endfacet
  facet normal -5.976143e-01 8.017837e-01 0.000000e+00
    outer loop
      vertex   -4.269523e+01 -4.759032e+01 1.652154e+01
      vertex   -4.249037e+01 -4.743762e+01 1.154308e+01
      vertex   -4.269523e+01 -4.759032e+01 1.154308e+01
    endloop
  endfacet
  facet normal -7.812908e-01 6.241672e-01 0.000000e+00
    outer loop
      vertex   -4.285471e+01 -4.778994e+01 1.652154e+01
      vertex   -4.269523e+01 -4.759032e+01 1.652154e+01
      vertex   -4.269523e+01 -4.759032e+01 1.154308e+01
    endloop
  endfacet
  facet normal -7.812908e-01 6.241672e-01 0.000000e+00
    outer loop
      vertex   -4.285471e+01 -4.778994e+01 1.652154e+01
      vertex   -4.269523e+01 -4.759032e+01 1.154308e+01
      vertex   -4.285471e+01 -4.778994e+01 1.154308e+01
    endloop
  endfacet
  facet normal -9.851024e-01 1.719691e-01 -2.108957e-15
    outer loop
      vertex   -4.032303e+01 -4.705918e+01 1.586157e+00
      vertex   -4.032303e+01 -4.705918e+01 8.224105e+00
      vertex   -4.025282e+01 -4.665696e+01 1.586157e+00
    endloop
  endfacet
  facet normal -9.851024e-01 1.719691e-01 0.000000e+00
    outer loop
      vertex   -4.025282e+01 -4.665696e+01 1.586157e+00
      vertex   -4.032303e+01 -4.705918e+01 8.224105e+00
      vertex   -4.032303e+01 -4.705918e+01 1.486205e+01
    endloop
  endfacet
  facet normal -9.851024e-01 1.719691e-01 0.000000e+00
    outer loop
      vertex   -4.025282e+01 -4.665696e+01 1.586157e+00
      vertex   -4.032303e+01 -4.705918e+01 1.486205e+01
      vertex   -4.025282e+01 -4.665696e+01 2.150000e+01
    endloop
  endfacet
  facet normal -9.851024e-01 1.719691e-01 2.109617e-15
    outer loop
      vertex   -4.025282e+01 -4.665696e+01 2.150000e+01
      vertex   -4.032303e+01 -4.705918e+01 1.486205e+01
      vertex   -4.032303e+01 -4.705918e+01 2.150000e+01
    endloop
  endfacet
  facet normal -9.184410e-01 3.955579e-01 1.966245e-15
    outer loop
      vertex   -4.032303e+01 -4.705918e+01 2.150000e+01
      vertex   -4.032303e+01 -4.705918e+01 1.486205e+01
      vertex   -4.048454e+01 -4.743418e+01 2.150000e+01
    endloop
  endfacet
  facet normal -9.184410e-01 3.955579e-01 0.000000e+00
    outer loop
      vertex   -4.048454e+01 -4.743418e+01 2.150000e+01
      vertex   -4.032303e+01 -4.705918e+01 1.486205e+01
      vertex   -4.048454e+01 -4.743418e+01 1.486205e+01
    endloop
  endfacet
  facet normal -8.017837e-01 5.976143e-01 0.000000e+00
    outer loop
      vertex   -4.048454e+01 -4.743418e+01 2.150000e+01
      vertex   -4.048454e+01 -4.743418e+01 1.486205e+01
      vertex   -4.072855e+01 -4.776155e+01 2.150000e+01
    endloop
  endfacet
  facet normal -8.017837e-01 5.976143e-01 0.000000e+00
    outer loop
      vertex   -4.072855e+01 -4.776155e+01 2.150000e+01
      vertex   -4.048454e+01 -4.743418e+01 1.486205e+01
      vertex   -4.072855e+01 -4.776155e+01 1.486205e+01
    endloop
  endfacet
  facet normal -6.414808e-01 7.671391e-01 0.000000e+00
    outer loop
      vertex   -4.072855e+01 -4.776155e+01 2.150000e+01
      vertex   -4.072855e+01 -4.776155e+01 1.486205e+01
      vertex   -4.104177e+01 -4.802347e+01 2.150000e+01
    endloop
  endfacet
  facet normal -6.414808e-01 7.671391e-01 0.000000e+00
    outer loop
      vertex   -4.104177e+01 -4.802347e+01 2.150000e+01
      vertex   -4.072855e+01 -4.776155e+01 1.486205e+01
      vertex   -4.072855e+01 -4.776155e+01 8.224105e+00
    endloop
  endfacet
  facet normal -6.414808e-01 7.671391e-01 0.000000e+00
    outer loop
      vertex   -4.104177e+01 -4.802347e+01 2.150000e+01
      vertex   -4.072855e+01 -4.776155e+01 8.224105e+00
      vertex   -4.104177e+01 -4.802347e+01 1.586157e+00
    endloop
  endfacet
  facet normal -6.414808e-01 7.671391e-01 0.000000e+00
    outer loop
      vertex   -4.104177e+01 -4.802347e+01 1.586157e+00
      vertex   -4.072855e+01 -4.776155e+01 8.224105e+00
      vertex   -4.072855e+01 -4.776155e+01 1.586157e+00
    endloop
  endfacet
  facet normal -8.017837e-01 5.976143e-01 0.000000e+00
    outer loop
      vertex   -4.072855e+01 -4.776155e+01 1.586157e+00
      vertex   -4.072855e+01 -4.776155e+01 8.224105e+00
      vertex   -4.048454e+01 -4.743418e+01 1.586157e+00
    endloop
  endfacet
  facet normal -8.017837e-01 5.976143e-01 0.000000e+00
    outer loop
      vertex   -4.048454e+01 -4.743418e+01 1.586157e+00
      vertex   -4.072855e+01 -4.776155e+01 8.224105e+00
      vertex   -4.048454e+01 -4.743418e+01 8.224105e+00
    endloop
  endfacet
  facet normal -9.184410e-01 3.955579e-01 0.000000e+00
    outer loop
      vertex   -4.048454e+01 -4.743418e+01 1.586157e+00
      vertex   -4.048454e+01 -4.743418e+01 8.224105e+00
      vertex   -4.032303e+01 -4.705918e+01 1.586157e+00
    endloop
  endfacet
  facet normal -9.184410e-01 3.955579e-01 -1.966245e-15
    outer loop
      vertex   -4.032303e+01 -4.705918e+01 1.586157e+00
      vertex   -4.048454e+01 -4.743418e+01 8.224105e+00
      vertex   -4.032303e+01 -4.705918e+01 8.224105e+00
    endloop
  endfacet
  facet normal -9.184410e-01 3.955579e-01 0.000000e+00
    outer loop
      vertex   -4.048454e+01 -4.743418e+01 1.486205e+01
      vertex   -4.032303e+01 -4.705918e+01 1.486205e+01
      vertex   -4.032303e+01 -4.705918e+01 8.224105e+00
    endloop
  endfacet
  facet normal -9.184410e-01 3.955579e-01 0.000000e+00
    outer loop
      vertex   -4.048454e+01 -4.743418e+01 1.486205e+01
      vertex   -4.032303e+01 -4.705918e+01 8.224105e+00
      vertex   -4.048454e+01 -4.743418e+01 8.224105e+00
    endloop
  endfacet
  facet normal -8.017837e-01 5.976143e-01 0.000000e+00
    outer loop
      vertex   -4.072855e+01 -4.776155e+01 1.486205e+01
      vertex   -4.048454e+01 -4.743418e+01 1.486205e+01
      vertex   -4.048454e+01 -4.743418e+01 8.224105e+00
    endloop
  endfacet
  facet normal -8.017837e-01 5.976143e-01 0.000000e+00
    outer loop
      vertex   -4.072855e+01 -4.776155e+01 1.486205e+01
      vertex   -4.048454e+01 -4.743418e+01 8.224105e+00
      vertex   -4.072855e+01 -4.776155e+01 8.224105e+00
    endloop
  endfacet
  facet normal -8.084154e-01 5.886125e-01 1.153798e-15
    outer loop
      vertex   -4.136153e+01 -4.520367e+01 1.586157e+00
      vertex   -4.136153e+01 -4.520367e+01 6.564618e+00
      vertex   -4.121113e+01 -4.499711e+01 1.586157e+00
    endloop
  endfacet
  facet normal -8.084154e-01 5.886125e-01 0.000000e+00
    outer loop
      vertex   -4.121113e+01 -4.499711e+01 1.586157e+00
      vertex   -4.136153e+01 -4.520367e+01 6.564618e+00
      vertex   -4.136153e+01 -4.520367e+01 1.154308e+01
    endloop
  endfacet
  facet normal -8.084154e-01 5.886125e-01 0.000000e+00
    outer loop
      vertex   -4.121113e+01 -4.499711e+01 1.586157e+00
      vertex   -4.136153e+01 -4.520367e+01 1.154308e+01
      vertex   -4.121113e+01 -4.499711e+01 2.150000e+01
    endloop
  endfacet
  facet normal -8.084154e-01 5.886125e-01 0.000000e+00
    outer loop
      vertex   -4.121113e+01 -4.499711e+01 2.150000e+01
      vertex   -4.136153e+01 -4.520367e+01 1.154308e+01
      vertex   -4.136153e+01 -4.520367e+01 1.652154e+01
    endloop
  endfacet
  facet normal -8.084154e-01 5.886125e-01 -1.153718e-15
    outer loop
      vertex   -4.121113e+01 -4.499711e+01 2.150000e+01
      vertex   -4.136153e+01 -4.520367e+01 1.652154e+01
      vertex   -4.136153e+01 -4.520367e+01 2.150000e+01
    endloop
  endfacet
  facet normal -9.311900e-01 3.645341e-01 -1.329026e-15
    outer loop
      vertex   -4.136153e+01 -4.520367e+01 2.150000e+01
      vertex   -4.136153e+01 -4.520367e+01 1.652154e+01
      vertex   -4.145467e+01 -4.544160e+01 2.150000e+01
    endloop
  endfacet
  facet normal -9.311900e-01 3.645341e-01 0.000000e+00
    outer loop
      vertex   -4.145467e+01 -4.544160e+01 2.150000e+01
      vertex   -4.136153e+01 -4.520367e+01 1.652154e+01
      vertex   -4.145467e+01 -4.544160e+01 1.652154e+01
    endloop
  endfacet
  facet normal -9.931722e-01 1.166573e-01 0.000000e+00
    outer loop
      vertex   -4.145467e+01 -4.544160e+01 2.150000e+01
      vertex   -4.145467e+01 -4.544160e+01 1.652154e+01
      vertex   -4.148448e+01 -4.569536e+01 2.150000e+01
    endloop
  endfacet
  facet normal -9.931722e-01 1.166573e-01 1.417489e-15
    outer loop
      vertex   -4.148448e+01 -4.569536e+01 2.150000e+01
      vertex   -4.145467e+01 -4.544160e+01 1.652154e+01
      vertex   -4.148448e+01 -4.569536e+01 1.652154e+01
    endloop
  endfacet
  facet normal -9.903155e-01 -1.388355e-01 1.413412e-15
    outer loop
      vertex   -4.148448e+01 -4.569536e+01 2.150000e+01
      vertex   -4.148448e+01 -4.569536e+01 1.652154e+01
      vertex   -4.144900e+01 -4.594840e+01 2.150000e+01
    endloop
  endfacet
  facet normal -9.903155e-01 -1.388355e-01 -0.000000e+00
    outer loop
      vertex   -4.144900e+01 -4.594840e+01 2.150000e+01
      vertex   -4.148448e+01 -4.569536e+01 1.652154e+01
      vertex   -4.144900e+01 -4.594840e+01 1.652154e+01
    endloop
  endfacet
  facet normal -9.228062e-01 -3.852644e-01 -0.000000e+00
    outer loop
      vertex   -4.144900e+01 -4.594840e+01 2.150000e+01
      vertex   -4.144900e+01 -4.594840e+01 1.652154e+01
      vertex   -4.135056e+01 -4.618418e+01 2.150000e+01
    endloop
  endfacet
  facet normal -9.228062e-01 -3.852644e-01 -0.000000e+00
    outer loop
      vertex   -4.135056e+01 -4.618418e+01 2.150000e+01
      vertex   -4.144900e+01 -4.594840e+01 1.652154e+01
      vertex   -4.135056e+01 -4.618418e+01 1.652154e+01
    endloop
  endfacet
  facet normal -7.950519e-01 -6.065414e-01 -0.000000e+00
    outer loop
      vertex   -4.135056e+01 -4.618418e+01 2.150000e+01
      vertex   -4.135056e+01 -4.618418e+01 1.652154e+01
      vertex   -4.119559e+01 -4.638732e+01 2.150000e+01
    endloop
  endfacet
  facet normal -7.950519e-01 -6.065414e-01 -1.134725e-15
    outer loop
      vertex   -4.119559e+01 -4.638732e+01 2.150000e+01
      vertex   -4.135056e+01 -4.618418e+01 1.652154e+01
      vertex   -4.119559e+01 -4.638732e+01 1.652154e+01
    endloop
  endfacet
  facet normal -6.153928e-01 -7.882206e-01 -8.783093e-16
    outer loop
      vertex   -4.119559e+01 -4.638732e+01 2.150000e+01
      vertex   -4.119559e+01 -4.638732e+01 1.652154e+01
      vertex   -4.099419e+01 -4.654456e+01 2.150000e+01
    endloop
  endfacet
  facet normal -6.153928e-01 -7.882206e-01 -0.000000e+00
    outer loop
      vertex   -4.099419e+01 -4.654456e+01 2.150000e+01
      vertex   -4.119559e+01 -4.638732e+01 1.652154e+01
      vertex   -4.099419e+01 -4.654456e+01 1.652154e+01
    endloop
  endfacet
  facet normal -3.955579e-01 -9.184410e-01 -0.000000e+00
    outer loop
      vertex   -4.099419e+01 -4.654456e+01 2.150000e+01
      vertex   -4.099419e+01 -4.654456e+01 1.652154e+01
      vertex   -4.075952e+01 -4.664563e+01 2.150000e+01
    endloop
  endfacet
  facet normal -3.955579e-01 -9.184410e-01 -0.000000e+00
    outer loop
      vertex   -4.075952e+01 -4.664563e+01 2.150000e+01
      vertex   -4.099419e+01 -4.654456e+01 1.652154e+01
      vertex   -4.075952e+01 -4.664563e+01 1.652154e+01
    endloop
  endfacet
  facet normal -1.498992e-01 -9.887013e-01 -0.000000e+00
    outer loop
      vertex   -4.075952e+01 -4.664563e+01 2.150000e+01
      vertex   -4.075952e+01 -4.664563e+01 1.652154e+01
      vertex   -4.050690e+01 -4.668393e+01 2.150000e+01
    endloop
  endfacet
  facet normal -1.498992e-01 -9.887013e-01 -0.000000e+00
    outer loop
      vertex   -4.050690e+01 -4.668393e+01 2.150000e+01
      vertex   -4.075952e+01 -4.664563e+01 1.652154e+01
      vertex   -4.050690e+01 -4.668393e+01 1.652154e+01
    endloop
  endfacet
  facet normal 1.055457e-01 -9.944145e-01 0.000000e+00
    outer loop
      vertex   -4.050690e+01 -4.668393e+01 2.150000e+01
      vertex   -4.050690e+01 -4.668393e+01 1.652154e+01
      vertex   -4.025282e+01 -4.665696e+01 2.150000e+01
    endloop
  endfacet
  facet normal 1.055457e-01 -9.944145e-01 0.000000e+00
    outer loop
      vertex   -4.025282e+01 -4.665696e+01 2.150000e+01
      vertex   -4.050690e+01 -4.668393e+01 1.652154e+01
      vertex   -4.050690e+01 -4.668393e+01 1.154308e+01
    endloop
  endfacet
  facet normal 1.055457e-01 -9.944145e-01 0.000000e+00
    outer loop
      vertex   -4.025282e+01 -4.665696e+01 2.150000e+01
      vertex   -4.050690e+01 -4.668393e+01 1.154308e+01
      vertex   -4.025282e+01 -4.665696e+01 1.586157e+00
    endloop
  endfacet
  facet normal 1.055457e-01 -9.944145e-01 0.000000e+00
    outer loop
      vertex   -4.025282e+01 -4.665696e+01 1.586157e+00
      vertex   -4.050690e+01 -4.668393e+01 1.154308e+01
      vertex   -4.050690e+01 -4.668393e+01 6.564618e+00
    endloop
  endfacet
  facet normal 1.055457e-01 -9.944145e-01 0.000000e+00
    outer loop
      vertex   -4.025282e+01 -4.665696e+01 1.586157e+00
      vertex   -4.050690e+01 -4.668393e+01 6.564618e+00
      vertex   -4.050690e+01 -4.668393e+01 1.586157e+00
    endloop
  endfacet
  facet normal -1.498992e-01 -9.887013e-01 0.000000e+00
    outer loop
      vertex   -4.050690e+01 -4.668393e+01 1.586157e+00
      vertex   -4.050690e+01 -4.668393e+01 6.564618e+00
      vertex   -4.075952e+01 -4.664563e+01 1.586157e+00
    endloop
  endfacet
  facet normal -1.498992e-01 -9.887013e-01 0.000000e+00
    outer loop
      vertex   -4.075952e+01 -4.664563e+01 1.586157e+00
      vertex   -4.050690e+01 -4.668393e+01 6.564618e+00
      vertex   -4.075952e+01 -4.664563e+01 6.564618e+00
    endloop
  endfacet
  facet normal -3.955579e-01 -9.184410e-01 0.000000e+00
    outer loop
      vertex   -4.075952e+01 -4.664563e+01 1.586157e+00
      vertex   -4.075952e+01 -4.664563e+01 6.564618e+00
      vertex   -4.099419e+01 -4.654456e+01 1.586157e+00
    endloop
  endfacet
  facet normal -3.955579e-01 -9.184410e-01 0.000000e+00
    outer loop
      vertex   -4.099419e+01 -4.654456e+01 1.586157e+00
      vertex   -4.075952e+01 -4.664563e+01 6.564618e+00
      vertex   -4.099419e+01 -4.654456e+01 6.564618e+00
    endloop
  endfacet
  facet normal -6.153928e-01 -7.882206e-01 0.000000e+00
    outer loop
      vertex   -4.099419e+01 -4.654456e+01 1.586157e+00
      vertex   -4.099419e+01 -4.654456e+01 6.564618e+00
      vertex   -4.119559e+01 -4.638732e+01 1.586157e+00
    endloop
  endfacet
  facet normal -6.153928e-01 -7.882206e-01 8.783093e-16
    outer loop
      vertex   -4.119559e+01 -4.638732e+01 1.586157e+00
      vertex   -4.099419e+01 -4.654456e+01 6.564618e+00
      vertex   -4.119559e+01 -4.638732e+01 6.564618e+00
    endloop
  endfacet
  facet normal -7.950519e-01 -6.065414e-01 1.134725e-15
    outer loop
      vertex   -4.119559e+01 -4.638732e+01 1.586157e+00
      vertex   -4.119559e+01 -4.638732e+01 6.564618e+00
      vertex   -4.135056e+01 -4.618418e+01 1.586157e+00
    endloop
  endfacet
  facet normal -7.950519e-01 -6.065414e-01 0.000000e+00
    outer loop
      vertex   -4.135056e+01 -4.618418e+01 1.586157e+00
      vertex   -4.119559e+01 -4.638732e+01 6.564618e+00
      vertex   -4.135056e+01 -4.618418e+01 6.564618e+00
    endloop
  endfacet
  facet normal -9.228062e-01 -3.852644e-01 0.000000e+00
    outer loop
      vertex   -4.135056e+01 -4.618418e+01 1.586157e+00
      vertex   -4.135056e+01 -4.618418e+01 6.564618e+00
      vertex   -4.144900e+01 -4.594840e+01 1.586157e+00
    endloop
  endfacet
  facet normal -9.228062e-01 -3.852644e-01 0.000000e+00
    outer loop
      vertex   -4.144900e+01 -4.594840e+01 1.586157e+00
      vertex   -4.135056e+01 -4.618418e+01 6.564618e+00
      vertex   -4.144900e+01 -4.594840e+01 6.564618e+00
    endloop
  endfacet
  facet normal -9.903155e-01 -1.388355e-01 0.000000e+00
    outer loop
      vertex   -4.144900e+01 -4.594840e+01 1.586157e+00
      vertex   -4.144900e+01 -4.594840e+01 6.564618e+00
      vertex   -4.148448e+01 -4.569536e+01 1.586157e+00
    endloop
  endfacet
  facet normal -9.903155e-01 -1.388355e-01 -1.413412e-15
    outer loop
      vertex   -4.148448e+01 -4.569536e+01 1.586157e+00
      vertex   -4.144900e+01 -4.594840e+01 6.564618e+00
      vertex   -4.148448e+01 -4.569536e+01 6.564618e+00
    endloop
  endfacet
  facet normal -9.931722e-01 1.166573e-01 -1.417489e-15
    outer loop
      vertex   -4.148448e+01 -4.569536e+01 1.586157e+00
      vertex   -4.148448e+01 -4.569536e+01 6.564618e+00
      vertex   -4.145467e+01 -4.544160e+01 1.586157e+00
    endloop
  endfacet
  facet normal -9.931722e-01 1.166573e-01 0.000000e+00
    outer loop
      vertex   -4.145467e+01 -4.544160e+01 1.586157e+00
      vertex   -4.148448e+01 -4.569536e+01 6.564618e+00
      vertex   -4.145467e+01 -4.544160e+01 6.564618e+00
    endloop
  endfacet
  facet normal -9.311900e-01 3.645341e-01 0.000000e+00
    outer loop
      vertex   -4.145467e+01 -4.544160e+01 1.586157e+00
      vertex   -4.145467e+01 -4.544160e+01 6.564618e+00
      vertex   -4.136153e+01 -4.520367e+01 1.586157e+00
    endloop
  endfacet
  facet normal -9.311900e-01 3.645341e-01 1.329026e-15
    outer loop
      vertex   -4.136153e+01 -4.520367e+01 1.586157e+00
      vertex   -4.145467e+01 -4.544160e+01 6.564618e+00
      vertex   -4.136153e+01 -4.520367e+01 6.564618e+00
    endloop
  endfacet
  facet normal -9.311900e-01 3.645341e-01 0.000000e+00
    outer loop
      vertex   -4.145467e+01 -4.544160e+01 1.652154e+01
      vertex   -4.136153e+01 -4.520367e+01 1.652154e+01
      vertex   -4.136153e+01 -4.520367e+01 1.154308e+01
    endloop
  endfacet
  facet normal -9.311900e-01 3.645341e-01 0.000000e+00
    outer loop
      vertex   -4.136153e+01 -4.520367e+01 1.154308e+01
      vertex   -4.136153e+01 -4.520367e+01 6.564618e+00
      vertex   -4.145467e+01 -4.544160e+01 1.154308e+01
    endloop
  endfacet
  facet normal -9.311900e-01 3.645341e-01 0.000000e+00
    outer loop
      vertex   -4.145467e+01 -4.544160e+01 1.154308e+01
      vertex   -4.136153e+01 -4.520367e+01 6.564618e+00
      vertex   -4.145467e+01 -4.544160e+01 6.564618e+00
    endloop
  endfacet
  facet normal -9.931722e-01 1.166573e-01 0.000000e+00
    outer loop
      vertex   -4.145467e+01 -4.544160e+01 1.154308e+01
      vertex   -4.145467e+01 -4.544160e+01 6.564618e+00
      vertex   -4.148448e+01 -4.569536e+01 1.154308e+01
    endloop
  endfacet
  facet normal -9.931722e-01 1.166573e-01 0.000000e+00
    outer loop
      vertex   -4.148448e+01 -4.569536e+01 1.154308e+01
      vertex   -4.145467e+01 -4.544160e+01 6.564618e+00
      vertex   -4.148448e+01 -4.569536e+01 6.564618e+00
    endloop
  endfacet
  facet normal -9.903155e-01 -1.388355e-01 -0.000000e+00
    outer loop
      vertex   -4.148448e+01 -4.569536e+01 1.154308e+01
      vertex   -4.148448e+01 -4.569536e+01 6.564618e+00
      vertex   -4.144900e+01 -4.594840e+01 1.154308e+01
    endloop
  endfacet
  facet normal -9.903155e-01 -1.388355e-01 -0.000000e+00
    outer loop
      vertex   -4.144900e+01 -4.594840e+01 1.154308e+01
      vertex   -4.148448e+01 -4.569536e+01 6.564618e+00
      vertex   -4.144900e+01 -4.594840e+01 6.564618e+00
    endloop
  endfacet
  facet normal -9.228062e-01 -3.852644e-01 -0.000000e+00
    outer loop
      vertex   -4.144900e+01 -4.594840e+01 1.154308e+01
      vertex   -4.144900e+01 -4.594840e+01 6.564618e+00
      vertex   -4.135056e+01 -4.618418e+01 1.154308e+01
    endloop
  endfacet
  facet normal -9.228062e-01 -3.852644e-01 -0.000000e+00
    outer loop
      vertex   -4.135056e+01 -4.618418e+01 1.154308e+01
      vertex   -4.144900e+01 -4.594840e+01 6.564618e+00
      vertex   -4.135056e+01 -4.618418e+01 6.564618e+00
    endloop
  endfacet
  facet normal -7.950519e-01 -6.065414e-01 -0.000000e+00
    outer loop
      vertex   -4.135056e+01 -4.618418e+01 1.154308e+01
      vertex   -4.135056e+01 -4.618418e+01 6.564618e+00
      vertex   -4.119559e+01 -4.638732e+01 1.154308e+01
    endloop
  endfacet
  facet normal -7.950519e-01 -6.065414e-01 -0.000000e+00
    outer loop
      vertex   -4.119559e+01 -4.638732e+01 1.154308e+01
      vertex   -4.135056e+01 -4.618418e+01 6.564618e+00
      vertex   -4.119559e+01 -4.638732e+01 6.564618e+00
    endloop
  endfacet
  facet normal -6.153928e-01 -7.882206e-01 -0.000000e+00
    outer loop
      vertex   -4.119559e+01 -4.638732e+01 1.154308e+01
      vertex   -4.119559e+01 -4.638732e+01 6.564618e+00
      vertex   -4.099419e+01 -4.654456e+01 1.154308e+01
    endloop
  endfacet
  facet normal -6.153928e-01 -7.882206e-01 -0.000000e+00
    outer loop
      vertex   -4.099419e+01 -4.654456e+01 1.154308e+01
      vertex   -4.119559e+01 -4.638732e+01 6.564618e+00
      vertex   -4.099419e+01 -4.654456e+01 6.564618e+00
    endloop
  endfacet
  facet normal -3.955579e-01 -9.184410e-01 -0.000000e+00
    outer loop
      vertex   -4.099419e+01 -4.654456e+01 1.154308e+01
      vertex   -4.099419e+01 -4.654456e+01 6.564618e+00
      vertex   -4.075952e+01 -4.664563e+01 1.154308e+01
    endloop
  endfacet
  facet normal -3.955579e-01 -9.184410e-01 -0.000000e+00
    outer loop
      vertex   -4.075952e+01 -4.664563e+01 1.154308e+01
      vertex   -4.099419e+01 -4.654456e+01 6.564618e+00
      vertex   -4.075952e+01 -4.664563e+01 6.564618e+00
    endloop
  endfacet
  facet normal -1.498992e-01 -9.887013e-01 -0.000000e+00
    outer loop
      vertex   -4.075952e+01 -4.664563e+01 1.154308e+01
      vertex   -4.075952e+01 -4.664563e+01 6.564618e+00
      vertex   -4.050690e+01 -4.668393e+01 1.154308e+01
    endloop
  endfacet
  facet normal -1.498992e-01 -9.887013e-01 -0.000000e+00
    outer loop
      vertex   -4.050690e+01 -4.668393e+01 1.154308e+01
      vertex   -4.075952e+01 -4.664563e+01 6.564618e+00
      vertex   -4.050690e+01 -4.668393e+01 6.564618e+00
    endloop
  endfacet
  facet normal -9.931722e-01 1.166573e-01 0.000000e+00
    outer loop
      vertex   -4.148448e+01 -4.569536e+01 1.652154e+01
      vertex   -4.145467e+01 -4.544160e+01 1.652154e+01
      vertex   -4.145467e+01 -4.544160e+01 1.154308e+01
    endloop
  endfacet
  facet normal -9.311900e-01 3.645341e-01 0.000000e+00
    outer loop
      vertex   -4.145467e+01 -4.544160e+01 1.154308e+01
      vertex   -4.145467e+01 -4.544160e+01 1.652154e+01
      vertex   -4.136153e+01 -4.520367e+01 1.154308e+01
    endloop
  endfacet
  facet normal -9.931722e-01 1.166573e-01 0.000000e+00
    outer loop
      vertex   -4.148448e+01 -4.569536e+01 1.652154e+01
      vertex   -4.145467e+01 -4.544160e+01 1.154308e+01
      vertex   -4.148448e+01 -4.569536e+01 1.154308e+01
    endloop
  endfacet
  facet normal -9.903155e-01 -1.388355e-01 0.000000e+00
    outer loop
      vertex   -4.144900e+01 -4.594840e+01 1.652154e+01
      vertex   -4.148448e+01 -4.569536e+01 1.652154e+01
      vertex   -4.148448e+01 -4.569536e+01 1.154308e+01
    endloop
  endfacet
  facet normal -9.903155e-01 -1.388355e-01 -0.000000e+00
    outer loop
      vertex   -4.144900e+01 -4.594840e+01 1.652154e+01
      vertex   -4.148448e+01 -4.569536e+01 1.154308e+01
      vertex   -4.144900e+01 -4.594840e+01 1.154308e+01
    endloop
  endfacet
  facet normal -9.228062e-01 -3.852644e-01 0.000000e+00
    outer loop
      vertex   -4.135056e+01 -4.618418e+01 1.652154e+01
      vertex   -4.144900e+01 -4.594840e+01 1.652154e+01
      vertex   -4.144900e+01 -4.594840e+01 1.154308e+01
    endloop
  endfacet
  facet normal -9.228062e-01 -3.852644e-01 -0.000000e+00
    outer loop
      vertex   -4.135056e+01 -4.618418e+01 1.652154e+01
      vertex   -4.144900e+01 -4.594840e+01 1.154308e+01
      vertex   -4.135056e+01 -4.618418e+01 1.154308e+01
    endloop
  endfacet
  facet normal -7.950519e-01 -6.065414e-01 0.000000e+00
    outer loop
      vertex   -4.119559e+01 -4.638732e+01 1.652154e+01
      vertex   -4.135056e+01 -4.618418e+01 1.652154e+01
      vertex   -4.135056e+01 -4.618418e+01 1.154308e+01
    endloop
  endfacet
  facet normal -7.950519e-01 -6.065414e-01 -0.000000e+00
    outer loop
      vertex   -4.119559e+01 -4.638732e+01 1.652154e+01
      vertex   -4.135056e+01 -4.618418e+01 1.154308e+01
      vertex   -4.119559e+01 -4.638732e+01 1.154308e+01
    endloop
  endfacet
  facet normal -6.153928e-01 -7.882206e-01 0.000000e+00
    outer loop
      vertex   -4.099419e+01 -4.654456e+01 1.652154e+01
      vertex   -4.119559e+01 -4.638732e+01 1.652154e+01
      vertex   -4.119559e+01 -4.638732e+01 1.154308e+01
    endloop
  endfacet
  facet normal -6.153928e-01 -7.882206e-01 -0.000000e+00
    outer loop
      vertex   -4.099419e+01 -4.654456e+01 1.652154e+01
      vertex   -4.119559e+01 -4.638732e+01 1.154308e+01
      vertex   -4.099419e+01 -4.654456e+01 1.154308e+01
    endloop
  endfacet
  facet normal -3.955579e-01 -9.184410e-01 0.000000e+00
    outer loop
      vertex   -4.075952e+01 -4.664563e+01 1.652154e+01
      vertex   -4.099419e+01 -4.654456e+01 1.652154e+01
      vertex   -4.099419e+01 -4.654456e+01 1.154308e+01
    endloop
  endfacet
  facet normal -3.955579e-01 -9.184410e-01 -0.000000e+00
    outer loop
      vertex   -4.075952e+01 -4.664563e+01 1.652154e+01
      vertex   -4.099419e+01 -4.654456e+01 1.154308e+01
      vertex   -4.075952e+01 -4.664563e+01 1.154308e+01
    endloop
  endfacet
  facet normal -1.498992e-01 -9.887013e-01 0.000000e+00
    outer loop
      vertex   -4.050690e+01 -4.668393e+01 1.652154e+01
      vertex   -4.075952e+01 -4.664563e+01 1.652154e+01
      vertex   -4.075952e+01 -4.664563e+01 1.154308e+01
    endloop
  endfacet
  facet normal -1.498992e-01 -9.887013e-01 -0.000000e+00
    outer loop
      vertex   -4.050690e+01 -4.668393e+01 1.652154e+01
      vertex   -4.075952e+01 -4.664563e+01 1.154308e+01
      vertex   -4.050690e+01 -4.668393e+01 1.154308e+01
    endloop
  endfacet
  facet normal -1.055457e-01 -9.944145e-01 -1.419262e-15
    outer loop
      vertex   -4.349327e+01 -4.668393e+01 1.586157e+00
      vertex   -4.349327e+01 -4.668393e+01 6.564618e+00
      vertex   -4.374735e+01 -4.665696e+01 1.586157e+00
    endloop
  endfacet
  facet normal -1.055457e-01 -9.944145e-01 0.000000e+00
    outer loop
      vertex   -4.374735e+01 -4.665696e+01 1.586157e+00
      vertex   -4.349327e+01 -4.668393e+01 6.564618e+00
      vertex   -4.349327e+01 -4.668393e+01 1.154308e+01
    endloop
  endfacet
  facet normal -1.055457e-01 -9.944145e-01 0.000000e+00
    outer loop
      vertex   -4.374735e+01 -4.665696e+01 1.586157e+00
      vertex   -4.349327e+01 -4.668393e+01 1.154308e+01
      vertex   -4.374735e+01 -4.665696e+01 2.150000e+01
    endloop
  endfacet
  facet normal -1.055457e-01 -9.944145e-01 0.000000e+00
    outer loop
      vertex   -4.374735e+01 -4.665696e+01 2.150000e+01
      vertex   -4.349327e+01 -4.668393e+01 1.154308e+01
      vertex   -4.349327e+01 -4.668393e+01 1.652154e+01
    endloop
  endfacet
  facet normal -1.055457e-01 -9.944145e-01 1.419646e-15
    outer loop
      vertex   -4.374735e+01 -4.665696e+01 2.150000e+01
      vertex   -4.349327e+01 -4.668393e+01 1.652154e+01
      vertex   -4.349327e+01 -4.668393e+01 2.150000e+01
    endloop
  endfacet
  facet normal 1.498992e-01 -9.887013e-01 1.411108e-15
    outer loop
      vertex   -4.349327e+01 -4.668393e+01 2.150000e+01
      vertex   -4.349327e+01 -4.668393e+01 1.652154e+01
      vertex   -4.324065e+01 -4.664563e+01 2.150000e+01
    endloop
  endfacet
  facet normal 1.498992e-01 -9.887013e-01 0.000000e+00
    outer loop
      vertex   -4.324065e+01 -4.664563e+01 2.150000e+01
      vertex   -4.349327e+01 -4.668393e+01 1.652154e+01
      vertex   -4.324065e+01 -4.664563e+01 1.652154e+01
    endloop
  endfacet
  facet normal 3.955579e-01 -9.184410e-01 0.000000e+00
    outer loop
      vertex   -4.324065e+01 -4.664563e+01 2.150000e+01
      vertex   -4.324065e+01 -4.664563e+01 1.652154e+01
      vertex   -4.300598e+01 -4.654456e+01 2.150000e+01
    endloop
  endfacet
  facet normal 3.955579e-01 -9.184410e-01 0.000000e+00
    outer loop
      vertex   -4.300598e+01 -4.654456e+01 2.150000e+01
      vertex   -4.324065e+01 -4.664563e+01 1.652154e+01
      vertex   -4.300598e+01 -4.654456e+01 1.652154e+01
    endloop
  endfacet
  facet normal 6.153928e-01 -7.882206e-01 0.000000e+00
    outer loop
      vertex   -4.300598e+01 -4.654456e+01 2.150000e+01
      vertex   -4.300598e+01 -4.654456e+01 1.652154e+01
      vertex   -4.280458e+01 -4.638732e+01 2.150000e+01
    endloop
  endfacet
  facet normal 6.153928e-01 -7.882206e-01 0.000000e+00
    outer loop
      vertex   -4.280458e+01 -4.638732e+01 2.150000e+01
      vertex   -4.300598e+01 -4.654456e+01 1.652154e+01
      vertex   -4.280458e+01 -4.638732e+01 1.652154e+01
    endloop
  endfacet
  facet normal 7.950519e-01 -6.065414e-01 0.000000e+00
    outer loop
      vertex   -4.280458e+01 -4.638732e+01 2.150000e+01
      vertex   -4.280458e+01 -4.638732e+01 1.652154e+01
      vertex   -4.264960e+01 -4.618418e+01 2.150000e+01
    endloop
  endfacet
  facet normal 7.950519e-01 -6.065414e-01 0.000000e+00
    outer loop
      vertex   -4.264960e+01 -4.618418e+01 2.150000e+01
      vertex   -4.280458e+01 -4.638732e+01 1.652154e+01
      vertex   -4.264960e+01 -4.618418e+01 1.652154e+01
    endloop
  endfacet
  facet normal 9.228062e-01 -3.852644e-01 0.000000e+00
    outer loop
      vertex   -4.264960e+01 -4.618418e+01 2.150000e+01
      vertex   -4.264960e+01 -4.618418e+01 1.652154e+01
      vertex   -4.255116e+01 -4.594840e+01 2.150000e+01
    endloop
  endfacet
  facet normal 9.228062e-01 -3.852644e-01 0.000000e+00
    outer loop
      vertex   -4.255116e+01 -4.594840e+01 2.150000e+01
      vertex   -4.264960e+01 -4.618418e+01 1.652154e+01
      vertex   -4.255116e+01 -4.594840e+01 1.652154e+01
    endloop
  endfacet
  facet normal 9.903155e-01 -1.388355e-01 0.000000e+00
    outer loop
      vertex   -4.255116e+01 -4.594840e+01 2.150000e+01
      vertex   -4.255116e+01 -4.594840e+01 1.652154e+01
      vertex   -4.251569e+01 -4.569536e+01 2.150000e+01
    endloop
  endfacet
  facet normal 9.903155e-01 -1.388355e-01 -2.826823e-15
    outer loop
      vertex   -4.251569e+01 -4.569536e+01 2.150000e+01
      vertex   -4.255116e+01 -4.594840e+01 1.652154e+01
      vertex   -4.251569e+01 -4.569536e+01 1.652154e+01
    endloop
  endfacet
  facet normal 9.931722e-01 1.166573e-01 -2.834978e-15
    outer loop
      vertex   -4.251569e+01 -4.569536e+01 2.150000e+01
      vertex   -4.251569e+01 -4.569536e+01 1.652154e+01
      vertex   -4.254550e+01 -4.544160e+01 2.150000e+01
    endloop
  endfacet
  facet normal 9.931722e-01 1.166573e-01 0.000000e+00
    outer loop
      vertex   -4.254550e+01 -4.544160e+01 2.150000e+01
      vertex   -4.251569e+01 -4.569536e+01 1.652154e+01
      vertex   -4.254550e+01 -4.544160e+01 1.652154e+01
    endloop
  endfacet
  facet normal 9.311900e-01 3.645341e-01 0.000000e+00
    outer loop
      vertex   -4.254550e+01 -4.544160e+01 2.150000e+01
      vertex   -4.254550e+01 -4.544160e+01 1.652154e+01
      vertex   -4.263864e+01 -4.520367e+01 2.150000e+01
    endloop
  endfacet
  facet normal 9.311900e-01 3.645341e-01 0.000000e+00
    outer loop
      vertex   -4.263864e+01 -4.520367e+01 2.150000e+01
      vertex   -4.254550e+01 -4.544160e+01 1.652154e+01
      vertex   -4.263864e+01 -4.520367e+01 1.652154e+01
    endloop
  endfacet
  facet normal 8.084154e-01 5.886125e-01 0.000000e+00
    outer loop
      vertex   -4.263864e+01 -4.520367e+01 2.150000e+01
      vertex   -4.263864e+01 -4.520367e+01 1.652154e+01
      vertex   -4.278904e+01 -4.499711e+01 2.150000e+01
    endloop
  endfacet
  facet normal 8.084154e-01 5.886125e-01 0.000000e+00
    outer loop
      vertex   -4.278904e+01 -4.499711e+01 2.150000e+01
      vertex   -4.263864e+01 -4.520367e+01 1.652154e+01
      vertex   -4.263864e+01 -4.520367e+01 1.154308e+01
    endloop
  endfacet
  facet normal 8.084154e-01 5.886125e-01 0.000000e+00
    outer loop
      vertex   -4.278904e+01 -4.499711e+01 2.150000e+01
      vertex   -4.263864e+01 -4.520367e+01 1.154308e+01
      vertex   -4.278904e+01 -4.499711e+01 1.586157e+00
    endloop
  endfacet
  facet normal 8.084154e-01 5.886125e-01 0.000000e+00
    outer loop
      vertex   -4.278904e+01 -4.499711e+01 1.586157e+00
      vertex   -4.263864e+01 -4.520367e+01 1.154308e+01
      vertex   -4.263864e+01 -4.520367e+01 6.564618e+00
    endloop
  endfacet
  facet normal 8.084154e-01 5.886125e-01 0.000000e+00
    outer loop
      vertex   -4.278904e+01 -4.499711e+01 1.586157e+00
      vertex   -4.263864e+01 -4.520367e+01 6.564618e+00
      vertex   -4.263864e+01 -4.520367e+01 1.586157e+00
    endloop
  endfacet
  facet normal 9.311900e-01 3.645341e-01 -0.000000e+00
    outer loop
      vertex   -4.263864e+01 -4.520367e+01 1.586157e+00
      vertex   -4.263864e+01 -4.520367e+01 6.564618e+00
      vertex   -4.254550e+01 -4.544160e+01 1.586157e+00
    endloop
  endfacet
  facet normal 9.311900e-01 3.645341e-01 -0.000000e+00
    outer loop
      vertex   -4.254550e+01 -4.544160e+01 1.586157e+00
      vertex   -4.263864e+01 -4.520367e+01 6.564618e+00
      vertex   -4.254550e+01 -4.544160e+01 6.564618e+00
    endloop
  endfacet
  facet normal 9.931722e-01 1.166573e-01 -0.000000e+00
    outer loop
      vertex   -4.254550e+01 -4.544160e+01 1.586157e+00
      vertex   -4.254550e+01 -4.544160e+01 6.564618e+00
      vertex   -4.251569e+01 -4.569536e+01 1.586157e+00
    endloop
  endfacet
  facet normal 9.931722e-01 1.166573e-01 2.834978e-15
    outer loop
      vertex   -4.251569e+01 -4.569536e+01 1.586157e+00
      vertex   -4.254550e+01 -4.544160e+01 6.564618e+00
      vertex   -4.251569e+01 -4.569536e+01 6.564618e+00
    endloop
  endfacet
  facet normal 9.903155e-01 -1.388355e-01 2.826823e-15
    outer loop
      vertex   -4.251569e+01 -4.569536e+01 1.586157e+00
      vertex   -4.251569e+01 -4.569536e+01 6.564618e+00
      vertex   -4.255116e+01 -4.594840e+01 1.586157e+00
    endloop
  endfacet
  facet normal 9.903155e-01 -1.388355e-01 0.000000e+00
    outer loop
      vertex   -4.255116e+01 -4.594840e+01 1.586157e+00
      vertex   -4.251569e+01 -4.569536e+01 6.564618e+00
      vertex   -4.255116e+01 -4.594840e+01 6.564618e+00
    endloop
  endfacet
  facet normal 9.228062e-01 -3.852644e-01 0.000000e+00
    outer loop
      vertex   -4.255116e+01 -4.594840e+01 1.586157e+00
      vertex   -4.255116e+01 -4.594840e+01 6.564618e+00
      vertex   -4.264960e+01 -4.618418e+01 1.586157e+00
    endloop
  endfacet
  facet normal 9.228062e-01 -3.852644e-01 0.000000e+00
    outer loop
      vertex   -4.264960e+01 -4.618418e+01 1.586157e+00
      vertex   -4.255116e+01 -4.594840e+01 6.564618e+00
      vertex   -4.264960e+01 -4.618418e+01 6.564618e+00
    endloop
  endfacet
  facet normal 7.950519e-01 -6.065414e-01 0.000000e+00
    outer loop
      vertex   -4.264960e+01 -4.618418e+01 1.586157e+00
      vertex   -4.264960e+01 -4.618418e+01 6.564618e+00
      vertex   -4.280458e+01 -4.638732e+01 1.586157e+00
    endloop
  endfacet
  facet normal 7.950519e-01 -6.065414e-01 0.000000e+00
    outer loop
      vertex   -4.280458e+01 -4.638732e+01 1.586157e+00
      vertex   -4.264960e+01 -4.618418e+01 6.564618e+00
      vertex   -4.280458e+01 -4.638732e+01 6.564618e+00
    endloop
  endfacet
  facet normal 6.153928e-01 -7.882206e-01 0.000000e+00
    outer loop
      vertex   -4.280458e+01 -4.638732e+01 1.586157e+00
      vertex   -4.280458e+01 -4.638732e+01 6.564618e+00
      vertex   -4.300598e+01 -4.654456e+01 1.586157e+00
    endloop
  endfacet
  facet normal 6.153928e-01 -7.882206e-01 0.000000e+00
    outer loop
      vertex   -4.300598e+01 -4.654456e+01 1.586157e+00
      vertex   -4.280458e+01 -4.638732e+01 6.564618e+00
      vertex   -4.300598e+01 -4.654456e+01 6.564618e+00
    endloop
  endfacet
  facet normal 3.955579e-01 -9.184410e-01 0.000000e+00
    outer loop
      vertex   -4.300598e+01 -4.654456e+01 1.586157e+00
      vertex   -4.300598e+01 -4.654456e+01 6.564618e+00
      vertex   -4.324065e+01 -4.664563e+01 1.586157e+00
    endloop
  endfacet
  facet normal 3.955579e-01 -9.184410e-01 0.000000e+00
    outer loop
      vertex   -4.324065e+01 -4.664563e+01 1.586157e+00
      vertex   -4.300598e+01 -4.654456e+01 6.564618e+00
      vertex   -4.324065e+01 -4.664563e+01 6.564618e+00
    endloop
  endfacet
  facet normal 1.498992e-01 -9.887013e-01 0.000000e+00
    outer loop
      vertex   -4.324065e+01 -4.664563e+01 1.586157e+00
      vertex   -4.324065e+01 -4.664563e+01 6.564618e+00
      vertex   -4.349327e+01 -4.668393e+01 1.586157e+00
    endloop
  endfacet
  facet normal 1.498992e-01 -9.887013e-01 -1.411108e-15
    outer loop
      vertex   -4.349327e+01 -4.668393e+01 1.586157e+00
      vertex   -4.324065e+01 -4.664563e+01 6.564618e+00
      vertex   -4.349327e+01 -4.668393e+01 6.564618e+00
    endloop
  endfacet
  facet normal 1.498992e-01 -9.887013e-01 0.000000e+00
    outer loop
      vertex   -4.324065e+01 -4.664563e+01 1.652154e+01
      vertex   -4.349327e+01 -4.668393e+01 1.652154e+01
      vertex   -4.349327e+01 -4.668393e+01 1.154308e+01
    endloop
  endfacet
  facet normal 1.498992e-01 -9.887013e-01 0.000000e+00
    outer loop
      vertex   -4.349327e+01 -4.668393e+01 1.154308e+01
      vertex   -4.349327e+01 -4.668393e+01 6.564618e+00
      vertex   -4.324065e+01 -4.664563e+01 1.154308e+01
    endloop
  endfacet
  facet normal 1.498992e-01 -9.887013e-01 0.000000e+00
    outer loop
      vertex   -4.324065e+01 -4.664563e+01 1.154308e+01
      vertex   -4.349327e+01 -4.668393e+01 6.564618e+00
      vertex   -4.324065e+01 -4.664563e+01 6.564618e+00
    endloop
  endfacet
  facet normal 3.955579e-01 -9.184410e-01 0.000000e+00
    outer loop
      vertex   -4.324065e+01 -4.664563e+01 1.154308e+01
      vertex   -4.324065e+01 -4.664563e+01 6.564618e+00
      vertex   -4.300598e+01 -4.654456e+01 1.154308e+01
    endloop
  endfacet
  facet normal 3.955579e-01 -9.184410e-01 0.000000e+00
    outer loop
      vertex   -4.300598e+01 -4.654456e+01 1.154308e+01
      vertex   -4.324065e+01 -4.664563e+01 6.564618e+00
      vertex   -4.300598e+01 -4.654456e+01 6.564618e+00
    endloop
  endfacet
  facet normal 6.153928e-01 -7.882206e-01 0.000000e+00
    outer loop
      vertex   -4.300598e+01 -4.654456e+01 1.154308e+01
      vertex   -4.300598e+01 -4.654456e+01 6.564618e+00
      vertex   -4.280458e+01 -4.638732e+01 1.154308e+01
    endloop
  endfacet
  facet normal 6.153928e-01 -7.882206e-01 0.000000e+00
    outer loop
      vertex   -4.280458e+01 -4.638732e+01 1.154308e+01
      vertex   -4.300598e+01 -4.654456e+01 6.564618e+00
      vertex   -4.280458e+01 -4.638732e+01 6.564618e+00
    endloop
  endfacet
  facet normal 7.950519e-01 -6.065414e-01 0.000000e+00
    outer loop
      vertex   -4.280458e+01 -4.638732e+01 1.154308e+01
      vertex   -4.280458e+01 -4.638732e+01 6.564618e+00
      vertex   -4.264960e+01 -4.618418e+01 1.154308e+01
    endloop
  endfacet
  facet normal 7.950519e-01 -6.065414e-01 0.000000e+00
    outer loop
      vertex   -4.264960e+01 -4.618418e+01 1.154308e+01
      vertex   -4.280458e+01 -4.638732e+01 6.564618e+00
      vertex   -4.264960e+01 -4.618418e+01 6.564618e+00
    endloop
  endfacet
  facet normal 9.228062e-01 -3.852644e-01 0.000000e+00
    outer loop
      vertex   -4.264960e+01 -4.618418e+01 1.154308e+01
      vertex   -4.264960e+01 -4.618418e+01 6.564618e+00
      vertex   -4.255116e+01 -4.594840e+01 1.154308e+01
    endloop
  endfacet
  facet normal 9.228062e-01 -3.852644e-01 0.000000e+00
    outer loop
      vertex   -4.255116e+01 -4.594840e+01 1.154308e+01
      vertex   -4.264960e+01 -4.618418e+01 6.564618e+00
      vertex   -4.255116e+01 -4.594840e+01 6.564618e+00
    endloop
  endfacet
  facet normal 9.903155e-01 -1.388355e-01 0.000000e+00
    outer loop
      vertex   -4.255116e+01 -4.594840e+01 1.154308e+01
      vertex   -4.255116e+01 -4.594840e+01 6.564618e+00
      vertex   -4.251569e+01 -4.569536e+01 1.154308e+01
    endloop
  endfacet
  facet normal 9.903155e-01 -1.388355e-01 0.000000e+00
    outer loop
      vertex   -4.251569e+01 -4.569536e+01 1.154308e+01
      vertex   -4.255116e+01 -4.594840e+01 6.564618e+00
      vertex   -4.251569e+01 -4.569536e+01 6.564618e+00
    endloop
  endfacet
  facet normal 9.931722e-01 1.166573e-01 0.000000e+00
    outer loop
      vertex   -4.251569e+01 -4.569536e+01 1.154308e+01
      vertex   -4.251569e+01 -4.569536e+01 6.564618e+00
      vertex   -4.254550e+01 -4.544160e+01 1.154308e+01
    endloop
  endfacet
  facet normal 9.931722e-01 1.166573e-01 0.000000e+00
    outer loop
      vertex   -4.254550e+01 -4.544160e+01 1.154308e+01
      vertex   -4.251569e+01 -4.569536e+01 6.564618e+00
      vertex   -4.254550e+01 -4.544160e+01 6.564618e+00
    endloop
  endfacet
  facet normal 9.311900e-01 3.645341e-01 0.000000e+00
    outer loop
      vertex   -4.254550e+01 -4.544160e+01 1.154308e+01
      vertex   -4.254550e+01 -4.544160e+01 6.564618e+00
      vertex   -4.263864e+01 -4.520367e+01 1.154308e+01
    endloop
  endfacet
  facet normal 9.311900e-01 3.645341e-01 0.000000e+00
    outer loop
      vertex   -4.263864e+01 -4.520367e+01 1.154308e+01
      vertex   -4.254550e+01 -4.544160e+01 6.564618e+00
      vertex   -4.263864e+01 -4.520367e+01 6.564618e+00
    endloop
  endfacet
  facet normal 3.955579e-01 -9.184410e-01 0.000000e+00
    outer loop
      vertex   -4.300598e+01 -4.654456e+01 1.652154e+01
      vertex   -4.324065e+01 -4.664563e+01 1.652154e+01
      vertex   -4.324065e+01 -4.664563e+01 1.154308e+01
    endloop
  endfacet
  facet normal 1.498992e-01 -9.887013e-01 0.000000e+00
    outer loop
      vertex   -4.324065e+01 -4.664563e+01 1.154308e+01
      vertex   -4.324065e+01 -4.664563e+01 1.652154e+01
      vertex   -4.349327e+01 -4.668393e+01 1.154308e+01
    endloop
  endfacet
  facet normal 3.955579e-01 -9.184410e-01 0.000000e+00
    outer loop
      vertex   -4.300598e+01 -4.654456e+01 1.652154e+01
      vertex   -4.324065e+01 -4.664563e+01 1.154308e+01
      vertex   -4.300598e+01 -4.654456e+01 1.154308e+01
    endloop
  endfacet
  facet normal 6.153928e-01 -7.882206e-01 0.000000e+00
    outer loop
      vertex   -4.280458e+01 -4.638732e+01 1.652154e+01
      vertex   -4.300598e+01 -4.654456e+01 1.652154e+01
      vertex   -4.300598e+01 -4.654456e+01 1.154308e+01
    endloop
  endfacet
  facet normal 6.153928e-01 -7.882206e-01 0.000000e+00
    outer loop
      vertex   -4.280458e+01 -4.638732e+01 1.652154e+01
      vertex   -4.300598e+01 -4.654456e+01 1.154308e+01
      vertex   -4.280458e+01 -4.638732e+01 1.154308e+01
    endloop
  endfacet
  facet normal 7.950519e-01 -6.065414e-01 0.000000e+00
    outer loop
      vertex   -4.264960e+01 -4.618418e+01 1.652154e+01
      vertex   -4.280458e+01 -4.638732e+01 1.652154e+01
      vertex   -4.280458e+01 -4.638732e+01 1.154308e+01
    endloop
  endfacet
  facet normal 7.950519e-01 -6.065414e-01 0.000000e+00
    outer loop
      vertex   -4.264960e+01 -4.618418e+01 1.652154e+01
      vertex   -4.280458e+01 -4.638732e+01 1.154308e+01
      vertex   -4.264960e+01 -4.618418e+01 1.154308e+01
    endloop
  endfacet
  facet normal 9.228062e-01 -3.852644e-01 0.000000e+00
    outer loop
      vertex   -4.255116e+01 -4.594840e+01 1.652154e+01
      vertex   -4.264960e+01 -4.618418e+01 1.652154e+01
      vertex   -4.264960e+01 -4.618418e+01 1.154308e+01
    endloop
  endfacet
  facet normal 9.228062e-01 -3.852644e-01 0.000000e+00
    outer loop
      vertex   -4.255116e+01 -4.594840e+01 1.652154e+01
      vertex   -4.264960e+01 -4.618418e+01 1.154308e+01
      vertex   -4.255116e+01 -4.594840e+01 1.154308e+01
    endloop
  endfacet
  facet normal 9.903155e-01 -1.388355e-01 0.000000e+00
    outer loop
      vertex   -4.251569e+01 -4.569536e+01 1.652154e+01
      vertex   -4.255116e+01 -4.594840e+01 1.652154e+01
      vertex   -4.255116e+01 -4.594840e+01 1.154308e+01
    endloop
  endfacet
  facet normal 9.903155e-01 -1.388355e-01 0.000000e+00
    outer loop
      vertex   -4.251569e+01 -4.569536e+01 1.652154e+01
      vertex   -4.255116e+01 -4.594840e+01 1.154308e+01
      vertex   -4.251569e+01 -4.569536e+01 1.154308e+01
    endloop
  endfacet
  facet normal 9.931722e-01 1.166573e-01 0.000000e+00
    outer loop
      vertex   -4.254550e+01 -4.544160e+01 1.652154e+01
      vertex   -4.251569e+01 -4.569536e+01 1.652154e+01
      vertex   -4.251569e+01 -4.569536e+01 1.154308e+01
    endloop
  endfacet
  facet normal 9.931722e-01 1.166573e-01 0.000000e+00
    outer loop
      vertex   -4.254550e+01 -4.544160e+01 1.652154e+01
      vertex   -4.251569e+01 -4.569536e+01 1.154308e+01
      vertex   -4.254550e+01 -4.544160e+01 1.154308e+01
    endloop
  endfacet
  facet normal 9.311900e-01 3.645341e-01 0.000000e+00
    outer loop
      vertex   -4.263864e+01 -4.520367e+01 1.652154e+01
      vertex   -4.254550e+01 -4.544160e+01 1.652154e+01
      vertex   -4.254550e+01 -4.544160e+01 1.154308e+01
    endloop
  endfacet
  facet normal 9.311900e-01 3.645341e-01 0.000000e+00
    outer loop
      vertex   -4.263864e+01 -4.520367e+01 1.652154e+01
      vertex   -4.254550e+01 -4.544160e+01 1.154308e+01
      vertex   -4.263864e+01 -4.520367e+01 1.154308e+01
    endloop
  endfacet
  facet normal 3.436216e-01 -9.391082e-01 0.000000e+00
    outer loop
      vertex   -4.240560e+01 -4.485681e+01 1.586157e+00
      vertex   -4.240560e+01 -4.485681e+01 8.224105e+00
      vertex   -4.278904e+01 -4.499711e+01 1.586157e+00
    endloop
  endfacet
  facet normal 3.436216e-01 -9.391082e-01 0.000000e+00
    outer loop
      vertex   -4.278904e+01 -4.499711e+01 1.586157e+00
      vertex   -4.240560e+01 -4.485681e+01 8.224105e+00
      vertex   -4.240560e+01 -4.485681e+01 1.486205e+01
    endloop
  endfacet
  facet normal 3.436216e-01 -9.391082e-01 0.000000e+00
    outer loop
      vertex   -4.278904e+01 -4.499711e+01 1.586157e+00
      vertex   -4.240560e+01 -4.485681e+01 1.486205e+01
      vertex   -4.278904e+01 -4.499711e+01 2.150000e+01
    endloop
  endfacet
  facet normal 3.436216e-01 -9.391082e-01 0.000000e+00
    outer loop
      vertex   -4.278904e+01 -4.499711e+01 2.150000e+01
      vertex   -4.240560e+01 -4.485681e+01 1.486205e+01
      vertex   -4.240560e+01 -4.485681e+01 2.150000e+01
    endloop
  endfacet
  facet normal 1.166573e-01 -9.931722e-01 0.000000e+00
    outer loop
      vertex   -4.240560e+01 -4.485681e+01 2.150000e+01
      vertex   -4.240560e+01 -4.485681e+01 1.486205e+01
      vertex   -4.200008e+01 -4.480918e+01 2.150000e+01
    endloop
  endfacet
  facet normal 1.166573e-01 -9.931722e-01 0.000000e+00
    outer loop
      vertex   -4.200008e+01 -4.480918e+01 2.150000e+01
      vertex   -4.240560e+01 -4.485681e+01 1.486205e+01
      vertex   -4.200008e+01 -4.480918e+01 1.486205e+01
    endloop
  endfacet
  facet normal -1.166573e-01 -9.931722e-01 -0.000000e+00
    outer loop
      vertex   -4.200008e+01 -4.480918e+01 2.150000e+01
      vertex   -4.200008e+01 -4.480918e+01 1.486205e+01
      vertex   -4.159457e+01 -4.485681e+01 2.150000e+01
    endloop
  endfacet
  facet normal -1.166573e-01 -9.931722e-01 -0.000000e+00
    outer loop
      vertex   -4.159457e+01 -4.485681e+01 2.150000e+01
      vertex   -4.200008e+01 -4.480918e+01 1.486205e+01
      vertex   -4.159457e+01 -4.485681e+01 1.486205e+01
    endloop
  endfacet
  facet normal -3.436216e-01 -9.391082e-01 -0.000000e+00
    outer loop
      vertex   -4.159457e+01 -4.485681e+01 2.150000e+01
      vertex   -4.159457e+01 -4.485681e+01 1.486205e+01
      vertex   -4.121113e+01 -4.499711e+01 2.150000e+01
    endloop
  endfacet
  facet normal -3.436216e-01 -9.391082e-01 0.000000e+00
    outer loop
      vertex   -4.121113e+01 -4.499711e+01 2.150000e+01
      vertex   -4.159457e+01 -4.485681e+01 1.486205e+01
      vertex   -4.159457e+01 -4.485681e+01 8.224105e+00
    endloop
  endfacet
  facet normal -3.436216e-01 -9.391082e-01 -0.000000e+00
    outer loop
      vertex   -4.121113e+01 -4.499711e+01 2.150000e+01
      vertex   -4.159457e+01 -4.485681e+01 8.224105e+00
      vertex   -4.121113e+01 -4.499711e+01 1.586157e+00
    endloop
  endfacet
  facet normal -3.436216e-01 -9.391082e-01 0.000000e+00
    outer loop
      vertex   -4.121113e+01 -4.499711e+01 1.586157e+00
      vertex   -4.159457e+01 -4.485681e+01 8.224105e+00
      vertex   -4.159457e+01 -4.485681e+01 1.586157e+00
    endloop
  endfacet
  facet normal -1.166573e-01 -9.931722e-01 0.000000e+00
    outer loop
      vertex   -4.159457e+01 -4.485681e+01 1.586157e+00
      vertex   -4.159457e+01 -4.485681e+01 8.224105e+00
      vertex   -4.200008e+01 -4.480918e+01 1.586157e+00
    endloop
  endfacet
  facet normal -1.166573e-01 -9.931722e-01 0.000000e+00
    outer loop
      vertex   -4.200008e+01 -4.480918e+01 1.586157e+00
      vertex   -4.159457e+01 -4.485681e+01 8.224105e+00
      vertex   -4.200008e+01 -4.480918e+01 8.224105e+00
    endloop
  endfacet
  facet normal 1.166573e-01 -9.931722e-01 0.000000e+00
    outer loop
      vertex   -4.200008e+01 -4.480918e+01 1.586157e+00
      vertex   -4.200008e+01 -4.480918e+01 8.224105e+00
      vertex   -4.240560e+01 -4.485681e+01 1.586157e+00
    endloop
  endfacet
  facet normal 1.166573e-01 -9.931722e-01 0.000000e+00
    outer loop
      vertex   -4.240560e+01 -4.485681e+01 1.586157e+00
      vertex   -4.200008e+01 -4.480918e+01 8.224105e+00
      vertex   -4.240560e+01 -4.485681e+01 8.224105e+00
    endloop
  endfacet
  facet normal 1.166573e-01 -9.931722e-01 0.000000e+00
    outer loop
      vertex   -4.200008e+01 -4.480918e+01 1.486205e+01
      vertex   -4.240560e+01 -4.485681e+01 1.486205e+01
      vertex   -4.240560e+01 -4.485681e+01 8.224105e+00
    endloop
  endfacet
  facet normal 1.166573e-01 -9.931722e-01 0.000000e+00
    outer loop
      vertex   -4.200008e+01 -4.480918e+01 1.486205e+01
      vertex   -4.240560e+01 -4.485681e+01 8.224105e+00
      vertex   -4.200008e+01 -4.480918e+01 8.224105e+00
    endloop
  endfacet
  facet normal -1.166573e-01 -9.931722e-01 0.000000e+00
    outer loop
      vertex   -4.159457e+01 -4.485681e+01 1.486205e+01
      vertex   -4.200008e+01 -4.480918e+01 1.486205e+01
      vertex   -4.200008e+01 -4.480918e+01 8.224105e+00
    endloop
  endfacet
  facet normal -1.166573e-01 -9.931722e-01 -0.000000e+00
    outer loop
      vertex   -4.159457e+01 -4.485681e+01 1.486205e+01
      vertex   -4.200008e+01 -4.480918e+01 8.224105e+00
      vertex   -4.159457e+01 -4.485681e+01 8.224105e+00
    endloop
  endfacet
  facet normal 0.000000e+00 0.000000e+00 -1.000000e+00
    outer loop
      vertex   -4.278904e+01 -4.499711e+01 2.150000e+01
      vertex   -4.240560e+01 -4.485681e+01 2.150000e+01
      vertex   -4.263864e+01 -4.520367e+01 2.150000e+01
    endloop
  endfacet
  facet normal 0.000000e+00 0.000000e+00 -1.000000e+00
    outer loop
      vertex   -4.263864e+01 -4.520367e+01 2.150000e+01
      vertex   -4.240560e+01 -4.485681e+01 2.150000e+01
      vertex   -4.200008e+01 -4.480918e+01 2.150000e+01
    endloop
  endfacet
  facet normal 0.000000e+00 0.000000e+00 -1.000000e+00
    outer loop
      vertex   -4.263864e+01 -4.520367e+01 2.150000e+01
      vertex   -4.200008e+01 -4.480918e+01 2.150000e+01
      vertex   -4.254550e+01 -4.544160e+01 2.150000e+01
    endloop
  endfacet
  facet normal 0.000000e+00 0.000000e+00 -1.000000e+00
    outer loop
      vertex   -4.254550e+01 -4.544160e+01 2.150000e+01
      vertex   -4.200008e+01 -4.480918e+01 2.150000e+01
      vertex   -4.145467e+01 -4.544160e+01 2.150000e+01
    endloop
  endfacet
  facet normal 0.000000e+00 0.000000e+00 -1.000000e+00
    outer loop
      vertex   -4.254550e+01 -4.544160e+01 2.150000e+01
      vertex   -4.145467e+01 -4.544160e+01 2.150000e+01
      vertex   -4.251569e+01 -4.569536e+01 2.150000e+01
    endloop
  endfacet
  facet normal 0.000000e+00 0.000000e+00 -1.000000e+00
    outer loop
      vertex   -4.251569e+01 -4.569536e+01 2.150000e+01
      vertex   -4.145467e+01 -4.544160e+01 2.150000e+01
      vertex   -4.148448e+01 -4.569536e+01 2.150000e+01
    endloop
  endfacet
  facet normal 0.000000e+00 -0.000000e+00 -1.000000e+00
    outer loop
      vertex   -4.251569e+01 -4.569536e+01 2.150000e+01
      vertex   -4.148448e+01 -4.569536e+01 2.150000e+01
      vertex   -4.255116e+01 -4.594840e+01 2.150000e+01
    endloop
  endfacet
  facet normal 0.000000e+00 0.000000e+00 -1.000000e+00
    outer loop
      vertex   -4.255116e+01 -4.594840e+01 2.150000e+01
      vertex   -4.148448e+01 -4.569536e+01 2.150000e+01
      vertex   -4.144900e+01 -4.594840e+01 2.150000e+01
    endloop
  endfacet
  facet normal 0.000000e+00 -0.000000e+00 -1.000000e+00
    outer loop
      vertex   -4.255116e+01 -4.594840e+01 2.150000e+01
      vertex   -4.144900e+01 -4.594840e+01 2.150000e+01
      vertex   -4.264960e+01 -4.618418e+01 2.150000e+01
    endloop
  endfacet
  facet normal 0.000000e+00 0.000000e+00 -1.000000e+00
    outer loop
      vertex   -4.264960e+01 -4.618418e+01 2.150000e+01
      vertex   -4.144900e+01 -4.594840e+01 2.150000e+01
      vertex   -4.135056e+01 -4.618418e+01 2.150000e+01
    endloop
  endfacet
  facet normal 0.000000e+00 0.000000e+00 -1.000000e+00
    outer loop
      vertex   -4.264960e+01 -4.618418e+01 2.150000e+01
      vertex   -4.135056e+01 -4.618418e+01 2.150000e+01
      vertex   -4.200008e+01 -4.730918e+01 2.150000e+01
    endloop
  endfacet
  facet normal 0.000000e+00 0.000000e+00 -1.000000e+00
    outer loop
      vertex   -4.200008e+01 -4.730918e+01 2.150000e+01
      vertex   -4.135056e+01 -4.618418e+01 2.150000e+01
      vertex   -4.119559e+01 -4.638732e+01 2.150000e+01
    endloop
  endfacet
  facet normal 0.000000e+00 0.000000e+00 -1.000000e+00
    outer loop
      vertex   -4.200008e+01 -4.730918e+01 2.150000e+01
      vertex   -4.119559e+01 -4.638732e+01 2.150000e+01
      vertex   -4.174667e+01 -4.734182e+01 2.150000e+01
    endloop
  endfacet
  facet normal 0.000000e+00 0.000000e+00 -1.000000e+00
    outer loop
      vertex   -4.174667e+01 -4.734182e+01 2.150000e+01
      vertex   -4.119559e+01 -4.638732e+01 2.150000e+01
      vertex   -4.099419e+01 -4.654456e+01 2.150000e+01
    endloop
  endfacet
  facet normal 0.000000e+00 0.000000e+00 -1.000000e+00
    outer loop
      vertex   -4.174667e+01 -4.734182e+01 2.150000e+01
      vertex   -4.099419e+01 -4.654456e+01 2.150000e+01
      vertex   -4.150980e+01 -4.743762e+01 2.150000e+01
    endloop
  endfacet
  facet normal 0.000000e+00 0.000000e+00 -1.000000e+00
    outer loop
      vertex   -4.150980e+01 -4.743762e+01 2.150000e+01
      vertex   -4.099419e+01 -4.654456e+01 2.150000e+01
      vertex   -4.075952e+01 -4.664563e+01 2.150000e+01
    endloop
  endfacet
  facet normal 0.000000e+00 0.000000e+00 -1.000000e+00
    outer loop
      vertex   -4.150980e+01 -4.743762e+01 2.150000e+01
      vertex   -4.075952e+01 -4.664563e+01 2.150000e+01
      vertex   -4.130494e+01 -4.759032e+01 2.150000e+01
    endloop
  endfacet
  facet normal 0.000000e+00 0.000000e+00 -1.000000e+00
    outer loop
      vertex   -4.130494e+01 -4.759032e+01 2.150000e+01
      vertex   -4.075952e+01 -4.664563e+01 2.150000e+01
      vertex   -4.048454e+01 -4.743418e+01 2.150000e+01
    endloop
  endfacet
  facet normal 0.000000e+00 0.000000e+00 -1.000000e+00
    outer loop
      vertex   -4.130494e+01 -4.759032e+01 2.150000e+01
      vertex   -4.048454e+01 -4.743418e+01 2.150000e+01
      vertex   -4.072855e+01 -4.776155e+01 2.150000e+01
    endloop
  endfacet
  facet normal 0.000000e+00 0.000000e+00 -1.000000e+00
    outer loop
      vertex   -4.145467e+01 -4.544160e+01 2.150000e+01
      vertex   -4.200008e+01 -4.480918e+01 2.150000e+01
      vertex   -4.136153e+01 -4.520367e+01 2.150000e+01
    endloop
  endfacet
  facet normal 0.000000e+00 0.000000e+00 -1.000000e+00
    outer loop
      vertex   -4.136153e+01 -4.520367e+01 2.150000e+01
      vertex   -4.200008e+01 -4.480918e+01 2.150000e+01
      vertex   -4.159457e+01 -4.485681e+01 2.150000e+01
    endloop
  endfacet
  facet normal 0.000000e+00 0.000000e+00 -1.000000e+00
    outer loop
      vertex   -4.136153e+01 -4.520367e+01 2.150000e+01
      vertex   -4.159457e+01 -4.485681e+01 2.150000e+01
      vertex   -4.121113e+01 -4.499711e+01 2.150000e+01
    endloop
  endfacet
  facet normal 0.000000e+00 0.000000e+00 -1.000000e+00
    outer loop
      vertex   -4.048454e+01 -4.743418e+01 2.150000e+01
      vertex   -4.075952e+01 -4.664563e+01 2.150000e+01
      vertex   -4.032303e+01 -4.705918e+01 2.150000e+01
    endloop
  endfacet
  facet normal 0.000000e+00 0.000000e+00 -1.000000e+00
    outer loop
      vertex   -4.032303e+01 -4.705918e+01 2.150000e+01
      vertex   -4.075952e+01 -4.664563e+01 2.150000e+01
      vertex   -4.050690e+01 -4.668393e+01 2.150000e+01
    endloop
  endfacet
  facet normal 0.000000e+00 0.000000e+00 -1.000000e+00
    outer loop
      vertex   -4.032303e+01 -4.705918e+01 2.150000e+01
      vertex   -4.050690e+01 -4.668393e+01 2.150000e+01
      vertex   -4.025282e+01 -4.665696e+01 2.150000e+01
    endloop
  endfacet
  facet normal 0.000000e+00 0.000000e+00 -1.000000e+00
    outer loop
      vertex   -4.104177e+01 -4.802347e+01 2.150000e+01
      vertex   -4.114545e+01 -4.778994e+01 2.150000e+01
      vertex   -4.072855e+01 -4.776155e+01 2.150000e+01
    endloop
  endfacet
  facet normal -0.000000e+00 0.000000e+00 -1.000000e+00
    outer loop
      vertex   -4.072855e+01 -4.776155e+01 2.150000e+01
      vertex   -4.114545e+01 -4.778994e+01 2.150000e+01
      vertex   -4.130494e+01 -4.759032e+01 2.150000e+01
    endloop
  endfacet
  facet normal 0.000000e+00 -0.000000e+00 -1.000000e+00
    outer loop
      vertex   -4.264960e+01 -4.618418e+01 2.150000e+01
      vertex   -4.200008e+01 -4.730918e+01 2.150000e+01
      vertex   -4.280458e+01 -4.638732e+01 2.150000e+01
    endloop
  endfacet
  facet normal 0.000000e+00 0.000000e+00 -1.000000e+00
    outer loop
      vertex   -4.280458e+01 -4.638732e+01 2.150000e+01
      vertex   -4.200008e+01 -4.730918e+01 2.150000e+01
      vertex   -4.225350e+01 -4.734182e+01 2.150000e+01
    endloop
  endfacet
  facet normal 0.000000e+00 -0.000000e+00 -1.000000e+00
    outer loop
      vertex   -4.280458e+01 -4.638732e+01 2.150000e+01
      vertex   -4.225350e+01 -4.734182e+01 2.150000e+01
      vertex   -4.300598e+01 -4.654456e+01 2.150000e+01
    endloop
  endfacet
  facet normal 0.000000e+00 0.000000e+00 -1.000000e+00
    outer loop
      vertex   -4.300598e+01 -4.654456e+01 2.150000e+01
      vertex   -4.225350e+01 -4.734182e+01 2.150000e+01
      vertex   -4.249037e+01 -4.743762e+01 2.150000e+01
    endloop
  endfacet
  facet normal 0.000000e+00 -0.000000e+00 -1.000000e+00
    outer loop
      vertex   -4.300598e+01 -4.654456e+01 2.150000e+01
      vertex   -4.249037e+01 -4.743762e+01 2.150000e+01
      vertex   -4.324065e+01 -4.664563e+01 2.150000e+01
    endloop
  endfacet
  facet normal 0.000000e+00 0.000000e+00 -1.000000e+00
    outer loop
      vertex   -4.324065e+01 -4.664563e+01 2.150000e+01
      vertex   -4.249037e+01 -4.743762e+01 2.150000e+01
      vertex   -4.269523e+01 -4.759032e+01 2.150000e+01
    endloop
  endfacet
  facet normal 0.000000e+00 -0.000000e+00 -1.000000e+00
    outer loop
      vertex   -4.324065e+01 -4.664563e+01 2.150000e+01
      vertex   -4.269523e+01 -4.759032e+01 2.150000e+01
      vertex   -4.351563e+01 -4.743418e+01 2.150000e+01
    endloop
  endfacet
  facet normal 0.000000e+00 0.000000e+00 -1.000000e+00
    outer loop
      vertex   -4.351563e+01 -4.743418e+01 2.150000e+01
      vertex   -4.269523e+01 -4.759032e+01 2.150000e+01
      vertex   -4.327162e+01 -4.776155e+01 2.150000e+01
    endloop
  endfacet
  facet normal 0.000000e+00 0.000000e+00 -1.000000e+00
    outer loop
      vertex   -4.327162e+01 -4.776155e+01 2.150000e+01
      vertex   -4.269523e+01 -4.759032e+01 2.150000e+01
      vertex   -4.285471e+01 -4.778994e+01 2.150000e+01
    endloop
  endfacet
  facet normal 0.000000e+00 0.000000e+00 -1.000000e+00
    outer loop
      vertex   -4.327162e+01 -4.776155e+01 2.150000e+01
      vertex   -4.285471e+01 -4.778994e+01 2.150000e+01
      vertex   -4.295840e+01 -4.802347e+01 2.150000e+01
    endloop
  endfacet
  facet normal 0.000000e+00 0.000000e+00 -1.000000e+00
    outer loop
      vertex   -4.351563e+01 -4.743418e+01 2.150000e+01
      vertex   -4.367713e+01 -4.705918e+01 2.150000e+01
      vertex   -4.324065e+01 -4.664563e+01 2.150000e+01
    endloop
  endfacet
  facet normal 0.000000e+00 0.000000e+00 -1.000000e+00
    outer loop
      vertex   -4.324065e+01 -4.664563e+01 2.150000e+01
      vertex   -4.367713e+01 -4.705918e+01 2.150000e+01
      vertex   -4.349327e+01 -4.668393e+01 2.150000e+01
    endloop
  endfacet
  facet normal -0.000000e+00 0.000000e+00 -1.000000e+00
    outer loop
      vertex   -4.349327e+01 -4.668393e+01 2.150000e+01
      vertex   -4.367713e+01 -4.705918e+01 2.150000e+01
      vertex   -4.374735e+01 -4.665696e+01 2.150000e+01
    endloop
  endfacet
  facet normal 1.000000e+00 0.000000e+00 2.842171e-15
    outer loop
      vertex   -3.901278e+01 -4.974649e+01 4.086157e+00
      vertex   -3.901278e+01 -5.194649e+01 4.086157e+00
      vertex   -3.901278e+01 -4.974649e+01 1.586157e+00
    endloop
  endfacet
  facet normal 1.000000e+00 -3.229740e-15 0.000000e+00
    outer loop
      vertex   -3.901278e+01 -4.974649e+01 1.586157e+00
      vertex   -3.901278e+01 -5.194649e+01 4.086157e+00
      vertex   -3.901278e+01 -5.194649e+01 1.586157e+00
    endloop
  endfacet
  facet normal -1.000000e+00 -1.614870e-15 1.421085e-15
    outer loop
      vertex   -2.361278e+01 -4.974649e+01 1.586157e+00
      vertex   -2.361278e+01 -5.194649e+01 1.586157e+00
      vertex   -2.361278e+01 -4.974649e+01 4.086157e+00
    endloop
  endfacet
  facet normal -1.000000e+00 -0.000000e+00 0.000000e+00
    outer loop
      vertex   -2.361278e+01 -4.974649e+01 4.086157e+00
      vertex   -2.361278e+01 -5.194649e+01 1.586157e+00
      vertex   -2.361278e+01 -5.194649e+01 4.086157e+00
    endloop
  endfacet
  facet normal 0.000000e+00 1.000000e+00 -0.000000e+00
    outer loop
      vertex   -2.361278e+01 -5.194649e+01 1.586157e+00
      vertex   -3.901278e+01 -5.194649e+01 1.586157e+00
      vertex   -2.361278e+01 -5.194649e+01 4.086157e+00
    endloop
  endfacet
  facet normal 0.000000e+00 1.000000e+00 0.000000e+00
    outer loop
      vertex   -2.361278e+01 -5.194649e+01 4.086157e+00
      vertex   -3.901278e+01 -5.194649e+01 1.586157e+00
      vertex   -3.901278e+01 -5.194649e+01 4.086157e+00
    endloop
  endfacet
  facet normal 0.000000e+00 0.000000e+00 -1.000000e+00
    outer loop
      vertex   -3.901278e+01 -4.974649e+01 4.086157e+00
      vertex   -2.361278e+01 -4.974649e+01 4.086157e+00
      vertex   -3.901278e+01 -5.194649e+01 4.086157e+00
    endloop
  endfacet
  facet normal 0.000000e+00 0.000000e+00 -1.000000e+00
    outer loop
      vertex   -3.901278e+01 -5.194649e+01 4.086157e+00
      vertex   -2.361278e+01 -4.974649e+01 4.086157e+00
      vertex   -2.361278e+01 -5.194649e+01 4.086157e+00
    endloop
  endfacet
  facet normal -1.000000e+00 0.000000e+00 0.000000e+00
    outer loop
      vertex   3.901309e+01 -4.974649e+01 1.586157e+00
      vertex   3.901309e+01 -5.194649e+01 1.586157e+00
      vertex   3.901309e+01 -4.974649e+01 4.086157e+00
    endloop
  endfacet
  facet normal -1.000000e+00 -0.000000e+00 0.000000e+00
    outer loop
      vertex   3.901309e+01 -4.974649e+01 4.086157e+00
      vertex   3.901309e+01 -5.194649e+01 1.586157e+00
      vertex   3.901309e+01 -5.194649e+01 4.086157e+00
    endloop
  endfacet
  facet normal 0.000000e+00 0.000000e+00 -1.000000e+00
    outer loop
      vertex   2.361309e+01 -4.974649e+01 4.086157e+00
      vertex   3.901309e+01 -4.974649e+01 4.086157e+00
      vertex   2.361309e+01 -5.194649e+01 4.086157e+00
    endloop
  endfacet
  facet normal 0.000000e+00 0.000000e+00 -1.000000e+00
    outer loop
      vertex   2.361309e+01 -5.194649e+01 4.086157e+00
      vertex   3.901309e+01 -4.974649e+01 4.086157e+00
      vertex   3.901309e+01 -5.194649e+01 4.086157e+00
    endloop
  endfacet
  facet normal 0.000000e+00 1.000000e+00 -0.000000e+00
    outer loop
      vertex   3.901309e+01 -5.194649e+01 1.586157e+00
      vertex   2.361309e+01 -5.194649e+01 1.586157e+00
      vertex   3.901309e+01 -5.194649e+01 4.086157e+00
    endloop
  endfacet
  facet normal 0.000000e+00 1.000000e+00 0.000000e+00
    outer loop
      vertex   3.901309e+01 -5.194649e+01 4.086157e+00
      vertex   2.361309e+01 -5.194649e+01 1.586157e+00
      vertex   2.361309e+01 -5.194649e+01 4.086157e+00
    endloop
  endfacet
  facet normal 1.000000e+00 0.000000e+00 0.000000e+00
    outer loop
      vertex   2.361309e+01 -4.974649e+01 4.086157e+00
      vertex   2.361309e+01 -5.194649e+01 4.086157e+00
      vertex   2.361309e+01 -4.974649e+01 1.586157e+00
    endloop
  endfacet
  facet normal 1.000000e+00 0.000000e+00 0.000000e+00
    outer loop
      vertex   2.361309e+01 -4.974649e+01 1.586157e+00
      vertex   2.361309e+01 -5.194649e+01 4.086157e+00
      vertex   2.361309e+01 -5.194649e+01 1.586157e+00
    endloop
  endfacet
  facet normal 3.716470e-16 -1.200323e-30 -1.000000e+00
    outer loop
      vertex   -3.901278e+01 -4.974649e+01 1.586157e+00
      vertex   -3.901278e+01 -5.194649e+01 1.586157e+00
      vertex   -4.200008e+01 -4.974649e+01 1.586157e+00
    endloop
  endfacet
  facet normal 3.274475e-18 -5.002005e-16 -1.000000e+00
    outer loop
      vertex   -4.200008e+01 -4.974649e+01 1.586157e+00
      vertex   -3.901278e+01 -5.194649e+01 1.586157e+00
      vertex   -4.718739e+01 -5.200000e+01 1.586157e+00
    endloop
  endfacet
  facet normal -3.483266e-16 3.091409e-16 -1.000000e+00
    outer loop
      vertex   -4.200008e+01 -4.974649e+01 1.586157e+00
      vertex   -4.718739e+01 -5.200000e+01 1.586157e+00
      vertex   -4.518739e+01 -4.974649e+01 1.586157e+00
    endloop
  endfacet
  facet normal 3.924793e-16 -3.483266e-16 -1.000000e+00
    outer loop
      vertex   -4.518739e+01 -4.974649e+01 1.586157e+00
      vertex   -4.718739e+01 -5.200000e+01 1.586157e+00
      vertex   -4.518739e+01 -4.655918e+01 1.586157e+00
    endloop
  endfacet
  facet normal -5.551115e-16 0.000000e+00 -1.000000e+00
    outer loop
      vertex   -4.518739e+01 -4.655918e+01 1.586157e+00
      vertex   -4.718739e+01 -5.200000e+01 1.586157e+00
      vertex   -4.718739e+01 -3.714956e+01 1.586157e+00
    endloop
  endfacet
  facet normal -1.334293e-16 8.962792e-17 -1.000000e+00
    outer loop
      vertex   -4.518739e+01 -4.655918e+01 1.586157e+00
      vertex   -4.718739e+01 -3.714956e+01 1.586157e+00
      vertex   -4.518739e+01 -3.664956e+01 1.586157e+00
    endloop
  endfacet
  facet normal -1.480297e-16 1.480297e-16 -1.000000e+00
    outer loop
      vertex   -4.518739e+01 -3.664956e+01 1.586157e+00
      vertex   -4.718739e+01 -3.714956e+01 1.586157e+00
      vertex   -4.668739e+01 -3.664956e+01 1.586157e+00
    endloop
  endfacet
  facet normal -0.000000e+00 0.000000e+00 -1.000000e+00
    outer loop
      vertex   -2.361278e+01 -5.194649e+01 1.586157e+00
      vertex   -4.418739e+01 -5.500000e+01 1.586157e+00
      vertex   -3.901278e+01 -5.194649e+01 1.586157e+00
    endloop
  endfacet
  facet normal 0.000000e+00 0.000000e+00 -1.000000e+00
    outer loop
      vertex   -3.901278e+01 -5.194649e+01 1.586157e+00
      vertex   -4.418739e+01 -5.500000e+01 1.586157e+00
      vertex   -4.653288e+01 -5.387047e+01 1.586157e+00
    endloop
  endfacet
  facet normal 0.000000e+00 0.000000e+00 -1.000000e+00
    outer loop
      vertex   -3.901278e+01 -5.194649e+01 1.586157e+00
      vertex   -4.653288e+01 -5.387047e+01 1.586157e+00
      vertex   -4.689030e+01 -5.330165e+01 1.586157e+00
    endloop
  endfacet
  facet normal 0.000000e+00 0.000000e+00 -1.000000e+00
    outer loop
      vertex   -2.361278e+01 -4.974649e+01 1.586157e+00
      vertex   -1.300000e+01 -4.974649e+01 1.586157e+00
      vertex   -2.361278e+01 -5.194649e+01 1.586157e+00
    endloop
  endfacet
  facet normal 0.000000e+00 0.000000e+00 -1.000000e+00
    outer loop
      vertex   -2.361278e+01 -5.194649e+01 1.586157e+00
      vertex   -1.300000e+01 -4.974649e+01 1.586157e+00
      vertex   -1.300000e+01 -5.400000e+01 1.586157e+00
    endloop
  endfacet
  facet normal 0.000000e+00 0.000000e+00 -1.000000e+00
    outer loop
      vertex   -2.361278e+01 -5.194649e+01 1.586157e+00
      vertex   -1.300000e+01 -5.400000e+01 1.586157e+00
      vertex   -1.400000e+01 -5.500000e+01 1.586157e+00
    endloop
  endfacet
  facet normal 0.000000e+00 0.000000e+00 -1.000000e+00
    outer loop
      vertex   -1.400000e+01 -5.500000e+01 1.586157e+00
      vertex   -4.418739e+01 -5.500000e+01 1.586157e+00
      vertex   -2.361278e+01 -5.194649e+01 1.586157e+00
    endloop
  endfacet
  facet normal 0.000000e+00 0.000000e+00 -1.000000e+00
    outer loop
      vertex   -4.485495e+01 -5.492478e+01 1.586157e+00
      vertex   -4.548904e+01 -5.470291e+01 1.586157e+00
      vertex   -4.418739e+01 -5.500000e+01 1.586157e+00
    endloop
  endfacet
  facet normal 0.000000e+00 0.000000e+00 -1.000000e+00
    outer loop
      vertex   -4.418739e+01 -5.500000e+01 1.586157e+00
      vertex   -4.548904e+01 -5.470291e+01 1.586157e+00
      vertex   -4.605786e+01 -5.434550e+01 1.586157e+00
    endloop
  endfacet
  facet normal 0.000000e+00 0.000000e+00 -1.000000e+00
    outer loop
      vertex   -4.418739e+01 -5.500000e+01 1.586157e+00
      vertex   -4.605786e+01 -5.434550e+01 1.586157e+00
      vertex   -4.653288e+01 -5.387047e+01 1.586157e+00
    endloop
  endfacet
  facet normal 0.000000e+00 0.000000e+00 -1.000000e+00
    outer loop
      vertex   -4.689030e+01 -5.330165e+01 1.586157e+00
      vertex   -4.711217e+01 -5.266756e+01 1.586157e+00
      vertex   -3.901278e+01 -5.194649e+01 1.586157e+00
    endloop
  endfacet
  facet normal 0.000000e+00 0.000000e+00 -1.000000e+00
    outer loop
      vertex   -3.901278e+01 -5.194649e+01 1.586157e+00
      vertex   -4.711217e+01 -5.266756e+01 1.586157e+00
      vertex   -4.718739e+01 -5.200000e+01 1.586157e+00
    endloop
  endfacet
  facet normal -7.071068e-01 7.071068e-01 0.000000e+00
    outer loop
      vertex   -4.668739e+01 -3.664956e+01 1.586157e+00
      vertex   -4.718739e+01 -3.714956e+01 1.586157e+00
      vertex   -4.668739e+01 -3.664956e+01 1.728612e+01
    endloop
  endfacet
  facet normal -7.071068e-01 7.071068e-01 0.000000e+00
    outer loop
      vertex   -4.668739e+01 -3.664956e+01 1.728612e+01
      vertex   -4.718739e+01 -3.714956e+01 1.586157e+00
      vertex   -4.718739e+01 -3.714956e+01 1.778612e+01
    endloop
  endfacet
  facet normal -7.071068e-01 -7.071068e-01 -0.000000e+00
    outer loop
      vertex   -4.718739e+01 -3.084957e+01 1.778612e+01
      vertex   -4.718739e+01 -3.084957e+01 1.586157e+00
      vertex   -4.668739e+01 -3.134957e+01 1.728612e+01
    endloop
  endfacet
  facet normal -7.071068e-01 -7.071068e-01 -0.000000e+00
    outer loop
      vertex   -4.668739e+01 -3.134957e+01 1.728612e+01
      vertex   -4.718739e+01 -3.084957e+01 1.586157e+00
      vertex   -4.668739e+01 -3.134957e+01 1.586157e+00
    endloop
  endfacet
  facet normal -7.071068e-01 -0.000000e+00 -7.071068e-01
    outer loop
      vertex   -4.718739e+01 -3.084957e+01 1.778612e+01
      vertex   -4.668739e+01 -3.134957e+01 1.728612e+01
      vertex   -4.718739e+01 -3.714956e+01 1.778612e+01
    endloop
  endfacet
  facet normal -7.071068e-01 0.000000e+00 -7.071068e-01
    outer loop
      vertex   -4.718739e+01 -3.714956e+01 1.778612e+01
      vertex   -4.668739e+01 -3.134957e+01 1.728612e+01
      vertex   -4.668739e+01 -3.664956e+01 1.728612e+01
    endloop
  endfacet
  facet normal -0.000000e+00 1.000000e+00 0.000000e+00
    outer loop
      vertex   -4.668739e+01 -3.664956e+01 1.586157e+00
      vertex   -4.668739e+01 -3.664956e+01 1.728612e+01
      vertex   -4.518739e+01 -3.664956e+01 1.586157e+00
    endloop
  endfacet
  facet normal 0.000000e+00 1.000000e+00 -0.000000e+00
    outer loop
      vertex   -4.518739e+01 -3.664956e+01 1.586157e+00
      vertex   -4.668739e+01 -3.664956e+01 1.728612e+01
      vertex   -4.518739e+01 -3.664956e+01 1.728612e+01
    endloop
  endfacet
  facet normal 0.000000e+00 0.000000e+00 -1.000000e+00
    outer loop
      vertex   -4.668739e+01 -3.664956e+01 1.728612e+01
      vertex   -4.668739e+01 -3.134957e+01 1.728612e+01
      vertex   -4.518739e+01 -3.664956e+01 1.728612e+01
    endloop
  endfacet
  facet normal 0.000000e+00 0.000000e+00 -1.000000e+00
    outer loop
      vertex   -4.518739e+01 -3.664956e+01 1.728612e+01
      vertex   -4.668739e+01 -3.134957e+01 1.728612e+01
      vertex   -4.518739e+01 -3.134957e+01 1.728612e+01
    endloop
  endfacet
  facet normal 0.000000e+00 -1.000000e+00 0.000000e+00
    outer loop
      vertex   -4.668739e+01 -3.134957e+01 1.728612e+01
      vertex   -4.668739e+01 -3.134957e+01 1.586157e+00
      vertex   -4.518739e+01 -3.134957e+01 1.728612e+01
    endloop
  endfacet
  facet normal 0.000000e+00 -1.000000e+00 -0.000000e+00
    outer loop
      vertex   -4.518739e+01 -3.134957e+01 1.728612e+01
      vertex   -4.668739e+01 -3.134957e+01 1.586157e+00
      vertex   -4.518739e+01 -3.134957e+01 1.586157e+00
    endloop
  endfacet
  facet normal -1.305262e-01 -6.304753e-16 9.914449e-01
    outer loop
      vertex   -4.644621e+01 2.062799e+01 2.796593e+01
      vertex   -4.644621e+01 1.504122e+01 2.796593e+01
      vertex   -4.618739e+01 2.062799e+01 2.800000e+01
    endloop
  endfacet
  facet normal -1.305262e-01 0.000000e+00 9.914449e-01
    outer loop
      vertex   -4.618739e+01 2.062799e+01 2.800000e+01
      vertex   -4.644621e+01 1.504122e+01 2.796593e+01
      vertex   -4.644621e+01 9.454454e+00 2.796593e+01
    endloop
  endfacet
  facet normal -1.305262e-01 0.000000e+00 9.914449e-01
    outer loop
      vertex   -4.618739e+01 2.062799e+01 2.800000e+01
      vertex   -4.644621e+01 9.454454e+00 2.796593e+01
      vertex   -4.644621e+01 3.867685e+00 2.796593e+01
    endloop
  endfacet
  facet normal -3.826834e-01 0.000000e+00 9.238795e-01
    outer loop
      vertex   -4.644621e+01 3.867685e+00 2.796593e+01
      vertex   -4.644621e+01 9.454454e+00 2.796593e+01
      vertex   -4.668739e+01 3.867685e+00 2.786603e+01
    endloop
  endfacet
  facet normal -3.826834e-01 0.000000e+00 9.238795e-01
    outer loop
      vertex   -4.644621e+01 3.867685e+00 2.796593e+01
      vertex   -4.668739e+01 3.867685e+00 2.786603e+01
      vertex   -4.668739e+01 -1.719084e+00 2.786603e+01
    endloop
  endfacet
  facet normal -6.087614e-01 0.000000e+00 7.933533e-01
    outer loop
      vertex   -4.668739e+01 -1.719084e+00 2.786603e+01
      vertex   -4.668739e+01 3.867685e+00 2.786603e+01
      vertex   -4.689450e+01 -1.719084e+00 2.770711e+01
    endloop
  endfacet
  facet normal -6.087614e-01 0.000000e+00 7.933533e-01
    outer loop
      vertex   -4.668739e+01 -1.719084e+00 2.786603e+01
      vertex   -4.689450e+01 -1.719084e+00 2.770711e+01
      vertex   -4.689450e+01 -7.305852e+00 2.770711e+01
    endloop
  endfacet
  facet normal -7.933533e-01 0.000000e+00 6.087614e-01
    outer loop
      vertex   -4.689450e+01 -7.305852e+00 2.770711e+01
      vertex   -4.689450e+01 -1.719084e+00 2.770711e+01
      vertex   -4.705341e+01 -7.305852e+00 2.750000e+01
    endloop
  endfacet
  facet normal -7.933533e-01 0.000000e+00 6.087614e-01
    outer loop
      vertex   -4.689450e+01 -7.305852e+00 2.770711e+01
      vertex   -4.705341e+01 -7.305852e+00 2.750000e+01
      vertex   -4.705341e+01 -1.289262e+01 2.750000e+01
    endloop
  endfacet
  facet normal -9.238795e-01 0.000000e+00 3.826834e-01
    outer loop
      vertex   -4.705341e+01 -1.289262e+01 2.750000e+01
      vertex   -4.705341e+01 -7.305852e+00 2.750000e+01
      vertex   -4.715331e+01 -1.289262e+01 2.725882e+01
    endloop
  endfacet
  facet normal -9.238795e-01 0.000000e+00 3.826834e-01
    outer loop
      vertex   -4.705341e+01 -1.289262e+01 2.750000e+01
      vertex   -4.715331e+01 -1.289262e+01 2.725882e+01
      vertex   -4.715331e+01 -1.847939e+01 2.725882e+01
    endloop
  endfacet
  facet normal -9.914449e-01 0.000000e+00 1.305262e-01
    outer loop
      vertex   -4.715331e+01 -1.847939e+01 2.725882e+01
      vertex   -4.715331e+01 -1.289262e+01 2.725882e+01
      vertex   -4.718739e+01 -5.200000e+01 2.700000e+01
    endloop
  endfacet
  facet normal -9.914449e-01 0.000000e+00 1.305262e-01
    outer loop
      vertex   -4.715331e+01 -1.847939e+01 2.725882e+01
      vertex   -4.718739e+01 -5.200000e+01 2.700000e+01
      vertex   -4.715331e+01 -2.406616e+01 2.725882e+01
    endloop
  endfacet
  facet normal -9.914449e-01 0.000000e+00 1.305262e-01
    outer loop
      vertex   -4.715331e+01 -2.406616e+01 2.725882e+01
      vertex   -4.718739e+01 -5.200000e+01 2.700000e+01
      vertex   -4.715331e+01 -2.965293e+01 2.725882e+01
    endloop
  endfacet
  facet normal -9.238795e-01 0.000000e+00 3.826834e-01
    outer loop
      vertex   -4.715331e+01 -2.406616e+01 2.725882e+01
      vertex   -4.715331e+01 -2.965293e+01 2.725882e+01
      vertex   -4.705341e+01 -2.406616e+01 2.750000e+01
    endloop
  endfacet
  facet normal -9.238795e-01 0.000000e+00 3.826834e-01
    outer loop
      vertex   -4.705341e+01 -2.406616e+01 2.750000e+01
      vertex   -4.715331e+01 -2.965293e+01 2.725882e+01
      vertex   -4.705341e+01 -2.965293e+01 2.750000e+01
    endloop
  endfacet
  facet normal -7.933533e-01 0.000000e+00 6.087614e-01
    outer loop
      vertex   -4.705341e+01 -2.406616e+01 2.750000e+01
      vertex   -4.705341e+01 -2.965293e+01 2.750000e+01
      vertex   -4.689450e+01 -2.406616e+01 2.770711e+01
    endloop
  endfacet
  facet normal -7.933533e-01 0.000000e+00 6.087614e-01
    outer loop
      vertex   -4.689450e+01 -2.406616e+01 2.770711e+01
      vertex   -4.705341e+01 -2.965293e+01 2.750000e+01
      vertex   -4.689450e+01 -2.965293e+01 2.770711e+01
    endloop
  endfacet
  facet normal -6.087614e-01 0.000000e+00 7.933533e-01
    outer loop
      vertex   -4.689450e+01 -2.406616e+01 2.770711e+01
      vertex   -4.689450e+01 -2.965293e+01 2.770711e+01
      vertex   -4.668739e+01 -2.406616e+01 2.786603e+01
    endloop
  endfacet
  facet normal -6.087614e-01 0.000000e+00 7.933533e-01
    outer loop
      vertex   -4.668739e+01 -2.406616e+01 2.786603e+01
      vertex   -4.689450e+01 -2.965293e+01 2.770711e+01
      vertex   -4.668739e+01 -2.965293e+01 2.786603e+01
    endloop
  endfacet
  facet normal -3.826834e-01 0.000000e+00 9.238795e-01
    outer loop
      vertex   -4.668739e+01 -2.406616e+01 2.786603e+01
      vertex   -4.668739e+01 -2.965293e+01 2.786603e+01
      vertex   -4.644621e+01 -2.406616e+01 2.796593e+01
    endloop
  endfacet
  facet normal -3.826834e-01 0.000000e+00 9.238795e-01
    outer loop
      vertex   -4.644621e+01 -2.406616e+01 2.796593e+01
      vertex   -4.668739e+01 -2.965293e+01 2.786603e+01
      vertex   -4.644621e+01 -2.965293e+01 2.796593e+01
    endloop
  endfacet
  facet normal -1.305262e-01 0.000000e+00 9.914449e-01
    outer loop
      vertex   -4.644621e+01 -2.406616e+01 2.796593e+01
      vertex   -4.644621e+01 -2.965293e+01 2.796593e+01
      vertex   -4.618739e+01 -5.200000e+01 2.800000e+01
    endloop
  endfacet
  facet normal -1.305262e-01 0.000000e+00 9.914449e-01
    outer loop
      vertex   -4.618739e+01 -5.200000e+01 2.800000e+01
      vertex   -4.644621e+01 -2.965293e+01 2.796593e+01
      vertex   -4.644621e+01 -3.523970e+01 2.796593e+01
    endloop
  endfacet
  facet normal -1.305262e-01 6.304023e-16 9.914449e-01
    outer loop
      vertex   -4.618739e+01 -5.200000e+01 2.800000e+01
      vertex   -4.644621e+01 -3.523970e+01 2.796593e+01
      vertex   -4.644621e+01 -4.082646e+01 2.796593e+01
    endloop
  endfacet
  facet normal -3.826834e-01 5.875095e-16 9.238795e-01
    outer loop
      vertex   -4.644621e+01 -4.082646e+01 2.796593e+01
      vertex   -4.644621e+01 -3.523970e+01 2.796593e+01
      vertex   -4.668739e+01 -4.082646e+01 2.786603e+01
    endloop
  endfacet
  facet normal -3.826834e-01 0.000000e+00 9.238795e-01
    outer loop
      vertex   -4.644621e+01 -4.082646e+01 2.796593e+01
      vertex   -4.668739e+01 -4.082646e+01 2.786603e+01
      vertex   -4.668739e+01 -4.641323e+01 2.786603e+01
    endloop
  endfacet
  facet normal -6.087614e-01 0.000000e+00 7.933533e-01
    outer loop
      vertex   -4.668739e+01 -4.641323e+01 2.786603e+01
      vertex   -4.668739e+01 -4.082646e+01 2.786603e+01
      vertex   -4.689450e+01 -4.641323e+01 2.770711e+01
    endloop
  endfacet
  facet normal -6.087614e-01 0.000000e+00 7.933533e-01
    outer loop
      vertex   -4.668739e+01 -4.641323e+01 2.786603e+01
      vertex   -4.689450e+01 -4.641323e+01 2.770711e+01
      vertex   -4.689450e+01 -5.200000e+01 2.770711e+01
    endloop
  endfacet
  facet normal -7.933533e-01 0.000000e+00 6.087614e-01
    outer loop
      vertex   -4.689450e+01 -5.200000e+01 2.770711e+01
      vertex   -4.689450e+01 -4.641323e+01 2.770711e+01
      vertex   -4.705341e+01 -5.200000e+01 2.750000e+01
    endloop
  endfacet
  facet normal -7.933533e-01 -1.396133e-15 6.087614e-01
    outer loop
      vertex   -4.705341e+01 -5.200000e+01 2.750000e+01
      vertex   -4.689450e+01 -4.641323e+01 2.770711e+01
      vertex   -4.705341e+01 -4.641323e+01 2.750000e+01
    endloop
  endfacet
  facet normal -9.238795e-01 -1.418373e-15 3.826834e-01
    outer loop
      vertex   -4.705341e+01 -5.200000e+01 2.750000e+01
      vertex   -4.705341e+01 -4.641323e+01 2.750000e+01
      vertex   -4.715331e+01 -5.200000e+01 2.725882e+01
    endloop
  endfacet
  facet normal -9.238795e-01 -2.350038e-15 3.826834e-01
    outer loop
      vertex   -4.715331e+01 -5.200000e+01 2.725882e+01
      vertex   -4.705341e+01 -4.641323e+01 2.750000e+01
      vertex   -4.715331e+01 -4.641323e+01 2.725882e+01
    endloop
  endfacet
  facet normal -9.914449e-01 -2.521901e-15 1.305262e-01
    outer loop
      vertex   -4.715331e+01 -5.200000e+01 2.725882e+01
      vertex   -4.715331e+01 -4.641323e+01 2.725882e+01
      vertex   -4.718739e+01 -5.200000e+01 2.700000e+01
    endloop
  endfacet
  facet normal -9.914449e-01 0.000000e+00 1.305262e-01
    outer loop
      vertex   -4.718739e+01 -5.200000e+01 2.700000e+01
      vertex   -4.715331e+01 -4.641323e+01 2.725882e+01
      vertex   -4.715331e+01 -4.082646e+01 2.725882e+01
    endloop
  endfacet
  facet normal -9.914449e-01 0.000000e+00 1.305262e-01
    outer loop
      vertex   -4.718739e+01 -5.200000e+01 2.700000e+01
      vertex   -4.715331e+01 -4.082646e+01 2.725882e+01
      vertex   -4.715331e+01 -3.523970e+01 2.725882e+01
    endloop
  endfacet
  facet normal -9.238795e-01 0.000000e+00 3.826834e-01
    outer loop
      vertex   -4.715331e+01 -3.523970e+01 2.725882e+01
      vertex   -4.715331e+01 -4.082646e+01 2.725882e+01
      vertex   -4.705341e+01 -3.523970e+01 2.750000e+01
    endloop
  endfacet
  facet normal -9.238795e-01 0.000000e+00 3.826834e-01
    outer loop
      vertex   -4.715331e+01 -3.523970e+01 2.725882e+01
      vertex   -4.705341e+01 -3.523970e+01 2.750000e+01
      vertex   -4.705341e+01 -2.965293e+01 2.750000e+01
    endloop
  endfacet
  facet normal -7.933533e-01 0.000000e+00 6.087614e-01
    outer loop
      vertex   -4.705341e+01 -2.965293e+01 2.750000e+01
      vertex   -4.705341e+01 -3.523970e+01 2.750000e+01
      vertex   -4.689450e+01 -2.965293e+01 2.770711e+01
    endloop
  endfacet
  facet normal -3.826834e-01 -5.875095e-16 9.238795e-01
    outer loop
      vertex   -4.644621e+01 1.504122e+01 2.796593e+01
      vertex   -4.644621e+01 2.062799e+01 2.796593e+01
      vertex   -4.668739e+01 1.504122e+01 2.786603e+01
    endloop
  endfacet
  facet normal -3.826834e-01 0.000000e+00 9.238795e-01
    outer loop
      vertex   -4.668739e+01 1.504122e+01 2.786603e+01
      vertex   -4.644621e+01 2.062799e+01 2.796593e+01
      vertex   -4.668739e+01 2.062799e+01 2.786603e+01
    endloop
  endfacet
  facet normal -6.087614e-01 0.000000e+00 7.933533e-01
    outer loop
      vertex   -4.668739e+01 1.504122e+01 2.786603e+01
      vertex   -4.668739e+01 2.062799e+01 2.786603e+01
      vertex   -4.689450e+01 1.504122e+01 2.770711e+01
    endloop
  endfacet
  facet normal -6.087614e-01 0.000000e+00 7.933533e-01
    outer loop
      vertex   -4.689450e+01 1.504122e+01 2.770711e+01
      vertex   -4.668739e+01 2.062799e+01 2.786603e+01
      vertex   -4.689450e+01 2.062799e+01 2.770711e+01
    endloop
  endfacet
  facet normal -7.933533e-01 0.000000e+00 6.087614e-01
    outer loop
      vertex   -4.689450e+01 1.504122e+01 2.770711e+01
      vertex   -4.689450e+01 2.062799e+01 2.770711e+01
      vertex   -4.705341e+01 1.504122e+01 2.750000e+01
    endloop
  endfacet
  facet normal -7.933533e-01 -3.871209e-16 6.087614e-01
    outer loop
      vertex   -4.705341e+01 1.504122e+01 2.750000e+01
      vertex   -4.689450e+01 2.062799e+01 2.770711e+01
      vertex   -4.705341e+01 2.062799e+01 2.750000e+01
    endloop
  endfacet
  facet normal -9.238795e-01 -2.433544e-16 3.826834e-01
    outer loop
      vertex   -4.705341e+01 1.504122e+01 2.750000e+01
      vertex   -4.705341e+01 2.062799e+01 2.750000e+01
      vertex   -4.715331e+01 1.504122e+01 2.725882e+01
    endloop
  endfacet
  facet normal -9.238795e-01 0.000000e+00 3.826834e-01
    outer loop
      vertex   -4.715331e+01 1.504122e+01 2.725882e+01
      vertex   -4.705341e+01 2.062799e+01 2.750000e+01
      vertex   -4.715331e+01 2.062799e+01 2.725882e+01
    endloop
  endfacet
  facet normal -9.914449e-01 0.000000e+00 1.305262e-01
    outer loop
      vertex   -4.715331e+01 1.504122e+01 2.725882e+01
      vertex   -4.715331e+01 2.062799e+01 2.725882e+01
      vertex   -4.718739e+01 2.062799e+01 2.700000e+01
    endloop
  endfacet
  facet normal -9.914449e-01 0.000000e+00 1.305262e-01
    outer loop
      vertex   -4.718739e+01 -5.200000e+01 2.700000e+01
      vertex   -4.715331e+01 -1.289262e+01 2.725882e+01
      vertex   -4.718739e+01 2.062799e+01 2.700000e+01
    endloop
  endfacet
  facet normal -9.914449e-01 0.000000e+00 1.305262e-01
    outer loop
      vertex   -4.718739e+01 2.062799e+01 2.700000e+01
      vertex   -4.715331e+01 -1.289262e+01 2.725882e+01
      vertex   -4.715331e+01 -7.305852e+00 2.725882e+01
    endloop
  endfacet
  facet normal -9.914449e-01 0.000000e+00 1.305262e-01
    outer loop
      vertex   -4.718739e+01 2.062799e+01 2.700000e+01
      vertex   -4.715331e+01 -7.305852e+00 2.725882e+01
      vertex   -4.715331e+01 -1.719084e+00 2.725882e+01
    endloop
  endfacet
  facet normal -9.238795e-01 0.000000e+00 3.826834e-01
    outer loop
      vertex   -4.715331e+01 -1.719084e+00 2.725882e+01
      vertex   -4.715331e+01 -7.305852e+00 2.725882e+01
      vertex   -4.705341e+01 -1.719084e+00 2.750000e+01
    endloop
  endfacet
  facet normal -9.238795e-01 0.000000e+00 3.826834e-01
    outer loop
      vertex   -4.715331e+01 -1.719084e+00 2.725882e+01
      vertex   -4.705341e+01 -1.719084e+00 2.750000e+01
      vertex   -4.705341e+01 3.867685e+00 2.750000e+01
    endloop
  endfacet
  facet normal -7.933533e-01 0.000000e+00 6.087614e-01
    outer loop
      vertex   -4.705341e+01 3.867685e+00 2.750000e+01
      vertex   -4.705341e+01 -1.719084e+00 2.750000e+01
      vertex   -4.689450e+01 3.867685e+00 2.770711e+01
    endloop
  endfacet
  facet normal -7.933533e-01 0.000000e+00 6.087614e-01
    outer loop
      vertex   -4.705341e+01 3.867685e+00 2.750000e+01
      vertex   -4.689450e+01 3.867685e+00 2.770711e+01
      vertex   -4.689450e+01 9.454454e+00 2.770711e+01
    endloop
  endfacet
  facet normal -6.087614e-01 0.000000e+00 7.933533e-01
    outer loop
      vertex   -4.689450e+01 9.454454e+00 2.770711e+01
      vertex   -4.689450e+01 3.867685e+00 2.770711e+01
      vertex   -4.668739e+01 9.454454e+00 2.786603e+01
    endloop
  endfacet
  facet normal -6.087614e-01 0.000000e+00 7.933533e-01
    outer loop
      vertex   -4.689450e+01 9.454454e+00 2.770711e+01
      vertex   -4.668739e+01 9.454454e+00 2.786603e+01
      vertex   -4.668739e+01 1.504122e+01 2.786603e+01
    endloop
  endfacet
  facet normal -3.826834e-01 0.000000e+00 9.238795e-01
    outer loop
      vertex   -4.668739e+01 1.504122e+01 2.786603e+01
      vertex   -4.668739e+01 9.454454e+00 2.786603e+01
      vertex   -4.644621e+01 1.504122e+01 2.796593e+01
    endloop
  endfacet
  facet normal -6.087614e-01 -1.013401e-15 7.933533e-01
    outer loop
      vertex   -4.689450e+01 -5.200000e+01 2.770711e+01
      vertex   -4.668739e+01 -5.200000e+01 2.786603e+01
      vertex   -4.668739e+01 -4.641323e+01 2.786603e+01
    endloop
  endfacet
  facet normal -3.826834e-01 -1.175019e-15 9.238795e-01
    outer loop
      vertex   -4.668739e+01 -4.641323e+01 2.786603e+01
      vertex   -4.668739e+01 -5.200000e+01 2.786603e+01
      vertex   -4.644621e+01 -4.641323e+01 2.796593e+01
    endloop
  endfacet
  facet normal -3.826834e-01 0.000000e+00 9.238795e-01
    outer loop
      vertex   -4.668739e+01 -4.641323e+01 2.786603e+01
      vertex   -4.644621e+01 -4.641323e+01 2.796593e+01
      vertex   -4.644621e+01 -4.082646e+01 2.796593e+01
    endloop
  endfacet
  facet normal -1.305262e-01 0.000000e+00 9.914449e-01
    outer loop
      vertex   -4.644621e+01 -4.082646e+01 2.796593e+01
      vertex   -4.644621e+01 -4.641323e+01 2.796593e+01
      vertex   -4.618739e+01 -5.200000e+01 2.800000e+01
    endloop
  endfacet
  facet normal -3.826834e-01 -5.875825e-16 9.238795e-01
    outer loop
      vertex   -4.668739e+01 -5.200000e+01 2.786603e+01
      vertex   -4.644621e+01 -5.200000e+01 2.796593e+01
      vertex   -4.644621e+01 -4.641323e+01 2.796593e+01
    endloop
  endfacet
  facet normal -1.305262e-01 -6.304753e-16 9.914449e-01
    outer loop
      vertex   -4.644621e+01 -4.641323e+01 2.796593e+01
      vertex   -4.644621e+01 -5.200000e+01 2.796593e+01
      vertex   -4.618739e+01 -5.200000e+01 2.800000e+01
    endloop
  endfacet
  facet normal -1.305262e-01 0.000000e+00 9.914449e-01
    outer loop
      vertex   -4.644621e+01 -2.406616e+01 2.796593e+01
      vertex   -4.618739e+01 -5.200000e+01 2.800000e+01
      vertex   -4.644621e+01 -1.847939e+01 2.796593e+01
    endloop
  endfacet
  facet normal -1.305262e-01 0.000000e+00 9.914449e-01
    outer loop
      vertex   -4.644621e+01 -1.847939e+01 2.796593e+01
      vertex   -4.618739e+01 -5.200000e+01 2.800000e+01
      vertex   -4.618739e+01 2.062799e+01 2.800000e+01
    endloop
  endfacet
  facet normal -1.305262e-01 -1.660073e-16 9.914449e-01
    outer loop
      vertex   -4.644621e+01 -1.847939e+01 2.796593e+01
      vertex   -4.618739e+01 2.062799e+01 2.800000e+01
      vertex   -4.644621e+01 -1.289262e+01 2.796593e+01
    endloop
  endfacet
  facet normal -1.305262e-01 0.000000e+00 9.914449e-01
    outer loop
      vertex   -4.644621e+01 -1.289262e+01 2.796593e+01
      vertex   -4.618739e+01 2.062799e+01 2.800000e+01
      vertex   -4.644621e+01 -7.305852e+00 2.796593e+01
    endloop
  endfacet
  facet normal -3.826834e-01 0.000000e+00 9.238795e-01
    outer loop
      vertex   -4.644621e+01 -1.289262e+01 2.796593e+01
      vertex   -4.644621e+01 -7.305852e+00 2.796593e+01
      vertex   -4.668739e+01 -1.289262e+01 2.786603e+01
    endloop
  endfacet
  facet normal -3.826834e-01 0.000000e+00 9.238795e-01
    outer loop
      vertex   -4.668739e+01 -1.289262e+01 2.786603e+01
      vertex   -4.644621e+01 -7.305852e+00 2.796593e+01
      vertex   -4.668739e+01 -7.305852e+00 2.786603e+01
    endloop
  endfacet
  facet normal -6.087614e-01 0.000000e+00 7.933533e-01
    outer loop
      vertex   -4.668739e+01 -1.289262e+01 2.786603e+01
      vertex   -4.668739e+01 -7.305852e+00 2.786603e+01
      vertex   -4.689450e+01 -1.289262e+01 2.770711e+01
    endloop
  endfacet
  facet normal -6.087614e-01 0.000000e+00 7.933533e-01
    outer loop
      vertex   -4.689450e+01 -1.289262e+01 2.770711e+01
      vertex   -4.668739e+01 -7.305852e+00 2.786603e+01
      vertex   -4.689450e+01 -7.305852e+00 2.770711e+01
    endloop
  endfacet
  facet normal -7.933533e-01 0.000000e+00 6.087614e-01
    outer loop
      vertex   -4.689450e+01 -1.289262e+01 2.770711e+01
      vertex   -4.689450e+01 -7.305852e+00 2.770711e+01
      vertex   -4.705341e+01 -1.289262e+01 2.750000e+01
    endloop
  endfacet
  facet normal -3.826834e-01 0.000000e+00 9.238795e-01
    outer loop
      vertex   -4.668739e+01 3.867685e+00 2.786603e+01
      vertex   -4.644621e+01 9.454454e+00 2.796593e+01
      vertex   -4.668739e+01 9.454454e+00 2.786603e+01
    endloop
  endfacet
  facet normal -3.826834e-01 0.000000e+00 9.238795e-01
    outer loop
      vertex   -4.668739e+01 9.454454e+00 2.786603e+01
      vertex   -4.644621e+01 9.454454e+00 2.796593e+01
      vertex   -4.644621e+01 1.504122e+01 2.796593e+01
    endloop
  endfacet
  facet normal -1.305262e-01 0.000000e+00 9.914449e-01
    outer loop
      vertex   -4.644621e+01 -7.305852e+00 2.796593e+01
      vertex   -4.618739e+01 2.062799e+01 2.800000e+01
      vertex   -4.644621e+01 -1.719084e+00 2.796593e+01
    endloop
  endfacet
  facet normal -1.305262e-01 0.000000e+00 9.914449e-01
    outer loop
      vertex   -4.644621e+01 -1.719084e+00 2.796593e+01
      vertex   -4.618739e+01 2.062799e+01 2.800000e+01
      vertex   -4.644621e+01 3.867685e+00 2.796593e+01
    endloop
  endfacet
  facet normal -3.826834e-01 0.000000e+00 9.238795e-01
    outer loop
      vertex   -4.644621e+01 -1.719084e+00 2.796593e+01
      vertex   -4.644621e+01 3.867685e+00 2.796593e+01
      vertex   -4.668739e+01 -1.719084e+00 2.786603e+01
    endloop
  endfacet
  facet normal -3.826834e-01 0.000000e+00 9.238795e-01
    outer loop
      vertex   -4.668739e+01 -7.305852e+00 2.786603e+01
      vertex   -4.644621e+01 -7.305852e+00 2.796593e+01
      vertex   -4.644621e+01 -1.719084e+00 2.796593e+01
    endloop
  endfacet
  facet normal -3.826834e-01 0.000000e+00 9.238795e-01
    outer loop
      vertex   -4.668739e+01 -7.305852e+00 2.786603e+01
      vertex   -4.644621e+01 -1.719084e+00 2.796593e+01
      vertex   -4.668739e+01 -1.719084e+00 2.786603e+01
    endloop
  endfacet
  facet normal -3.826834e-01 0.000000e+00 9.238795e-01
    outer loop
      vertex   -4.668739e+01 -2.406616e+01 2.786603e+01
      vertex   -4.644621e+01 -2.406616e+01 2.796593e+01
      vertex   -4.644621e+01 -1.847939e+01 2.796593e+01
    endloop
  endfacet
  facet normal -3.826834e-01 -4.867088e-16 9.238795e-01
    outer loop
      vertex   -4.644621e+01 -1.847939e+01 2.796593e+01
      vertex   -4.644621e+01 -1.289262e+01 2.796593e+01
      vertex   -4.668739e+01 -1.847939e+01 2.786603e+01
    endloop
  endfacet
  facet normal -3.826834e-01 0.000000e+00 9.238795e-01
    outer loop
      vertex   -4.668739e+01 -1.847939e+01 2.786603e+01
      vertex   -4.644621e+01 -1.289262e+01 2.796593e+01
      vertex   -4.668739e+01 -1.289262e+01 2.786603e+01
    endloop
  endfacet
  facet normal -6.087614e-01 0.000000e+00 7.933533e-01
    outer loop
      vertex   -4.668739e+01 -1.847939e+01 2.786603e+01
      vertex   -4.668739e+01 -1.289262e+01 2.786603e+01
      vertex   -4.689450e+01 -1.847939e+01 2.770711e+01
    endloop
  endfacet
  facet normal -6.087614e-01 0.000000e+00 7.933533e-01
    outer loop
      vertex   -4.689450e+01 -1.847939e+01 2.770711e+01
      vertex   -4.668739e+01 -1.289262e+01 2.786603e+01
      vertex   -4.689450e+01 -1.289262e+01 2.770711e+01
    endloop
  endfacet
  facet normal -7.933533e-01 0.000000e+00 6.087614e-01
    outer loop
      vertex   -4.689450e+01 -1.847939e+01 2.770711e+01
      vertex   -4.689450e+01 -1.289262e+01 2.770711e+01
      vertex   -4.705341e+01 -1.847939e+01 2.750000e+01
    endloop
  endfacet
  facet normal -7.933533e-01 0.000000e+00 6.087614e-01
    outer loop
      vertex   -4.705341e+01 -1.847939e+01 2.750000e+01
      vertex   -4.689450e+01 -1.289262e+01 2.770711e+01
      vertex   -4.705341e+01 -1.289262e+01 2.750000e+01
    endloop
  endfacet
  facet normal -9.238795e-01 0.000000e+00 3.826834e-01
    outer loop
      vertex   -4.705341e+01 -1.847939e+01 2.750000e+01
      vertex   -4.705341e+01 -1.289262e+01 2.750000e+01
      vertex   -4.715331e+01 -1.847939e+01 2.725882e+01
    endloop
  endfacet
  facet normal -3.826834e-01 0.000000e+00 9.238795e-01
    outer loop
      vertex   -4.644621e+01 -3.523970e+01 2.796593e+01
      vertex   -4.644621e+01 -2.965293e+01 2.796593e+01
      vertex   -4.668739e+01 -3.523970e+01 2.786603e+01
    endloop
  endfacet
  facet normal -3.826834e-01 0.000000e+00 9.238795e-01
    outer loop
      vertex   -4.668739e+01 -3.523970e+01 2.786603e+01
      vertex   -4.644621e+01 -2.965293e+01 2.796593e+01
      vertex   -4.668739e+01 -2.965293e+01 2.786603e+01
    endloop
  endfacet
  facet normal -6.087614e-01 0.000000e+00 7.933533e-01
    outer loop
      vertex   -4.668739e+01 -3.523970e+01 2.786603e+01
      vertex   -4.668739e+01 -2.965293e+01 2.786603e+01
      vertex   -4.689450e+01 -3.523970e+01 2.770711e+01
    endloop
  endfacet
  facet normal -6.087614e-01 0.000000e+00 7.933533e-01
    outer loop
      vertex   -4.689450e+01 -3.523970e+01 2.770711e+01
      vertex   -4.668739e+01 -2.965293e+01 2.786603e+01
      vertex   -4.689450e+01 -2.965293e+01 2.770711e+01
    endloop
  endfacet
  facet normal -7.933533e-01 0.000000e+00 6.087614e-01
    outer loop
      vertex   -4.689450e+01 -3.523970e+01 2.770711e+01
      vertex   -4.689450e+01 -2.965293e+01 2.770711e+01
      vertex   -4.705341e+01 -3.523970e+01 2.750000e+01
    endloop
  endfacet
  facet normal -6.087614e-01 0.000000e+00 7.933533e-01
    outer loop
      vertex   -4.689450e+01 9.454454e+00 2.770711e+01
      vertex   -4.668739e+01 1.504122e+01 2.786603e+01
      vertex   -4.689450e+01 1.504122e+01 2.770711e+01
    endloop
  endfacet
  facet normal -6.087614e-01 0.000000e+00 7.933533e-01
    outer loop
      vertex   -4.689450e+01 -1.719084e+00 2.770711e+01
      vertex   -4.668739e+01 3.867685e+00 2.786603e+01
      vertex   -4.689450e+01 3.867685e+00 2.770711e+01
    endloop
  endfacet
  facet normal -6.087614e-01 0.000000e+00 7.933533e-01
    outer loop
      vertex   -4.689450e+01 3.867685e+00 2.770711e+01
      vertex   -4.668739e+01 3.867685e+00 2.786603e+01
      vertex   -4.668739e+01 9.454454e+00 2.786603e+01
    endloop
  endfacet
  facet normal -6.087614e-01 0.000000e+00 7.933533e-01
    outer loop
      vertex   -4.689450e+01 -7.305852e+00 2.770711e+01
      vertex   -4.668739e+01 -7.305852e+00 2.786603e+01
      vertex   -4.668739e+01 -1.719084e+00 2.786603e+01
    endloop
  endfacet
  facet normal -6.087614e-01 0.000000e+00 7.933533e-01
    outer loop
      vertex   -4.689450e+01 -2.406616e+01 2.770711e+01
      vertex   -4.668739e+01 -2.406616e+01 2.786603e+01
      vertex   -4.668739e+01 -1.847939e+01 2.786603e+01
    endloop
  endfacet
  facet normal -3.826834e-01 0.000000e+00 9.238795e-01
    outer loop
      vertex   -4.668739e+01 -1.847939e+01 2.786603e+01
      vertex   -4.668739e+01 -2.406616e+01 2.786603e+01
      vertex   -4.644621e+01 -1.847939e+01 2.796593e+01
    endloop
  endfacet
  facet normal -6.087614e-01 0.000000e+00 7.933533e-01
    outer loop
      vertex   -4.689450e+01 -2.406616e+01 2.770711e+01
      vertex   -4.668739e+01 -1.847939e+01 2.786603e+01
      vertex   -4.689450e+01 -1.847939e+01 2.770711e+01
    endloop
  endfacet
  facet normal -3.826834e-01 0.000000e+00 9.238795e-01
    outer loop
      vertex   -4.644621e+01 -3.523970e+01 2.796593e+01
      vertex   -4.668739e+01 -3.523970e+01 2.786603e+01
      vertex   -4.668739e+01 -4.082646e+01 2.786603e+01
    endloop
  endfacet
  facet normal -6.087614e-01 0.000000e+00 7.933533e-01
    outer loop
      vertex   -4.668739e+01 -4.082646e+01 2.786603e+01
      vertex   -4.668739e+01 -3.523970e+01 2.786603e+01
      vertex   -4.689450e+01 -4.082646e+01 2.770711e+01
    endloop
  endfacet
  facet normal -6.087614e-01 0.000000e+00 7.933533e-01
    outer loop
      vertex   -4.668739e+01 -4.082646e+01 2.786603e+01
      vertex   -4.689450e+01 -4.082646e+01 2.770711e+01
      vertex   -4.689450e+01 -4.641323e+01 2.770711e+01
    endloop
  endfacet
  facet normal -7.933533e-01 0.000000e+00 6.087614e-01
    outer loop
      vertex   -4.689450e+01 -4.641323e+01 2.770711e+01
      vertex   -4.689450e+01 -4.082646e+01 2.770711e+01
      vertex   -4.705341e+01 -4.641323e+01 2.750000e+01
    endloop
  endfacet
  facet normal -6.087614e-01 0.000000e+00 7.933533e-01
    outer loop
      vertex   -4.689450e+01 -4.082646e+01 2.770711e+01
      vertex   -4.668739e+01 -3.523970e+01 2.786603e+01
      vertex   -4.689450e+01 -3.523970e+01 2.770711e+01
    endloop
  endfacet
  facet normal -7.933533e-01 0.000000e+00 6.087614e-01
    outer loop
      vertex   -4.689450e+01 9.454454e+00 2.770711e+01
      vertex   -4.689450e+01 1.504122e+01 2.770711e+01
      vertex   -4.705341e+01 9.454454e+00 2.750000e+01
    endloop
  endfacet
  facet normal -7.933533e-01 0.000000e+00 6.087614e-01
    outer loop
      vertex   -4.705341e+01 9.454454e+00 2.750000e+01
      vertex   -4.689450e+01 1.504122e+01 2.770711e+01
      vertex   -4.705341e+01 1.504122e+01 2.750000e+01
    endloop
  endfacet
  facet normal -9.238795e-01 0.000000e+00 3.826834e-01
    outer loop
      vertex   -4.705341e+01 9.454454e+00 2.750000e+01
      vertex   -4.705341e+01 1.504122e+01 2.750000e+01
      vertex   -4.715331e+01 9.454454e+00 2.725882e+01
    endloop
  endfacet
  facet normal -9.238795e-01 0.000000e+00 3.826834e-01
    outer loop
      vertex   -4.715331e+01 9.454454e+00 2.725882e+01
      vertex   -4.705341e+01 1.504122e+01 2.750000e+01
      vertex   -4.715331e+01 1.504122e+01 2.725882e+01
    endloop
  endfacet
  facet normal -9.914449e-01 0.000000e+00 1.305262e-01
    outer loop
      vertex   -4.715331e+01 9.454454e+00 2.725882e+01
      vertex   -4.715331e+01 1.504122e+01 2.725882e+01
      vertex   -4.718739e+01 2.062799e+01 2.700000e+01
    endloop
  endfacet
  facet normal -7.933533e-01 0.000000e+00 6.087614e-01
    outer loop
      vertex   -4.705341e+01 -7.305852e+00 2.750000e+01
      vertex   -4.689450e+01 -1.719084e+00 2.770711e+01
      vertex   -4.705341e+01 -1.719084e+00 2.750000e+01
    endloop
  endfacet
  facet normal -7.933533e-01 0.000000e+00 6.087614e-01
    outer loop
      vertex   -4.705341e+01 -1.719084e+00 2.750000e+01
      vertex   -4.689450e+01 -1.719084e+00 2.770711e+01
      vertex   -4.689450e+01 3.867685e+00 2.770711e+01
    endloop
  endfacet
  facet normal -7.933533e-01 0.000000e+00 6.087614e-01
    outer loop
      vertex   -4.705341e+01 -2.406616e+01 2.750000e+01
      vertex   -4.689450e+01 -2.406616e+01 2.770711e+01
      vertex   -4.689450e+01 -1.847939e+01 2.770711e+01
    endloop
  endfacet
  facet normal -7.933533e-01 0.000000e+00 6.087614e-01
    outer loop
      vertex   -4.705341e+01 -2.406616e+01 2.750000e+01
      vertex   -4.689450e+01 -1.847939e+01 2.770711e+01
      vertex   -4.705341e+01 -1.847939e+01 2.750000e+01
    endloop
  endfacet
  facet normal -7.933533e-01 0.000000e+00 6.087614e-01
    outer loop
      vertex   -4.689450e+01 -4.082646e+01 2.770711e+01
      vertex   -4.689450e+01 -3.523970e+01 2.770711e+01
      vertex   -4.705341e+01 -4.082646e+01 2.750000e+01
    endloop
  endfacet
  facet normal -7.933533e-01 0.000000e+00 6.087614e-01
    outer loop
      vertex   -4.705341e+01 -4.082646e+01 2.750000e+01
      vertex   -4.689450e+01 -3.523970e+01 2.770711e+01
      vertex   -4.705341e+01 -3.523970e+01 2.750000e+01
    endloop
  endfacet
  facet normal -9.238795e-01 0.000000e+00 3.826834e-01
    outer loop
      vertex   -4.705341e+01 -4.082646e+01 2.750000e+01
      vertex   -4.705341e+01 -3.523970e+01 2.750000e+01
      vertex   -4.715331e+01 -4.082646e+01 2.725882e+01
    endloop
  endfacet
  facet normal -7.933533e-01 3.901358e-16 6.087614e-01
    outer loop
      vertex   -4.689450e+01 9.454454e+00 2.770711e+01
      vertex   -4.705341e+01 9.454454e+00 2.750000e+01
      vertex   -4.705341e+01 3.867685e+00 2.750000e+01
    endloop
  endfacet
  facet normal -9.238795e-01 2.433544e-16 3.826834e-01
    outer loop
      vertex   -4.705341e+01 3.867685e+00 2.750000e+01
      vertex   -4.705341e+01 9.454454e+00 2.750000e+01
      vertex   -4.715331e+01 3.867685e+00 2.725882e+01
    endloop
  endfacet
  facet normal -9.238795e-01 0.000000e+00 3.826834e-01
    outer loop
      vertex   -4.705341e+01 3.867685e+00 2.750000e+01
      vertex   -4.715331e+01 3.867685e+00 2.725882e+01
      vertex   -4.715331e+01 -1.719084e+00 2.725882e+01
    endloop
  endfacet
  facet normal -9.914449e-01 0.000000e+00 1.305262e-01
    outer loop
      vertex   -4.715331e+01 -1.719084e+00 2.725882e+01
      vertex   -4.715331e+01 3.867685e+00 2.725882e+01
      vertex   -4.718739e+01 2.062799e+01 2.700000e+01
    endloop
  endfacet
  facet normal -9.238795e-01 0.000000e+00 3.826834e-01
    outer loop
      vertex   -4.715331e+01 3.867685e+00 2.725882e+01
      vertex   -4.705341e+01 9.454454e+00 2.750000e+01
      vertex   -4.715331e+01 9.454454e+00 2.725882e+01
    endloop
  endfacet
  facet normal -9.238795e-01 0.000000e+00 3.826834e-01
    outer loop
      vertex   -4.715331e+01 -1.289262e+01 2.725882e+01
      vertex   -4.705341e+01 -7.305852e+00 2.750000e+01
      vertex   -4.715331e+01 -7.305852e+00 2.725882e+01
    endloop
  endfacet
  facet normal -9.238795e-01 0.000000e+00 3.826834e-01
    outer loop
      vertex   -4.715331e+01 -7.305852e+00 2.725882e+01
      vertex   -4.705341e+01 -7.305852e+00 2.750000e+01
      vertex   -4.705341e+01 -1.719084e+00 2.750000e+01
    endloop
  endfacet
  facet normal -9.238795e-01 0.000000e+00 3.826834e-01
    outer loop
      vertex   -4.715331e+01 -2.406616e+01 2.725882e+01
      vertex   -4.705341e+01 -2.406616e+01 2.750000e+01
      vertex   -4.705341e+01 -1.847939e+01 2.750000e+01
    endloop
  endfacet
  facet normal -9.238795e-01 0.000000e+00 3.826834e-01
    outer loop
      vertex   -4.715331e+01 -2.406616e+01 2.725882e+01
      vertex   -4.705341e+01 -1.847939e+01 2.750000e+01
      vertex   -4.715331e+01 -1.847939e+01 2.725882e+01
    endloop
  endfacet
  facet normal -9.238795e-01 0.000000e+00 3.826834e-01
    outer loop
      vertex   -4.715331e+01 -3.523970e+01 2.725882e+01
      vertex   -4.705341e+01 -2.965293e+01 2.750000e+01
      vertex   -4.715331e+01 -2.965293e+01 2.725882e+01
    endloop
  endfacet
  facet normal -9.238795e-01 0.000000e+00 3.826834e-01
    outer loop
      vertex   -4.715331e+01 -4.641323e+01 2.725882e+01
      vertex   -4.705341e+01 -4.641323e+01 2.750000e+01
      vertex   -4.705341e+01 -4.082646e+01 2.750000e+01
    endloop
  endfacet
  facet normal -7.933533e-01 0.000000e+00 6.087614e-01
    outer loop
      vertex   -4.705341e+01 -4.082646e+01 2.750000e+01
      vertex   -4.705341e+01 -4.641323e+01 2.750000e+01
      vertex   -4.689450e+01 -4.082646e+01 2.770711e+01
    endloop
  endfacet
  facet normal -9.238795e-01 0.000000e+00 3.826834e-01
    outer loop
      vertex   -4.715331e+01 -4.641323e+01 2.725882e+01
      vertex   -4.705341e+01 -4.082646e+01 2.750000e+01
      vertex   -4.715331e+01 -4.082646e+01 2.725882e+01
    endloop
  endfacet
  facet normal -9.914449e-01 0.000000e+00 1.305262e-01
    outer loop
      vertex   -4.718739e+01 2.062799e+01 2.700000e+01
      vertex   -4.715331e+01 3.867685e+00 2.725882e+01
      vertex   -4.715331e+01 9.454454e+00 2.725882e+01
    endloop
  endfacet
  facet normal -9.914449e-01 0.000000e+00 1.305262e-01
    outer loop
      vertex   -4.718739e+01 -5.200000e+01 2.700000e+01
      vertex   -4.715331e+01 -3.523970e+01 2.725882e+01
      vertex   -4.715331e+01 -2.965293e+01 2.725882e+01
    endloop
  endfacet
  facet normal -1.110185e-01 -9.853161e-01 1.297193e-01
    outer loop
      vertex   -4.418739e+01 -5.500000e+01 2.700000e+01
      vertex   -4.418739e+01 -5.496593e+01 2.725882e+01
      vertex   -4.485495e+01 -5.492478e+01 2.700000e+01
    endloop
  endfacet
  facet normal -1.110185e-01 -9.853161e-01 1.297193e-01
    outer loop
      vertex   -4.485495e+01 -5.492478e+01 2.700000e+01
      vertex   -4.418739e+01 -5.496593e+01 2.725882e+01
      vertex   -4.484737e+01 -5.489156e+01 2.725882e+01
    endloop
  endfacet
  facet normal -3.274885e-01 -9.359082e-01 1.297193e-01
    outer loop
      vertex   -4.485495e+01 -5.492478e+01 2.700000e+01
      vertex   -4.484737e+01 -5.489156e+01 2.725882e+01
      vertex   -4.548904e+01 -5.470291e+01 2.700000e+01
    endloop
  endfacet
  facet normal -3.274885e-01 -9.359082e-01 1.297193e-01
    outer loop
      vertex   -4.548904e+01 -5.470291e+01 2.700000e+01
      vertex   -4.484737e+01 -5.489156e+01 2.725882e+01
      vertex   -4.547426e+01 -5.467221e+01 2.725882e+01
    endloop
  endfacet
  facet normal -5.275368e-01 -8.395700e-01 1.297193e-01
    outer loop
      vertex   -4.548904e+01 -5.470291e+01 2.700000e+01
      vertex   -4.547426e+01 -5.467221e+01 2.725882e+01
      vertex   -4.605786e+01 -5.434550e+01 2.700000e+01
    endloop
  endfacet
  facet normal -5.275368e-01 -8.395700e-01 1.297193e-01
    outer loop
      vertex   -4.605786e+01 -5.434550e+01 2.700000e+01
      vertex   -4.547426e+01 -5.467221e+01 2.725882e+01
      vertex   -4.603661e+01 -5.431886e+01 2.725882e+01
    endloop
  endfacet
  facet normal -7.011323e-01 -7.011323e-01 1.297193e-01
    outer loop
      vertex   -4.605786e+01 -5.434550e+01 2.700000e+01
      vertex   -4.603661e+01 -5.431886e+01 2.725882e+01
      vertex   -4.653288e+01 -5.387047e+01 2.700000e+01
    endloop
  endfacet
  facet normal -7.011323e-01 -7.011323e-01 1.297193e-01
    outer loop
      vertex   -4.653288e+01 -5.387047e+01 2.700000e+01
      vertex   -4.603661e+01 -5.431886e+01 2.725882e+01
      vertex   -4.650624e+01 -5.384923e+01 2.725882e+01
    endloop
  endfacet
  facet normal -8.395700e-01 -5.275368e-01 1.297193e-01
    outer loop
      vertex   -4.653288e+01 -5.387047e+01 2.700000e+01
      vertex   -4.650624e+01 -5.384923e+01 2.725882e+01
      vertex   -4.689030e+01 -5.330165e+01 2.700000e+01
    endloop
  endfacet
  facet normal -8.395700e-01 -5.275368e-01 1.297193e-01
    outer loop
      vertex   -4.689030e+01 -5.330165e+01 2.700000e+01
      vertex   -4.650624e+01 -5.384923e+01 2.725882e+01
      vertex   -4.685960e+01 -5.328687e+01 2.725882e+01
    endloop
  endfacet
  facet normal -9.359082e-01 -3.274885e-01 1.297193e-01
    outer loop
      vertex   -4.689030e+01 -5.330165e+01 2.700000e+01
      vertex   -4.685960e+01 -5.328687e+01 2.725882e+01
      vertex   -4.711217e+01 -5.266756e+01 2.700000e+01
    endloop
  endfacet
  facet normal -9.359082e-01 -3.274885e-01 1.297193e-01
    outer loop
      vertex   -4.711217e+01 -5.266756e+01 2.700000e+01
      vertex   -4.685960e+01 -5.328687e+01 2.725882e+01
      vertex   -4.707895e+01 -5.265998e+01 2.725882e+01
    endloop
  endfacet
  facet normal -9.853161e-01 -1.110185e-01 1.297193e-01
    outer loop
      vertex   -4.711217e+01 -5.266756e+01 2.700000e+01
      vertex   -4.707895e+01 -5.265998e+01 2.725882e+01
      vertex   -4.718739e+01 -5.200000e+01 2.700000e+01
    endloop
  endfacet
  facet normal -9.853161e-01 -1.110185e-01 1.297193e-01
    outer loop
      vertex   -4.718739e+01 -5.200000e+01 2.700000e+01
      vertex   -4.707895e+01 -5.265998e+01 2.725882e+01
      vertex   -4.715331e+01 -5.200000e+01 2.725882e+01
    endloop
  endfacet
  facet normal -9.189143e-01 -1.035368e-01 3.806267e-01
    outer loop
      vertex   -4.715331e+01 -5.200000e+01 2.725882e+01
      vertex   -4.707895e+01 -5.265998e+01 2.725882e+01
      vertex   -4.698156e+01 -5.263775e+01 2.750000e+01
    endloop
  endfacet
  facet normal -9.189143e-01 -1.035368e-01 3.806267e-01
    outer loop
      vertex   -4.715331e+01 -5.200000e+01 2.725882e+01
      vertex   -4.698156e+01 -5.263775e+01 2.750000e+01
      vertex   -4.705341e+01 -5.200000e+01 2.750000e+01
    endloop
  endfacet
  facet normal -7.902026e-01 -8.903445e-02 6.063438e-01
    outer loop
      vertex   -4.705341e+01 -5.200000e+01 2.750000e+01
      vertex   -4.698156e+01 -5.263775e+01 2.750000e+01
      vertex   -4.682662e+01 -5.260239e+01 2.770711e+01
    endloop
  endfacet
  facet normal -7.902026e-01 -8.903445e-02 6.063438e-01
    outer loop
      vertex   -4.705341e+01 -5.200000e+01 2.750000e+01
      vertex   -4.682662e+01 -5.260239e+01 2.770711e+01
      vertex   -4.689450e+01 -5.200000e+01 2.770711e+01
    endloop
  endfacet
  facet normal -6.073344e-01 -6.843016e-02 7.914936e-01
    outer loop
      vertex   -4.689450e+01 -5.200000e+01 2.770711e+01
      vertex   -4.682662e+01 -5.260239e+01 2.770711e+01
      vertex   -4.662471e+01 -5.255630e+01 2.786603e+01
    endloop
  endfacet
  facet normal -6.073344e-01 -6.843016e-02 7.914936e-01
    outer loop
      vertex   -4.689450e+01 -5.200000e+01 2.770711e+01
      vertex   -4.662471e+01 -5.255630e+01 2.786603e+01
      vertex   -4.668739e+01 -5.200000e+01 2.786603e+01
    endloop
  endfacet
  facet normal -3.823282e-01 -4.307804e-02 9.230219e-01
    outer loop
      vertex   -4.668739e+01 -5.200000e+01 2.786603e+01
      vertex   -4.662471e+01 -5.255630e+01 2.786603e+01
      vertex   -4.638957e+01 -5.250264e+01 2.796593e+01
    endloop
  endfacet
  facet normal -3.823282e-01 -4.307804e-02 9.230219e-01
    outer loop
      vertex   -4.668739e+01 -5.200000e+01 2.786603e+01
      vertex   -4.638957e+01 -5.250264e+01 2.796593e+01
      vertex   -4.644621e+01 -5.200000e+01 2.796593e+01
    endloop
  endfacet
  facet normal -1.305121e-01 -1.470518e-02 9.913377e-01
    outer loop
      vertex   -4.644621e+01 -5.200000e+01 2.796593e+01
      vertex   -4.638957e+01 -5.250264e+01 2.796593e+01
      vertex   -4.618739e+01 -5.200000e+01 2.800000e+01
    endloop
  endfacet
  facet normal -1.259438e-01 -1.658082e-02 9.918988e-01
    outer loop
      vertex   -4.618739e+01 -5.200000e+01 2.800000e+01
      vertex   -4.638957e+01 -5.250264e+01 2.796593e+01
      vertex   -4.611924e+01 -5.251764e+01 2.800000e+01
    endloop
  endfacet
  facet normal -1.273654e-01 -4.456707e-02 9.908541e-01
    outer loop
      vertex   -4.611924e+01 -5.251764e+01 2.800000e+01
      vertex   -4.638957e+01 -5.250264e+01 2.796593e+01
      vertex   -4.622251e+01 -5.298007e+01 2.796593e+01
    endloop
  endfacet
  facet normal -1.146833e-01 -4.750338e-02 9.922657e-01
    outer loop
      vertex   -4.611924e+01 -5.251764e+01 2.800000e+01
      vertex   -4.622251e+01 -5.298007e+01 2.796593e+01
      vertex   -4.591944e+01 -5.300000e+01 2.800000e+01
    endloop
  endfacet
  facet normal -1.161663e-01 -7.299212e-02 9.905441e-01
    outer loop
      vertex   -4.591944e+01 -5.300000e+01 2.800000e+01
      vertex   -4.622251e+01 -5.298007e+01 2.796593e+01
      vertex   -4.595340e+01 -5.340835e+01 2.796593e+01
    endloop
  endfacet
  facet normal -9.736894e-02 -7.471381e-02 9.924400e-01
    outer loop
      vertex   -4.591944e+01 -5.300000e+01 2.800000e+01
      vertex   -4.595340e+01 -5.340835e+01 2.796593e+01
      vertex   -4.560160e+01 -5.341421e+01 2.800000e+01
    endloop
  endfacet
  facet normal -9.755562e-02 -9.755562e-02 9.904372e-01
    outer loop
      vertex   -4.560160e+01 -5.341421e+01 2.800000e+01
      vertex   -4.595340e+01 -5.340835e+01 2.796593e+01
      vertex   -4.559574e+01 -5.376602e+01 2.796593e+01
    endloop
  endfacet
  facet normal -7.471381e-02 -9.736894e-02 9.924400e-01
    outer loop
      vertex   -4.560160e+01 -5.341421e+01 2.800000e+01
      vertex   -4.559574e+01 -5.376602e+01 2.796593e+01
      vertex   -4.518739e+01 -5.373205e+01 2.800000e+01
    endloop
  endfacet
  facet normal -7.299212e-02 -1.161663e-01 9.905441e-01
    outer loop
      vertex   -4.518739e+01 -5.373205e+01 2.800000e+01
      vertex   -4.559574e+01 -5.376602e+01 2.796593e+01
      vertex   -4.516745e+01 -5.403513e+01 2.796593e+01
    endloop
  endfacet
  facet normal -4.750338e-02 -1.146833e-01 9.922657e-01
    outer loop
      vertex   -4.518739e+01 -5.373205e+01 2.800000e+01
      vertex   -4.516745e+01 -5.403513e+01 2.796593e+01
      vertex   -4.470503e+01 -5.393185e+01 2.800000e+01
    endloop
  endfacet
  facet normal -4.456707e-02 -1.273654e-01 9.908541e-01
    outer loop
      vertex   -4.470503e+01 -5.393185e+01 2.800000e+01
      vertex   -4.516745e+01 -5.403513e+01 2.796593e+01
      vertex   -4.469002e+01 -5.420219e+01 2.796593e+01
    endloop
  endfacet
  facet normal -1.658082e-02 -1.259438e-01 9.918988e-01
    outer loop
      vertex   -4.470503e+01 -5.393185e+01 2.800000e+01
      vertex   -4.469002e+01 -5.420219e+01 2.796593e+01
      vertex   -4.418739e+01 -5.400000e+01 2.800000e+01
    endloop
  endfacet
  facet normal -1.470518e-02 -1.305121e-01 9.913377e-01
    outer loop
      vertex   -4.418739e+01 -5.400000e+01 2.800000e+01
      vertex   -4.469002e+01 -5.420219e+01 2.796593e+01
      vertex   -4.418739e+01 -5.425882e+01 2.796593e+01
    endloop
  endfacet
  facet normal -4.307804e-02 -3.823282e-01 9.230219e-01
    outer loop
      vertex   -4.418739e+01 -5.425882e+01 2.796593e+01
      vertex   -4.469002e+01 -5.420219e+01 2.796593e+01
      vertex   -4.474369e+01 -5.443732e+01 2.786603e+01
    endloop
  endfacet
  facet normal -4.307804e-02 -3.823282e-01 9.230219e-01
    outer loop
      vertex   -4.418739e+01 -5.425882e+01 2.796593e+01
      vertex   -4.474369e+01 -5.443732e+01 2.786603e+01
      vertex   -4.418739e+01 -5.450000e+01 2.786603e+01
    endloop
  endfacet
  facet normal -6.843016e-02 -6.073344e-01 7.914936e-01
    outer loop
      vertex   -4.418739e+01 -5.450000e+01 2.786603e+01
      vertex   -4.474369e+01 -5.443732e+01 2.786603e+01
      vertex   -4.478978e+01 -5.463923e+01 2.770711e+01
    endloop
  endfacet
  facet normal -6.843016e-02 -6.073344e-01 7.914936e-01
    outer loop
      vertex   -4.418739e+01 -5.450000e+01 2.786603e+01
      vertex   -4.478978e+01 -5.463923e+01 2.770711e+01
      vertex   -4.418739e+01 -5.470711e+01 2.770711e+01
    endloop
  endfacet
  facet normal -8.903445e-02 -7.902026e-01 6.063438e-01
    outer loop
      vertex   -4.418739e+01 -5.470711e+01 2.770711e+01
      vertex   -4.478978e+01 -5.463923e+01 2.770711e+01
      vertex   -4.482514e+01 -5.479417e+01 2.750000e+01
    endloop
  endfacet
  facet normal -8.903445e-02 -7.902026e-01 6.063438e-01
    outer loop
      vertex   -4.418739e+01 -5.470711e+01 2.770711e+01
      vertex   -4.482514e+01 -5.479417e+01 2.750000e+01
      vertex   -4.418739e+01 -5.486603e+01 2.750000e+01
    endloop
  endfacet
  facet normal -1.035368e-01 -9.189143e-01 3.806267e-01
    outer loop
      vertex   -4.418739e+01 -5.486603e+01 2.750000e+01
      vertex   -4.482514e+01 -5.479417e+01 2.750000e+01
      vertex   -4.484737e+01 -5.489156e+01 2.725882e+01
    endloop
  endfacet
  facet normal -1.035368e-01 -9.189143e-01 3.806267e-01
    outer loop
      vertex   -4.418739e+01 -5.486603e+01 2.750000e+01
      vertex   -4.484737e+01 -5.489156e+01 2.725882e+01
      vertex   -4.418739e+01 -5.496593e+01 2.725882e+01
    endloop
  endfacet
  facet normal -1.270740e-01 -3.631567e-01 9.230219e-01
    outer loop
      vertex   -4.474369e+01 -5.443732e+01 2.786603e+01
      vertex   -4.469002e+01 -5.420219e+01 2.796593e+01
      vertex   -4.527210e+01 -5.425242e+01 2.786603e+01
    endloop
  endfacet
  facet normal -1.270740e-01 -3.631567e-01 9.230219e-01
    outer loop
      vertex   -4.527210e+01 -5.425242e+01 2.786603e+01
      vertex   -4.469002e+01 -5.420219e+01 2.796593e+01
      vertex   -4.516745e+01 -5.403513e+01 2.796593e+01
    endloop
  endfacet
  facet normal -2.046980e-01 -3.257749e-01 9.230219e-01
    outer loop
      vertex   -4.527210e+01 -5.425242e+01 2.786603e+01
      vertex   -4.516745e+01 -5.403513e+01 2.796593e+01
      vertex   -4.574611e+01 -5.395458e+01 2.786603e+01
    endloop
  endfacet
  facet normal -2.046980e-01 -3.257749e-01 9.230219e-01
    outer loop
      vertex   -4.574611e+01 -5.395458e+01 2.786603e+01
      vertex   -4.516745e+01 -5.403513e+01 2.796593e+01
      vertex   -4.559574e+01 -5.376602e+01 2.796593e+01
    endloop
  endfacet
  facet normal -2.720575e-01 -2.720575e-01 9.230219e-01
    outer loop
      vertex   -4.574611e+01 -5.395458e+01 2.786603e+01
      vertex   -4.559574e+01 -5.376602e+01 2.796593e+01
      vertex   -4.614197e+01 -5.355873e+01 2.786603e+01
    endloop
  endfacet
  facet normal -2.720575e-01 -2.720575e-01 9.230219e-01
    outer loop
      vertex   -4.614197e+01 -5.355873e+01 2.786603e+01
      vertex   -4.559574e+01 -5.376602e+01 2.796593e+01
      vertex   -4.595340e+01 -5.340835e+01 2.796593e+01
    endloop
  endfacet
  facet normal -3.257749e-01 -2.046980e-01 9.230219e-01
    outer loop
      vertex   -4.614197e+01 -5.355873e+01 2.786603e+01
      vertex   -4.595340e+01 -5.340835e+01 2.796593e+01
      vertex   -4.643981e+01 -5.308471e+01 2.786603e+01
    endloop
  endfacet
  facet normal -3.257749e-01 -2.046980e-01 9.230219e-01
    outer loop
      vertex   -4.643981e+01 -5.308471e+01 2.786603e+01
      vertex   -4.595340e+01 -5.340835e+01 2.796593e+01
      vertex   -4.622251e+01 -5.298007e+01 2.796593e+01
    endloop
  endfacet
  facet normal -3.631567e-01 -1.270740e-01 9.230219e-01
    outer loop
      vertex   -4.643981e+01 -5.308471e+01 2.786603e+01
      vertex   -4.622251e+01 -5.298007e+01 2.796593e+01
      vertex   -4.662471e+01 -5.255630e+01 2.786603e+01
    endloop
  endfacet
  facet normal -3.631567e-01 -1.270740e-01 9.230219e-01
    outer loop
      vertex   -4.662471e+01 -5.255630e+01 2.786603e+01
      vertex   -4.622251e+01 -5.298007e+01 2.796593e+01
      vertex   -4.638957e+01 -5.250264e+01 2.796593e+01
    endloop
  endfacet
  facet normal -2.018591e-01 -5.768802e-01 7.914936e-01
    outer loop
      vertex   -4.478978e+01 -5.463923e+01 2.770711e+01
      vertex   -4.474369e+01 -5.443732e+01 2.786603e+01
      vertex   -4.536196e+01 -5.443902e+01 2.770711e+01
    endloop
  endfacet
  facet normal -2.018591e-01 -5.768802e-01 7.914936e-01
    outer loop
      vertex   -4.536196e+01 -5.443902e+01 2.770711e+01
      vertex   -4.474369e+01 -5.443732e+01 2.786603e+01
      vertex   -4.527210e+01 -5.425242e+01 2.786603e+01
    endloop
  endfacet
  facet normal -3.251660e-01 -5.174987e-01 7.914936e-01
    outer loop
      vertex   -4.536196e+01 -5.443902e+01 2.770711e+01
      vertex   -4.527210e+01 -5.425242e+01 2.786603e+01
      vertex   -4.587524e+01 -5.411650e+01 2.770711e+01
    endloop
  endfacet
  facet normal -3.251660e-01 -5.174987e-01 7.914936e-01
    outer loop
      vertex   -4.587524e+01 -5.411650e+01 2.770711e+01
      vertex   -4.527210e+01 -5.425242e+01 2.786603e+01
      vertex   -4.574611e+01 -5.395458e+01 2.786603e+01
    endloop
  endfacet
  facet normal -4.321677e-01 -4.321677e-01 7.914936e-01
    outer loop
      vertex   -4.587524e+01 -5.411650e+01 2.770711e+01
      vertex   -4.574611e+01 -5.395458e+01 2.786603e+01
      vertex   -4.630389e+01 -5.368785e+01 2.770711e+01
    endloop
  endfacet
  facet normal -4.321677e-01 -4.321677e-01 7.914936e-01
    outer loop
      vertex   -4.630389e+01 -5.368785e+01 2.770711e+01
      vertex   -4.574611e+01 -5.395458e+01 2.786603e+01
      vertex   -4.614197e+01 -5.355873e+01 2.786603e+01
    endloop
  endfacet
  facet normal -5.174987e-01 -3.251660e-01 7.914936e-01
    outer loop
      vertex   -4.630389e+01 -5.368785e+01 2.770711e+01
      vertex   -4.614197e+01 -5.355873e+01 2.786603e+01
      vertex   -4.662641e+01 -5.317457e+01 2.770711e+01
    endloop
  endfacet
  facet normal -5.174987e-01 -3.251660e-01 7.914936e-01
    outer loop
      vertex   -4.662641e+01 -5.317457e+01 2.770711e+01
      vertex   -4.614197e+01 -5.355873e+01 2.786603e+01
      vertex   -4.643981e+01 -5.308471e+01 2.786603e+01
    endloop
  endfacet
  facet normal -5.768802e-01 -2.018591e-01 7.914936e-01
    outer loop
      vertex   -4.662641e+01 -5.317457e+01 2.770711e+01
      vertex   -4.643981e+01 -5.308471e+01 2.786603e+01
      vertex   -4.682662e+01 -5.260239e+01 2.770711e+01
    endloop
  endfacet
  facet normal -5.768802e-01 -2.018591e-01 7.914936e-01
    outer loop
      vertex   -4.682662e+01 -5.260239e+01 2.770711e+01
      vertex   -4.643981e+01 -5.308471e+01 2.786603e+01
      vertex   -4.662471e+01 -5.255630e+01 2.786603e+01
    endloop
  endfacet
  facet normal -3.054185e-01 -8.728361e-01 3.806267e-01
    outer loop
      vertex   -4.547426e+01 -5.467221e+01 2.725882e+01
      vertex   -4.484737e+01 -5.489156e+01 2.725882e+01
      vertex   -4.482514e+01 -5.479417e+01 2.750000e+01
    endloop
  endfacet
  facet normal -2.626388e-01 -7.505785e-01 6.063438e-01
    outer loop
      vertex   -4.482514e+01 -5.479417e+01 2.750000e+01
      vertex   -4.478978e+01 -5.463923e+01 2.770711e+01
      vertex   -4.543091e+01 -5.458220e+01 2.750000e+01
    endloop
  endfacet
  facet normal -2.626388e-01 -7.505785e-01 6.063438e-01
    outer loop
      vertex   -4.543091e+01 -5.458220e+01 2.750000e+01
      vertex   -4.478978e+01 -5.463923e+01 2.770711e+01
      vertex   -4.536196e+01 -5.443902e+01 2.770711e+01
    endloop
  endfacet
  facet normal -4.230733e-01 -6.733173e-01 6.063438e-01
    outer loop
      vertex   -4.543091e+01 -5.458220e+01 2.750000e+01
      vertex   -4.536196e+01 -5.443902e+01 2.770711e+01
      vertex   -4.597433e+01 -5.424075e+01 2.750000e+01
    endloop
  endfacet
  facet normal -4.230733e-01 -6.733173e-01 6.063438e-01
    outer loop
      vertex   -4.597433e+01 -5.424075e+01 2.750000e+01
      vertex   -4.536196e+01 -5.443902e+01 2.770711e+01
      vertex   -4.587524e+01 -5.411650e+01 2.770711e+01
    endloop
  endfacet
  facet normal -5.622932e-01 -5.622932e-01 6.063438e-01
    outer loop
      vertex   -4.597433e+01 -5.424075e+01 2.750000e+01
      vertex   -4.587524e+01 -5.411650e+01 2.770711e+01
      vertex   -4.642814e+01 -5.378694e+01 2.750000e+01
    endloop
  endfacet
  facet normal -5.622932e-01 -5.622932e-01 6.063438e-01
    outer loop
      vertex   -4.642814e+01 -5.378694e+01 2.750000e+01
      vertex   -4.587524e+01 -5.411650e+01 2.770711e+01
      vertex   -4.630389e+01 -5.368785e+01 2.770711e+01
    endloop
  endfacet
  facet normal -6.733173e-01 -4.230733e-01 6.063438e-01
    outer loop
      vertex   -4.642814e+01 -5.378694e+01 2.750000e+01
      vertex   -4.630389e+01 -5.368785e+01 2.770711e+01
      vertex   -4.676959e+01 -5.324352e+01 2.750000e+01
    endloop
  endfacet
  facet normal -6.733173e-01 -4.230733e-01 6.063438e-01
    outer loop
      vertex   -4.676959e+01 -5.324352e+01 2.750000e+01
      vertex   -4.630389e+01 -5.368785e+01 2.770711e+01
      vertex   -4.662641e+01 -5.317457e+01 2.770711e+01
    endloop
  endfacet
  facet normal -7.505785e-01 -2.626388e-01 6.063438e-01
    outer loop
      vertex   -4.676959e+01 -5.324352e+01 2.750000e+01
      vertex   -4.662641e+01 -5.317457e+01 2.770711e+01
      vertex   -4.698156e+01 -5.263775e+01 2.750000e+01
    endloop
  endfacet
  facet normal -7.505785e-01 -2.626388e-01 6.063438e-01
    outer loop
      vertex   -4.698156e+01 -5.263775e+01 2.750000e+01
      vertex   -4.662641e+01 -5.317457e+01 2.770711e+01
      vertex   -4.682662e+01 -5.260239e+01 2.770711e+01
    endloop
  endfacet
  facet normal -4.919854e-01 -7.829902e-01 3.806267e-01
    outer loop
      vertex   -4.603661e+01 -5.431886e+01 2.725882e+01
      vertex   -4.547426e+01 -5.467221e+01 2.725882e+01
      vertex   -4.543091e+01 -5.458220e+01 2.750000e+01
    endloop
  endfacet
  facet normal -3.054185e-01 -8.728361e-01 3.806267e-01
    outer loop
      vertex   -4.543091e+01 -5.458220e+01 2.750000e+01
      vertex   -4.547426e+01 -5.467221e+01 2.725882e+01
      vertex   -4.482514e+01 -5.479417e+01 2.750000e+01
    endloop
  endfacet
  facet normal -4.919854e-01 -7.829902e-01 3.806267e-01
    outer loop
      vertex   -4.603661e+01 -5.431886e+01 2.725882e+01
      vertex   -4.543091e+01 -5.458220e+01 2.750000e+01
      vertex   -4.597433e+01 -5.424075e+01 2.750000e+01
    endloop
  endfacet
  facet normal -6.538820e-01 -6.538820e-01 3.806267e-01
    outer loop
      vertex   -4.650624e+01 -5.384923e+01 2.725882e+01
      vertex   -4.603661e+01 -5.431886e+01 2.725882e+01
      vertex   -4.597433e+01 -5.424075e+01 2.750000e+01
    endloop
  endfacet
  facet normal -6.538820e-01 -6.538820e-01 3.806267e-01
    outer loop
      vertex   -4.650624e+01 -5.384923e+01 2.725882e+01
      vertex   -4.597433e+01 -5.424075e+01 2.750000e+01
      vertex   -4.642814e+01 -5.378694e+01 2.750000e+01
    endloop
  endfacet
  facet normal -7.829902e-01 -4.919854e-01 3.806267e-01
    outer loop
      vertex   -4.685960e+01 -5.328687e+01 2.725882e+01
      vertex   -4.650624e+01 -5.384923e+01 2.725882e+01
      vertex   -4.642814e+01 -5.378694e+01 2.750000e+01
    endloop
  endfacet
  facet normal -7.829902e-01 -4.919854e-01 3.806267e-01
    outer loop
      vertex   -4.685960e+01 -5.328687e+01 2.725882e+01
      vertex   -4.642814e+01 -5.378694e+01 2.750000e+01
      vertex   -4.676959e+01 -5.324352e+01 2.750000e+01
    endloop
  endfacet
  facet normal -8.728361e-01 -3.054185e-01 3.806267e-01
    outer loop
      vertex   -4.707895e+01 -5.265998e+01 2.725882e+01
      vertex   -4.685960e+01 -5.328687e+01 2.725882e+01
      vertex   -4.676959e+01 -5.324352e+01 2.750000e+01
    endloop
  endfacet
  facet normal -8.728361e-01 -3.054185e-01 3.806267e-01
    outer loop
      vertex   -4.707895e+01 -5.265998e+01 2.725882e+01
      vertex   -4.676959e+01 -5.324352e+01 2.750000e+01
      vertex   -4.698156e+01 -5.263775e+01 2.750000e+01
    endloop
  endfacet
  facet normal 1.275416e-15 -9.914449e-01 1.305262e-01
    outer loop
      vertex   4.418707e+01 -5.496593e+01 2.725882e+01
      vertex   3.866367e+01 -5.496593e+01 2.725882e+01
      vertex   4.418707e+01 -5.500000e+01 2.700000e+01
    endloop
  endfacet
  facet normal 0.000000e+00 -9.914449e-01 1.305262e-01
    outer loop
      vertex   4.418707e+01 -5.500000e+01 2.700000e+01
      vertex   3.866367e+01 -5.496593e+01 2.725882e+01
      vertex   3.314026e+01 -5.496593e+01 2.725882e+01
    endloop
  endfacet
  facet normal 0.000000e+00 -9.914449e-01 1.305262e-01
    outer loop
      vertex   4.418707e+01 -5.500000e+01 2.700000e+01
      vertex   3.314026e+01 -5.496593e+01 2.725882e+01
      vertex   2.761686e+01 -5.496593e+01 2.725882e+01
    endloop
  endfacet
  facet normal 0.000000e+00 -9.238795e-01 3.826834e-01
    outer loop
      vertex   2.761686e+01 -5.496593e+01 2.725882e+01
      vertex   3.314026e+01 -5.496593e+01 2.725882e+01
      vertex   2.761686e+01 -5.486603e+01 2.750000e+01
    endloop
  endfacet
  facet normal 0.000000e+00 -9.238795e-01 3.826834e-01
    outer loop
      vertex   2.761686e+01 -5.496593e+01 2.725882e+01
      vertex   2.761686e+01 -5.486603e+01 2.750000e+01
      vertex   2.209345e+01 -5.486603e+01 2.750000e+01
    endloop
  endfacet
  facet normal 0.000000e+00 -7.933533e-01 6.087614e-01
    outer loop
      vertex   2.209345e+01 -5.486603e+01 2.750000e+01
      vertex   2.761686e+01 -5.486603e+01 2.750000e+01
      vertex   2.209345e+01 -5.470711e+01 2.770711e+01
    endloop
  endfacet
  facet normal 0.000000e+00 -7.933533e-01 6.087614e-01
    outer loop
      vertex   2.209345e+01 -5.486603e+01 2.750000e+01
      vertex   2.209345e+01 -5.470711e+01 2.770711e+01
      vertex   1.657005e+01 -5.470711e+01 2.770711e+01
    endloop
  endfacet
  facet normal 0.000000e+00 -6.087614e-01 7.933533e-01
    outer loop
      vertex   1.657005e+01 -5.470711e+01 2.770711e+01
      vertex   2.209345e+01 -5.470711e+01 2.770711e+01
      vertex   1.657005e+01 -5.450000e+01 2.786603e+01
    endloop
  endfacet
  facet normal 0.000000e+00 -6.087614e-01 7.933533e-01
    outer loop
      vertex   1.657005e+01 -5.470711e+01 2.770711e+01
      vertex   1.657005e+01 -5.450000e+01 2.786603e+01
      vertex   1.104665e+01 -5.450000e+01 2.786603e+01
    endloop
  endfacet
  facet normal 0.000000e+00 -3.826834e-01 9.238795e-01
    outer loop
      vertex   1.104665e+01 -5.450000e+01 2.786603e+01
      vertex   1.657005e+01 -5.450000e+01 2.786603e+01
      vertex   1.104665e+01 -5.425882e+01 2.796593e+01
    endloop
  endfacet
  facet normal 0.000000e+00 -3.826834e-01 9.238795e-01
    outer loop
      vertex   1.104665e+01 -5.450000e+01 2.786603e+01
      vertex   1.104665e+01 -5.425882e+01 2.796593e+01
      vertex   5.523244e+00 -5.425882e+01 2.796593e+01
    endloop
  endfacet
  facet normal 0.000000e+00 -1.305262e-01 9.914449e-01
    outer loop
      vertex   5.523244e+00 -5.425882e+01 2.796593e+01
      vertex   1.104665e+01 -5.425882e+01 2.796593e+01
      vertex   4.418707e+01 -5.400000e+01 2.800000e+01
    endloop
  endfacet
  facet normal 0.000000e+00 -1.305262e-01 9.914449e-01
    outer loop
      vertex   5.523244e+00 -5.425882e+01 2.796593e+01
      vertex   4.418707e+01 -5.400000e+01 2.800000e+01
      vertex   -1.600203e-04 -5.425882e+01 2.796593e+01
    endloop
  endfacet
  facet normal 2.097877e-17 -1.305262e-01 9.914449e-01
    outer loop
      vertex   -1.600203e-04 -5.425882e+01 2.796593e+01
      vertex   4.418707e+01 -5.400000e+01 2.800000e+01
      vertex   -4.418739e+01 -5.400000e+01 2.800000e+01
    endloop
  endfacet
  facet normal 0.000000e+00 -1.305262e-01 9.914449e-01
    outer loop
      vertex   -1.600203e-04 -5.425882e+01 2.796593e+01
      vertex   -4.418739e+01 -5.400000e+01 2.800000e+01
      vertex   -5.523564e+00 -5.425882e+01 2.796593e+01
    endloop
  endfacet
  facet normal 0.000000e+00 -1.305262e-01 9.914449e-01
    outer loop
      vertex   -5.523564e+00 -5.425882e+01 2.796593e+01
      vertex   -4.418739e+01 -5.400000e+01 2.800000e+01
      vertex   -1.104697e+01 -5.425882e+01 2.796593e+01
    endloop
  endfacet
  facet normal 0.000000e+00 -3.826834e-01 9.238795e-01
    outer loop
      vertex   -5.523564e+00 -5.425882e+01 2.796593e+01
      vertex   -1.104697e+01 -5.425882e+01 2.796593e+01
      vertex   -5.523564e+00 -5.450000e+01 2.786603e+01
    endloop
  endfacet
  facet normal 0.000000e+00 -3.826834e-01 9.238795e-01
    outer loop
      vertex   -5.523564e+00 -5.450000e+01 2.786603e+01
      vertex   -1.104697e+01 -5.425882e+01 2.796593e+01
      vertex   -1.104697e+01 -5.450000e+01 2.786603e+01
    endloop
  endfacet
  facet normal 0.000000e+00 -6.087614e-01 7.933533e-01
    outer loop
      vertex   -5.523564e+00 -5.450000e+01 2.786603e+01
      vertex   -1.104697e+01 -5.450000e+01 2.786603e+01
      vertex   -5.523564e+00 -5.470711e+01 2.770711e+01
    endloop
  endfacet
  facet normal 0.000000e+00 -6.087614e-01 7.933533e-01
    outer loop
      vertex   -5.523564e+00 -5.470711e+01 2.770711e+01
      vertex   -1.104697e+01 -5.450000e+01 2.786603e+01
      vertex   -1.104697e+01 -5.470711e+01 2.770711e+01
    endloop
  endfacet
  facet normal 0.000000e+00 -7.933533e-01 6.087614e-01
    outer loop
      vertex   -5.523564e+00 -5.470711e+01 2.770711e+01
      vertex   -1.104697e+01 -5.470711e+01 2.770711e+01
      vertex   -5.523564e+00 -5.486603e+01 2.750000e+01
    endloop
  endfacet
  facet normal 0.000000e+00 -7.933533e-01 6.087614e-01
    outer loop
      vertex   -5.523564e+00 -5.486603e+01 2.750000e+01
      vertex   -1.104697e+01 -5.470711e+01 2.770711e+01
      vertex   -1.104697e+01 -5.486603e+01 2.750000e+01
    endloop
  endfacet
  facet normal 0.000000e+00 -9.238795e-01 3.826834e-01
    outer loop
      vertex   -5.523564e+00 -5.486603e+01 2.750000e+01
      vertex   -1.104697e+01 -5.486603e+01 2.750000e+01
      vertex   -5.523564e+00 -5.496593e+01 2.725882e+01
    endloop
  endfacet
  facet normal 0.000000e+00 -9.238795e-01 3.826834e-01
    outer loop
      vertex   -5.523564e+00 -5.496593e+01 2.725882e+01
      vertex   -1.104697e+01 -5.486603e+01 2.750000e+01
      vertex   -1.104697e+01 -5.496593e+01 2.725882e+01
    endloop
  endfacet
  facet normal 0.000000e+00 -9.914449e-01 1.305262e-01
    outer loop
      vertex   -5.523564e+00 -5.496593e+01 2.725882e+01
      vertex   -1.104697e+01 -5.496593e+01 2.725882e+01
      vertex   -4.418739e+01 -5.500000e+01 2.700000e+01
    endloop
  endfacet
  facet normal 0.000000e+00 -9.914449e-01 1.305262e-01
    outer loop
      vertex   -4.418739e+01 -5.500000e+01 2.700000e+01
      vertex   -1.104697e+01 -5.496593e+01 2.725882e+01
      vertex   -1.657037e+01 -5.496593e+01 2.725882e+01
    endloop
  endfacet
  facet normal 0.000000e+00 -9.914449e-01 1.305262e-01
    outer loop
      vertex   -4.418739e+01 -5.500000e+01 2.700000e+01
      vertex   -1.657037e+01 -5.496593e+01 2.725882e+01
      vertex   -2.209377e+01 -5.496593e+01 2.725882e+01
    endloop
  endfacet
  facet normal 0.000000e+00 -9.238795e-01 3.826834e-01
    outer loop
      vertex   -2.209377e+01 -5.496593e+01 2.725882e+01
      vertex   -1.657037e+01 -5.496593e+01 2.725882e+01
      vertex   -2.209377e+01 -5.486603e+01 2.750000e+01
    endloop
  endfacet
  facet normal 0.000000e+00 -9.238795e-01 3.826834e-01
    outer loop
      vertex   -2.209377e+01 -5.496593e+01 2.725882e+01
      vertex   -2.209377e+01 -5.486603e+01 2.750000e+01
      vertex   -2.761718e+01 -5.486603e+01 2.750000e+01
    endloop
  endfacet
  facet normal 0.000000e+00 -7.933533e-01 6.087614e-01
    outer loop
      vertex   -2.761718e+01 -5.486603e+01 2.750000e+01
      vertex   -2.209377e+01 -5.486603e+01 2.750000e+01
      vertex   -2.761718e+01 -5.470711e+01 2.770711e+01
    endloop
  endfacet
  facet normal 0.000000e+00 -7.933533e-01 6.087614e-01
    outer loop
      vertex   -2.761718e+01 -5.486603e+01 2.750000e+01
      vertex   -2.761718e+01 -5.470711e+01 2.770711e+01
      vertex   -3.314058e+01 -5.470711e+01 2.770711e+01
    endloop
  endfacet
  facet normal 0.000000e+00 -6.087614e-01 7.933533e-01
    outer loop
      vertex   -3.314058e+01 -5.470711e+01 2.770711e+01
      vertex   -2.761718e+01 -5.470711e+01 2.770711e+01
      vertex   -3.314058e+01 -5.450000e+01 2.786603e+01
    endloop
  endfacet
  facet normal 0.000000e+00 -6.087614e-01 7.933533e-01
    outer loop
      vertex   -3.314058e+01 -5.470711e+01 2.770711e+01
      vertex   -3.314058e+01 -5.450000e+01 2.786603e+01
      vertex   -3.866399e+01 -5.450000e+01 2.786603e+01
    endloop
  endfacet
  facet normal 0.000000e+00 -3.826834e-01 9.238795e-01
    outer loop
      vertex   -3.866399e+01 -5.450000e+01 2.786603e+01
      vertex   -3.314058e+01 -5.450000e+01 2.786603e+01
      vertex   -3.866399e+01 -5.425882e+01 2.796593e+01
    endloop
  endfacet
  facet normal -5.943233e-16 -3.826834e-01 9.238795e-01
    outer loop
      vertex   -3.866399e+01 -5.450000e+01 2.786603e+01
      vertex   -3.866399e+01 -5.425882e+01 2.796593e+01
      vertex   -4.418739e+01 -5.425882e+01 2.796593e+01
    endloop
  endfacet
  facet normal -6.377082e-16 -1.305262e-01 9.914449e-01
    outer loop
      vertex   -4.418739e+01 -5.425882e+01 2.796593e+01
      vertex   -3.866399e+01 -5.425882e+01 2.796593e+01
      vertex   -4.418739e+01 -5.400000e+01 2.800000e+01
    endloop
  endfacet
  facet normal 0.000000e+00 -1.305262e-01 9.914449e-01
    outer loop
      vertex   -4.418739e+01 -5.400000e+01 2.800000e+01
      vertex   -3.866399e+01 -5.425882e+01 2.796593e+01
      vertex   -3.314058e+01 -5.425882e+01 2.796593e+01
    endloop
  endfacet
  facet normal 0.000000e+00 -1.305262e-01 9.914449e-01
    outer loop
      vertex   -4.418739e+01 -5.400000e+01 2.800000e+01
      vertex   -3.314058e+01 -5.425882e+01 2.796593e+01
      vertex   -2.761718e+01 -5.425882e+01 2.796593e+01
    endloop
  endfacet
  facet normal 0.000000e+00 -3.826834e-01 9.238795e-01
    outer loop
      vertex   -2.761718e+01 -5.425882e+01 2.796593e+01
      vertex   -3.314058e+01 -5.425882e+01 2.796593e+01
      vertex   -2.761718e+01 -5.450000e+01 2.786603e+01
    endloop
  endfacet
  facet normal 0.000000e+00 -3.826834e-01 9.238795e-01
    outer loop
      vertex   -2.761718e+01 -5.425882e+01 2.796593e+01
      vertex   -2.761718e+01 -5.450000e+01 2.786603e+01
      vertex   -2.209377e+01 -5.450000e+01 2.786603e+01
    endloop
  endfacet
  facet normal 0.000000e+00 -6.087614e-01 7.933533e-01
    outer loop
      vertex   -2.209377e+01 -5.450000e+01 2.786603e+01
      vertex   -2.761718e+01 -5.450000e+01 2.786603e+01
      vertex   -2.209377e+01 -5.470711e+01 2.770711e+01
    endloop
  endfacet
  facet normal 0.000000e+00 -6.087614e-01 7.933533e-01
    outer loop
      vertex   -2.209377e+01 -5.450000e+01 2.786603e+01
      vertex   -2.209377e+01 -5.470711e+01 2.770711e+01
      vertex   -1.657037e+01 -5.470711e+01 2.770711e+01
    endloop
  endfacet
  facet normal 0.000000e+00 -7.933533e-01 6.087614e-01
    outer loop
      vertex   -1.657037e+01 -5.470711e+01 2.770711e+01
      vertex   -2.209377e+01 -5.470711e+01 2.770711e+01
      vertex   -1.657037e+01 -5.486603e+01 2.750000e+01
    endloop
  endfacet
  facet normal 0.000000e+00 -7.933533e-01 6.087614e-01
    outer loop
      vertex   -1.657037e+01 -5.470711e+01 2.770711e+01
      vertex   -1.657037e+01 -5.486603e+01 2.750000e+01
      vertex   -1.104697e+01 -5.486603e+01 2.750000e+01
    endloop
  endfacet
  facet normal 0.000000e+00 -9.238795e-01 3.826834e-01
    outer loop
      vertex   -1.104697e+01 -5.486603e+01 2.750000e+01
      vertex   -1.657037e+01 -5.486603e+01 2.750000e+01
      vertex   -1.104697e+01 -5.496593e+01 2.725882e+01
    endloop
  endfacet
  facet normal 1.188499e-15 -9.238795e-01 3.826834e-01
    outer loop
      vertex   3.866367e+01 -5.496593e+01 2.725882e+01
      vertex   4.418707e+01 -5.496593e+01 2.725882e+01
      vertex   3.866367e+01 -5.486603e+01 2.750000e+01
    endloop
  endfacet
  facet normal 2.623144e-15 -9.238795e-01 3.826834e-01
    outer loop
      vertex   3.866367e+01 -5.486603e+01 2.750000e+01
      vertex   4.418707e+01 -5.496593e+01 2.725882e+01
      vertex   4.418707e+01 -5.486603e+01 2.750000e+01
    endloop
  endfacet
  facet normal 2.432736e-15 -7.933533e-01 6.087614e-01
    outer loop
      vertex   3.866367e+01 -5.486603e+01 2.750000e+01
      vertex   4.418707e+01 -5.486603e+01 2.750000e+01
      vertex   3.866367e+01 -5.470711e+01 2.770711e+01
    endloop
  endfacet
  facet normal 7.831240e-16 -7.933533e-01 6.087614e-01
    outer loop
      vertex   3.866367e+01 -5.470711e+01 2.770711e+01
      vertex   4.418707e+01 -5.486603e+01 2.750000e+01
      vertex   4.418707e+01 -5.470711e+01 2.770711e+01
    endloop
  endfacet
  facet normal 1.020587e-15 -6.087614e-01 7.933533e-01
    outer loop
      vertex   3.866367e+01 -5.470711e+01 2.770711e+01
      vertex   4.418707e+01 -5.470711e+01 2.770711e+01
      vertex   3.866367e+01 -5.450000e+01 2.786603e+01
    endloop
  endfacet
  facet normal 1.020587e-15 -6.087614e-01 7.933533e-01
    outer loop
      vertex   3.866367e+01 -5.450000e+01 2.786603e+01
      vertex   4.418707e+01 -5.470711e+01 2.770711e+01
      vertex   4.418707e+01 -5.450000e+01 2.786603e+01
    endloop
  endfacet
  facet normal 1.188499e-15 -3.826834e-01 9.238795e-01
    outer loop
      vertex   3.866367e+01 -5.450000e+01 2.786603e+01
      vertex   4.418707e+01 -5.450000e+01 2.786603e+01
      vertex   3.866367e+01 -5.425882e+01 2.796593e+01
    endloop
  endfacet
  facet normal 5.942494e-16 -3.826834e-01 9.238795e-01
    outer loop
      vertex   3.866367e+01 -5.425882e+01 2.796593e+01
      vertex   4.418707e+01 -5.450000e+01 2.786603e+01
      vertex   4.418707e+01 -5.425882e+01 2.796593e+01
    endloop
  endfacet
  facet normal 6.377082e-16 -1.305262e-01 9.914449e-01
    outer loop
      vertex   3.866367e+01 -5.425882e+01 2.796593e+01
      vertex   4.418707e+01 -5.425882e+01 2.796593e+01
      vertex   4.418707e+01 -5.400000e+01 2.800000e+01
    endloop
  endfacet
  facet normal -1.188647e-15 -3.826834e-01 9.238795e-01
    outer loop
      vertex   -4.418739e+01 -5.425882e+01 2.796593e+01
      vertex   -4.418739e+01 -5.450000e+01 2.786603e+01
      vertex   -3.866399e+01 -5.450000e+01 2.786603e+01
    endloop
  endfacet
  facet normal -1.020587e-15 -6.087614e-01 7.933533e-01
    outer loop
      vertex   -3.866399e+01 -5.450000e+01 2.786603e+01
      vertex   -4.418739e+01 -5.450000e+01 2.786603e+01
      vertex   -3.866399e+01 -5.470711e+01 2.770711e+01
    endloop
  endfacet
  facet normal 0.000000e+00 -6.087614e-01 7.933533e-01
    outer loop
      vertex   -3.866399e+01 -5.450000e+01 2.786603e+01
      vertex   -3.866399e+01 -5.470711e+01 2.770711e+01
      vertex   -3.314058e+01 -5.470711e+01 2.770711e+01
    endloop
  endfacet
  facet normal 0.000000e+00 -7.933533e-01 6.087614e-01
    outer loop
      vertex   -3.314058e+01 -5.470711e+01 2.770711e+01
      vertex   -3.866399e+01 -5.470711e+01 2.770711e+01
      vertex   -3.314058e+01 -5.486603e+01 2.750000e+01
    endloop
  endfacet
  facet normal 0.000000e+00 -7.933533e-01 6.087614e-01
    outer loop
      vertex   -3.314058e+01 -5.470711e+01 2.770711e+01
      vertex   -3.314058e+01 -5.486603e+01 2.750000e+01
      vertex   -2.761718e+01 -5.486603e+01 2.750000e+01
    endloop
  endfacet
  facet normal 0.000000e+00 -9.238795e-01 3.826834e-01
    outer loop
      vertex   -2.761718e+01 -5.486603e+01 2.750000e+01
      vertex   -3.314058e+01 -5.486603e+01 2.750000e+01
      vertex   -2.761718e+01 -5.496593e+01 2.725882e+01
    endloop
  endfacet
  facet normal 2.454291e-16 -9.238795e-01 3.826834e-01
    outer loop
      vertex   -2.761718e+01 -5.486603e+01 2.750000e+01
      vertex   -2.761718e+01 -5.496593e+01 2.725882e+01
      vertex   -2.209377e+01 -5.496593e+01 2.725882e+01
    endloop
  endfacet
  facet normal 8.395588e-17 -9.914449e-01 1.305262e-01
    outer loop
      vertex   -2.209377e+01 -5.496593e+01 2.725882e+01
      vertex   -2.761718e+01 -5.496593e+01 2.725882e+01
      vertex   -4.418739e+01 -5.500000e+01 2.700000e+01
    endloop
  endfacet
  facet normal -1.020215e-15 -6.087614e-01 7.933533e-01
    outer loop
      vertex   -4.418739e+01 -5.450000e+01 2.786603e+01
      vertex   -4.418739e+01 -5.470711e+01 2.770711e+01
      vertex   -3.866399e+01 -5.470711e+01 2.770711e+01
    endloop
  endfacet
  facet normal -7.831240e-16 -7.933533e-01 6.087614e-01
    outer loop
      vertex   -3.866399e+01 -5.470711e+01 2.770711e+01
      vertex   -4.418739e+01 -5.470711e+01 2.770711e+01
      vertex   -3.866399e+01 -5.486603e+01 2.750000e+01
    endloop
  endfacet
  facet normal 0.000000e+00 -7.933533e-01 6.087614e-01
    outer loop
      vertex   -3.866399e+01 -5.470711e+01 2.770711e+01
      vertex   -3.866399e+01 -5.486603e+01 2.750000e+01
      vertex   -3.314058e+01 -5.486603e+01 2.750000e+01
    endloop
  endfacet
  facet normal 0.000000e+00 -9.238795e-01 3.826834e-01
    outer loop
      vertex   -3.314058e+01 -5.486603e+01 2.750000e+01
      vertex   -3.866399e+01 -5.486603e+01 2.750000e+01
      vertex   -3.314058e+01 -5.496593e+01 2.725882e+01
    endloop
  endfacet
  facet normal 0.000000e+00 -9.238795e-01 3.826834e-01
    outer loop
      vertex   -3.314058e+01 -5.486603e+01 2.750000e+01
      vertex   -3.314058e+01 -5.496593e+01 2.725882e+01
      vertex   -2.761718e+01 -5.496593e+01 2.725882e+01
    endloop
  endfacet
  facet normal 0.000000e+00 -9.914449e-01 1.305262e-01
    outer loop
      vertex   -2.761718e+01 -5.496593e+01 2.725882e+01
      vertex   -3.314058e+01 -5.496593e+01 2.725882e+01
      vertex   -4.418739e+01 -5.500000e+01 2.700000e+01
    endloop
  endfacet
  facet normal -3.946114e-16 -7.933533e-01 6.087614e-01
    outer loop
      vertex   -4.418739e+01 -5.470711e+01 2.770711e+01
      vertex   -4.418739e+01 -5.486603e+01 2.750000e+01
      vertex   -3.866399e+01 -5.486603e+01 2.750000e+01
    endloop
  endfacet
  facet normal -2.461462e-16 -9.238795e-01 3.826834e-01
    outer loop
      vertex   -3.866399e+01 -5.486603e+01 2.750000e+01
      vertex   -4.418739e+01 -5.486603e+01 2.750000e+01
      vertex   -3.866399e+01 -5.496593e+01 2.725882e+01
    endloop
  endfacet
  facet normal 0.000000e+00 -9.238795e-01 3.826834e-01
    outer loop
      vertex   -3.866399e+01 -5.486603e+01 2.750000e+01
      vertex   -3.866399e+01 -5.496593e+01 2.725882e+01
      vertex   -3.314058e+01 -5.496593e+01 2.725882e+01
    endloop
  endfacet
  facet normal 0.000000e+00 -9.914449e-01 1.305262e-01
    outer loop
      vertex   -3.314058e+01 -5.496593e+01 2.725882e+01
      vertex   -3.866399e+01 -5.496593e+01 2.725882e+01
      vertex   -4.418739e+01 -5.500000e+01 2.700000e+01
    endloop
  endfacet
  facet normal -1.434076e-15 -9.238795e-01 3.826834e-01
    outer loop
      vertex   -4.418739e+01 -5.486603e+01 2.750000e+01
      vertex   -4.418739e+01 -5.496593e+01 2.725882e+01
      vertex   -3.866399e+01 -5.496593e+01 2.725882e+01
    endloop
  endfacet
  facet normal -1.359372e-15 -9.914449e-01 1.305262e-01
    outer loop
      vertex   -3.866399e+01 -5.496593e+01 2.725882e+01
      vertex   -4.418739e+01 -5.496593e+01 2.725882e+01
      vertex   -4.418739e+01 -5.500000e+01 2.700000e+01
    endloop
  endfacet
  facet normal 0.000000e+00 -9.914449e-01 1.305262e-01
    outer loop
      vertex   -5.523564e+00 -5.496593e+01 2.725882e+01
      vertex   -4.418739e+01 -5.500000e+01 2.700000e+01
      vertex   -1.600203e-04 -5.496593e+01 2.725882e+01
    endloop
  endfacet
  facet normal 7.970429e-17 -9.914449e-01 1.305262e-01
    outer loop
      vertex   -1.600203e-04 -5.496593e+01 2.725882e+01
      vertex   -4.418739e+01 -5.500000e+01 2.700000e+01
      vertex   4.418707e+01 -5.500000e+01 2.700000e+01
    endloop
  endfacet
  facet normal 0.000000e+00 -9.914449e-01 1.305262e-01
    outer loop
      vertex   -1.600203e-04 -5.496593e+01 2.725882e+01
      vertex   4.418707e+01 -5.500000e+01 2.700000e+01
      vertex   5.523244e+00 -5.496593e+01 2.725882e+01
    endloop
  endfacet
  facet normal 0.000000e+00 -9.914449e-01 1.305262e-01
    outer loop
      vertex   5.523244e+00 -5.496593e+01 2.725882e+01
      vertex   4.418707e+01 -5.500000e+01 2.700000e+01
      vertex   1.104665e+01 -5.496593e+01 2.725882e+01
    endloop
  endfacet
  facet normal 0.000000e+00 -9.238795e-01 3.826834e-01
    outer loop
      vertex   5.523244e+00 -5.496593e+01 2.725882e+01
      vertex   1.104665e+01 -5.496593e+01 2.725882e+01
      vertex   5.523244e+00 -5.486603e+01 2.750000e+01
    endloop
  endfacet
  facet normal 0.000000e+00 -9.238795e-01 3.826834e-01
    outer loop
      vertex   5.523244e+00 -5.486603e+01 2.750000e+01
      vertex   1.104665e+01 -5.496593e+01 2.725882e+01
      vertex   1.104665e+01 -5.486603e+01 2.750000e+01
    endloop
  endfacet
  facet normal 0.000000e+00 -7.933533e-01 6.087614e-01
    outer loop
      vertex   5.523244e+00 -5.486603e+01 2.750000e+01
      vertex   1.104665e+01 -5.486603e+01 2.750000e+01
      vertex   5.523244e+00 -5.470711e+01 2.770711e+01
    endloop
  endfacet
  facet normal 0.000000e+00 -7.933533e-01 6.087614e-01
    outer loop
      vertex   5.523244e+00 -5.470711e+01 2.770711e+01
      vertex   1.104665e+01 -5.486603e+01 2.750000e+01
      vertex   1.104665e+01 -5.470711e+01 2.770711e+01
    endloop
  endfacet
  facet normal 0.000000e+00 -6.087614e-01 7.933533e-01
    outer loop
      vertex   5.523244e+00 -5.470711e+01 2.770711e+01
      vertex   1.104665e+01 -5.470711e+01 2.770711e+01
      vertex   5.523244e+00 -5.450000e+01 2.786603e+01
    endloop
  endfacet
  facet normal 0.000000e+00 -6.087614e-01 7.933533e-01
    outer loop
      vertex   5.523244e+00 -5.450000e+01 2.786603e+01
      vertex   1.104665e+01 -5.470711e+01 2.770711e+01
      vertex   1.104665e+01 -5.450000e+01 2.786603e+01
    endloop
  endfacet
  facet normal 0.000000e+00 -3.826834e-01 9.238795e-01
    outer loop
      vertex   5.523244e+00 -5.450000e+01 2.786603e+01
      vertex   1.104665e+01 -5.450000e+01 2.786603e+01
      vertex   5.523244e+00 -5.425882e+01 2.796593e+01
    endloop
  endfacet
  facet normal 0.000000e+00 -9.238795e-01 3.826834e-01
    outer loop
      vertex   3.314026e+01 -5.496593e+01 2.725882e+01
      vertex   3.866367e+01 -5.496593e+01 2.725882e+01
      vertex   3.314026e+01 -5.486603e+01 2.750000e+01
    endloop
  endfacet
  facet normal 0.000000e+00 -9.238795e-01 3.826834e-01
    outer loop
      vertex   3.314026e+01 -5.486603e+01 2.750000e+01
      vertex   3.866367e+01 -5.496593e+01 2.725882e+01
      vertex   3.866367e+01 -5.486603e+01 2.750000e+01
    endloop
  endfacet
  facet normal 0.000000e+00 -7.933533e-01 6.087614e-01
    outer loop
      vertex   3.314026e+01 -5.486603e+01 2.750000e+01
      vertex   3.866367e+01 -5.486603e+01 2.750000e+01
      vertex   3.314026e+01 -5.470711e+01 2.770711e+01
    endloop
  endfacet
  facet normal 0.000000e+00 -7.933533e-01 6.087614e-01
    outer loop
      vertex   3.314026e+01 -5.470711e+01 2.770711e+01
      vertex   3.866367e+01 -5.486603e+01 2.750000e+01
      vertex   3.866367e+01 -5.470711e+01 2.770711e+01
    endloop
  endfacet
  facet normal 0.000000e+00 -6.087614e-01 7.933533e-01
    outer loop
      vertex   3.314026e+01 -5.470711e+01 2.770711e+01
      vertex   3.866367e+01 -5.470711e+01 2.770711e+01
      vertex   3.314026e+01 -5.450000e+01 2.786603e+01
    endloop
  endfacet
  facet normal 0.000000e+00 -6.087614e-01 7.933533e-01
    outer loop
      vertex   3.314026e+01 -5.450000e+01 2.786603e+01
      vertex   3.866367e+01 -5.470711e+01 2.770711e+01
      vertex   3.866367e+01 -5.450000e+01 2.786603e+01
    endloop
  endfacet
  facet normal 0.000000e+00 -3.826834e-01 9.238795e-01
    outer loop
      vertex   3.314026e+01 -5.450000e+01 2.786603e+01
      vertex   3.866367e+01 -5.450000e+01 2.786603e+01
      vertex   3.314026e+01 -5.425882e+01 2.796593e+01
    endloop
  endfacet
  facet normal 0.000000e+00 -3.826834e-01 9.238795e-01
    outer loop
      vertex   3.314026e+01 -5.425882e+01 2.796593e+01
      vertex   3.866367e+01 -5.450000e+01 2.786603e+01
      vertex   3.866367e+01 -5.425882e+01 2.796593e+01
    endloop
  endfacet
  facet normal 0.000000e+00 -1.305262e-01 9.914449e-01
    outer loop
      vertex   3.314026e+01 -5.425882e+01 2.796593e+01
      vertex   3.866367e+01 -5.425882e+01 2.796593e+01
      vertex   4.418707e+01 -5.400000e+01 2.800000e+01
    endloop
  endfacet
  facet normal 1.275416e-15 -9.914449e-01 1.305262e-01
    outer loop
      vertex   2.761686e+01 -5.496593e+01 2.725882e+01
      vertex   2.209345e+01 -5.496593e+01 2.725882e+01
      vertex   4.418707e+01 -5.500000e+01 2.700000e+01
    endloop
  endfacet
  facet normal 0.000000e+00 -9.914449e-01 1.305262e-01
    outer loop
      vertex   4.418707e+01 -5.500000e+01 2.700000e+01
      vertex   2.209345e+01 -5.496593e+01 2.725882e+01
      vertex   1.657005e+01 -5.496593e+01 2.725882e+01
    endloop
  endfacet
  facet normal 0.000000e+00 -9.914449e-01 1.305262e-01
    outer loop
      vertex   4.418707e+01 -5.500000e+01 2.700000e+01
      vertex   1.657005e+01 -5.496593e+01 2.725882e+01
      vertex   1.104665e+01 -5.496593e+01 2.725882e+01
    endloop
  endfacet
  facet normal 0.000000e+00 -9.238795e-01 3.826834e-01
    outer loop
      vertex   1.104665e+01 -5.496593e+01 2.725882e+01
      vertex   1.657005e+01 -5.496593e+01 2.725882e+01
      vertex   1.104665e+01 -5.486603e+01 2.750000e+01
    endloop
  endfacet
  facet normal 1.188499e-15 -9.238795e-01 3.826834e-01
    outer loop
      vertex   2.761686e+01 -5.496593e+01 2.725882e+01
      vertex   2.209345e+01 -5.486603e+01 2.750000e+01
      vertex   2.209345e+01 -5.496593e+01 2.725882e+01
    endloop
  endfacet
  facet normal 0.000000e+00 -9.238795e-01 3.826834e-01
    outer loop
      vertex   2.209345e+01 -5.496593e+01 2.725882e+01
      vertex   2.209345e+01 -5.486603e+01 2.750000e+01
      vertex   1.657005e+01 -5.486603e+01 2.750000e+01
    endloop
  endfacet
  facet normal 0.000000e+00 -9.238795e-01 3.826834e-01
    outer loop
      vertex   2.209345e+01 -5.496593e+01 2.725882e+01
      vertex   1.657005e+01 -5.486603e+01 2.750000e+01
      vertex   1.657005e+01 -5.496593e+01 2.725882e+01
    endloop
  endfacet
  facet normal 0.000000e+00 -9.238795e-01 3.826834e-01
    outer loop
      vertex   1.657005e+01 -5.496593e+01 2.725882e+01
      vertex   1.657005e+01 -5.486603e+01 2.750000e+01
      vertex   1.104665e+01 -5.486603e+01 2.750000e+01
    endloop
  endfacet
  facet normal 0.000000e+00 -9.238795e-01 3.826834e-01
    outer loop
      vertex   -5.523564e+00 -5.486603e+01 2.750000e+01
      vertex   -5.523564e+00 -5.496593e+01 2.725882e+01
      vertex   -1.600203e-04 -5.496593e+01 2.725882e+01
    endloop
  endfacet
  facet normal 0.000000e+00 -9.238795e-01 3.826834e-01
    outer loop
      vertex   -1.600203e-04 -5.496593e+01 2.725882e+01
      vertex   5.523244e+00 -5.496593e+01 2.725882e+01
      vertex   -1.600203e-04 -5.486603e+01 2.750000e+01
    endloop
  endfacet
  facet normal 0.000000e+00 -9.238795e-01 3.826834e-01
    outer loop
      vertex   -1.600203e-04 -5.486603e+01 2.750000e+01
      vertex   5.523244e+00 -5.496593e+01 2.725882e+01
      vertex   5.523244e+00 -5.486603e+01 2.750000e+01
    endloop
  endfacet
  facet normal 0.000000e+00 -7.933533e-01 6.087614e-01
    outer loop
      vertex   -1.600203e-04 -5.486603e+01 2.750000e+01
      vertex   5.523244e+00 -5.486603e+01 2.750000e+01
      vertex   -1.600203e-04 -5.470711e+01 2.770711e+01
    endloop
  endfacet
  facet normal 0.000000e+00 -7.933533e-01 6.087614e-01
    outer loop
      vertex   -1.600203e-04 -5.470711e+01 2.770711e+01
      vertex   5.523244e+00 -5.486603e+01 2.750000e+01
      vertex   5.523244e+00 -5.470711e+01 2.770711e+01
    endloop
  endfacet
  facet normal 0.000000e+00 -6.087614e-01 7.933533e-01
    outer loop
      vertex   -1.600203e-04 -5.470711e+01 2.770711e+01
      vertex   5.523244e+00 -5.470711e+01 2.770711e+01
      vertex   -1.600203e-04 -5.450000e+01 2.786603e+01
    endloop
  endfacet
  facet normal 0.000000e+00 -6.087614e-01 7.933533e-01
    outer loop
      vertex   -1.600203e-04 -5.450000e+01 2.786603e+01
      vertex   5.523244e+00 -5.470711e+01 2.770711e+01
      vertex   5.523244e+00 -5.450000e+01 2.786603e+01
    endloop
  endfacet
  facet normal 0.000000e+00 -3.826834e-01 9.238795e-01
    outer loop
      vertex   -1.600203e-04 -5.450000e+01 2.786603e+01
      vertex   5.523244e+00 -5.450000e+01 2.786603e+01
      vertex   -1.600203e-04 -5.425882e+01 2.796593e+01
    endloop
  endfacet
  facet normal 0.000000e+00 -3.826834e-01 9.238795e-01
    outer loop
      vertex   -1.600203e-04 -5.425882e+01 2.796593e+01
      vertex   5.523244e+00 -5.450000e+01 2.786603e+01
      vertex   5.523244e+00 -5.425882e+01 2.796593e+01
    endloop
  endfacet
  facet normal 0.000000e+00 -9.238795e-01 3.826834e-01
    outer loop
      vertex   -2.209377e+01 -5.486603e+01 2.750000e+01
      vertex   -1.657037e+01 -5.496593e+01 2.725882e+01
      vertex   -1.657037e+01 -5.486603e+01 2.750000e+01
    endloop
  endfacet
  facet normal 0.000000e+00 -9.238795e-01 3.826834e-01
    outer loop
      vertex   -1.657037e+01 -5.486603e+01 2.750000e+01
      vertex   -1.657037e+01 -5.496593e+01 2.725882e+01
      vertex   -1.104697e+01 -5.496593e+01 2.725882e+01
    endloop
  endfacet
  facet normal 0.000000e+00 -9.238795e-01 3.826834e-01
    outer loop
      vertex   3.314026e+01 -5.496593e+01 2.725882e+01
      vertex   3.314026e+01 -5.486603e+01 2.750000e+01
      vertex   2.761686e+01 -5.486603e+01 2.750000e+01
    endloop
  endfacet
  facet normal 0.000000e+00 -7.933533e-01 6.087614e-01
    outer loop
      vertex   2.761686e+01 -5.486603e+01 2.750000e+01
      vertex   3.314026e+01 -5.486603e+01 2.750000e+01
      vertex   2.761686e+01 -5.470711e+01 2.770711e+01
    endloop
  endfacet
  facet normal 1.020215e-15 -7.933533e-01 6.087614e-01
    outer loop
      vertex   2.761686e+01 -5.486603e+01 2.750000e+01
      vertex   2.761686e+01 -5.470711e+01 2.770711e+01
      vertex   2.209345e+01 -5.470711e+01 2.770711e+01
    endloop
  endfacet
  facet normal 7.831240e-16 -6.087614e-01 7.933533e-01
    outer loop
      vertex   2.209345e+01 -5.470711e+01 2.770711e+01
      vertex   2.761686e+01 -5.470711e+01 2.770711e+01
      vertex   2.209345e+01 -5.450000e+01 2.786603e+01
    endloop
  endfacet
  facet normal 0.000000e+00 -6.087614e-01 7.933533e-01
    outer loop
      vertex   2.209345e+01 -5.470711e+01 2.770711e+01
      vertex   2.209345e+01 -5.450000e+01 2.786603e+01
      vertex   1.657005e+01 -5.450000e+01 2.786603e+01
    endloop
  endfacet
  facet normal 0.000000e+00 -3.826834e-01 9.238795e-01
    outer loop
      vertex   1.657005e+01 -5.450000e+01 2.786603e+01
      vertex   2.209345e+01 -5.450000e+01 2.786603e+01
      vertex   1.657005e+01 -5.425882e+01 2.796593e+01
    endloop
  endfacet
  facet normal 0.000000e+00 -3.826834e-01 9.238795e-01
    outer loop
      vertex   1.657005e+01 -5.450000e+01 2.786603e+01
      vertex   1.657005e+01 -5.425882e+01 2.796593e+01
      vertex   1.104665e+01 -5.425882e+01 2.796593e+01
    endloop
  endfacet
  facet normal 0.000000e+00 -1.305262e-01 9.914449e-01
    outer loop
      vertex   1.104665e+01 -5.425882e+01 2.796593e+01
      vertex   1.657005e+01 -5.425882e+01 2.796593e+01
      vertex   4.418707e+01 -5.400000e+01 2.800000e+01
    endloop
  endfacet
  facet normal 0.000000e+00 -7.933533e-01 6.087614e-01
    outer loop
      vertex   2.761686e+01 -5.470711e+01 2.770711e+01
      vertex   3.314026e+01 -5.486603e+01 2.750000e+01
      vertex   3.314026e+01 -5.470711e+01 2.770711e+01
    endloop
  endfacet
  facet normal 0.000000e+00 -7.933533e-01 6.087614e-01
    outer loop
      vertex   1.104665e+01 -5.470711e+01 2.770711e+01
      vertex   1.104665e+01 -5.486603e+01 2.750000e+01
      vertex   1.657005e+01 -5.486603e+01 2.750000e+01
    endloop
  endfacet
  facet normal 0.000000e+00 -7.933533e-01 6.087614e-01
    outer loop
      vertex   1.104665e+01 -5.470711e+01 2.770711e+01
      vertex   1.657005e+01 -5.486603e+01 2.750000e+01
      vertex   1.657005e+01 -5.470711e+01 2.770711e+01
    endloop
  endfacet
  facet normal 0.000000e+00 -7.933533e-01 6.087614e-01
    outer loop
      vertex   1.657005e+01 -5.470711e+01 2.770711e+01
      vertex   1.657005e+01 -5.486603e+01 2.750000e+01
      vertex   2.209345e+01 -5.486603e+01 2.750000e+01
    endloop
  endfacet
  facet normal 0.000000e+00 -7.933533e-01 6.087614e-01
    outer loop
      vertex   -5.523564e+00 -5.470711e+01 2.770711e+01
      vertex   -5.523564e+00 -5.486603e+01 2.750000e+01
      vertex   -1.600203e-04 -5.486603e+01 2.750000e+01
    endloop
  endfacet
  facet normal 0.000000e+00 -9.238795e-01 3.826834e-01
    outer loop
      vertex   -1.600203e-04 -5.486603e+01 2.750000e+01
      vertex   -5.523564e+00 -5.486603e+01 2.750000e+01
      vertex   -1.600203e-04 -5.496593e+01 2.725882e+01
    endloop
  endfacet
  facet normal 0.000000e+00 -7.933533e-01 6.087614e-01
    outer loop
      vertex   -5.523564e+00 -5.470711e+01 2.770711e+01
      vertex   -1.600203e-04 -5.486603e+01 2.750000e+01
      vertex   -1.600203e-04 -5.470711e+01 2.770711e+01
    endloop
  endfacet
  facet normal 0.000000e+00 -7.933533e-01 6.087614e-01
    outer loop
      vertex   -1.657037e+01 -5.470711e+01 2.770711e+01
      vertex   -1.104697e+01 -5.486603e+01 2.750000e+01
      vertex   -1.104697e+01 -5.470711e+01 2.770711e+01
    endloop
  endfacet
  facet normal 0.000000e+00 -7.933533e-01 6.087614e-01
    outer loop
      vertex   -2.761718e+01 -5.470711e+01 2.770711e+01
      vertex   -2.209377e+01 -5.486603e+01 2.750000e+01
      vertex   -2.209377e+01 -5.470711e+01 2.770711e+01
    endloop
  endfacet
  facet normal 0.000000e+00 -7.933533e-01 6.087614e-01
    outer loop
      vertex   -2.209377e+01 -5.470711e+01 2.770711e+01
      vertex   -2.209377e+01 -5.486603e+01 2.750000e+01
      vertex   -1.657037e+01 -5.486603e+01 2.750000e+01
    endloop
  endfacet
  facet normal 0.000000e+00 -6.087614e-01 7.933533e-01
    outer loop
      vertex   2.761686e+01 -5.470711e+01 2.770711e+01
      vertex   3.314026e+01 -5.470711e+01 2.770711e+01
      vertex   2.761686e+01 -5.450000e+01 2.786603e+01
    endloop
  endfacet
  facet normal 0.000000e+00 -6.087614e-01 7.933533e-01
    outer loop
      vertex   2.761686e+01 -5.450000e+01 2.786603e+01
      vertex   3.314026e+01 -5.470711e+01 2.770711e+01
      vertex   3.314026e+01 -5.450000e+01 2.786603e+01
    endloop
  endfacet
  facet normal 0.000000e+00 -3.826834e-01 9.238795e-01
    outer loop
      vertex   2.761686e+01 -5.450000e+01 2.786603e+01
      vertex   3.314026e+01 -5.450000e+01 2.786603e+01
      vertex   2.761686e+01 -5.425882e+01 2.796593e+01
    endloop
  endfacet
  facet normal 0.000000e+00 -3.826834e-01 9.238795e-01
    outer loop
      vertex   2.761686e+01 -5.425882e+01 2.796593e+01
      vertex   3.314026e+01 -5.450000e+01 2.786603e+01
      vertex   3.314026e+01 -5.425882e+01 2.796593e+01
    endloop
  endfacet
  facet normal 0.000000e+00 -1.305262e-01 9.914449e-01
    outer loop
      vertex   2.761686e+01 -5.425882e+01 2.796593e+01
      vertex   3.314026e+01 -5.425882e+01 2.796593e+01
      vertex   4.418707e+01 -5.400000e+01 2.800000e+01
    endloop
  endfacet
  facet normal 0.000000e+00 -6.087614e-01 7.933533e-01
    outer loop
      vertex   1.104665e+01 -5.450000e+01 2.786603e+01
      vertex   1.104665e+01 -5.470711e+01 2.770711e+01
      vertex   1.657005e+01 -5.470711e+01 2.770711e+01
    endloop
  endfacet
  facet normal 0.000000e+00 -6.087614e-01 7.933533e-01
    outer loop
      vertex   -5.523564e+00 -5.450000e+01 2.786603e+01
      vertex   -5.523564e+00 -5.470711e+01 2.770711e+01
      vertex   -1.600203e-04 -5.470711e+01 2.770711e+01
    endloop
  endfacet
  facet normal 0.000000e+00 -6.087614e-01 7.933533e-01
    outer loop
      vertex   -5.523564e+00 -5.450000e+01 2.786603e+01
      vertex   -1.600203e-04 -5.470711e+01 2.770711e+01
      vertex   -1.600203e-04 -5.450000e+01 2.786603e+01
    endloop
  endfacet
  facet normal 0.000000e+00 -6.087614e-01 7.933533e-01
    outer loop
      vertex   -1.657037e+01 -5.470711e+01 2.770711e+01
      vertex   -1.104697e+01 -5.470711e+01 2.770711e+01
      vertex   -1.657037e+01 -5.450000e+01 2.786603e+01
    endloop
  endfacet
  facet normal 0.000000e+00 -6.087614e-01 7.933533e-01
    outer loop
      vertex   -1.657037e+01 -5.450000e+01 2.786603e+01
      vertex   -1.104697e+01 -5.470711e+01 2.770711e+01
      vertex   -1.104697e+01 -5.450000e+01 2.786603e+01
    endloop
  endfacet
  facet normal 0.000000e+00 -3.826834e-01 9.238795e-01
    outer loop
      vertex   -1.657037e+01 -5.450000e+01 2.786603e+01
      vertex   -1.104697e+01 -5.450000e+01 2.786603e+01
      vertex   -1.657037e+01 -5.425882e+01 2.796593e+01
    endloop
  endfacet
  facet normal 0.000000e+00 -3.826834e-01 9.238795e-01
    outer loop
      vertex   -1.657037e+01 -5.425882e+01 2.796593e+01
      vertex   -1.104697e+01 -5.450000e+01 2.786603e+01
      vertex   -1.104697e+01 -5.425882e+01 2.796593e+01
    endloop
  endfacet
  facet normal 0.000000e+00 -1.305262e-01 9.914449e-01
    outer loop
      vertex   -1.657037e+01 -5.425882e+01 2.796593e+01
      vertex   -1.104697e+01 -5.425882e+01 2.796593e+01
      vertex   -4.418739e+01 -5.400000e+01 2.800000e+01
    endloop
  endfacet
  facet normal 0.000000e+00 -6.087614e-01 7.933533e-01
    outer loop
      vertex   -3.314058e+01 -5.450000e+01 2.786603e+01
      vertex   -2.761718e+01 -5.470711e+01 2.770711e+01
      vertex   -2.761718e+01 -5.450000e+01 2.786603e+01
    endloop
  endfacet
  facet normal 0.000000e+00 -6.087614e-01 7.933533e-01
    outer loop
      vertex   -2.761718e+01 -5.450000e+01 2.786603e+01
      vertex   -2.761718e+01 -5.470711e+01 2.770711e+01
      vertex   -2.209377e+01 -5.470711e+01 2.770711e+01
    endloop
  endfacet
  facet normal 1.564009e-15 -6.087614e-01 7.933533e-01
    outer loop
      vertex   2.761686e+01 -5.470711e+01 2.770711e+01
      vertex   2.761686e+01 -5.450000e+01 2.786603e+01
      vertex   2.209345e+01 -5.450000e+01 2.786603e+01
    endloop
  endfacet
  facet normal 9.845847e-16 -3.826834e-01 9.238795e-01
    outer loop
      vertex   2.209345e+01 -5.450000e+01 2.786603e+01
      vertex   2.761686e+01 -5.450000e+01 2.786603e+01
      vertex   2.209345e+01 -5.425882e+01 2.796593e+01
    endloop
  endfacet
  facet normal 0.000000e+00 -3.826834e-01 9.238795e-01
    outer loop
      vertex   2.209345e+01 -5.450000e+01 2.786603e+01
      vertex   2.209345e+01 -5.425882e+01 2.796593e+01
      vertex   1.657005e+01 -5.425882e+01 2.796593e+01
    endloop
  endfacet
  facet normal 0.000000e+00 -1.305262e-01 9.914449e-01
    outer loop
      vertex   1.657005e+01 -5.425882e+01 2.796593e+01
      vertex   2.209345e+01 -5.425882e+01 2.796593e+01
      vertex   4.418707e+01 -5.400000e+01 2.800000e+01
    endloop
  endfacet
  facet normal 4.922923e-16 -3.826834e-01 9.238795e-01
    outer loop
      vertex   2.209345e+01 -5.425882e+01 2.796593e+01
      vertex   2.761686e+01 -5.450000e+01 2.786603e+01
      vertex   2.761686e+01 -5.425882e+01 2.796593e+01
    endloop
  endfacet
  facet normal 0.000000e+00 -3.826834e-01 9.238795e-01
    outer loop
      vertex   -5.523564e+00 -5.425882e+01 2.796593e+01
      vertex   -5.523564e+00 -5.450000e+01 2.786603e+01
      vertex   -1.600203e-04 -5.450000e+01 2.786603e+01
    endloop
  endfacet
  facet normal 0.000000e+00 -3.826834e-01 9.238795e-01
    outer loop
      vertex   -5.523564e+00 -5.425882e+01 2.796593e+01
      vertex   -1.600203e-04 -5.450000e+01 2.786603e+01
      vertex   -1.600203e-04 -5.425882e+01 2.796593e+01
    endloop
  endfacet
  facet normal 0.000000e+00 -6.087614e-01 7.933533e-01
    outer loop
      vertex   -1.657037e+01 -5.470711e+01 2.770711e+01
      vertex   -1.657037e+01 -5.450000e+01 2.786603e+01
      vertex   -2.209377e+01 -5.450000e+01 2.786603e+01
    endloop
  endfacet
  facet normal 0.000000e+00 -3.826834e-01 9.238795e-01
    outer loop
      vertex   -2.209377e+01 -5.450000e+01 2.786603e+01
      vertex   -1.657037e+01 -5.450000e+01 2.786603e+01
      vertex   -2.209377e+01 -5.425882e+01 2.796593e+01
    endloop
  endfacet
  facet normal 0.000000e+00 -3.826834e-01 9.238795e-01
    outer loop
      vertex   -2.209377e+01 -5.450000e+01 2.786603e+01
      vertex   -2.209377e+01 -5.425882e+01 2.796593e+01
      vertex   -2.761718e+01 -5.425882e+01 2.796593e+01
    endloop
  endfacet
  facet normal 0.000000e+00 -1.305262e-01 9.914449e-01
    outer loop
      vertex   -2.761718e+01 -5.425882e+01 2.796593e+01
      vertex   -2.209377e+01 -5.425882e+01 2.796593e+01
      vertex   -4.418739e+01 -5.400000e+01 2.800000e+01
    endloop
  endfacet
  facet normal 0.000000e+00 -3.826834e-01 9.238795e-01
    outer loop
      vertex   -2.209377e+01 -5.425882e+01 2.796593e+01
      vertex   -1.657037e+01 -5.450000e+01 2.786603e+01
      vertex   -1.657037e+01 -5.425882e+01 2.796593e+01
    endloop
  endfacet
  facet normal 0.000000e+00 -3.826834e-01 9.238795e-01
    outer loop
      vertex   -3.866399e+01 -5.425882e+01 2.796593e+01
      vertex   -3.314058e+01 -5.450000e+01 2.786603e+01
      vertex   -3.314058e+01 -5.425882e+01 2.796593e+01
    endloop
  endfacet
  facet normal 0.000000e+00 -3.826834e-01 9.238795e-01
    outer loop
      vertex   -3.314058e+01 -5.425882e+01 2.796593e+01
      vertex   -3.314058e+01 -5.450000e+01 2.786603e+01
      vertex   -2.761718e+01 -5.450000e+01 2.786603e+01
    endloop
  endfacet
  facet normal 1.684317e-16 -1.305262e-01 9.914449e-01
    outer loop
      vertex   4.418707e+01 -5.400000e+01 2.800000e+01
      vertex   2.209345e+01 -5.425882e+01 2.796593e+01
      vertex   2.761686e+01 -5.425882e+01 2.796593e+01
    endloop
  endfacet
  facet normal 0.000000e+00 -1.305262e-01 9.914449e-01
    outer loop
      vertex   -4.418739e+01 -5.400000e+01 2.800000e+01
      vertex   -2.209377e+01 -5.425882e+01 2.796593e+01
      vertex   -1.657037e+01 -5.425882e+01 2.796593e+01
    endloop
  endfacet
  facet normal 9.853161e-01 -1.110185e-01 1.297193e-01
    outer loop
      vertex   4.718707e+01 -5.200000e+01 2.700000e+01
      vertex   4.715299e+01 -5.200000e+01 2.725882e+01
      vertex   4.711185e+01 -5.266756e+01 2.700000e+01
    endloop
  endfacet
  facet normal 9.853161e-01 -1.110185e-01 1.297193e-01
    outer loop
      vertex   4.711185e+01 -5.266756e+01 2.700000e+01
      vertex   4.715299e+01 -5.200000e+01 2.725882e+01
      vertex   4.707863e+01 -5.265998e+01 2.725882e+01
    endloop
  endfacet
  facet normal 9.359082e-01 -3.274885e-01 1.297193e-01
    outer loop
      vertex   4.711185e+01 -5.266756e+01 2.700000e+01
      vertex   4.707863e+01 -5.265998e+01 2.725882e+01
      vertex   4.688998e+01 -5.330165e+01 2.700000e+01
    endloop
  endfacet
  facet normal 9.359082e-01 -3.274885e-01 1.297193e-01
    outer loop
      vertex   4.688998e+01 -5.330165e+01 2.700000e+01
      vertex   4.707863e+01 -5.265998e+01 2.725882e+01
      vertex   4.685928e+01 -5.328687e+01 2.725882e+01
    endloop
  endfacet
  facet normal 8.395700e-01 -5.275368e-01 1.297193e-01
    outer loop
      vertex   4.688998e+01 -5.330165e+01 2.700000e+01
      vertex   4.685928e+01 -5.328687e+01 2.725882e+01
      vertex   4.653256e+01 -5.387047e+01 2.700000e+01
    endloop
  endfacet
  facet normal 8.395700e-01 -5.275368e-01 1.297193e-01
    outer loop
      vertex   4.653256e+01 -5.387047e+01 2.700000e+01
      vertex   4.685928e+01 -5.328687e+01 2.725882e+01
      vertex   4.650592e+01 -5.384923e+01 2.725882e+01
    endloop
  endfacet
  facet normal 7.011323e-01 -7.011323e-01 1.297193e-01
    outer loop
      vertex   4.653256e+01 -5.387047e+01 2.700000e+01
      vertex   4.650592e+01 -5.384923e+01 2.725882e+01
      vertex   4.605754e+01 -5.434550e+01 2.700000e+01
    endloop
  endfacet
  facet normal 7.011323e-01 -7.011323e-01 1.297193e-01
    outer loop
      vertex   4.605754e+01 -5.434550e+01 2.700000e+01
      vertex   4.650592e+01 -5.384923e+01 2.725882e+01
      vertex   4.603629e+01 -5.431886e+01 2.725882e+01
    endloop
  endfacet
  facet normal 5.275368e-01 -8.395700e-01 1.297193e-01
    outer loop
      vertex   4.605754e+01 -5.434550e+01 2.700000e+01
      vertex   4.603629e+01 -5.431886e+01 2.725882e+01
      vertex   4.548872e+01 -5.470291e+01 2.700000e+01
    endloop
  endfacet
  facet normal 5.275368e-01 -8.395700e-01 1.297193e-01
    outer loop
      vertex   4.548872e+01 -5.470291e+01 2.700000e+01
      vertex   4.603629e+01 -5.431886e+01 2.725882e+01
      vertex   4.547394e+01 -5.467221e+01 2.725882e+01
    endloop
  endfacet
  facet normal 3.274885e-01 -9.359082e-01 1.297193e-01
    outer loop
      vertex   4.548872e+01 -5.470291e+01 2.700000e+01
      vertex   4.547394e+01 -5.467221e+01 2.725882e+01
      vertex   4.485463e+01 -5.492478e+01 2.700000e+01
    endloop
  endfacet
  facet normal 3.274885e-01 -9.359082e-01 1.297193e-01
    outer loop
      vertex   4.485463e+01 -5.492478e+01 2.700000e+01
      vertex   4.547394e+01 -5.467221e+01 2.725882e+01
      vertex   4.484705e+01 -5.489156e+01 2.725882e+01
    endloop
  endfacet
  facet normal 1.110185e-01 -9.853161e-01 1.297193e-01
    outer loop
      vertex   4.485463e+01 -5.492478e+01 2.700000e+01
      vertex   4.484705e+01 -5.489156e+01 2.725882e+01
      vertex   4.418707e+01 -5.500000e+01 2.700000e+01
    endloop
  endfacet
  facet normal 1.110185e-01 -9.853161e-01 1.297193e-01
    outer loop
      vertex   4.418707e+01 -5.500000e+01 2.700000e+01
      vertex   4.484705e+01 -5.489156e+01 2.725882e+01
      vertex   4.418707e+01 -5.496593e+01 2.725882e+01
    endloop
  endfacet
  facet normal 1.035368e-01 -9.189143e-01 3.806267e-01
    outer loop
      vertex   4.418707e+01 -5.496593e+01 2.725882e+01
      vertex   4.484705e+01 -5.489156e+01 2.725882e+01
      vertex   4.482482e+01 -5.479417e+01 2.750000e+01
    endloop
  endfacet
  facet normal 1.035368e-01 -9.189143e-01 3.806267e-01
    outer loop
      vertex   4.418707e+01 -5.496593e+01 2.725882e+01
      vertex   4.482482e+01 -5.479417e+01 2.750000e+01
      vertex   4.418707e+01 -5.486603e+01 2.750000e+01
    endloop
  endfacet
  facet normal 8.903445e-02 -7.902026e-01 6.063438e-01
    outer loop
      vertex   4.418707e+01 -5.486603e+01 2.750000e+01
      vertex   4.482482e+01 -5.479417e+01 2.750000e+01
      vertex   4.478946e+01 -5.463923e+01 2.770711e+01
    endloop
  endfacet
  facet normal 8.903445e-02 -7.902026e-01 6.063438e-01
    outer loop
      vertex   4.418707e+01 -5.486603e+01 2.750000e+01
      vertex   4.478946e+01 -5.463923e+01 2.770711e+01
      vertex   4.418707e+01 -5.470711e+01 2.770711e+01
    endloop
  endfacet
  facet normal 6.843016e-02 -6.073344e-01 7.914936e-01
    outer loop
      vertex   4.418707e+01 -5.470711e+01 2.770711e+01
      vertex   4.478946e+01 -5.463923e+01 2.770711e+01
      vertex   4.474337e+01 -5.443732e+01 2.786603e+01
    endloop
  endfacet
  facet normal 6.843016e-02 -6.073344e-01 7.914936e-01
    outer loop
      vertex   4.418707e+01 -5.470711e+01 2.770711e+01
      vertex   4.474337e+01 -5.443732e+01 2.786603e+01
      vertex   4.418707e+01 -5.450000e+01 2.786603e+01
    endloop
  endfacet
  facet normal 4.307804e-02 -3.823282e-01 9.230219e-01
    outer loop
      vertex   4.418707e+01 -5.450000e+01 2.786603e+01
      vertex   4.474337e+01 -5.443732e+01 2.786603e+01
      vertex   4.468970e+01 -5.420219e+01 2.796593e+01
    endloop
  endfacet
  facet normal 4.307804e-02 -3.823282e-01 9.230219e-01
    outer loop
      vertex   4.418707e+01 -5.450000e+01 2.786603e+01
      vertex   4.468970e+01 -5.420219e+01 2.796593e+01
      vertex   4.418707e+01 -5.425882e+01 2.796593e+01
    endloop
  endfacet
  facet normal 1.470518e-02 -1.305121e-01 9.913377e-01
    outer loop
      vertex   4.418707e+01 -5.425882e+01 2.796593e+01
      vertex   4.468970e+01 -5.420219e+01 2.796593e+01
      vertex   4.418707e+01 -5.400000e+01 2.800000e+01
    endloop
  endfacet
  facet normal 1.658082e-02 -1.259438e-01 9.918988e-01
    outer loop
      vertex   4.418707e+01 -5.400000e+01 2.800000e+01
      vertex   4.468970e+01 -5.420219e+01 2.796593e+01
      vertex   4.470471e+01 -5.393185e+01 2.800000e+01
    endloop
  endfacet
  facet normal 4.456707e-02 -1.273654e-01 9.908541e-01
    outer loop
      vertex   4.470471e+01 -5.393185e+01 2.800000e+01
      vertex   4.468970e+01 -5.420219e+01 2.796593e+01
      vertex   4.516713e+01 -5.403513e+01 2.796593e+01
    endloop
  endfacet
  facet normal 4.750338e-02 -1.146833e-01 9.922657e-01
    outer loop
      vertex   4.470471e+01 -5.393185e+01 2.800000e+01
      vertex   4.516713e+01 -5.403513e+01 2.796593e+01
      vertex   4.518707e+01 -5.373205e+01 2.800000e+01
    endloop
  endfacet
  facet normal 7.299212e-02 -1.161663e-01 9.905441e-01
    outer loop
      vertex   4.518707e+01 -5.373205e+01 2.800000e+01
      vertex   4.516713e+01 -5.403513e+01 2.796593e+01
      vertex   4.559542e+01 -5.376602e+01 2.796593e+01
    endloop
  endfacet
  facet normal 7.471381e-02 -9.736894e-02 9.924400e-01
    outer loop
      vertex   4.518707e+01 -5.373205e+01 2.800000e+01
      vertex   4.559542e+01 -5.376602e+01 2.796593e+01
      vertex   4.560128e+01 -5.341421e+01 2.800000e+01
    endloop
  endfacet
  facet normal 9.755562e-02 -9.755562e-02 9.904372e-01
    outer loop
      vertex   4.560128e+01 -5.341421e+01 2.800000e+01
      vertex   4.559542e+01 -5.376602e+01 2.796593e+01
      vertex   4.595308e+01 -5.340835e+01 2.796593e+01
    endloop
  endfacet
  facet normal 9.736894e-02 -7.471381e-02 9.924400e-01
    outer loop
      vertex   4.560128e+01 -5.341421e+01 2.800000e+01
      vertex   4.595308e+01 -5.340835e+01 2.796593e+01
      vertex   4.591912e+01 -5.300000e+01 2.800000e+01
    endloop
  endfacet
  facet normal 1.161663e-01 -7.299212e-02 9.905441e-01
    outer loop
      vertex   4.591912e+01 -5.300000e+01 2.800000e+01
      vertex   4.595308e+01 -5.340835e+01 2.796593e+01
      vertex   4.622219e+01 -5.298007e+01 2.796593e+01
    endloop
  endfacet
  facet normal 1.146833e-01 -4.750338e-02 9.922657e-01
    outer loop
      vertex   4.591912e+01 -5.300000e+01 2.800000e+01
      vertex   4.622219e+01 -5.298007e+01 2.796593e+01
      vertex   4.611892e+01 -5.251764e+01 2.800000e+01
    endloop
  endfacet
  facet normal 1.273654e-01 -4.456707e-02 9.908541e-01
    outer loop
      vertex   4.611892e+01 -5.251764e+01 2.800000e+01
      vertex   4.622219e+01 -5.298007e+01 2.796593e+01
      vertex   4.638925e+01 -5.250264e+01 2.796593e+01
    endloop
  endfacet
  facet normal 1.259438e-01 -1.658082e-02 9.918988e-01
    outer loop
      vertex   4.611892e+01 -5.251764e+01 2.800000e+01
      vertex   4.638925e+01 -5.250264e+01 2.796593e+01
      vertex   4.618707e+01 -5.200000e+01 2.800000e+01
    endloop
  endfacet
  facet normal 1.305121e-01 -1.470518e-02 9.913377e-01
    outer loop
      vertex   4.618707e+01 -5.200000e+01 2.800000e+01
      vertex   4.638925e+01 -5.250264e+01 2.796593e+01
      vertex   4.644589e+01 -5.200000e+01 2.796593e+01
    endloop
  endfacet
  facet normal 3.823282e-01 -4.307804e-02 9.230219e-01
    outer loop
      vertex   4.644589e+01 -5.200000e+01 2.796593e+01
      vertex   4.638925e+01 -5.250264e+01 2.796593e+01
      vertex   4.662439e+01 -5.255630e+01 2.786603e+01
    endloop
  endfacet
  facet normal 3.823282e-01 -4.307804e-02 9.230219e-01
    outer loop
      vertex   4.644589e+01 -5.200000e+01 2.796593e+01
      vertex   4.662439e+01 -5.255630e+01 2.786603e+01
      vertex   4.668707e+01 -5.200000e+01 2.786603e+01
    endloop
  endfacet
  facet normal 6.073344e-01 -6.843016e-02 7.914936e-01
    outer loop
      vertex   4.668707e+01 -5.200000e+01 2.786603e+01
      vertex   4.662439e+01 -5.255630e+01 2.786603e+01
      vertex   4.682630e+01 -5.260239e+01 2.770711e+01
    endloop
  endfacet
  facet normal 6.073344e-01 -6.843016e-02 7.914936e-01
    outer loop
      vertex   4.668707e+01 -5.200000e+01 2.786603e+01
      vertex   4.682630e+01 -5.260239e+01 2.770711e+01
      vertex   4.689418e+01 -5.200000e+01 2.770711e+01
    endloop
  endfacet
  facet normal 7.902026e-01 -8.903445e-02 6.063438e-01
    outer loop
      vertex   4.689418e+01 -5.200000e+01 2.770711e+01
      vertex   4.682630e+01 -5.260239e+01 2.770711e+01
      vertex   4.698124e+01 -5.263775e+01 2.750000e+01
    endloop
  endfacet
  facet normal 7.902026e-01 -8.903445e-02 6.063438e-01
    outer loop
      vertex   4.689418e+01 -5.200000e+01 2.770711e+01
      vertex   4.698124e+01 -5.263775e+01 2.750000e+01
      vertex   4.705309e+01 -5.200000e+01 2.750000e+01
    endloop
  endfacet
  facet normal 9.189143e-01 -1.035368e-01 3.806267e-01
    outer loop
      vertex   4.705309e+01 -5.200000e+01 2.750000e+01
      vertex   4.698124e+01 -5.263775e+01 2.750000e+01
      vertex   4.707863e+01 -5.265998e+01 2.725882e+01
    endloop
  endfacet
  facet normal 9.189143e-01 -1.035368e-01 3.806267e-01
    outer loop
      vertex   4.705309e+01 -5.200000e+01 2.750000e+01
      vertex   4.707863e+01 -5.265998e+01 2.725882e+01
      vertex   4.715299e+01 -5.200000e+01 2.725882e+01
    endloop
  endfacet
  facet normal 3.631567e-01 -1.270740e-01 9.230219e-01
    outer loop
      vertex   4.662439e+01 -5.255630e+01 2.786603e+01
      vertex   4.638925e+01 -5.250264e+01 2.796593e+01
      vertex   4.643949e+01 -5.308471e+01 2.786603e+01
    endloop
  endfacet
  facet normal 3.631567e-01 -1.270740e-01 9.230219e-01
    outer loop
      vertex   4.643949e+01 -5.308471e+01 2.786603e+01
      vertex   4.638925e+01 -5.250264e+01 2.796593e+01
      vertex   4.622219e+01 -5.298007e+01 2.796593e+01
    endloop
  endfacet
  facet normal 3.257749e-01 -2.046980e-01 9.230219e-01
    outer loop
      vertex   4.643949e+01 -5.308471e+01 2.786603e+01
      vertex   4.622219e+01 -5.298007e+01 2.796593e+01
      vertex   4.614165e+01 -5.355873e+01 2.786603e+01
    endloop
  endfacet
  facet normal 3.257749e-01 -2.046980e-01 9.230219e-01
    outer loop
      vertex   4.614165e+01 -5.355873e+01 2.786603e+01
      vertex   4.622219e+01 -5.298007e+01 2.796593e+01
      vertex   4.595308e+01 -5.340835e+01 2.796593e+01
    endloop
  endfacet
  facet normal 2.720575e-01 -2.720575e-01 9.230219e-01
    outer loop
      vertex   4.614165e+01 -5.355873e+01 2.786603e+01
      vertex   4.595308e+01 -5.340835e+01 2.796593e+01
      vertex   4.574579e+01 -5.395458e+01 2.786603e+01
    endloop
  endfacet
  facet normal 2.720575e-01 -2.720575e-01 9.230219e-01
    outer loop
      vertex   4.574579e+01 -5.395458e+01 2.786603e+01
      vertex   4.595308e+01 -5.340835e+01 2.796593e+01
      vertex   4.559542e+01 -5.376602e+01 2.796593e+01
    endloop
  endfacet
  facet normal 2.046980e-01 -3.257749e-01 9.230219e-01
    outer loop
      vertex   4.574579e+01 -5.395458e+01 2.786603e+01
      vertex   4.559542e+01 -5.376602e+01 2.796593e+01
      vertex   4.527178e+01 -5.425242e+01 2.786603e+01
    endloop
  endfacet
  facet normal 2.046980e-01 -3.257749e-01 9.230219e-01
    outer loop
      vertex   4.527178e+01 -5.425242e+01 2.786603e+01
      vertex   4.559542e+01 -5.376602e+01 2.796593e+01
      vertex   4.516713e+01 -5.403513e+01 2.796593e+01
    endloop
  endfacet
  facet normal 1.270740e-01 -3.631567e-01 9.230219e-01
    outer loop
      vertex   4.527178e+01 -5.425242e+01 2.786603e+01
      vertex   4.516713e+01 -5.403513e+01 2.796593e+01
      vertex   4.474337e+01 -5.443732e+01 2.786603e+01
    endloop
  endfacet
  facet normal 1.270740e-01 -3.631567e-01 9.230219e-01
    outer loop
      vertex   4.474337e+01 -5.443732e+01 2.786603e+01
      vertex   4.516713e+01 -5.403513e+01 2.796593e+01
      vertex   4.468970e+01 -5.420219e+01 2.796593e+01
    endloop
  endfacet
  facet normal 5.768802e-01 -2.018591e-01 7.914936e-01
    outer loop
      vertex   4.682630e+01 -5.260239e+01 2.770711e+01
      vertex   4.662439e+01 -5.255630e+01 2.786603e+01
      vertex   4.662609e+01 -5.317457e+01 2.770711e+01
    endloop
  endfacet
  facet normal 5.768802e-01 -2.018591e-01 7.914936e-01
    outer loop
      vertex   4.662609e+01 -5.317457e+01 2.770711e+01
      vertex   4.662439e+01 -5.255630e+01 2.786603e+01
      vertex   4.643949e+01 -5.308471e+01 2.786603e+01
    endloop
  endfacet
  facet normal 5.174987e-01 -3.251660e-01 7.914936e-01
    outer loop
      vertex   4.662609e+01 -5.317457e+01 2.770711e+01
      vertex   4.643949e+01 -5.308471e+01 2.786603e+01
      vertex   4.630357e+01 -5.368785e+01 2.770711e+01
    endloop
  endfacet
  facet normal 5.174987e-01 -3.251660e-01 7.914936e-01
    outer loop
      vertex   4.630357e+01 -5.368785e+01 2.770711e+01
      vertex   4.643949e+01 -5.308471e+01 2.786603e+01
      vertex   4.614165e+01 -5.355873e+01 2.786603e+01
    endloop
  endfacet
  facet normal 4.321677e-01 -4.321677e-01 7.914936e-01
    outer loop
      vertex   4.630357e+01 -5.368785e+01 2.770711e+01
      vertex   4.614165e+01 -5.355873e+01 2.786603e+01
      vertex   4.587492e+01 -5.411650e+01 2.770711e+01
    endloop
  endfacet
  facet normal 4.321677e-01 -4.321677e-01 7.914936e-01
    outer loop
      vertex   4.587492e+01 -5.411650e+01 2.770711e+01
      vertex   4.614165e+01 -5.355873e+01 2.786603e+01
      vertex   4.574579e+01 -5.395458e+01 2.786603e+01
    endloop
  endfacet
  facet normal 3.251660e-01 -5.174987e-01 7.914936e-01
    outer loop
      vertex   4.587492e+01 -5.411650e+01 2.770711e+01
      vertex   4.574579e+01 -5.395458e+01 2.786603e+01
      vertex   4.536164e+01 -5.443902e+01 2.770711e+01
    endloop
  endfacet
  facet normal 3.251660e-01 -5.174987e-01 7.914936e-01
    outer loop
      vertex   4.536164e+01 -5.443902e+01 2.770711e+01
      vertex   4.574579e+01 -5.395458e+01 2.786603e+01
      vertex   4.527178e+01 -5.425242e+01 2.786603e+01
    endloop
  endfacet
  facet normal 2.018591e-01 -5.768802e-01 7.914936e-01
    outer loop
      vertex   4.536164e+01 -5.443902e+01 2.770711e+01
      vertex   4.527178e+01 -5.425242e+01 2.786603e+01
      vertex   4.478946e+01 -5.463923e+01 2.770711e+01
    endloop
  endfacet
  facet normal 2.018591e-01 -5.768802e-01 7.914936e-01
    outer loop
      vertex   4.478946e+01 -5.463923e+01 2.770711e+01
      vertex   4.527178e+01 -5.425242e+01 2.786603e+01
      vertex   4.474337e+01 -5.443732e+01 2.786603e+01
    endloop
  endfacet
  facet normal 8.728361e-01 -3.054185e-01 3.806267e-01
    outer loop
      vertex   4.685928e+01 -5.328687e+01 2.725882e+01
      vertex   4.707863e+01 -5.265998e+01 2.725882e+01
      vertex   4.698124e+01 -5.263775e+01 2.750000e+01
    endloop
  endfacet
  facet normal 7.505785e-01 -2.626388e-01 6.063438e-01
    outer loop
      vertex   4.698124e+01 -5.263775e+01 2.750000e+01
      vertex   4.682630e+01 -5.260239e+01 2.770711e+01
      vertex   4.676927e+01 -5.324352e+01 2.750000e+01
    endloop
  endfacet
  facet normal 7.505785e-01 -2.626388e-01 6.063438e-01
    outer loop
      vertex   4.676927e+01 -5.324352e+01 2.750000e+01
      vertex   4.682630e+01 -5.260239e+01 2.770711e+01
      vertex   4.662609e+01 -5.317457e+01 2.770711e+01
    endloop
  endfacet
  facet normal 6.733173e-01 -4.230733e-01 6.063438e-01
    outer loop
      vertex   4.676927e+01 -5.324352e+01 2.750000e+01
      vertex   4.662609e+01 -5.317457e+01 2.770711e+01
      vertex   4.642782e+01 -5.378694e+01 2.750000e+01
    endloop
  endfacet
  facet normal 6.733173e-01 -4.230733e-01 6.063438e-01
    outer loop
      vertex   4.642782e+01 -5.378694e+01 2.750000e+01
      vertex   4.662609e+01 -5.317457e+01 2.770711e+01
      vertex   4.630357e+01 -5.368785e+01 2.770711e+01
    endloop
  endfacet
  facet normal 5.622932e-01 -5.622932e-01 6.063438e-01
    outer loop
      vertex   4.642782e+01 -5.378694e+01 2.750000e+01
      vertex   4.630357e+01 -5.368785e+01 2.770711e+01
      vertex   4.597401e+01 -5.424075e+01 2.750000e+01
    endloop
  endfacet
  facet normal 5.622932e-01 -5.622932e-01 6.063438e-01
    outer loop
      vertex   4.597401e+01 -5.424075e+01 2.750000e+01
      vertex   4.630357e+01 -5.368785e+01 2.770711e+01
      vertex   4.587492e+01 -5.411650e+01 2.770711e+01
    endloop
  endfacet
  facet normal 4.230733e-01 -6.733173e-01 6.063438e-01
    outer loop
      vertex   4.597401e+01 -5.424075e+01 2.750000e+01
      vertex   4.587492e+01 -5.411650e+01 2.770711e+01
      vertex   4.543059e+01 -5.458220e+01 2.750000e+01
    endloop
  endfacet
  facet normal 4.230733e-01 -6.733173e-01 6.063438e-01
    outer loop
      vertex   4.543059e+01 -5.458220e+01 2.750000e+01
      vertex   4.587492e+01 -5.411650e+01 2.770711e+01
      vertex   4.536164e+01 -5.443902e+01 2.770711e+01
    endloop
  endfacet
  facet normal 2.626388e-01 -7.505785e-01 6.063438e-01
    outer loop
      vertex   4.543059e+01 -5.458220e+01 2.750000e+01
      vertex   4.536164e+01 -5.443902e+01 2.770711e+01
      vertex   4.482482e+01 -5.479417e+01 2.750000e+01
    endloop
  endfacet
  facet normal 2.626388e-01 -7.505785e-01 6.063438e-01
    outer loop
      vertex   4.482482e+01 -5.479417e+01 2.750000e+01
      vertex   4.536164e+01 -5.443902e+01 2.770711e+01
      vertex   4.478946e+01 -5.463923e+01 2.770711e+01
    endloop
  endfacet
  facet normal 7.829902e-01 -4.919854e-01 3.806267e-01
    outer loop
      vertex   4.650592e+01 -5.384923e+01 2.725882e+01
      vertex   4.685928e+01 -5.328687e+01 2.725882e+01
      vertex   4.676927e+01 -5.324352e+01 2.750000e+01
    endloop
  endfacet
  facet normal 8.728361e-01 -3.054185e-01 3.806267e-01
    outer loop
      vertex   4.676927e+01 -5.324352e+01 2.750000e+01
      vertex   4.685928e+01 -5.328687e+01 2.725882e+01
      vertex   4.698124e+01 -5.263775e+01 2.750000e+01
    endloop
  endfacet
  facet normal 7.829902e-01 -4.919854e-01 3.806267e-01
    outer loop
      vertex   4.650592e+01 -5.384923e+01 2.725882e+01
      vertex   4.676927e+01 -5.324352e+01 2.750000e+01
      vertex   4.642782e+01 -5.378694e+01 2.750000e+01
    endloop
  endfacet
  facet normal 6.538820e-01 -6.538820e-01 3.806267e-01
    outer loop
      vertex   4.603629e+01 -5.431886e+01 2.725882e+01
      vertex   4.650592e+01 -5.384923e+01 2.725882e+01
      vertex   4.642782e+01 -5.378694e+01 2.750000e+01
    endloop
  endfacet
  facet normal 6.538820e-01 -6.538820e-01 3.806267e-01
    outer loop
      vertex   4.603629e+01 -5.431886e+01 2.725882e+01
      vertex   4.642782e+01 -5.378694e+01 2.750000e+01
      vertex   4.597401e+01 -5.424075e+01 2.750000e+01
    endloop
  endfacet
  facet normal 4.919854e-01 -7.829902e-01 3.806267e-01
    outer loop
      vertex   4.547394e+01 -5.467221e+01 2.725882e+01
      vertex   4.603629e+01 -5.431886e+01 2.725882e+01
      vertex   4.597401e+01 -5.424075e+01 2.750000e+01
    endloop
  endfacet
  facet normal 4.919854e-01 -7.829902e-01 3.806267e-01
    outer loop
      vertex   4.547394e+01 -5.467221e+01 2.725882e+01
      vertex   4.597401e+01 -5.424075e+01 2.750000e+01
      vertex   4.543059e+01 -5.458220e+01 2.750000e+01
    endloop
  endfacet
  facet normal 3.054185e-01 -8.728361e-01 3.806267e-01
    outer loop
      vertex   4.484705e+01 -5.489156e+01 2.725882e+01
      vertex   4.547394e+01 -5.467221e+01 2.725882e+01
      vertex   4.543059e+01 -5.458220e+01 2.750000e+01
    endloop
  endfacet
  facet normal 3.054185e-01 -8.728361e-01 3.806267e-01
    outer loop
      vertex   4.484705e+01 -5.489156e+01 2.725882e+01
      vertex   4.543059e+01 -5.458220e+01 2.750000e+01
      vertex   4.482482e+01 -5.479417e+01 2.750000e+01
    endloop
  endfacet
  facet normal 9.914449e-01 2.521901e-15 1.305262e-01
    outer loop
      vertex   4.715299e+01 2.062799e+01 2.725882e+01
      vertex   4.715299e+01 1.504122e+01 2.725882e+01
      vertex   4.718707e+01 2.062799e+01 2.700000e+01
    endloop
  endfacet
  facet normal 9.914449e-01 0.000000e+00 1.305262e-01
    outer loop
      vertex   4.718707e+01 2.062799e+01 2.700000e+01
      vertex   4.715299e+01 1.504122e+01 2.725882e+01
      vertex   4.715299e+01 9.454454e+00 2.725882e+01
    endloop
  endfacet
  facet normal 9.914449e-01 0.000000e+00 1.305262e-01
    outer loop
      vertex   4.718707e+01 2.062799e+01 2.700000e+01
      vertex   4.715299e+01 9.454454e+00 2.725882e+01
      vertex   4.715299e+01 3.867685e+00 2.725882e+01
    endloop
  endfacet
  facet normal 9.238795e-01 -0.000000e+00 3.826834e-01
    outer loop
      vertex   4.715299e+01 3.867685e+00 2.725882e+01
      vertex   4.715299e+01 9.454454e+00 2.725882e+01
      vertex   4.705309e+01 3.867685e+00 2.750000e+01
    endloop
  endfacet
  facet normal 9.238795e-01 1.175165e-15 3.826834e-01
    outer loop
      vertex   4.715299e+01 3.867685e+00 2.725882e+01
      vertex   4.705309e+01 3.867685e+00 2.750000e+01
      vertex   4.705309e+01 -1.719084e+00 2.750000e+01
    endloop
  endfacet
  facet normal 7.933533e-01 1.009012e-15 6.087614e-01
    outer loop
      vertex   4.705309e+01 -1.719084e+00 2.750000e+01
      vertex   4.705309e+01 3.867685e+00 2.750000e+01
      vertex   4.689418e+01 -1.719084e+00 2.770711e+01
    endloop
  endfacet
  facet normal 7.933533e-01 0.000000e+00 6.087614e-01
    outer loop
      vertex   4.705309e+01 -1.719084e+00 2.750000e+01
      vertex   4.689418e+01 -1.719084e+00 2.770711e+01
      vertex   4.689418e+01 -7.305852e+00 2.770711e+01
    endloop
  endfacet
  facet normal 6.087614e-01 -0.000000e+00 7.933533e-01
    outer loop
      vertex   4.689418e+01 -7.305852e+00 2.770711e+01
      vertex   4.689418e+01 -1.719084e+00 2.770711e+01
      vertex   4.668707e+01 -7.305852e+00 2.786603e+01
    endloop
  endfacet
  facet normal 6.087614e-01 0.000000e+00 7.933533e-01
    outer loop
      vertex   4.689418e+01 -7.305852e+00 2.770711e+01
      vertex   4.668707e+01 -7.305852e+00 2.786603e+01
      vertex   4.668707e+01 -1.289262e+01 2.786603e+01
    endloop
  endfacet
  facet normal 3.826834e-01 -0.000000e+00 9.238795e-01
    outer loop
      vertex   4.668707e+01 -1.289262e+01 2.786603e+01
      vertex   4.668707e+01 -7.305852e+00 2.786603e+01
      vertex   4.644589e+01 -1.289262e+01 2.796593e+01
    endloop
  endfacet
  facet normal 3.826834e-01 0.000000e+00 9.238795e-01
    outer loop
      vertex   4.668707e+01 -1.289262e+01 2.786603e+01
      vertex   4.644589e+01 -1.289262e+01 2.796593e+01
      vertex   4.644589e+01 -1.847939e+01 2.796593e+01
    endloop
  endfacet
  facet normal 1.305262e-01 -0.000000e+00 9.914449e-01
    outer loop
      vertex   4.644589e+01 -1.847939e+01 2.796593e+01
      vertex   4.644589e+01 -1.289262e+01 2.796593e+01
      vertex   4.618707e+01 -5.200000e+01 2.800000e+01
    endloop
  endfacet
  facet normal 1.305262e-01 0.000000e+00 9.914449e-01
    outer loop
      vertex   4.644589e+01 -1.847939e+01 2.796593e+01
      vertex   4.618707e+01 -5.200000e+01 2.800000e+01
      vertex   4.644589e+01 -2.406616e+01 2.796593e+01
    endloop
  endfacet
  facet normal 1.305262e-01 0.000000e+00 9.914449e-01
    outer loop
      vertex   4.644589e+01 -2.406616e+01 2.796593e+01
      vertex   4.618707e+01 -5.200000e+01 2.800000e+01
      vertex   4.644589e+01 -2.965293e+01 2.796593e+01
    endloop
  endfacet
  facet normal 3.826834e-01 0.000000e+00 9.238795e-01
    outer loop
      vertex   4.644589e+01 -2.406616e+01 2.796593e+01
      vertex   4.644589e+01 -2.965293e+01 2.796593e+01
      vertex   4.668707e+01 -2.406616e+01 2.786603e+01
    endloop
  endfacet
  facet normal 3.826834e-01 0.000000e+00 9.238795e-01
    outer loop
      vertex   4.668707e+01 -2.406616e+01 2.786603e+01
      vertex   4.644589e+01 -2.965293e+01 2.796593e+01
      vertex   4.668707e+01 -2.965293e+01 2.786603e+01
    endloop
  endfacet
  facet normal 6.087614e-01 0.000000e+00 7.933533e-01
    outer loop
      vertex   4.668707e+01 -2.406616e+01 2.786603e+01
      vertex   4.668707e+01 -2.965293e+01 2.786603e+01
      vertex   4.689418e+01 -2.406616e+01 2.770711e+01
    endloop
  endfacet
  facet normal 6.087614e-01 0.000000e+00 7.933533e-01
    outer loop
      vertex   4.689418e+01 -2.406616e+01 2.770711e+01
      vertex   4.668707e+01 -2.965293e+01 2.786603e+01
      vertex   4.689418e+01 -2.965293e+01 2.770711e+01
    endloop
  endfacet
  facet normal 7.933533e-01 0.000000e+00 6.087614e-01
    outer loop
      vertex   4.689418e+01 -2.406616e+01 2.770711e+01
      vertex   4.689418e+01 -2.965293e+01 2.770711e+01
      vertex   4.705309e+01 -2.406616e+01 2.750000e+01
    endloop
  endfacet
  facet normal 7.933533e-01 0.000000e+00 6.087614e-01
    outer loop
      vertex   4.705309e+01 -2.406616e+01 2.750000e+01
      vertex   4.689418e+01 -2.965293e+01 2.770711e+01
      vertex   4.705309e+01 -2.965293e+01 2.750000e+01
    endloop
  endfacet
  facet normal 9.238795e-01 0.000000e+00 3.826834e-01
    outer loop
      vertex   4.705309e+01 -2.406616e+01 2.750000e+01
      vertex   4.705309e+01 -2.965293e+01 2.750000e+01
      vertex   4.715299e+01 -2.406616e+01 2.725882e+01
    endloop
  endfacet
  facet normal 9.238795e-01 0.000000e+00 3.826834e-01
    outer loop
      vertex   4.715299e+01 -2.406616e+01 2.725882e+01
      vertex   4.705309e+01 -2.965293e+01 2.750000e+01
      vertex   4.715299e+01 -2.965293e+01 2.725882e+01
    endloop
  endfacet
  facet normal 9.914449e-01 0.000000e+00 1.305262e-01
    outer loop
      vertex   4.715299e+01 -2.406616e+01 2.725882e+01
      vertex   4.715299e+01 -2.965293e+01 2.725882e+01
      vertex   4.718707e+01 -5.200000e+01 2.700000e+01
    endloop
  endfacet
  facet normal 9.914449e-01 0.000000e+00 1.305262e-01
    outer loop
      vertex   4.718707e+01 -5.200000e+01 2.700000e+01
      vertex   4.715299e+01 -2.965293e+01 2.725882e+01
      vertex   4.715299e+01 -3.523970e+01 2.725882e+01
    endloop
  endfacet
  facet normal 9.914449e-01 0.000000e+00 1.305262e-01
    outer loop
      vertex   4.718707e+01 -5.200000e+01 2.700000e+01
      vertex   4.715299e+01 -3.523970e+01 2.725882e+01
      vertex   4.715299e+01 -4.082646e+01 2.725882e+01
    endloop
  endfacet
  facet normal 9.238795e-01 -0.000000e+00 3.826834e-01
    outer loop
      vertex   4.715299e+01 -4.082646e+01 2.725882e+01
      vertex   4.715299e+01 -3.523970e+01 2.725882e+01
      vertex   4.705309e+01 -4.082646e+01 2.750000e+01
    endloop
  endfacet
  facet normal 9.238795e-01 2.450243e-16 3.826834e-01
    outer loop
      vertex   4.715299e+01 -4.082646e+01 2.725882e+01
      vertex   4.705309e+01 -4.082646e+01 2.750000e+01
      vertex   4.705309e+01 -4.641323e+01 2.750000e+01
    endloop
  endfacet
  facet normal 7.933533e-01 3.871209e-16 6.087614e-01
    outer loop
      vertex   4.705309e+01 -4.641323e+01 2.750000e+01
      vertex   4.705309e+01 -4.082646e+01 2.750000e+01
      vertex   4.689418e+01 -4.641323e+01 2.770711e+01
    endloop
  endfacet
  facet normal 7.933533e-01 0.000000e+00 6.087614e-01
    outer loop
      vertex   4.705309e+01 -4.641323e+01 2.750000e+01
      vertex   4.689418e+01 -4.641323e+01 2.770711e+01
      vertex   4.689418e+01 -5.200000e+01 2.770711e+01
    endloop
  endfacet
  facet normal 6.087614e-01 -0.000000e+00 7.933533e-01
    outer loop
      vertex   4.689418e+01 -5.200000e+01 2.770711e+01
      vertex   4.689418e+01 -4.641323e+01 2.770711e+01
      vertex   4.668707e+01 -5.200000e+01 2.786603e+01
    endloop
  endfacet
  facet normal 6.087614e-01 -0.000000e+00 7.933533e-01
    outer loop
      vertex   4.668707e+01 -5.200000e+01 2.786603e+01
      vertex   4.689418e+01 -4.641323e+01 2.770711e+01
      vertex   4.668707e+01 -4.641323e+01 2.786603e+01
    endloop
  endfacet
  facet normal 3.826834e-01 -0.000000e+00 9.238795e-01
    outer loop
      vertex   4.668707e+01 -5.200000e+01 2.786603e+01
      vertex   4.668707e+01 -4.641323e+01 2.786603e+01
      vertex   4.644589e+01 -5.200000e+01 2.796593e+01
    endloop
  endfacet
  facet normal 3.826834e-01 -0.000000e+00 9.238795e-01
    outer loop
      vertex   4.644589e+01 -5.200000e+01 2.796593e+01
      vertex   4.668707e+01 -4.641323e+01 2.786603e+01
      vertex   4.644589e+01 -4.641323e+01 2.796593e+01
    endloop
  endfacet
  facet normal 1.305262e-01 -0.000000e+00 9.914449e-01
    outer loop
      vertex   4.644589e+01 -5.200000e+01 2.796593e+01
      vertex   4.644589e+01 -4.641323e+01 2.796593e+01
      vertex   4.618707e+01 -5.200000e+01 2.800000e+01
    endloop
  endfacet
  facet normal 1.305262e-01 0.000000e+00 9.914449e-01
    outer loop
      vertex   4.618707e+01 -5.200000e+01 2.800000e+01
      vertex   4.644589e+01 -4.641323e+01 2.796593e+01
      vertex   4.644589e+01 -4.082646e+01 2.796593e+01
    endloop
  endfacet
  facet normal 1.305262e-01 0.000000e+00 9.914449e-01
    outer loop
      vertex   4.618707e+01 -5.200000e+01 2.800000e+01
      vertex   4.644589e+01 -4.082646e+01 2.796593e+01
      vertex   4.644589e+01 -3.523970e+01 2.796593e+01
    endloop
  endfacet
  facet normal 3.826834e-01 0.000000e+00 9.238795e-01
    outer loop
      vertex   4.644589e+01 -3.523970e+01 2.796593e+01
      vertex   4.644589e+01 -4.082646e+01 2.796593e+01
      vertex   4.668707e+01 -3.523970e+01 2.786603e+01
    endloop
  endfacet
  facet normal 3.826834e-01 0.000000e+00 9.238795e-01
    outer loop
      vertex   4.644589e+01 -3.523970e+01 2.796593e+01
      vertex   4.668707e+01 -3.523970e+01 2.786603e+01
      vertex   4.668707e+01 -2.965293e+01 2.786603e+01
    endloop
  endfacet
  facet normal 6.087614e-01 0.000000e+00 7.933533e-01
    outer loop
      vertex   4.668707e+01 -2.965293e+01 2.786603e+01
      vertex   4.668707e+01 -3.523970e+01 2.786603e+01
      vertex   4.689418e+01 -2.965293e+01 2.770711e+01
    endloop
  endfacet
  facet normal 9.238795e-01 2.350038e-15 3.826834e-01
    outer loop
      vertex   4.715299e+01 1.504122e+01 2.725882e+01
      vertex   4.715299e+01 2.062799e+01 2.725882e+01
      vertex   4.705309e+01 1.504122e+01 2.750000e+01
    endloop
  endfacet
  facet normal 9.238795e-01 2.433544e-16 3.826834e-01
    outer loop
      vertex   4.705309e+01 1.504122e+01 2.750000e+01
      vertex   4.715299e+01 2.062799e+01 2.725882e+01
      vertex   4.705309e+01 2.062799e+01 2.750000e+01
    endloop
  endfacet
  facet normal 7.933533e-01 3.871209e-16 6.087614e-01
    outer loop
      vertex   4.705309e+01 1.504122e+01 2.750000e+01
      vertex   4.705309e+01 2.062799e+01 2.750000e+01
      vertex   4.689418e+01 1.504122e+01 2.770711e+01
    endloop
  endfacet
  facet normal 7.933533e-01 7.742419e-16 6.087614e-01
    outer loop
      vertex   4.689418e+01 1.504122e+01 2.770711e+01
      vertex   4.705309e+01 2.062799e+01 2.750000e+01
      vertex   4.689418e+01 2.062799e+01 2.770711e+01
    endloop
  endfacet
  facet normal 6.087614e-01 1.009012e-15 7.933533e-01
    outer loop
      vertex   4.689418e+01 1.504122e+01 2.770711e+01
      vertex   4.689418e+01 2.062799e+01 2.770711e+01
      vertex   4.668707e+01 1.504122e+01 2.786603e+01
    endloop
  endfacet
  facet normal 6.087614e-01 1.009012e-15 7.933533e-01
    outer loop
      vertex   4.668707e+01 1.504122e+01 2.786603e+01
      vertex   4.689418e+01 2.062799e+01 2.770711e+01
      vertex   4.668707e+01 2.062799e+01 2.786603e+01
    endloop
  endfacet
  facet normal 3.826834e-01 1.175019e-15 9.238795e-01
    outer loop
      vertex   4.668707e+01 1.504122e+01 2.786603e+01
      vertex   4.668707e+01 2.062799e+01 2.786603e+01
      vertex   4.644589e+01 1.504122e+01 2.796593e+01
    endloop
  endfacet
  facet normal 3.826834e-01 5.875095e-16 9.238795e-01
    outer loop
      vertex   4.644589e+01 1.504122e+01 2.796593e+01
      vertex   4.668707e+01 2.062799e+01 2.786603e+01
      vertex   4.644589e+01 2.062799e+01 2.796593e+01
    endloop
  endfacet
  facet normal 1.305262e-01 6.304753e-16 9.914449e-01
    outer loop
      vertex   4.644589e+01 1.504122e+01 2.796593e+01
      vertex   4.644589e+01 2.062799e+01 2.796593e+01
      vertex   4.618707e+01 2.062799e+01 2.800000e+01
    endloop
  endfacet
  facet normal 1.305262e-01 -0.000000e+00 9.914449e-01
    outer loop
      vertex   4.618707e+01 -5.200000e+01 2.800000e+01
      vertex   4.644589e+01 -1.289262e+01 2.796593e+01
      vertex   4.618707e+01 2.062799e+01 2.800000e+01
    endloop
  endfacet
  facet normal 1.305262e-01 0.000000e+00 9.914449e-01
    outer loop
      vertex   4.618707e+01 2.062799e+01 2.800000e+01
      vertex   4.644589e+01 -1.289262e+01 2.796593e+01
      vertex   4.644589e+01 -7.305852e+00 2.796593e+01
    endloop
  endfacet
  facet normal 1.305262e-01 0.000000e+00 9.914449e-01
    outer loop
      vertex   4.618707e+01 2.062799e+01 2.800000e+01
      vertex   4.644589e+01 -7.305852e+00 2.796593e+01
      vertex   4.644589e+01 -1.719084e+00 2.796593e+01
    endloop
  endfacet
  facet normal 3.826834e-01 0.000000e+00 9.238795e-01
    outer loop
      vertex   4.644589e+01 -1.719084e+00 2.796593e+01
      vertex   4.644589e+01 -7.305852e+00 2.796593e+01
      vertex   4.668707e+01 -1.719084e+00 2.786603e+01
    endloop
  endfacet
  facet normal 3.826834e-01 9.729605e-16 9.238795e-01
    outer loop
      vertex   4.644589e+01 -1.719084e+00 2.796593e+01
      vertex   4.668707e+01 -1.719084e+00 2.786603e+01
      vertex   4.668707e+01 3.867685e+00 2.786603e+01
    endloop
  endfacet
  facet normal 6.087614e-01 1.548484e-15 7.933533e-01
    outer loop
      vertex   4.668707e+01 3.867685e+00 2.786603e+01
      vertex   4.668707e+01 -1.719084e+00 2.786603e+01
      vertex   4.689418e+01 3.867685e+00 2.770711e+01
    endloop
  endfacet
  facet normal 6.087614e-01 0.000000e+00 7.933533e-01
    outer loop
      vertex   4.668707e+01 3.867685e+00 2.786603e+01
      vertex   4.689418e+01 3.867685e+00 2.770711e+01
      vertex   4.689418e+01 9.454454e+00 2.770711e+01
    endloop
  endfacet
  facet normal 7.933533e-01 0.000000e+00 6.087614e-01
    outer loop
      vertex   4.689418e+01 9.454454e+00 2.770711e+01
      vertex   4.689418e+01 3.867685e+00 2.770711e+01
      vertex   4.705309e+01 9.454454e+00 2.750000e+01
    endloop
  endfacet
  facet normal 7.933533e-01 0.000000e+00 6.087614e-01
    outer loop
      vertex   4.689418e+01 9.454454e+00 2.770711e+01
      vertex   4.705309e+01 9.454454e+00 2.750000e+01
      vertex   4.705309e+01 1.504122e+01 2.750000e+01
    endloop
  endfacet
  facet normal 9.238795e-01 0.000000e+00 3.826834e-01
    outer loop
      vertex   4.705309e+01 1.504122e+01 2.750000e+01
      vertex   4.705309e+01 9.454454e+00 2.750000e+01
      vertex   4.715299e+01 1.504122e+01 2.725882e+01
    endloop
  endfacet
  facet normal 7.933533e-01 -3.853780e-16 6.087614e-01
    outer loop
      vertex   4.689418e+01 -5.200000e+01 2.770711e+01
      vertex   4.705309e+01 -5.200000e+01 2.750000e+01
      vertex   4.705309e+01 -4.641323e+01 2.750000e+01
    endloop
  endfacet
  facet normal 9.238795e-01 -2.433544e-16 3.826834e-01
    outer loop
      vertex   4.705309e+01 -4.641323e+01 2.750000e+01
      vertex   4.705309e+01 -5.200000e+01 2.750000e+01
      vertex   4.715299e+01 -4.641323e+01 2.725882e+01
    endloop
  endfacet
  facet normal 9.238795e-01 2.450243e-16 3.826834e-01
    outer loop
      vertex   4.705309e+01 -4.641323e+01 2.750000e+01
      vertex   4.715299e+01 -4.641323e+01 2.725882e+01
      vertex   4.715299e+01 -4.082646e+01 2.725882e+01
    endloop
  endfacet
  facet normal 9.914449e-01 8.300365e-17 1.305262e-01
    outer loop
      vertex   4.715299e+01 -4.082646e+01 2.725882e+01
      vertex   4.715299e+01 -4.641323e+01 2.725882e+01
      vertex   4.718707e+01 -5.200000e+01 2.700000e+01
    endloop
  endfacet
  facet normal 9.238795e-01 -1.417810e-15 3.826834e-01
    outer loop
      vertex   4.705309e+01 -5.200000e+01 2.750000e+01
      vertex   4.715299e+01 -5.200000e+01 2.725882e+01
      vertex   4.715299e+01 -4.641323e+01 2.725882e+01
    endloop
  endfacet
  facet normal 9.914449e-01 -1.343954e-15 1.305262e-01
    outer loop
      vertex   4.715299e+01 -4.641323e+01 2.725882e+01
      vertex   4.715299e+01 -5.200000e+01 2.725882e+01
      vertex   4.718707e+01 -5.200000e+01 2.700000e+01
    endloop
  endfacet
  facet normal 9.914449e-01 -0.000000e+00 1.305262e-01
    outer loop
      vertex   4.715299e+01 -2.406616e+01 2.725882e+01
      vertex   4.718707e+01 -5.200000e+01 2.700000e+01
      vertex   4.715299e+01 -1.847939e+01 2.725882e+01
    endloop
  endfacet
  facet normal 9.914449e-01 1.939699e-16 1.305262e-01
    outer loop
      vertex   4.715299e+01 -1.847939e+01 2.725882e+01
      vertex   4.718707e+01 -5.200000e+01 2.700000e+01
      vertex   4.718707e+01 2.062799e+01 2.700000e+01
    endloop
  endfacet
  facet normal 9.914449e-01 -0.000000e+00 1.305262e-01
    outer loop
      vertex   4.715299e+01 -1.847939e+01 2.725882e+01
      vertex   4.718707e+01 2.062799e+01 2.700000e+01
      vertex   4.715299e+01 -1.289262e+01 2.725882e+01
    endloop
  endfacet
  facet normal 9.914449e-01 -0.000000e+00 1.305262e-01
    outer loop
      vertex   4.715299e+01 -1.289262e+01 2.725882e+01
      vertex   4.718707e+01 2.062799e+01 2.700000e+01
      vertex   4.715299e+01 -7.305852e+00 2.725882e+01
    endloop
  endfacet
  facet normal 9.238795e-01 -0.000000e+00 3.826834e-01
    outer loop
      vertex   4.715299e+01 -1.289262e+01 2.725882e+01
      vertex   4.715299e+01 -7.305852e+00 2.725882e+01
      vertex   4.705309e+01 -1.289262e+01 2.750000e+01
    endloop
  endfacet
  facet normal 9.238795e-01 -0.000000e+00 3.826834e-01
    outer loop
      vertex   4.705309e+01 -1.289262e+01 2.750000e+01
      vertex   4.715299e+01 -7.305852e+00 2.725882e+01
      vertex   4.705309e+01 -7.305852e+00 2.750000e+01
    endloop
  endfacet
  facet normal 7.933533e-01 -0.000000e+00 6.087614e-01
    outer loop
      vertex   4.705309e+01 -1.289262e+01 2.750000e+01
      vertex   4.705309e+01 -7.305852e+00 2.750000e+01
      vertex   4.689418e+01 -1.289262e+01 2.770711e+01
    endloop
  endfacet
  facet normal 7.933533e-01 -0.000000e+00 6.087614e-01
    outer loop
      vertex   4.689418e+01 -1.289262e+01 2.770711e+01
      vertex   4.705309e+01 -7.305852e+00 2.750000e+01
      vertex   4.689418e+01 -7.305852e+00 2.770711e+01
    endloop
  endfacet
  facet normal 6.087614e-01 -0.000000e+00 7.933533e-01
    outer loop
      vertex   4.689418e+01 -1.289262e+01 2.770711e+01
      vertex   4.689418e+01 -7.305852e+00 2.770711e+01
      vertex   4.668707e+01 -1.289262e+01 2.786603e+01
    endloop
  endfacet
  facet normal 9.238795e-01 -0.000000e+00 3.826834e-01
    outer loop
      vertex   4.705309e+01 3.867685e+00 2.750000e+01
      vertex   4.715299e+01 9.454454e+00 2.725882e+01
      vertex   4.705309e+01 9.454454e+00 2.750000e+01
    endloop
  endfacet
  facet normal 9.238795e-01 0.000000e+00 3.826834e-01
    outer loop
      vertex   4.705309e+01 9.454454e+00 2.750000e+01
      vertex   4.715299e+01 9.454454e+00 2.725882e+01
      vertex   4.715299e+01 1.504122e+01 2.725882e+01
    endloop
  endfacet
  facet normal 9.914449e-01 -0.000000e+00 1.305262e-01
    outer loop
      vertex   4.715299e+01 -7.305852e+00 2.725882e+01
      vertex   4.718707e+01 2.062799e+01 2.700000e+01
      vertex   4.715299e+01 -1.719084e+00 2.725882e+01
    endloop
  endfacet
  facet normal 9.914449e-01 1.260951e-15 1.305262e-01
    outer loop
      vertex   4.715299e+01 -1.719084e+00 2.725882e+01
      vertex   4.718707e+01 2.062799e+01 2.700000e+01
      vertex   4.715299e+01 3.867685e+00 2.725882e+01
    endloop
  endfacet
  facet normal 9.238795e-01 1.175019e-15 3.826834e-01
    outer loop
      vertex   4.715299e+01 -1.719084e+00 2.725882e+01
      vertex   4.715299e+01 3.867685e+00 2.725882e+01
      vertex   4.705309e+01 -1.719084e+00 2.750000e+01
    endloop
  endfacet
  facet normal 9.238795e-01 0.000000e+00 3.826834e-01
    outer loop
      vertex   4.705309e+01 -7.305852e+00 2.750000e+01
      vertex   4.715299e+01 -7.305852e+00 2.725882e+01
      vertex   4.715299e+01 -1.719084e+00 2.725882e+01
    endloop
  endfacet
  facet normal 9.238795e-01 -0.000000e+00 3.826834e-01
    outer loop
      vertex   4.705309e+01 -7.305852e+00 2.750000e+01
      vertex   4.715299e+01 -1.719084e+00 2.725882e+01
      vertex   4.705309e+01 -1.719084e+00 2.750000e+01
    endloop
  endfacet
  facet normal 9.238795e-01 0.000000e+00 3.826834e-01
    outer loop
      vertex   4.705309e+01 -2.406616e+01 2.750000e+01
      vertex   4.715299e+01 -2.406616e+01 2.725882e+01
      vertex   4.715299e+01 -1.847939e+01 2.725882e+01
    endloop
  endfacet
  facet normal 9.238795e-01 -0.000000e+00 3.826834e-01
    outer loop
      vertex   4.715299e+01 -1.847939e+01 2.725882e+01
      vertex   4.715299e+01 -1.289262e+01 2.725882e+01
      vertex   4.705309e+01 -1.847939e+01 2.750000e+01
    endloop
  endfacet
  facet normal 9.238795e-01 -0.000000e+00 3.826834e-01
    outer loop
      vertex   4.705309e+01 -1.847939e+01 2.750000e+01
      vertex   4.715299e+01 -1.289262e+01 2.725882e+01
      vertex   4.705309e+01 -1.289262e+01 2.750000e+01
    endloop
  endfacet
  facet normal 7.933533e-01 -0.000000e+00 6.087614e-01
    outer loop
      vertex   4.705309e+01 -1.847939e+01 2.750000e+01
      vertex   4.705309e+01 -1.289262e+01 2.750000e+01
      vertex   4.689418e+01 -1.847939e+01 2.770711e+01
    endloop
  endfacet
  facet normal 7.933533e-01 -0.000000e+00 6.087614e-01
    outer loop
      vertex   4.689418e+01 -1.847939e+01 2.770711e+01
      vertex   4.705309e+01 -1.289262e+01 2.750000e+01
      vertex   4.689418e+01 -1.289262e+01 2.770711e+01
    endloop
  endfacet
  facet normal 6.087614e-01 -0.000000e+00 7.933533e-01
    outer loop
      vertex   4.689418e+01 -1.847939e+01 2.770711e+01
      vertex   4.689418e+01 -1.289262e+01 2.770711e+01
      vertex   4.668707e+01 -1.847939e+01 2.786603e+01
    endloop
  endfacet
  facet normal 6.087614e-01 -0.000000e+00 7.933533e-01
    outer loop
      vertex   4.668707e+01 -1.847939e+01 2.786603e+01
      vertex   4.689418e+01 -1.289262e+01 2.770711e+01
      vertex   4.668707e+01 -1.289262e+01 2.786603e+01
    endloop
  endfacet
  facet normal 3.826834e-01 -0.000000e+00 9.238795e-01
    outer loop
      vertex   4.668707e+01 -1.847939e+01 2.786603e+01
      vertex   4.668707e+01 -1.289262e+01 2.786603e+01
      vertex   4.644589e+01 -1.847939e+01 2.796593e+01
    endloop
  endfacet
  facet normal 9.238795e-01 -0.000000e+00 3.826834e-01
    outer loop
      vertex   4.715299e+01 -3.523970e+01 2.725882e+01
      vertex   4.715299e+01 -2.965293e+01 2.725882e+01
      vertex   4.705309e+01 -3.523970e+01 2.750000e+01
    endloop
  endfacet
  facet normal 9.238795e-01 -0.000000e+00 3.826834e-01
    outer loop
      vertex   4.705309e+01 -3.523970e+01 2.750000e+01
      vertex   4.715299e+01 -2.965293e+01 2.725882e+01
      vertex   4.705309e+01 -2.965293e+01 2.750000e+01
    endloop
  endfacet
  facet normal 7.933533e-01 -0.000000e+00 6.087614e-01
    outer loop
      vertex   4.705309e+01 -3.523970e+01 2.750000e+01
      vertex   4.705309e+01 -2.965293e+01 2.750000e+01
      vertex   4.689418e+01 -3.523970e+01 2.770711e+01
    endloop
  endfacet
  facet normal 7.933533e-01 -0.000000e+00 6.087614e-01
    outer loop
      vertex   4.689418e+01 -3.523970e+01 2.770711e+01
      vertex   4.705309e+01 -2.965293e+01 2.750000e+01
      vertex   4.689418e+01 -2.965293e+01 2.770711e+01
    endloop
  endfacet
  facet normal 6.087614e-01 -0.000000e+00 7.933533e-01
    outer loop
      vertex   4.689418e+01 -3.523970e+01 2.770711e+01
      vertex   4.689418e+01 -2.965293e+01 2.770711e+01
      vertex   4.668707e+01 -3.523970e+01 2.786603e+01
    endloop
  endfacet
  facet normal 7.933533e-01 -0.000000e+00 6.087614e-01
    outer loop
      vertex   4.689418e+01 9.454454e+00 2.770711e+01
      vertex   4.705309e+01 1.504122e+01 2.750000e+01
      vertex   4.689418e+01 1.504122e+01 2.770711e+01
    endloop
  endfacet
  facet normal 7.933533e-01 1.009012e-15 6.087614e-01
    outer loop
      vertex   4.689418e+01 -1.719084e+00 2.770711e+01
      vertex   4.705309e+01 3.867685e+00 2.750000e+01
      vertex   4.689418e+01 3.867685e+00 2.770711e+01
    endloop
  endfacet
  facet normal 7.933533e-01 0.000000e+00 6.087614e-01
    outer loop
      vertex   4.689418e+01 3.867685e+00 2.770711e+01
      vertex   4.705309e+01 3.867685e+00 2.750000e+01
      vertex   4.705309e+01 9.454454e+00 2.750000e+01
    endloop
  endfacet
  facet normal 7.933533e-01 0.000000e+00 6.087614e-01
    outer loop
      vertex   4.689418e+01 -7.305852e+00 2.770711e+01
      vertex   4.705309e+01 -7.305852e+00 2.750000e+01
      vertex   4.705309e+01 -1.719084e+00 2.750000e+01
    endloop
  endfacet
  facet normal 7.933533e-01 0.000000e+00 6.087614e-01
    outer loop
      vertex   4.689418e+01 -2.406616e+01 2.770711e+01
      vertex   4.705309e+01 -2.406616e+01 2.750000e+01
      vertex   4.705309e+01 -1.847939e+01 2.750000e+01
    endloop
  endfacet
  facet normal 9.238795e-01 0.000000e+00 3.826834e-01
    outer loop
      vertex   4.705309e+01 -1.847939e+01 2.750000e+01
      vertex   4.705309e+01 -2.406616e+01 2.750000e+01
      vertex   4.715299e+01 -1.847939e+01 2.725882e+01
    endloop
  endfacet
  facet normal 7.933533e-01 -0.000000e+00 6.087614e-01
    outer loop
      vertex   4.689418e+01 -2.406616e+01 2.770711e+01
      vertex   4.705309e+01 -1.847939e+01 2.750000e+01
      vertex   4.689418e+01 -1.847939e+01 2.770711e+01
    endloop
  endfacet
  facet normal 9.238795e-01 0.000000e+00 3.826834e-01
    outer loop
      vertex   4.715299e+01 -3.523970e+01 2.725882e+01
      vertex   4.705309e+01 -3.523970e+01 2.750000e+01
      vertex   4.705309e+01 -4.082646e+01 2.750000e+01
    endloop
  endfacet
  facet normal 7.933533e-01 -0.000000e+00 6.087614e-01
    outer loop
      vertex   4.705309e+01 -4.082646e+01 2.750000e+01
      vertex   4.705309e+01 -3.523970e+01 2.750000e+01
      vertex   4.689418e+01 -4.082646e+01 2.770711e+01
    endloop
  endfacet
  facet normal 7.933533e-01 0.000000e+00 6.087614e-01
    outer loop
      vertex   4.705309e+01 -4.082646e+01 2.750000e+01
      vertex   4.689418e+01 -4.082646e+01 2.770711e+01
      vertex   4.689418e+01 -4.641323e+01 2.770711e+01
    endloop
  endfacet
  facet normal 6.087614e-01 -0.000000e+00 7.933533e-01
    outer loop
      vertex   4.689418e+01 -4.641323e+01 2.770711e+01
      vertex   4.689418e+01 -4.082646e+01 2.770711e+01
      vertex   4.668707e+01 -4.641323e+01 2.786603e+01
    endloop
  endfacet
  facet normal 7.933533e-01 -0.000000e+00 6.087614e-01
    outer loop
      vertex   4.689418e+01 -4.082646e+01 2.770711e+01
      vertex   4.705309e+01 -3.523970e+01 2.750000e+01
      vertex   4.689418e+01 -3.523970e+01 2.770711e+01
    endloop
  endfacet
  facet normal 6.087614e-01 -0.000000e+00 7.933533e-01
    outer loop
      vertex   4.689418e+01 9.454454e+00 2.770711e+01
      vertex   4.689418e+01 1.504122e+01 2.770711e+01
      vertex   4.668707e+01 9.454454e+00 2.786603e+01
    endloop
  endfacet
  facet normal 6.087614e-01 -0.000000e+00 7.933533e-01
    outer loop
      vertex   4.668707e+01 9.454454e+00 2.786603e+01
      vertex   4.689418e+01 1.504122e+01 2.770711e+01
      vertex   4.668707e+01 1.504122e+01 2.786603e+01
    endloop
  endfacet
  facet normal 3.826834e-01 -0.000000e+00 9.238795e-01
    outer loop
      vertex   4.668707e+01 9.454454e+00 2.786603e+01
      vertex   4.668707e+01 1.504122e+01 2.786603e+01
      vertex   4.644589e+01 9.454454e+00 2.796593e+01
    endloop
  endfacet
  facet normal 3.826834e-01 -0.000000e+00 9.238795e-01
    outer loop
      vertex   4.644589e+01 9.454454e+00 2.796593e+01
      vertex   4.668707e+01 1.504122e+01 2.786603e+01
      vertex   4.644589e+01 1.504122e+01 2.796593e+01
    endloop
  endfacet
  facet normal 1.305262e-01 -0.000000e+00 9.914449e-01
    outer loop
      vertex   4.644589e+01 9.454454e+00 2.796593e+01
      vertex   4.644589e+01 1.504122e+01 2.796593e+01
      vertex   4.618707e+01 2.062799e+01 2.800000e+01
    endloop
  endfacet
  facet normal 6.087614e-01 5.045058e-16 7.933533e-01
    outer loop
      vertex   4.668707e+01 -7.305852e+00 2.786603e+01
      vertex   4.689418e+01 -1.719084e+00 2.770711e+01
      vertex   4.668707e+01 -1.719084e+00 2.786603e+01
    endloop
  endfacet
  facet normal 6.087614e-01 7.755138e-16 7.933533e-01
    outer loop
      vertex   4.668707e+01 -1.719084e+00 2.786603e+01
      vertex   4.689418e+01 -1.719084e+00 2.770711e+01
      vertex   4.689418e+01 3.867685e+00 2.770711e+01
    endloop
  endfacet
  facet normal 6.087614e-01 0.000000e+00 7.933533e-01
    outer loop
      vertex   4.668707e+01 -2.406616e+01 2.786603e+01
      vertex   4.689418e+01 -2.406616e+01 2.770711e+01
      vertex   4.689418e+01 -1.847939e+01 2.770711e+01
    endloop
  endfacet
  facet normal 6.087614e-01 -0.000000e+00 7.933533e-01
    outer loop
      vertex   4.668707e+01 -2.406616e+01 2.786603e+01
      vertex   4.689418e+01 -1.847939e+01 2.770711e+01
      vertex   4.668707e+01 -1.847939e+01 2.786603e+01
    endloop
  endfacet
  facet normal 6.087614e-01 -0.000000e+00 7.933533e-01
    outer loop
      vertex   4.689418e+01 -4.082646e+01 2.770711e+01
      vertex   4.689418e+01 -3.523970e+01 2.770711e+01
      vertex   4.668707e+01 -4.082646e+01 2.786603e+01
    endloop
  endfacet
  facet normal 6.087614e-01 -0.000000e+00 7.933533e-01
    outer loop
      vertex   4.668707e+01 -4.082646e+01 2.786603e+01
      vertex   4.689418e+01 -3.523970e+01 2.770711e+01
      vertex   4.668707e+01 -3.523970e+01 2.786603e+01
    endloop
  endfacet
  facet normal 3.826834e-01 -0.000000e+00 9.238795e-01
    outer loop
      vertex   4.668707e+01 -4.082646e+01 2.786603e+01
      vertex   4.668707e+01 -3.523970e+01 2.786603e+01
      vertex   4.644589e+01 -4.082646e+01 2.796593e+01
    endloop
  endfacet
  facet normal 6.087614e-01 0.000000e+00 7.933533e-01
    outer loop
      vertex   4.689418e+01 9.454454e+00 2.770711e+01
      vertex   4.668707e+01 9.454454e+00 2.786603e+01
      vertex   4.668707e+01 3.867685e+00 2.786603e+01
    endloop
  endfacet
  facet normal 3.826834e-01 -0.000000e+00 9.238795e-01
    outer loop
      vertex   4.668707e+01 3.867685e+00 2.786603e+01
      vertex   4.668707e+01 9.454454e+00 2.786603e+01
      vertex   4.644589e+01 3.867685e+00 2.796593e+01
    endloop
  endfacet
  facet normal 3.826834e-01 4.852908e-16 9.238795e-01
    outer loop
      vertex   4.668707e+01 3.867685e+00 2.786603e+01
      vertex   4.644589e+01 3.867685e+00 2.796593e+01
      vertex   4.644589e+01 -1.719084e+00 2.796593e+01
    endloop
  endfacet
  facet normal 1.305262e-01 1.660073e-16 9.914449e-01
    outer loop
      vertex   4.644589e+01 -1.719084e+00 2.796593e+01
      vertex   4.644589e+01 3.867685e+00 2.796593e+01
      vertex   4.618707e+01 2.062799e+01 2.800000e+01
    endloop
  endfacet
  facet normal 3.826834e-01 -0.000000e+00 9.238795e-01
    outer loop
      vertex   4.644589e+01 3.867685e+00 2.796593e+01
      vertex   4.668707e+01 9.454454e+00 2.786603e+01
      vertex   4.644589e+01 9.454454e+00 2.796593e+01
    endloop
  endfacet
  facet normal 3.826834e-01 -0.000000e+00 9.238795e-01
    outer loop
      vertex   4.644589e+01 -1.289262e+01 2.796593e+01
      vertex   4.668707e+01 -7.305852e+00 2.786603e+01
      vertex   4.644589e+01 -7.305852e+00 2.796593e+01
    endloop
  endfacet
  facet normal 3.826834e-01 5.875825e-16 9.238795e-01
    outer loop
      vertex   4.644589e+01 -7.305852e+00 2.796593e+01
      vertex   4.668707e+01 -7.305852e+00 2.786603e+01
      vertex   4.668707e+01 -1.719084e+00 2.786603e+01
    endloop
  endfacet
  facet normal 3.826834e-01 0.000000e+00 9.238795e-01
    outer loop
      vertex   4.644589e+01 -2.406616e+01 2.796593e+01
      vertex   4.668707e+01 -2.406616e+01 2.786603e+01
      vertex   4.668707e+01 -1.847939e+01 2.786603e+01
    endloop
  endfacet
  facet normal 3.826834e-01 -0.000000e+00 9.238795e-01
    outer loop
      vertex   4.644589e+01 -2.406616e+01 2.796593e+01
      vertex   4.668707e+01 -1.847939e+01 2.786603e+01
      vertex   4.644589e+01 -1.847939e+01 2.796593e+01
    endloop
  endfacet
  facet normal 3.826834e-01 -0.000000e+00 9.238795e-01
    outer loop
      vertex   4.644589e+01 -3.523970e+01 2.796593e+01
      vertex   4.668707e+01 -2.965293e+01 2.786603e+01
      vertex   4.644589e+01 -2.965293e+01 2.796593e+01
    endloop
  endfacet
  facet normal 3.826834e-01 0.000000e+00 9.238795e-01
    outer loop
      vertex   4.644589e+01 -4.641323e+01 2.796593e+01
      vertex   4.668707e+01 -4.641323e+01 2.786603e+01
      vertex   4.668707e+01 -4.082646e+01 2.786603e+01
    endloop
  endfacet
  facet normal 6.087614e-01 0.000000e+00 7.933533e-01
    outer loop
      vertex   4.668707e+01 -4.082646e+01 2.786603e+01
      vertex   4.668707e+01 -4.641323e+01 2.786603e+01
      vertex   4.689418e+01 -4.082646e+01 2.770711e+01
    endloop
  endfacet
  facet normal 3.826834e-01 -0.000000e+00 9.238795e-01
    outer loop
      vertex   4.644589e+01 -4.641323e+01 2.796593e+01
      vertex   4.668707e+01 -4.082646e+01 2.786603e+01
      vertex   4.644589e+01 -4.082646e+01 2.796593e+01
    endloop
  endfacet
  facet normal 1.305262e-01 0.000000e+00 9.914449e-01
    outer loop
      vertex   4.618707e+01 2.062799e+01 2.800000e+01
      vertex   4.644589e+01 3.867685e+00 2.796593e+01
      vertex   4.644589e+01 9.454454e+00 2.796593e+01
    endloop
  endfacet
  facet normal 1.305262e-01 0.000000e+00 9.914449e-01
    outer loop
      vertex   4.618707e+01 -5.200000e+01 2.800000e+01
      vertex   4.644589e+01 -3.523970e+01 2.796593e+01
      vertex   4.644589e+01 -2.965293e+01 2.796593e+01
    endloop
  endfacet
  facet normal 1.294283e-01 9.831056e-01 1.294283e-01
    outer loop
      vertex   4.518707e+01 2.262799e+01 2.700000e+01
      vertex   4.518707e+01 2.259392e+01 2.725882e+01
      vertex   4.570471e+01 2.255984e+01 2.700000e+01
    endloop
  endfacet
  facet normal 1.294283e-01 9.831056e-01 1.294283e-01
    outer loop
      vertex   4.570471e+01 2.255984e+01 2.700000e+01
      vertex   4.518707e+01 2.259392e+01 2.725882e+01
      vertex   4.569589e+01 2.252693e+01 2.725882e+01
    endloop
  endfacet
  facet normal 3.794646e-01 9.161086e-01 1.294283e-01
    outer loop
      vertex   4.570471e+01 2.255984e+01 2.700000e+01
      vertex   4.569589e+01 2.252693e+01 2.725882e+01
      vertex   4.618707e+01 2.236004e+01 2.700000e+01
    endloop
  endfacet
  facet normal 3.794646e-01 9.161086e-01 1.294283e-01
    outer loop
      vertex   4.618707e+01 2.236004e+01 2.700000e+01
      vertex   4.569589e+01 2.252693e+01 2.725882e+01
      vertex   4.617003e+01 2.233053e+01 2.725882e+01
    endloop
  endfacet
  facet normal 6.036410e-01 7.866803e-01 1.294283e-01
    outer loop
      vertex   4.618707e+01 2.236004e+01 2.700000e+01
      vertex   4.617003e+01 2.233053e+01 2.725882e+01
      vertex   4.660128e+01 2.204220e+01 2.700000e+01
    endloop
  endfacet
  facet normal 6.036410e-01 7.866803e-01 1.294283e-01
    outer loop
      vertex   4.660128e+01 2.204220e+01 2.700000e+01
      vertex   4.617003e+01 2.233053e+01 2.725882e+01
      vertex   4.657719e+01 2.201811e+01 2.725882e+01
    endloop
  endfacet
  facet normal 7.866803e-01 6.036410e-01 1.294283e-01
    outer loop
      vertex   4.660128e+01 2.204220e+01 2.700000e+01
      vertex   4.657719e+01 2.201811e+01 2.725882e+01
      vertex   4.691912e+01 2.162799e+01 2.700000e+01
    endloop
  endfacet
  facet normal 7.866803e-01 6.036410e-01 1.294283e-01
    outer loop
      vertex   4.691912e+01 2.162799e+01 2.700000e+01
      vertex   4.657719e+01 2.201811e+01 2.725882e+01
      vertex   4.688961e+01 2.161095e+01 2.725882e+01
    endloop
  endfacet
  facet normal 9.161086e-01 3.794646e-01 1.294283e-01
    outer loop
      vertex   4.691912e+01 2.162799e+01 2.700000e+01
      vertex   4.688961e+01 2.161095e+01 2.725882e+01
      vertex   4.711892e+01 2.114563e+01 2.700000e+01
    endloop
  endfacet
  facet normal 9.161086e-01 3.794646e-01 1.294283e-01
    outer loop
      vertex   4.711892e+01 2.114563e+01 2.700000e+01
      vertex   4.688961e+01 2.161095e+01 2.725882e+01
      vertex   4.708601e+01 2.113681e+01 2.725882e+01
    endloop
  endfacet
  facet normal 9.831056e-01 1.294283e-01 1.294283e-01
    outer loop
      vertex   4.711892e+01 2.114563e+01 2.700000e+01
      vertex   4.708601e+01 2.113681e+01 2.725882e+01
      vertex   4.718707e+01 2.062799e+01 2.700000e+01
    endloop
  endfacet
  facet normal 9.831056e-01 1.294283e-01 1.294283e-01
    outer loop
      vertex   4.718707e+01 2.062799e+01 2.700000e+01
      vertex   4.708601e+01 2.113681e+01 2.725882e+01
      vertex   4.715299e+01 2.062799e+01 2.725882e+01
    endloop
  endfacet
  facet normal 9.171204e-01 1.207412e-01 3.798837e-01
    outer loop
      vertex   4.715299e+01 2.062799e+01 2.725882e+01
      vertex   4.708601e+01 2.113681e+01 2.725882e+01
      vertex   4.698951e+01 2.111095e+01 2.750000e+01
    endloop
  endfacet
  facet normal 9.171204e-01 1.207412e-01 3.798837e-01
    outer loop
      vertex   4.715299e+01 2.062799e+01 2.725882e+01
      vertex   4.698951e+01 2.111095e+01 2.750000e+01
      vertex   4.705309e+01 2.062799e+01 2.750000e+01
    endloop
  endfacet
  facet normal 7.890610e-01 1.038819e-01 6.054678e-01
    outer loop
      vertex   4.705309e+01 2.062799e+01 2.750000e+01
      vertex   4.698951e+01 2.111095e+01 2.750000e+01
      vertex   4.683601e+01 2.106982e+01 2.770711e+01
    endloop
  endfacet
  facet normal 7.890610e-01 1.038819e-01 6.054678e-01
    outer loop
      vertex   4.705309e+01 2.062799e+01 2.750000e+01
      vertex   4.683601e+01 2.106982e+01 2.770711e+01
      vertex   4.689418e+01 2.062799e+01 2.770711e+01
    endloop
  endfacet
  facet normal 6.068157e-01 7.988880e-02 7.908176e-01
    outer loop
      vertex   4.689418e+01 2.062799e+01 2.770711e+01
      vertex   4.683601e+01 2.106982e+01 2.770711e+01
      vertex   4.663596e+01 2.101622e+01 2.786603e+01
    endloop
  endfacet
  facet normal 6.068157e-01 7.988880e-02 7.908176e-01
    outer loop
      vertex   4.689418e+01 2.062799e+01 2.770711e+01
      vertex   4.663596e+01 2.101622e+01 2.786603e+01
      vertex   4.668707e+01 2.062799e+01 2.786603e+01
    endloop
  endfacet
  facet normal 3.821987e-01 5.031741e-02 9.227092e-01
    outer loop
      vertex   4.668707e+01 2.062799e+01 2.786603e+01
      vertex   4.663596e+01 2.101622e+01 2.786603e+01
      vertex   4.640299e+01 2.095380e+01 2.796593e+01
    endloop
  endfacet
  facet normal 3.821987e-01 5.031741e-02 9.227092e-01
    outer loop
      vertex   4.668707e+01 2.062799e+01 2.786603e+01
      vertex   4.640299e+01 2.095380e+01 2.796593e+01
      vertex   4.644589e+01 2.062799e+01 2.796593e+01
    endloop
  endfacet
  facet normal 1.305069e-01 1.718156e-02 9.912985e-01
    outer loop
      vertex   4.644589e+01 2.062799e+01 2.796593e+01
      vertex   4.640299e+01 2.095380e+01 2.796593e+01
      vertex   4.615299e+01 2.088681e+01 2.800000e+01
    endloop
  endfacet
  facet normal 1.305069e-01 1.718156e-02 9.912985e-01
    outer loop
      vertex   4.644589e+01 2.062799e+01 2.796593e+01
      vertex   4.615299e+01 2.088681e+01 2.800000e+01
      vertex   4.618707e+01 2.062799e+01 2.800000e+01
    endloop
  endfacet
  facet normal 1.207412e-01 9.171204e-01 3.798837e-01
    outer loop
      vertex   4.518707e+01 2.259392e+01 2.725882e+01
      vertex   4.518707e+01 2.249402e+01 2.750000e+01
      vertex   4.569589e+01 2.252693e+01 2.725882e+01
    endloop
  endfacet
  facet normal 1.207412e-01 9.171204e-01 3.798837e-01
    outer loop
      vertex   4.569589e+01 2.252693e+01 2.725882e+01
      vertex   4.518707e+01 2.249402e+01 2.750000e+01
      vertex   4.567003e+01 2.243043e+01 2.750000e+01
    endloop
  endfacet
  facet normal 3.539953e-01 8.546202e-01 3.798837e-01
    outer loop
      vertex   4.569589e+01 2.252693e+01 2.725882e+01
      vertex   4.567003e+01 2.243043e+01 2.750000e+01
      vertex   4.617003e+01 2.233053e+01 2.725882e+01
    endloop
  endfacet
  facet normal 3.539953e-01 8.546202e-01 3.798837e-01
    outer loop
      vertex   4.617003e+01 2.233053e+01 2.725882e+01
      vertex   4.567003e+01 2.243043e+01 2.750000e+01
      vertex   4.612008e+01 2.224402e+01 2.750000e+01
    endloop
  endfacet
  facet normal 5.631252e-01 7.338790e-01 3.798837e-01
    outer loop
      vertex   4.617003e+01 2.233053e+01 2.725882e+01
      vertex   4.612008e+01 2.224402e+01 2.750000e+01
      vertex   4.657719e+01 2.201811e+01 2.725882e+01
    endloop
  endfacet
  facet normal 5.631252e-01 7.338790e-01 3.798837e-01
    outer loop
      vertex   4.657719e+01 2.201811e+01 2.725882e+01
      vertex   4.612008e+01 2.224402e+01 2.750000e+01
      vertex   4.650655e+01 2.194747e+01 2.750000e+01
    endloop
  endfacet
  facet normal 7.338790e-01 5.631252e-01 3.798837e-01
    outer loop
      vertex   4.657719e+01 2.201811e+01 2.725882e+01
      vertex   4.650655e+01 2.194747e+01 2.750000e+01
      vertex   4.688961e+01 2.161095e+01 2.725882e+01
    endloop
  endfacet
  facet normal 7.338790e-01 5.631252e-01 3.798837e-01
    outer loop
      vertex   4.688961e+01 2.161095e+01 2.725882e+01
      vertex   4.650655e+01 2.194747e+01 2.750000e+01
      vertex   4.680309e+01 2.156100e+01 2.750000e+01
    endloop
  endfacet
  facet normal 8.546202e-01 3.539953e-01 3.798837e-01
    outer loop
      vertex   4.688961e+01 2.161095e+01 2.725882e+01
      vertex   4.680309e+01 2.156100e+01 2.750000e+01
      vertex   4.708601e+01 2.113681e+01 2.725882e+01
    endloop
  endfacet
  facet normal 8.546202e-01 3.539953e-01 3.798837e-01
    outer loop
      vertex   4.708601e+01 2.113681e+01 2.725882e+01
      vertex   4.680309e+01 2.156100e+01 2.750000e+01
      vertex   4.698951e+01 2.111095e+01 2.750000e+01
    endloop
  endfacet
  facet normal 1.038819e-01 7.890610e-01 6.054678e-01
    outer loop
      vertex   4.518707e+01 2.249402e+01 2.750000e+01
      vertex   4.518707e+01 2.233510e+01 2.770711e+01
      vertex   4.567003e+01 2.243043e+01 2.750000e+01
    endloop
  endfacet
  facet normal 1.038819e-01 7.890610e-01 6.054678e-01
    outer loop
      vertex   4.567003e+01 2.243043e+01 2.750000e+01
      vertex   4.518707e+01 2.233510e+01 2.770711e+01
      vertex   4.562890e+01 2.227693e+01 2.770711e+01
    endloop
  endfacet
  facet normal 3.045662e-01 7.352878e-01 6.054678e-01
    outer loop
      vertex   4.567003e+01 2.243043e+01 2.750000e+01
      vertex   4.562890e+01 2.227693e+01 2.770711e+01
      vertex   4.612008e+01 2.224402e+01 2.750000e+01
    endloop
  endfacet
  facet normal 3.045662e-01 7.352878e-01 6.054678e-01
    outer loop
      vertex   4.612008e+01 2.224402e+01 2.750000e+01
      vertex   4.562890e+01 2.227693e+01 2.770711e+01
      vertex   4.604062e+01 2.210639e+01 2.770711e+01
    endloop
  endfacet
  facet normal 4.844948e-01 6.314060e-01 6.054678e-01
    outer loop
      vertex   4.612008e+01 2.224402e+01 2.750000e+01
      vertex   4.604062e+01 2.210639e+01 2.770711e+01
      vertex   4.650655e+01 2.194747e+01 2.750000e+01
    endloop
  endfacet
  facet normal 4.844948e-01 6.314060e-01 6.054678e-01
    outer loop
      vertex   4.650655e+01 2.194747e+01 2.750000e+01
      vertex   4.604062e+01 2.210639e+01 2.770711e+01
      vertex   4.639418e+01 2.183510e+01 2.770711e+01
    endloop
  endfacet
  facet normal 6.314060e-01 4.844948e-01 6.054678e-01
    outer loop
      vertex   4.650655e+01 2.194747e+01 2.750000e+01
      vertex   4.639418e+01 2.183510e+01 2.770711e+01
      vertex   4.680309e+01 2.156100e+01 2.750000e+01
    endloop
  endfacet
  facet normal 6.314060e-01 4.844948e-01 6.054678e-01
    outer loop
      vertex   4.680309e+01 2.156100e+01 2.750000e+01
      vertex   4.639418e+01 2.183510e+01 2.770711e+01
      vertex   4.666547e+01 2.148154e+01 2.770711e+01
    endloop
  endfacet
  facet normal 7.352878e-01 3.045662e-01 6.054678e-01
    outer loop
      vertex   4.680309e+01 2.156100e+01 2.750000e+01
      vertex   4.666547e+01 2.148154e+01 2.770711e+01
      vertex   4.698951e+01 2.111095e+01 2.750000e+01
    endloop
  endfacet
  facet normal 7.352878e-01 3.045662e-01 6.054678e-01
    outer loop
      vertex   4.698951e+01 2.111095e+01 2.750000e+01
      vertex   4.666547e+01 2.148154e+01 2.770711e+01
      vertex   4.683601e+01 2.106982e+01 2.770711e+01
    endloop
  endfacet
  facet normal 7.988880e-02 6.068157e-01 7.908176e-01
    outer loop
      vertex   4.518707e+01 2.233510e+01 2.770711e+01
      vertex   4.518707e+01 2.212799e+01 2.786603e+01
      vertex   4.562890e+01 2.227693e+01 2.770711e+01
    endloop
  endfacet
  facet normal 7.988880e-02 6.068157e-01 7.908176e-01
    outer loop
      vertex   4.562890e+01 2.227693e+01 2.770711e+01
      vertex   4.518707e+01 2.212799e+01 2.786603e+01
      vertex   4.557530e+01 2.207688e+01 2.786603e+01
    endloop
  endfacet
  facet normal 2.342221e-01 5.654622e-01 7.908176e-01
    outer loop
      vertex   4.562890e+01 2.227693e+01 2.770711e+01
      vertex   4.557530e+01 2.207688e+01 2.786603e+01
      vertex   4.604062e+01 2.210639e+01 2.770711e+01
    endloop
  endfacet
  facet normal 2.342221e-01 5.654622e-01 7.908176e-01
    outer loop
      vertex   4.604062e+01 2.210639e+01 2.770711e+01
      vertex   4.557530e+01 2.207688e+01 2.786603e+01
      vertex   4.593707e+01 2.192703e+01 2.786603e+01
    endloop
  endfacet
  facet normal 3.725936e-01 4.855734e-01 7.908176e-01
    outer loop
      vertex   4.604062e+01 2.210639e+01 2.770711e+01
      vertex   4.593707e+01 2.192703e+01 2.786603e+01
      vertex   4.639418e+01 2.183510e+01 2.770711e+01
    endloop
  endfacet
  facet normal 3.725936e-01 4.855734e-01 7.908176e-01
    outer loop
      vertex   4.639418e+01 2.183510e+01 2.770711e+01
      vertex   4.593707e+01 2.192703e+01 2.786603e+01
      vertex   4.624773e+01 2.168865e+01 2.786603e+01
    endloop
  endfacet
  facet normal 4.855734e-01 3.725936e-01 7.908176e-01
    outer loop
      vertex   4.639418e+01 2.183510e+01 2.770711e+01
      vertex   4.624773e+01 2.168865e+01 2.786603e+01
      vertex   4.666547e+01 2.148154e+01 2.770711e+01
    endloop
  endfacet
  facet normal 4.855734e-01 3.725936e-01 7.908176e-01
    outer loop
      vertex   4.666547e+01 2.148154e+01 2.770711e+01
      vertex   4.624773e+01 2.168865e+01 2.786603e+01
      vertex   4.648611e+01 2.137799e+01 2.786603e+01
    endloop
  endfacet
  facet normal 5.654622e-01 2.342221e-01 7.908176e-01
    outer loop
      vertex   4.666547e+01 2.148154e+01 2.770711e+01
      vertex   4.648611e+01 2.137799e+01 2.786603e+01
      vertex   4.683601e+01 2.106982e+01 2.770711e+01
    endloop
  endfacet
  facet normal 5.654622e-01 2.342221e-01 7.908176e-01
    outer loop
      vertex   4.683601e+01 2.106982e+01 2.770711e+01
      vertex   4.648611e+01 2.137799e+01 2.786603e+01
      vertex   4.663596e+01 2.101622e+01 2.786603e+01
    endloop
  endfacet
  facet normal 5.031741e-02 3.821987e-01 9.227092e-01
    outer loop
      vertex   4.518707e+01 2.212799e+01 2.786603e+01
      vertex   4.518707e+01 2.188681e+01 2.796593e+01
      vertex   4.557530e+01 2.207688e+01 2.786603e+01
    endloop
  endfacet
  facet normal 5.031741e-02 3.821987e-01 9.227092e-01
    outer loop
      vertex   4.557530e+01 2.207688e+01 2.786603e+01
      vertex   4.518707e+01 2.188681e+01 2.796593e+01
      vertex   4.551288e+01 2.184392e+01 2.796593e+01
    endloop
  endfacet
  facet normal 1.475232e-01 3.561525e-01 9.227092e-01
    outer loop
      vertex   4.557530e+01 2.207688e+01 2.786603e+01
      vertex   4.551288e+01 2.184392e+01 2.796593e+01
      vertex   4.593707e+01 2.192703e+01 2.786603e+01
    endloop
  endfacet
  facet normal 1.475232e-01 3.561525e-01 9.227092e-01
    outer loop
      vertex   4.593707e+01 2.192703e+01 2.786603e+01
      vertex   4.551288e+01 2.184392e+01 2.796593e+01
      vertex   4.581648e+01 2.171816e+01 2.796593e+01
    endloop
  endfacet
  facet normal 2.346755e-01 3.058351e-01 9.227092e-01
    outer loop
      vertex   4.593707e+01 2.192703e+01 2.786603e+01
      vertex   4.581648e+01 2.171816e+01 2.796593e+01
      vertex   4.624773e+01 2.168865e+01 2.786603e+01
    endloop
  endfacet
  facet normal 2.346755e-01 3.058351e-01 9.227092e-01
    outer loop
      vertex   4.624773e+01 2.168865e+01 2.786603e+01
      vertex   4.581648e+01 2.171816e+01 2.796593e+01
      vertex   4.607719e+01 2.151811e+01 2.796593e+01
    endloop
  endfacet
  facet normal 3.058351e-01 2.346755e-01 9.227092e-01
    outer loop
      vertex   4.624773e+01 2.168865e+01 2.786603e+01
      vertex   4.607719e+01 2.151811e+01 2.796593e+01
      vertex   4.648611e+01 2.137799e+01 2.786603e+01
    endloop
  endfacet
  facet normal 3.058351e-01 2.346755e-01 9.227092e-01
    outer loop
      vertex   4.648611e+01 2.137799e+01 2.786603e+01
      vertex   4.607719e+01 2.151811e+01 2.796593e+01
      vertex   4.627724e+01 2.125740e+01 2.796593e+01
    endloop
  endfacet
  facet normal 3.561525e-01 1.475232e-01 9.227092e-01
    outer loop
      vertex   4.648611e+01 2.137799e+01 2.786603e+01
      vertex   4.627724e+01 2.125740e+01 2.796593e+01
      vertex   4.663596e+01 2.101622e+01 2.786603e+01
    endloop
  endfacet
  facet normal 3.561525e-01 1.475232e-01 9.227092e-01
    outer loop
      vertex   4.663596e+01 2.101622e+01 2.786603e+01
      vertex   4.627724e+01 2.125740e+01 2.796593e+01
      vertex   4.640299e+01 2.095380e+01 2.796593e+01
    endloop
  endfacet
  facet normal 1.718156e-02 1.305069e-01 9.912985e-01
    outer loop
      vertex   4.518707e+01 2.188681e+01 2.796593e+01
      vertex   4.518707e+01 2.162799e+01 2.800000e+01
      vertex   4.551288e+01 2.184392e+01 2.796593e+01
    endloop
  endfacet
  facet normal 1.718156e-02 1.305069e-01 9.912985e-01
    outer loop
      vertex   4.551288e+01 2.184392e+01 2.796593e+01
      vertex   4.518707e+01 2.162799e+01 2.800000e+01
      vertex   4.544589e+01 2.159392e+01 2.800000e+01
    endloop
  endfacet
  facet normal 5.037379e-02 1.216131e-01 9.912985e-01
    outer loop
      vertex   4.551288e+01 2.184392e+01 2.796593e+01
      vertex   4.544589e+01 2.159392e+01 2.800000e+01
      vertex   4.581648e+01 2.171816e+01 2.796593e+01
    endloop
  endfacet
  facet normal 5.037379e-02 1.216131e-01 9.912985e-01
    outer loop
      vertex   4.581648e+01 2.171816e+01 2.796593e+01
      vertex   4.544589e+01 2.159392e+01 2.800000e+01
      vertex   4.568707e+01 2.149402e+01 2.800000e+01
    endloop
  endfacet
  facet normal 8.013313e-02 1.044315e-01 9.912985e-01
    outer loop
      vertex   4.581648e+01 2.171816e+01 2.796593e+01
      vertex   4.568707e+01 2.149402e+01 2.800000e+01
      vertex   4.607719e+01 2.151811e+01 2.796593e+01
    endloop
  endfacet
  facet normal 8.013313e-02 1.044315e-01 9.912985e-01
    outer loop
      vertex   4.607719e+01 2.151811e+01 2.796593e+01
      vertex   4.568707e+01 2.149402e+01 2.800000e+01
      vertex   4.589418e+01 2.133510e+01 2.800000e+01
    endloop
  endfacet
  facet normal 1.044315e-01 8.013313e-02 9.912985e-01
    outer loop
      vertex   4.607719e+01 2.151811e+01 2.796593e+01
      vertex   4.589418e+01 2.133510e+01 2.800000e+01
      vertex   4.627724e+01 2.125740e+01 2.796593e+01
    endloop
  endfacet
  facet normal 1.044315e-01 8.013313e-02 9.912985e-01
    outer loop
      vertex   4.627724e+01 2.125740e+01 2.796593e+01
      vertex   4.589418e+01 2.133510e+01 2.800000e+01
      vertex   4.605309e+01 2.112799e+01 2.800000e+01
    endloop
  endfacet
  facet normal 1.216131e-01 5.037379e-02 9.912985e-01
    outer loop
      vertex   4.627724e+01 2.125740e+01 2.796593e+01
      vertex   4.605309e+01 2.112799e+01 2.800000e+01
      vertex   4.640299e+01 2.095380e+01 2.796593e+01
    endloop
  endfacet
  facet normal 1.216131e-01 5.037379e-02 9.912985e-01
    outer loop
      vertex   4.640299e+01 2.095380e+01 2.796593e+01
      vertex   4.605309e+01 2.112799e+01 2.800000e+01
      vertex   4.615299e+01 2.088681e+01 2.800000e+01
    endloop
  endfacet
  facet normal 6.235956e-16 9.914449e-01 1.305262e-01
    outer loop
      vertex   -4.518739e+01 2.259392e+01 2.725882e+01
      vertex   -3.953899e+01 2.259392e+01 2.725882e+01
      vertex   -4.518739e+01 2.262799e+01 2.700000e+01
    endloop
  endfacet
  facet normal 0.000000e+00 9.914449e-01 1.305262e-01
    outer loop
      vertex   -4.518739e+01 2.262799e+01 2.700000e+01
      vertex   -3.953899e+01 2.259392e+01 2.725882e+01
      vertex   -3.389058e+01 2.259392e+01 2.725882e+01
    endloop
  endfacet
  facet normal 0.000000e+00 9.914449e-01 1.305262e-01
    outer loop
      vertex   -4.518739e+01 2.262799e+01 2.700000e+01
      vertex   -3.389058e+01 2.259392e+01 2.725882e+01
      vertex   -2.824218e+01 2.259392e+01 2.725882e+01
    endloop
  endfacet
  facet normal 0.000000e+00 9.238795e-01 3.826834e-01
    outer loop
      vertex   -2.824218e+01 2.259392e+01 2.725882e+01
      vertex   -3.389058e+01 2.259392e+01 2.725882e+01
      vertex   -2.824218e+01 2.249402e+01 2.750000e+01
    endloop
  endfacet
  facet normal 0.000000e+00 9.238795e-01 3.826834e-01
    outer loop
      vertex   -2.824218e+01 2.259392e+01 2.725882e+01
      vertex   -2.824218e+01 2.249402e+01 2.750000e+01
      vertex   -2.259377e+01 2.249402e+01 2.750000e+01
    endloop
  endfacet
  facet normal 0.000000e+00 7.933533e-01 6.087614e-01
    outer loop
      vertex   -2.259377e+01 2.249402e+01 2.750000e+01
      vertex   -2.824218e+01 2.249402e+01 2.750000e+01
      vertex   -2.259377e+01 2.233510e+01 2.770711e+01
    endloop
  endfacet
  facet normal -4.988187e-16 7.933533e-01 6.087614e-01
    outer loop
      vertex   -2.259377e+01 2.249402e+01 2.750000e+01
      vertex   -2.259377e+01 2.233510e+01 2.770711e+01
      vertex   -1.694537e+01 2.233510e+01 2.770711e+01
    endloop
  endfacet
  facet normal -3.828967e-16 6.087614e-01 7.933533e-01
    outer loop
      vertex   -1.694537e+01 2.233510e+01 2.770711e+01
      vertex   -2.259377e+01 2.233510e+01 2.770711e+01
      vertex   -1.694537e+01 2.212799e+01 2.786603e+01
    endloop
  endfacet
  facet normal 0.000000e+00 6.087614e-01 7.933533e-01
    outer loop
      vertex   -1.694537e+01 2.233510e+01 2.770711e+01
      vertex   -1.694537e+01 2.212799e+01 2.786603e+01
      vertex   -1.129697e+01 2.212799e+01 2.786603e+01
    endloop
  endfacet
  facet normal 0.000000e+00 3.826834e-01 9.238795e-01
    outer loop
      vertex   -1.129697e+01 2.212799e+01 2.786603e+01
      vertex   -1.694537e+01 2.212799e+01 2.786603e+01
      vertex   -1.129697e+01 2.188681e+01 2.796593e+01
    endloop
  endfacet
  facet normal -2.399977e-16 3.826834e-01 9.238795e-01
    outer loop
      vertex   -1.129697e+01 2.212799e+01 2.786603e+01
      vertex   -1.129697e+01 2.188681e+01 2.796593e+01
      vertex   -5.648564e+00 2.188681e+01 2.796593e+01
    endloop
  endfacet
  facet normal -8.209792e-17 1.305262e-01 9.914449e-01
    outer loop
      vertex   -5.648564e+00 2.188681e+01 2.796593e+01
      vertex   -1.129697e+01 2.188681e+01 2.796593e+01
      vertex   -4.518739e+01 2.162799e+01 2.800000e+01
    endloop
  endfacet
  facet normal -0.000000e+00 1.305262e-01 9.914449e-01
    outer loop
      vertex   -5.648564e+00 2.188681e+01 2.796593e+01
      vertex   -4.518739e+01 2.162799e+01 2.800000e+01
      vertex   -1.600203e-04 2.188681e+01 2.796593e+01
    endloop
  endfacet
  facet normal -5.147009e-18 1.305262e-01 9.914449e-01
    outer loop
      vertex   -1.600203e-04 2.188681e+01 2.796593e+01
      vertex   -4.518739e+01 2.162799e+01 2.800000e+01
      vertex   4.518707e+01 2.162799e+01 2.800000e+01
    endloop
  endfacet
  facet normal 6.235956e-16 1.305262e-01 9.914449e-01
    outer loop
      vertex   -1.600203e-04 2.188681e+01 2.796593e+01
      vertex   4.518707e+01 2.162799e+01 2.800000e+01
      vertex   5.648244e+00 2.188681e+01 2.796593e+01
    endloop
  endfacet
  facet normal -0.000000e+00 1.305262e-01 9.914449e-01
    outer loop
      vertex   5.648244e+00 2.188681e+01 2.796593e+01
      vertex   4.518707e+01 2.162799e+01 2.800000e+01
      vertex   1.129665e+01 2.188681e+01 2.796593e+01
    endloop
  endfacet
  facet normal -0.000000e+00 3.826834e-01 9.238795e-01
    outer loop
      vertex   5.648244e+00 2.188681e+01 2.796593e+01
      vertex   1.129665e+01 2.188681e+01 2.796593e+01
      vertex   5.648244e+00 2.212799e+01 2.786603e+01
    endloop
  endfacet
  facet normal -0.000000e+00 3.826834e-01 9.238795e-01
    outer loop
      vertex   5.648244e+00 2.212799e+01 2.786603e+01
      vertex   1.129665e+01 2.188681e+01 2.796593e+01
      vertex   1.129665e+01 2.212799e+01 2.786603e+01
    endloop
  endfacet
  facet normal -0.000000e+00 6.087614e-01 7.933533e-01
    outer loop
      vertex   5.648244e+00 2.212799e+01 2.786603e+01
      vertex   1.129665e+01 2.212799e+01 2.786603e+01
      vertex   5.648244e+00 2.233510e+01 2.770711e+01
    endloop
  endfacet
  facet normal -0.000000e+00 6.087614e-01 7.933533e-01
    outer loop
      vertex   5.648244e+00 2.233510e+01 2.770711e+01
      vertex   1.129665e+01 2.212799e+01 2.786603e+01
      vertex   1.129665e+01 2.233510e+01 2.770711e+01
    endloop
  endfacet
  facet normal -0.000000e+00 7.933533e-01 6.087614e-01
    outer loop
      vertex   5.648244e+00 2.233510e+01 2.770711e+01
      vertex   1.129665e+01 2.233510e+01 2.770711e+01
      vertex   5.648244e+00 2.249402e+01 2.750000e+01
    endloop
  endfacet
  facet normal -0.000000e+00 7.933533e-01 6.087614e-01
    outer loop
      vertex   5.648244e+00 2.249402e+01 2.750000e+01
      vertex   1.129665e+01 2.233510e+01 2.770711e+01
      vertex   1.129665e+01 2.249402e+01 2.750000e+01
    endloop
  endfacet
  facet normal -0.000000e+00 9.238795e-01 3.826834e-01
    outer loop
      vertex   5.648244e+00 2.249402e+01 2.750000e+01
      vertex   1.129665e+01 2.249402e+01 2.750000e+01
      vertex   5.648244e+00 2.259392e+01 2.725882e+01
    endloop
  endfacet
  facet normal -0.000000e+00 9.238795e-01 3.826834e-01
    outer loop
      vertex   5.648244e+00 2.259392e+01 2.725882e+01
      vertex   1.129665e+01 2.249402e+01 2.750000e+01
      vertex   1.129665e+01 2.259392e+01 2.725882e+01
    endloop
  endfacet
  facet normal -0.000000e+00 9.914449e-01 1.305262e-01
    outer loop
      vertex   5.648244e+00 2.259392e+01 2.725882e+01
      vertex   1.129665e+01 2.259392e+01 2.725882e+01
      vertex   4.518707e+01 2.262799e+01 2.700000e+01
    endloop
  endfacet
  facet normal 0.000000e+00 9.914449e-01 1.305262e-01
    outer loop
      vertex   4.518707e+01 2.262799e+01 2.700000e+01
      vertex   1.129665e+01 2.259392e+01 2.725882e+01
      vertex   1.694505e+01 2.259392e+01 2.725882e+01
    endloop
  endfacet
  facet normal 0.000000e+00 9.914449e-01 1.305262e-01
    outer loop
      vertex   4.518707e+01 2.262799e+01 2.700000e+01
      vertex   1.694505e+01 2.259392e+01 2.725882e+01
      vertex   2.259345e+01 2.259392e+01 2.725882e+01
    endloop
  endfacet
  facet normal 0.000000e+00 9.238795e-01 3.826834e-01
    outer loop
      vertex   2.259345e+01 2.259392e+01 2.725882e+01
      vertex   1.694505e+01 2.259392e+01 2.725882e+01
      vertex   2.259345e+01 2.249402e+01 2.750000e+01
    endloop
  endfacet
  facet normal 0.000000e+00 9.238795e-01 3.826834e-01
    outer loop
      vertex   2.259345e+01 2.259392e+01 2.725882e+01
      vertex   2.259345e+01 2.249402e+01 2.750000e+01
      vertex   2.824186e+01 2.249402e+01 2.750000e+01
    endloop
  endfacet
  facet normal 0.000000e+00 7.933533e-01 6.087614e-01
    outer loop
      vertex   2.824186e+01 2.249402e+01 2.750000e+01
      vertex   2.259345e+01 2.249402e+01 2.750000e+01
      vertex   2.824186e+01 2.233510e+01 2.770711e+01
    endloop
  endfacet
  facet normal 0.000000e+00 7.933533e-01 6.087614e-01
    outer loop
      vertex   2.824186e+01 2.249402e+01 2.750000e+01
      vertex   2.824186e+01 2.233510e+01 2.770711e+01
      vertex   3.389026e+01 2.233510e+01 2.770711e+01
    endloop
  endfacet
  facet normal 0.000000e+00 6.087614e-01 7.933533e-01
    outer loop
      vertex   3.389026e+01 2.233510e+01 2.770711e+01
      vertex   2.824186e+01 2.233510e+01 2.770711e+01
      vertex   3.389026e+01 2.212799e+01 2.786603e+01
    endloop
  endfacet
  facet normal 0.000000e+00 6.087614e-01 7.933533e-01
    outer loop
      vertex   3.389026e+01 2.233510e+01 2.770711e+01
      vertex   3.389026e+01 2.212799e+01 2.786603e+01
      vertex   3.953867e+01 2.212799e+01 2.786603e+01
    endloop
  endfacet
  facet normal 0.000000e+00 3.826834e-01 9.238795e-01
    outer loop
      vertex   3.953867e+01 2.212799e+01 2.786603e+01
      vertex   3.389026e+01 2.212799e+01 2.786603e+01
      vertex   3.953867e+01 2.188681e+01 2.796593e+01
    endloop
  endfacet
  facet normal -5.811708e-16 3.826834e-01 9.238795e-01
    outer loop
      vertex   3.953867e+01 2.212799e+01 2.786603e+01
      vertex   3.953867e+01 2.188681e+01 2.796593e+01
      vertex   4.518707e+01 2.188681e+01 2.796593e+01
    endloop
  endfacet
  facet normal -6.235956e-16 1.305262e-01 9.914449e-01
    outer loop
      vertex   4.518707e+01 2.188681e+01 2.796593e+01
      vertex   3.953867e+01 2.188681e+01 2.796593e+01
      vertex   4.518707e+01 2.162799e+01 2.800000e+01
    endloop
  endfacet
  facet normal 0.000000e+00 1.305262e-01 9.914449e-01
    outer loop
      vertex   4.518707e+01 2.162799e+01 2.800000e+01
      vertex   3.953867e+01 2.188681e+01 2.796593e+01
      vertex   3.389026e+01 2.188681e+01 2.796593e+01
    endloop
  endfacet
  facet normal 0.000000e+00 1.305262e-01 9.914449e-01
    outer loop
      vertex   4.518707e+01 2.162799e+01 2.800000e+01
      vertex   3.389026e+01 2.188681e+01 2.796593e+01
      vertex   2.824186e+01 2.188681e+01 2.796593e+01
    endloop
  endfacet
  facet normal -0.000000e+00 3.826834e-01 9.238795e-01
    outer loop
      vertex   2.824186e+01 2.188681e+01 2.796593e+01
      vertex   3.389026e+01 2.188681e+01 2.796593e+01
      vertex   2.824186e+01 2.212799e+01 2.786603e+01
    endloop
  endfacet
  facet normal 0.000000e+00 3.826834e-01 9.238795e-01
    outer loop
      vertex   2.824186e+01 2.188681e+01 2.796593e+01
      vertex   2.824186e+01 2.212799e+01 2.786603e+01
      vertex   2.259345e+01 2.212799e+01 2.786603e+01
    endloop
  endfacet
  facet normal -0.000000e+00 6.087614e-01 7.933533e-01
    outer loop
      vertex   2.259345e+01 2.212799e+01 2.786603e+01
      vertex   2.824186e+01 2.212799e+01 2.786603e+01
      vertex   2.259345e+01 2.233510e+01 2.770711e+01
    endloop
  endfacet
  facet normal 0.000000e+00 6.087614e-01 7.933533e-01
    outer loop
      vertex   2.259345e+01 2.212799e+01 2.786603e+01
      vertex   2.259345e+01 2.233510e+01 2.770711e+01
      vertex   1.694505e+01 2.233510e+01 2.770711e+01
    endloop
  endfacet
  facet normal -0.000000e+00 7.933533e-01 6.087614e-01
    outer loop
      vertex   1.694505e+01 2.233510e+01 2.770711e+01
      vertex   2.259345e+01 2.233510e+01 2.770711e+01
      vertex   1.694505e+01 2.249402e+01 2.750000e+01
    endloop
  endfacet
  facet normal 0.000000e+00 7.933533e-01 6.087614e-01
    outer loop
      vertex   1.694505e+01 2.233510e+01 2.770711e+01
      vertex   1.694505e+01 2.249402e+01 2.750000e+01
      vertex   1.129665e+01 2.249402e+01 2.750000e+01
    endloop
  endfacet
  facet normal -0.000000e+00 9.238795e-01 3.826834e-01
    outer loop
      vertex   1.129665e+01 2.249402e+01 2.750000e+01
      vertex   1.694505e+01 2.249402e+01 2.750000e+01
      vertex   1.129665e+01 2.259392e+01 2.725882e+01
    endloop
  endfacet
  facet normal 5.810986e-16 9.238795e-01 3.826834e-01
    outer loop
      vertex   -3.953899e+01 2.259392e+01 2.725882e+01
      vertex   -4.518739e+01 2.259392e+01 2.725882e+01
      vertex   -3.953899e+01 2.249402e+01 2.750000e+01
    endloop
  endfacet
  facet normal 0.000000e+00 9.238795e-01 3.826834e-01
    outer loop
      vertex   -3.953899e+01 2.249402e+01 2.750000e+01
      vertex   -4.518739e+01 2.259392e+01 2.725882e+01
      vertex   -4.518739e+01 2.249402e+01 2.750000e+01
    endloop
  endfacet
  facet normal 0.000000e+00 7.933533e-01 6.087614e-01
    outer loop
      vertex   -3.953899e+01 2.249402e+01 2.750000e+01
      vertex   -4.518739e+01 2.249402e+01 2.750000e+01
      vertex   -3.953899e+01 2.233510e+01 2.770711e+01
    endloop
  endfacet
  facet normal 0.000000e+00 7.933533e-01 6.087614e-01
    outer loop
      vertex   -3.953899e+01 2.233510e+01 2.770711e+01
      vertex   -4.518739e+01 2.249402e+01 2.750000e+01
      vertex   -4.518739e+01 2.233510e+01 2.770711e+01
    endloop
  endfacet
  facet normal 0.000000e+00 6.087614e-01 7.933533e-01
    outer loop
      vertex   -3.953899e+01 2.233510e+01 2.770711e+01
      vertex   -4.518739e+01 2.233510e+01 2.770711e+01
      vertex   -3.953899e+01 2.212799e+01 2.786603e+01
    endloop
  endfacet
  facet normal 0.000000e+00 6.087614e-01 7.933533e-01
    outer loop
      vertex   -3.953899e+01 2.212799e+01 2.786603e+01
      vertex   -4.518739e+01 2.233510e+01 2.770711e+01
      vertex   -4.518739e+01 2.212799e+01 2.786603e+01
    endloop
  endfacet
  facet normal 0.000000e+00 3.826834e-01 9.238795e-01
    outer loop
      vertex   -3.953899e+01 2.212799e+01 2.786603e+01
      vertex   -4.518739e+01 2.212799e+01 2.786603e+01
      vertex   -3.953899e+01 2.188681e+01 2.796593e+01
    endloop
  endfacet
  facet normal 2.406989e-16 3.826834e-01 9.238795e-01
    outer loop
      vertex   -3.953899e+01 2.188681e+01 2.796593e+01
      vertex   -4.518739e+01 2.212799e+01 2.786603e+01
      vertex   -4.518739e+01 2.188681e+01 2.796593e+01
    endloop
  endfacet
  facet normal 8.209792e-17 1.305262e-01 9.914449e-01
    outer loop
      vertex   -3.953899e+01 2.188681e+01 2.796593e+01
      vertex   -4.518739e+01 2.188681e+01 2.796593e+01
      vertex   -4.518739e+01 2.162799e+01 2.800000e+01
    endloop
  endfacet
  facet normal 0.000000e+00 3.826834e-01 9.238795e-01
    outer loop
      vertex   4.518707e+01 2.188681e+01 2.796593e+01
      vertex   4.518707e+01 2.212799e+01 2.786603e+01
      vertex   3.953867e+01 2.212799e+01 2.786603e+01
    endloop
  endfacet
  facet normal -0.000000e+00 6.087614e-01 7.933533e-01
    outer loop
      vertex   3.953867e+01 2.212799e+01 2.786603e+01
      vertex   4.518707e+01 2.212799e+01 2.786603e+01
      vertex   3.953867e+01 2.233510e+01 2.770711e+01
    endloop
  endfacet
  facet normal 0.000000e+00 6.087614e-01 7.933533e-01
    outer loop
      vertex   3.953867e+01 2.212799e+01 2.786603e+01
      vertex   3.953867e+01 2.233510e+01 2.770711e+01
      vertex   3.389026e+01 2.233510e+01 2.770711e+01
    endloop
  endfacet
  facet normal -0.000000e+00 7.933533e-01 6.087614e-01
    outer loop
      vertex   3.389026e+01 2.233510e+01 2.770711e+01
      vertex   3.953867e+01 2.233510e+01 2.770711e+01
      vertex   3.389026e+01 2.249402e+01 2.750000e+01
    endloop
  endfacet
  facet normal 0.000000e+00 7.933533e-01 6.087614e-01
    outer loop
      vertex   3.389026e+01 2.233510e+01 2.770711e+01
      vertex   3.389026e+01 2.249402e+01 2.750000e+01
      vertex   2.824186e+01 2.249402e+01 2.750000e+01
    endloop
  endfacet
  facet normal -0.000000e+00 9.238795e-01 3.826834e-01
    outer loop
      vertex   2.824186e+01 2.249402e+01 2.750000e+01
      vertex   3.389026e+01 2.249402e+01 2.750000e+01
      vertex   2.824186e+01 2.259392e+01 2.725882e+01
    endloop
  endfacet
  facet normal 0.000000e+00 9.238795e-01 3.826834e-01
    outer loop
      vertex   2.824186e+01 2.249402e+01 2.750000e+01
      vertex   2.824186e+01 2.259392e+01 2.725882e+01
      vertex   2.259345e+01 2.259392e+01 2.725882e+01
    endloop
  endfacet
  facet normal -0.000000e+00 9.914449e-01 1.305262e-01
    outer loop
      vertex   2.259345e+01 2.259392e+01 2.725882e+01
      vertex   2.824186e+01 2.259392e+01 2.725882e+01
      vertex   4.518707e+01 2.262799e+01 2.700000e+01
    endloop
  endfacet
  facet normal 0.000000e+00 6.087614e-01 7.933533e-01
    outer loop
      vertex   4.518707e+01 2.212799e+01 2.786603e+01
      vertex   4.518707e+01 2.233510e+01 2.770711e+01
      vertex   3.953867e+01 2.233510e+01 2.770711e+01
    endloop
  endfacet
  facet normal -0.000000e+00 7.933533e-01 6.087614e-01
    outer loop
      vertex   3.953867e+01 2.233510e+01 2.770711e+01
      vertex   4.518707e+01 2.233510e+01 2.770711e+01
      vertex   3.953867e+01 2.249402e+01 2.750000e+01
    endloop
  endfacet
  facet normal 0.000000e+00 7.933533e-01 6.087614e-01
    outer loop
      vertex   3.953867e+01 2.233510e+01 2.770711e+01
      vertex   3.953867e+01 2.249402e+01 2.750000e+01
      vertex   3.389026e+01 2.249402e+01 2.750000e+01
    endloop
  endfacet
  facet normal -0.000000e+00 9.238795e-01 3.826834e-01
    outer loop
      vertex   3.389026e+01 2.249402e+01 2.750000e+01
      vertex   3.953867e+01 2.249402e+01 2.750000e+01
      vertex   3.389026e+01 2.259392e+01 2.725882e+01
    endloop
  endfacet
  facet normal 0.000000e+00 9.238795e-01 3.826834e-01
    outer loop
      vertex   3.389026e+01 2.249402e+01 2.750000e+01
      vertex   3.389026e+01 2.259392e+01 2.725882e+01
      vertex   2.824186e+01 2.259392e+01 2.725882e+01
    endloop
  endfacet
  facet normal -0.000000e+00 9.914449e-01 1.305262e-01
    outer loop
      vertex   2.824186e+01 2.259392e+01 2.725882e+01
      vertex   3.389026e+01 2.259392e+01 2.725882e+01
      vertex   4.518707e+01 2.262799e+01 2.700000e+01
    endloop
  endfacet
  facet normal 0.000000e+00 7.933533e-01 6.087614e-01
    outer loop
      vertex   4.518707e+01 2.233510e+01 2.770711e+01
      vertex   4.518707e+01 2.249402e+01 2.750000e+01
      vertex   3.953867e+01 2.249402e+01 2.750000e+01
    endloop
  endfacet
  facet normal -0.000000e+00 9.238795e-01 3.826834e-01
    outer loop
      vertex   3.953867e+01 2.249402e+01 2.750000e+01
      vertex   4.518707e+01 2.249402e+01 2.750000e+01
      vertex   3.953867e+01 2.259392e+01 2.725882e+01
    endloop
  endfacet
  facet normal 0.000000e+00 9.238795e-01 3.826834e-01
    outer loop
      vertex   3.953867e+01 2.249402e+01 2.750000e+01
      vertex   3.953867e+01 2.259392e+01 2.725882e+01
      vertex   3.389026e+01 2.259392e+01 2.725882e+01
    endloop
  endfacet
  facet normal -0.000000e+00 9.914449e-01 1.305262e-01
    outer loop
      vertex   3.389026e+01 2.259392e+01 2.725882e+01
      vertex   3.953867e+01 2.259392e+01 2.725882e+01
      vertex   4.518707e+01 2.262799e+01 2.700000e+01
    endloop
  endfacet
  facet normal -5.811708e-16 9.238795e-01 3.826834e-01
    outer loop
      vertex   4.518707e+01 2.249402e+01 2.750000e+01
      vertex   4.518707e+01 2.259392e+01 2.725882e+01
      vertex   3.953867e+01 2.259392e+01 2.725882e+01
    endloop
  endfacet
  facet normal -6.235956e-16 9.914449e-01 1.305262e-01
    outer loop
      vertex   3.953867e+01 2.259392e+01 2.725882e+01
      vertex   4.518707e+01 2.259392e+01 2.725882e+01
      vertex   4.518707e+01 2.262799e+01 2.700000e+01
    endloop
  endfacet
  facet normal 0.000000e+00 9.914449e-01 1.305262e-01
    outer loop
      vertex   5.648244e+00 2.259392e+01 2.725882e+01
      vertex   4.518707e+01 2.262799e+01 2.700000e+01
      vertex   -1.600203e-04 2.259392e+01 2.725882e+01
    endloop
  endfacet
  facet normal -3.897021e-17 9.914449e-01 1.305262e-01
    outer loop
      vertex   -1.600203e-04 2.259392e+01 2.725882e+01
      vertex   4.518707e+01 2.262799e+01 2.700000e+01
      vertex   -4.518739e+01 2.262799e+01 2.700000e+01
    endloop
  endfacet
  facet normal 0.000000e+00 9.914449e-01 1.305262e-01
    outer loop
      vertex   -1.600203e-04 2.259392e+01 2.725882e+01
      vertex   -4.518739e+01 2.262799e+01 2.700000e+01
      vertex   -5.648564e+00 2.259392e+01 2.725882e+01
    endloop
  endfacet
  facet normal 0.000000e+00 9.914449e-01 1.305262e-01
    outer loop
      vertex   -5.648564e+00 2.259392e+01 2.725882e+01
      vertex   -4.518739e+01 2.262799e+01 2.700000e+01
      vertex   -1.129697e+01 2.259392e+01 2.725882e+01
    endloop
  endfacet
  facet normal 0.000000e+00 9.238795e-01 3.826834e-01
    outer loop
      vertex   -5.648564e+00 2.259392e+01 2.725882e+01
      vertex   -1.129697e+01 2.259392e+01 2.725882e+01
      vertex   -5.648564e+00 2.249402e+01 2.750000e+01
    endloop
  endfacet
  facet normal 0.000000e+00 9.238795e-01 3.826834e-01
    outer loop
      vertex   -5.648564e+00 2.249402e+01 2.750000e+01
      vertex   -1.129697e+01 2.259392e+01 2.725882e+01
      vertex   -1.129697e+01 2.249402e+01 2.750000e+01
    endloop
  endfacet
  facet normal 0.000000e+00 7.933533e-01 6.087614e-01
    outer loop
      vertex   -5.648564e+00 2.249402e+01 2.750000e+01
      vertex   -1.129697e+01 2.249402e+01 2.750000e+01
      vertex   -5.648564e+00 2.233510e+01 2.770711e+01
    endloop
  endfacet
  facet normal 0.000000e+00 7.933533e-01 6.087614e-01
    outer loop
      vertex   -5.648564e+00 2.233510e+01 2.770711e+01
      vertex   -1.129697e+01 2.249402e+01 2.750000e+01
      vertex   -1.129697e+01 2.233510e+01 2.770711e+01
    endloop
  endfacet
  facet normal 0.000000e+00 6.087614e-01 7.933533e-01
    outer loop
      vertex   -5.648564e+00 2.233510e+01 2.770711e+01
      vertex   -1.129697e+01 2.233510e+01 2.770711e+01
      vertex   -5.648564e+00 2.212799e+01 2.786603e+01
    endloop
  endfacet
  facet normal 0.000000e+00 6.087614e-01 7.933533e-01
    outer loop
      vertex   -5.648564e+00 2.212799e+01 2.786603e+01
      vertex   -1.129697e+01 2.233510e+01 2.770711e+01
      vertex   -1.129697e+01 2.212799e+01 2.786603e+01
    endloop
  endfacet
  facet normal 0.000000e+00 3.826834e-01 9.238795e-01
    outer loop
      vertex   -5.648564e+00 2.212799e+01 2.786603e+01
      vertex   -1.129697e+01 2.212799e+01 2.786603e+01
      vertex   -5.648564e+00 2.188681e+01 2.796593e+01
    endloop
  endfacet
  facet normal 0.000000e+00 9.238795e-01 3.826834e-01
    outer loop
      vertex   -3.389058e+01 2.259392e+01 2.725882e+01
      vertex   -3.953899e+01 2.259392e+01 2.725882e+01
      vertex   -3.389058e+01 2.249402e+01 2.750000e+01
    endloop
  endfacet
  facet normal 0.000000e+00 9.238795e-01 3.826834e-01
    outer loop
      vertex   -3.389058e+01 2.249402e+01 2.750000e+01
      vertex   -3.953899e+01 2.259392e+01 2.725882e+01
      vertex   -3.953899e+01 2.249402e+01 2.750000e+01
    endloop
  endfacet
  facet normal 0.000000e+00 7.933533e-01 6.087614e-01
    outer loop
      vertex   -3.389058e+01 2.249402e+01 2.750000e+01
      vertex   -3.953899e+01 2.249402e+01 2.750000e+01
      vertex   -3.389058e+01 2.233510e+01 2.770711e+01
    endloop
  endfacet
  facet normal 0.000000e+00 7.933533e-01 6.087614e-01
    outer loop
      vertex   -3.389058e+01 2.233510e+01 2.770711e+01
      vertex   -3.953899e+01 2.249402e+01 2.750000e+01
      vertex   -3.953899e+01 2.233510e+01 2.770711e+01
    endloop
  endfacet
  facet normal 0.000000e+00 6.087614e-01 7.933533e-01
    outer loop
      vertex   -3.389058e+01 2.233510e+01 2.770711e+01
      vertex   -3.953899e+01 2.233510e+01 2.770711e+01
      vertex   -3.389058e+01 2.212799e+01 2.786603e+01
    endloop
  endfacet
  facet normal 0.000000e+00 6.087614e-01 7.933533e-01
    outer loop
      vertex   -3.389058e+01 2.212799e+01 2.786603e+01
      vertex   -3.953899e+01 2.233510e+01 2.770711e+01
      vertex   -3.953899e+01 2.212799e+01 2.786603e+01
    endloop
  endfacet
  facet normal 0.000000e+00 3.826834e-01 9.238795e-01
    outer loop
      vertex   -3.389058e+01 2.212799e+01 2.786603e+01
      vertex   -3.953899e+01 2.212799e+01 2.786603e+01
      vertex   -3.389058e+01 2.188681e+01 2.796593e+01
    endloop
  endfacet
  facet normal 0.000000e+00 3.826834e-01 9.238795e-01
    outer loop
      vertex   -3.389058e+01 2.188681e+01 2.796593e+01
      vertex   -3.953899e+01 2.212799e+01 2.786603e+01
      vertex   -3.953899e+01 2.188681e+01 2.796593e+01
    endloop
  endfacet
  facet normal 0.000000e+00 1.305262e-01 9.914449e-01
    outer loop
      vertex   -3.389058e+01 2.188681e+01 2.796593e+01
      vertex   -3.953899e+01 2.188681e+01 2.796593e+01
      vertex   -4.518739e+01 2.162799e+01 2.800000e+01
    endloop
  endfacet
  facet normal -0.000000e+00 9.914449e-01 1.305262e-01
    outer loop
      vertex   -2.824218e+01 2.259392e+01 2.725882e+01
      vertex   -2.259377e+01 2.259392e+01 2.725882e+01
      vertex   -4.518739e+01 2.262799e+01 2.700000e+01
    endloop
  endfacet
  facet normal -6.235234e-16 9.914449e-01 1.305262e-01
    outer loop
      vertex   -4.518739e+01 2.262799e+01 2.700000e+01
      vertex   -2.259377e+01 2.259392e+01 2.725882e+01
      vertex   -1.694537e+01 2.259392e+01 2.725882e+01
    endloop
  endfacet
  facet normal 0.000000e+00 9.914449e-01 1.305262e-01
    outer loop
      vertex   -4.518739e+01 2.262799e+01 2.700000e+01
      vertex   -1.694537e+01 2.259392e+01 2.725882e+01
      vertex   -1.129697e+01 2.259392e+01 2.725882e+01
    endloop
  endfacet
  facet normal 0.000000e+00 9.238795e-01 3.826834e-01
    outer loop
      vertex   -1.129697e+01 2.259392e+01 2.725882e+01
      vertex   -1.694537e+01 2.259392e+01 2.725882e+01
      vertex   -1.129697e+01 2.249402e+01 2.750000e+01
    endloop
  endfacet
  facet normal -0.000000e+00 9.238795e-01 3.826834e-01
    outer loop
      vertex   -2.824218e+01 2.259392e+01 2.725882e+01
      vertex   -2.259377e+01 2.249402e+01 2.750000e+01
      vertex   -2.259377e+01 2.259392e+01 2.725882e+01
    endloop
  endfacet
  facet normal -5.811708e-16 9.238795e-01 3.826834e-01
    outer loop
      vertex   -2.259377e+01 2.259392e+01 2.725882e+01
      vertex   -2.259377e+01 2.249402e+01 2.750000e+01
      vertex   -1.694537e+01 2.249402e+01 2.750000e+01
    endloop
  endfacet
  facet normal -5.810986e-16 9.238795e-01 3.826834e-01
    outer loop
      vertex   -2.259377e+01 2.259392e+01 2.725882e+01
      vertex   -1.694537e+01 2.249402e+01 2.750000e+01
      vertex   -1.694537e+01 2.259392e+01 2.725882e+01
    endloop
  endfacet
  facet normal 0.000000e+00 9.238795e-01 3.826834e-01
    outer loop
      vertex   -1.694537e+01 2.259392e+01 2.725882e+01
      vertex   -1.694537e+01 2.249402e+01 2.750000e+01
      vertex   -1.129697e+01 2.249402e+01 2.750000e+01
    endloop
  endfacet
  facet normal 0.000000e+00 9.238795e-01 3.826834e-01
    outer loop
      vertex   5.648244e+00 2.249402e+01 2.750000e+01
      vertex   5.648244e+00 2.259392e+01 2.725882e+01
      vertex   -1.600203e-04 2.259392e+01 2.725882e+01
    endloop
  endfacet
  facet normal 0.000000e+00 9.238795e-01 3.826834e-01
    outer loop
      vertex   -1.600203e-04 2.259392e+01 2.725882e+01
      vertex   -5.648564e+00 2.259392e+01 2.725882e+01
      vertex   -1.600203e-04 2.249402e+01 2.750000e+01
    endloop
  endfacet
  facet normal 0.000000e+00 9.238795e-01 3.826834e-01
    outer loop
      vertex   -1.600203e-04 2.249402e+01 2.750000e+01
      vertex   -5.648564e+00 2.259392e+01 2.725882e+01
      vertex   -5.648564e+00 2.249402e+01 2.750000e+01
    endloop
  endfacet
  facet normal 0.000000e+00 7.933533e-01 6.087614e-01
    outer loop
      vertex   -1.600203e-04 2.249402e+01 2.750000e+01
      vertex   -5.648564e+00 2.249402e+01 2.750000e+01
      vertex   -1.600203e-04 2.233510e+01 2.770711e+01
    endloop
  endfacet
  facet normal 0.000000e+00 7.933533e-01 6.087614e-01
    outer loop
      vertex   -1.600203e-04 2.233510e+01 2.770711e+01
      vertex   -5.648564e+00 2.249402e+01 2.750000e+01
      vertex   -5.648564e+00 2.233510e+01 2.770711e+01
    endloop
  endfacet
  facet normal 0.000000e+00 6.087614e-01 7.933533e-01
    outer loop
      vertex   -1.600203e-04 2.233510e+01 2.770711e+01
      vertex   -5.648564e+00 2.233510e+01 2.770711e+01
      vertex   -1.600203e-04 2.212799e+01 2.786603e+01
    endloop
  endfacet
  facet normal 0.000000e+00 6.087614e-01 7.933533e-01
    outer loop
      vertex   -1.600203e-04 2.212799e+01 2.786603e+01
      vertex   -5.648564e+00 2.233510e+01 2.770711e+01
      vertex   -5.648564e+00 2.212799e+01 2.786603e+01
    endloop
  endfacet
  facet normal 0.000000e+00 3.826834e-01 9.238795e-01
    outer loop
      vertex   -1.600203e-04 2.212799e+01 2.786603e+01
      vertex   -5.648564e+00 2.212799e+01 2.786603e+01
      vertex   -1.600203e-04 2.188681e+01 2.796593e+01
    endloop
  endfacet
  facet normal 0.000000e+00 3.826834e-01 9.238795e-01
    outer loop
      vertex   -1.600203e-04 2.188681e+01 2.796593e+01
      vertex   -5.648564e+00 2.212799e+01 2.786603e+01
      vertex   -5.648564e+00 2.188681e+01 2.796593e+01
    endloop
  endfacet
  facet normal 0.000000e+00 9.238795e-01 3.826834e-01
    outer loop
      vertex   2.259345e+01 2.249402e+01 2.750000e+01
      vertex   1.694505e+01 2.259392e+01 2.725882e+01
      vertex   1.694505e+01 2.249402e+01 2.750000e+01
    endloop
  endfacet
  facet normal 0.000000e+00 9.238795e-01 3.826834e-01
    outer loop
      vertex   1.694505e+01 2.249402e+01 2.750000e+01
      vertex   1.694505e+01 2.259392e+01 2.725882e+01
      vertex   1.129665e+01 2.259392e+01 2.725882e+01
    endloop
  endfacet
  facet normal 0.000000e+00 9.238795e-01 3.826834e-01
    outer loop
      vertex   -3.389058e+01 2.259392e+01 2.725882e+01
      vertex   -3.389058e+01 2.249402e+01 2.750000e+01
      vertex   -2.824218e+01 2.249402e+01 2.750000e+01
    endloop
  endfacet
  facet normal 0.000000e+00 7.933533e-01 6.087614e-01
    outer loop
      vertex   -2.824218e+01 2.249402e+01 2.750000e+01
      vertex   -3.389058e+01 2.249402e+01 2.750000e+01
      vertex   -2.824218e+01 2.233510e+01 2.770711e+01
    endloop
  endfacet
  facet normal 0.000000e+00 7.933533e-01 6.087614e-01
    outer loop
      vertex   -2.824218e+01 2.249402e+01 2.750000e+01
      vertex   -2.824218e+01 2.233510e+01 2.770711e+01
      vertex   -2.259377e+01 2.233510e+01 2.770711e+01
    endloop
  endfacet
  facet normal 0.000000e+00 6.087614e-01 7.933533e-01
    outer loop
      vertex   -2.259377e+01 2.233510e+01 2.770711e+01
      vertex   -2.824218e+01 2.233510e+01 2.770711e+01
      vertex   -2.259377e+01 2.212799e+01 2.786603e+01
    endloop
  endfacet
  facet normal -7.670514e-16 6.087614e-01 7.933533e-01
    outer loop
      vertex   -2.259377e+01 2.233510e+01 2.770711e+01
      vertex   -2.259377e+01 2.212799e+01 2.786603e+01
      vertex   -1.694537e+01 2.212799e+01 2.786603e+01
    endloop
  endfacet
  facet normal -4.813978e-16 3.826834e-01 9.238795e-01
    outer loop
      vertex   -1.694537e+01 2.212799e+01 2.786603e+01
      vertex   -2.259377e+01 2.212799e+01 2.786603e+01
      vertex   -1.694537e+01 2.188681e+01 2.796593e+01
    endloop
  endfacet
  facet normal 0.000000e+00 3.826834e-01 9.238795e-01
    outer loop
      vertex   -1.694537e+01 2.212799e+01 2.786603e+01
      vertex   -1.694537e+01 2.188681e+01 2.796593e+01
      vertex   -1.129697e+01 2.188681e+01 2.796593e+01
    endloop
  endfacet
  facet normal 0.000000e+00 1.305262e-01 9.914449e-01
    outer loop
      vertex   -1.129697e+01 2.188681e+01 2.796593e+01
      vertex   -1.694537e+01 2.188681e+01 2.796593e+01
      vertex   -4.518739e+01 2.162799e+01 2.800000e+01
    endloop
  endfacet
  facet normal 0.000000e+00 7.933533e-01 6.087614e-01
    outer loop
      vertex   -2.824218e+01 2.233510e+01 2.770711e+01
      vertex   -3.389058e+01 2.249402e+01 2.750000e+01
      vertex   -3.389058e+01 2.233510e+01 2.770711e+01
    endloop
  endfacet
  facet normal 0.000000e+00 7.933533e-01 6.087614e-01
    outer loop
      vertex   -1.129697e+01 2.233510e+01 2.770711e+01
      vertex   -1.129697e+01 2.249402e+01 2.750000e+01
      vertex   -1.694537e+01 2.249402e+01 2.750000e+01
    endloop
  endfacet
  facet normal 0.000000e+00 7.933533e-01 6.087614e-01
    outer loop
      vertex   -1.129697e+01 2.233510e+01 2.770711e+01
      vertex   -1.694537e+01 2.249402e+01 2.750000e+01
      vertex   -1.694537e+01 2.233510e+01 2.770711e+01
    endloop
  endfacet
  facet normal -4.988187e-16 7.933533e-01 6.087614e-01
    outer loop
      vertex   -1.694537e+01 2.233510e+01 2.770711e+01
      vertex   -1.694537e+01 2.249402e+01 2.750000e+01
      vertex   -2.259377e+01 2.249402e+01 2.750000e+01
    endloop
  endfacet
  facet normal 0.000000e+00 7.933533e-01 6.087614e-01
    outer loop
      vertex   5.648244e+00 2.233510e+01 2.770711e+01
      vertex   5.648244e+00 2.249402e+01 2.750000e+01
      vertex   -1.600203e-04 2.249402e+01 2.750000e+01
    endloop
  endfacet
  facet normal -0.000000e+00 9.238795e-01 3.826834e-01
    outer loop
      vertex   -1.600203e-04 2.249402e+01 2.750000e+01
      vertex   5.648244e+00 2.249402e+01 2.750000e+01
      vertex   -1.600203e-04 2.259392e+01 2.725882e+01
    endloop
  endfacet
  facet normal 0.000000e+00 7.933533e-01 6.087614e-01
    outer loop
      vertex   5.648244e+00 2.233510e+01 2.770711e+01
      vertex   -1.600203e-04 2.249402e+01 2.750000e+01
      vertex   -1.600203e-04 2.233510e+01 2.770711e+01
    endloop
  endfacet
  facet normal 0.000000e+00 7.933533e-01 6.087614e-01
    outer loop
      vertex   1.694505e+01 2.233510e+01 2.770711e+01
      vertex   1.129665e+01 2.249402e+01 2.750000e+01
      vertex   1.129665e+01 2.233510e+01 2.770711e+01
    endloop
  endfacet
  facet normal 0.000000e+00 7.933533e-01 6.087614e-01
    outer loop
      vertex   2.824186e+01 2.233510e+01 2.770711e+01
      vertex   2.259345e+01 2.249402e+01 2.750000e+01
      vertex   2.259345e+01 2.233510e+01 2.770711e+01
    endloop
  endfacet
  facet normal 0.000000e+00 7.933533e-01 6.087614e-01
    outer loop
      vertex   2.259345e+01 2.233510e+01 2.770711e+01
      vertex   2.259345e+01 2.249402e+01 2.750000e+01
      vertex   1.694505e+01 2.249402e+01 2.750000e+01
    endloop
  endfacet
  facet normal 0.000000e+00 6.087614e-01 7.933533e-01
    outer loop
      vertex   -2.824218e+01 2.233510e+01 2.770711e+01
      vertex   -3.389058e+01 2.233510e+01 2.770711e+01
      vertex   -2.824218e+01 2.212799e+01 2.786603e+01
    endloop
  endfacet
  facet normal 0.000000e+00 6.087614e-01 7.933533e-01
    outer loop
      vertex   -2.824218e+01 2.212799e+01 2.786603e+01
      vertex   -3.389058e+01 2.233510e+01 2.770711e+01
      vertex   -3.389058e+01 2.212799e+01 2.786603e+01
    endloop
  endfacet
  facet normal 0.000000e+00 3.826834e-01 9.238795e-01
    outer loop
      vertex   -2.824218e+01 2.212799e+01 2.786603e+01
      vertex   -3.389058e+01 2.212799e+01 2.786603e+01
      vertex   -2.824218e+01 2.188681e+01 2.796593e+01
    endloop
  endfacet
  facet normal 0.000000e+00 3.826834e-01 9.238795e-01
    outer loop
      vertex   -2.824218e+01 2.188681e+01 2.796593e+01
      vertex   -3.389058e+01 2.212799e+01 2.786603e+01
      vertex   -3.389058e+01 2.188681e+01 2.796593e+01
    endloop
  endfacet
  facet normal 0.000000e+00 1.305262e-01 9.914449e-01
    outer loop
      vertex   -2.824218e+01 2.188681e+01 2.796593e+01
      vertex   -3.389058e+01 2.188681e+01 2.796593e+01
      vertex   -4.518739e+01 2.162799e+01 2.800000e+01
    endloop
  endfacet
  facet normal 0.000000e+00 6.087614e-01 7.933533e-01
    outer loop
      vertex   -1.129697e+01 2.212799e+01 2.786603e+01
      vertex   -1.129697e+01 2.233510e+01 2.770711e+01
      vertex   -1.694537e+01 2.233510e+01 2.770711e+01
    endloop
  endfacet
  facet normal 0.000000e+00 6.087614e-01 7.933533e-01
    outer loop
      vertex   5.648244e+00 2.212799e+01 2.786603e+01
      vertex   5.648244e+00 2.233510e+01 2.770711e+01
      vertex   -1.600203e-04 2.233510e+01 2.770711e+01
    endloop
  endfacet
  facet normal 0.000000e+00 6.087614e-01 7.933533e-01
    outer loop
      vertex   5.648244e+00 2.212799e+01 2.786603e+01
      vertex   -1.600203e-04 2.233510e+01 2.770711e+01
      vertex   -1.600203e-04 2.212799e+01 2.786603e+01
    endloop
  endfacet
  facet normal 0.000000e+00 6.087614e-01 7.933533e-01
    outer loop
      vertex   1.694505e+01 2.233510e+01 2.770711e+01
      vertex   1.129665e+01 2.233510e+01 2.770711e+01
      vertex   1.694505e+01 2.212799e+01 2.786603e+01
    endloop
  endfacet
  facet normal 0.000000e+00 6.087614e-01 7.933533e-01
    outer loop
      vertex   1.694505e+01 2.212799e+01 2.786603e+01
      vertex   1.129665e+01 2.233510e+01 2.770711e+01
      vertex   1.129665e+01 2.212799e+01 2.786603e+01
    endloop
  endfacet
  facet normal 0.000000e+00 3.826834e-01 9.238795e-01
    outer loop
      vertex   1.694505e+01 2.212799e+01 2.786603e+01
      vertex   1.129665e+01 2.212799e+01 2.786603e+01
      vertex   1.694505e+01 2.188681e+01 2.796593e+01
    endloop
  endfacet
  facet normal 0.000000e+00 3.826834e-01 9.238795e-01
    outer loop
      vertex   1.694505e+01 2.188681e+01 2.796593e+01
      vertex   1.129665e+01 2.212799e+01 2.786603e+01
      vertex   1.129665e+01 2.188681e+01 2.796593e+01
    endloop
  endfacet
  facet normal 0.000000e+00 1.305262e-01 9.914449e-01
    outer loop
      vertex   1.694505e+01 2.188681e+01 2.796593e+01
      vertex   1.129665e+01 2.188681e+01 2.796593e+01
      vertex   4.518707e+01 2.162799e+01 2.800000e+01
    endloop
  endfacet
  facet normal 0.000000e+00 6.087614e-01 7.933533e-01
    outer loop
      vertex   3.389026e+01 2.212799e+01 2.786603e+01
      vertex   2.824186e+01 2.233510e+01 2.770711e+01
      vertex   2.824186e+01 2.212799e+01 2.786603e+01
    endloop
  endfacet
  facet normal 0.000000e+00 6.087614e-01 7.933533e-01
    outer loop
      vertex   2.824186e+01 2.212799e+01 2.786603e+01
      vertex   2.824186e+01 2.233510e+01 2.770711e+01
      vertex   2.259345e+01 2.233510e+01 2.770711e+01
    endloop
  endfacet
  facet normal 0.000000e+00 6.087614e-01 7.933533e-01
    outer loop
      vertex   -2.824218e+01 2.233510e+01 2.770711e+01
      vertex   -2.824218e+01 2.212799e+01 2.786603e+01
      vertex   -2.259377e+01 2.212799e+01 2.786603e+01
    endloop
  endfacet
  facet normal 0.000000e+00 3.826834e-01 9.238795e-01
    outer loop
      vertex   -2.259377e+01 2.212799e+01 2.786603e+01
      vertex   -2.824218e+01 2.212799e+01 2.786603e+01
      vertex   -2.259377e+01 2.188681e+01 2.796593e+01
    endloop
  endfacet
  facet normal -2.423506e-16 3.826834e-01 9.238795e-01
    outer loop
      vertex   -2.259377e+01 2.212799e+01 2.786603e+01
      vertex   -2.259377e+01 2.188681e+01 2.796593e+01
      vertex   -1.694537e+01 2.188681e+01 2.796593e+01
    endloop
  endfacet
  facet normal -8.209792e-17 1.305262e-01 9.914449e-01
    outer loop
      vertex   -1.694537e+01 2.188681e+01 2.796593e+01
      vertex   -2.259377e+01 2.188681e+01 2.796593e+01
      vertex   -4.518739e+01 2.162799e+01 2.800000e+01
    endloop
  endfacet
  facet normal 0.000000e+00 3.826834e-01 9.238795e-01
    outer loop
      vertex   -2.259377e+01 2.188681e+01 2.796593e+01
      vertex   -2.824218e+01 2.212799e+01 2.786603e+01
      vertex   -2.824218e+01 2.188681e+01 2.796593e+01
    endloop
  endfacet
  facet normal 0.000000e+00 3.826834e-01 9.238795e-01
    outer loop
      vertex   5.648244e+00 2.188681e+01 2.796593e+01
      vertex   5.648244e+00 2.212799e+01 2.786603e+01
      vertex   -1.600203e-04 2.212799e+01 2.786603e+01
    endloop
  endfacet
  facet normal 5.810986e-16 3.826834e-01 9.238795e-01
    outer loop
      vertex   5.648244e+00 2.188681e+01 2.796593e+01
      vertex   -1.600203e-04 2.212799e+01 2.786603e+01
      vertex   -1.600203e-04 2.188681e+01 2.796593e+01
    endloop
  endfacet
  facet normal 0.000000e+00 6.087614e-01 7.933533e-01
    outer loop
      vertex   1.694505e+01 2.233510e+01 2.770711e+01
      vertex   1.694505e+01 2.212799e+01 2.786603e+01
      vertex   2.259345e+01 2.212799e+01 2.786603e+01
    endloop
  endfacet
  facet normal 0.000000e+00 3.826834e-01 9.238795e-01
    outer loop
      vertex   2.259345e+01 2.212799e+01 2.786603e+01
      vertex   1.694505e+01 2.212799e+01 2.786603e+01
      vertex   2.259345e+01 2.188681e+01 2.796593e+01
    endloop
  endfacet
  facet normal 0.000000e+00 3.826834e-01 9.238795e-01
    outer loop
      vertex   2.259345e+01 2.212799e+01 2.786603e+01
      vertex   2.259345e+01 2.188681e+01 2.796593e+01
      vertex   2.824186e+01 2.188681e+01 2.796593e+01
    endloop
  endfacet
  facet normal 0.000000e+00 1.305262e-01 9.914449e-01
    outer loop
      vertex   2.824186e+01 2.188681e+01 2.796593e+01
      vertex   2.259345e+01 2.188681e+01 2.796593e+01
      vertex   4.518707e+01 2.162799e+01 2.800000e+01
    endloop
  endfacet
  facet normal 0.000000e+00 3.826834e-01 9.238795e-01
    outer loop
      vertex   2.259345e+01 2.188681e+01 2.796593e+01
      vertex   1.694505e+01 2.212799e+01 2.786603e+01
      vertex   1.694505e+01 2.188681e+01 2.796593e+01
    endloop
  endfacet
  facet normal 0.000000e+00 3.826834e-01 9.238795e-01
    outer loop
      vertex   3.953867e+01 2.188681e+01 2.796593e+01
      vertex   3.389026e+01 2.212799e+01 2.786603e+01
      vertex   3.389026e+01 2.188681e+01 2.796593e+01
    endloop
  endfacet
  facet normal 0.000000e+00 3.826834e-01 9.238795e-01
    outer loop
      vertex   3.389026e+01 2.188681e+01 2.796593e+01
      vertex   3.389026e+01 2.212799e+01 2.786603e+01
      vertex   2.824186e+01 2.212799e+01 2.786603e+01
    endloop
  endfacet
  facet normal 0.000000e+00 1.305262e-01 9.914449e-01
    outer loop
      vertex   -4.518739e+01 2.162799e+01 2.800000e+01
      vertex   -2.259377e+01 2.188681e+01 2.796593e+01
      vertex   -2.824218e+01 2.188681e+01 2.796593e+01
    endloop
  endfacet
  facet normal 0.000000e+00 1.305262e-01 9.914449e-01
    outer loop
      vertex   4.518707e+01 2.162799e+01 2.800000e+01
      vertex   2.259345e+01 2.188681e+01 2.796593e+01
      vertex   1.694505e+01 2.188681e+01 2.796593e+01
    endloop
  endfacet
  facet normal -9.831056e-01 1.294283e-01 1.294283e-01
    outer loop
      vertex   -4.718739e+01 2.062799e+01 2.700000e+01
      vertex   -4.715331e+01 2.062799e+01 2.725882e+01
      vertex   -4.711924e+01 2.114563e+01 2.700000e+01
    endloop
  endfacet
  facet normal -9.831056e-01 1.294283e-01 1.294283e-01
    outer loop
      vertex   -4.711924e+01 2.114563e+01 2.700000e+01
      vertex   -4.715331e+01 2.062799e+01 2.725882e+01
      vertex   -4.708633e+01 2.113681e+01 2.725882e+01
    endloop
  endfacet
  facet normal -9.161086e-01 3.794646e-01 1.294283e-01
    outer loop
      vertex   -4.711924e+01 2.114563e+01 2.700000e+01
      vertex   -4.708633e+01 2.113681e+01 2.725882e+01
      vertex   -4.691944e+01 2.162799e+01 2.700000e+01
    endloop
  endfacet
  facet normal -9.161086e-01 3.794646e-01 1.294283e-01
    outer loop
      vertex   -4.691944e+01 2.162799e+01 2.700000e+01
      vertex   -4.708633e+01 2.113681e+01 2.725882e+01
      vertex   -4.688993e+01 2.161095e+01 2.725882e+01
    endloop
  endfacet
  facet normal -7.866803e-01 6.036410e-01 1.294283e-01
    outer loop
      vertex   -4.691944e+01 2.162799e+01 2.700000e+01
      vertex   -4.688993e+01 2.161095e+01 2.725882e+01
      vertex   -4.660160e+01 2.204220e+01 2.700000e+01
    endloop
  endfacet
  facet normal -7.866803e-01 6.036410e-01 1.294283e-01
    outer loop
      vertex   -4.660160e+01 2.204220e+01 2.700000e+01
      vertex   -4.688993e+01 2.161095e+01 2.725882e+01
      vertex   -4.657751e+01 2.201811e+01 2.725882e+01
    endloop
  endfacet
  facet normal -6.036410e-01 7.866803e-01 1.294283e-01
    outer loop
      vertex   -4.660160e+01 2.204220e+01 2.700000e+01
      vertex   -4.657751e+01 2.201811e+01 2.725882e+01
      vertex   -4.618739e+01 2.236004e+01 2.700000e+01
    endloop
  endfacet
  facet normal -6.036410e-01 7.866803e-01 1.294283e-01
    outer loop
      vertex   -4.618739e+01 2.236004e+01 2.700000e+01
      vertex   -4.657751e+01 2.201811e+01 2.725882e+01
      vertex   -4.617035e+01 2.233053e+01 2.725882e+01
    endloop
  endfacet
  facet normal -3.794646e-01 9.161086e-01 1.294283e-01
    outer loop
      vertex   -4.618739e+01 2.236004e+01 2.700000e+01
      vertex   -4.617035e+01 2.233053e+01 2.725882e+01
      vertex   -4.570503e+01 2.255984e+01 2.700000e+01
    endloop
  endfacet
  facet normal -3.794646e-01 9.161086e-01 1.294283e-01
    outer loop
      vertex   -4.570503e+01 2.255984e+01 2.700000e+01
      vertex   -4.617035e+01 2.233053e+01 2.725882e+01
      vertex   -4.569621e+01 2.252693e+01 2.725882e+01
    endloop
  endfacet
  facet normal -1.294283e-01 9.831056e-01 1.294283e-01
    outer loop
      vertex   -4.570503e+01 2.255984e+01 2.700000e+01
      vertex   -4.569621e+01 2.252693e+01 2.725882e+01
      vertex   -4.518739e+01 2.262799e+01 2.700000e+01
    endloop
  endfacet
  facet normal -1.294283e-01 9.831056e-01 1.294283e-01
    outer loop
      vertex   -4.518739e+01 2.262799e+01 2.700000e+01
      vertex   -4.569621e+01 2.252693e+01 2.725882e+01
      vertex   -4.518739e+01 2.259392e+01 2.725882e+01
    endloop
  endfacet
  facet normal -1.207412e-01 9.171204e-01 3.798837e-01
    outer loop
      vertex   -4.518739e+01 2.259392e+01 2.725882e+01
      vertex   -4.569621e+01 2.252693e+01 2.725882e+01
      vertex   -4.567035e+01 2.243043e+01 2.750000e+01
    endloop
  endfacet
  facet normal -1.207412e-01 9.171204e-01 3.798837e-01
    outer loop
      vertex   -4.518739e+01 2.259392e+01 2.725882e+01
      vertex   -4.567035e+01 2.243043e+01 2.750000e+01
      vertex   -4.518739e+01 2.249402e+01 2.750000e+01
    endloop
  endfacet
  facet normal -1.038819e-01 7.890610e-01 6.054678e-01
    outer loop
      vertex   -4.518739e+01 2.249402e+01 2.750000e+01
      vertex   -4.567035e+01 2.243043e+01 2.750000e+01
      vertex   -4.562922e+01 2.227693e+01 2.770711e+01
    endloop
  endfacet
  facet normal -1.038819e-01 7.890610e-01 6.054678e-01
    outer loop
      vertex   -4.518739e+01 2.249402e+01 2.750000e+01
      vertex   -4.562922e+01 2.227693e+01 2.770711e+01
      vertex   -4.518739e+01 2.233510e+01 2.770711e+01
    endloop
  endfacet
  facet normal -7.988880e-02 6.068157e-01 7.908176e-01
    outer loop
      vertex   -4.518739e+01 2.233510e+01 2.770711e+01
      vertex   -4.562922e+01 2.227693e+01 2.770711e+01
      vertex   -4.557562e+01 2.207688e+01 2.786603e+01
    endloop
  endfacet
  facet normal -7.988880e-02 6.068157e-01 7.908176e-01
    outer loop
      vertex   -4.518739e+01 2.233510e+01 2.770711e+01
      vertex   -4.557562e+01 2.207688e+01 2.786603e+01
      vertex   -4.518739e+01 2.212799e+01 2.786603e+01
    endloop
  endfacet
  facet normal -5.031741e-02 3.821987e-01 9.227092e-01
    outer loop
      vertex   -4.518739e+01 2.212799e+01 2.786603e+01
      vertex   -4.557562e+01 2.207688e+01 2.786603e+01
      vertex   -4.551320e+01 2.184392e+01 2.796593e+01
    endloop
  endfacet
  facet normal -5.031741e-02 3.821987e-01 9.227092e-01
    outer loop
      vertex   -4.518739e+01 2.212799e+01 2.786603e+01
      vertex   -4.551320e+01 2.184392e+01 2.796593e+01
      vertex   -4.518739e+01 2.188681e+01 2.796593e+01
    endloop
  endfacet
  facet normal -1.718156e-02 1.305069e-01 9.912985e-01
    outer loop
      vertex   -4.518739e+01 2.188681e+01 2.796593e+01
      vertex   -4.551320e+01 2.184392e+01 2.796593e+01
      vertex   -4.544621e+01 2.159392e+01 2.800000e+01
    endloop
  endfacet
  facet normal -1.718156e-02 1.305069e-01 9.912985e-01
    outer loop
      vertex   -4.518739e+01 2.188681e+01 2.796593e+01
      vertex   -4.544621e+01 2.159392e+01 2.800000e+01
      vertex   -4.518739e+01 2.162799e+01 2.800000e+01
    endloop
  endfacet
  facet normal -9.171204e-01 1.207412e-01 3.798837e-01
    outer loop
      vertex   -4.715331e+01 2.062799e+01 2.725882e+01
      vertex   -4.705341e+01 2.062799e+01 2.750000e+01
      vertex   -4.708633e+01 2.113681e+01 2.725882e+01
    endloop
  endfacet
  facet normal -9.171204e-01 1.207412e-01 3.798837e-01
    outer loop
      vertex   -4.708633e+01 2.113681e+01 2.725882e+01
      vertex   -4.705341e+01 2.062799e+01 2.750000e+01
      vertex   -4.698983e+01 2.111095e+01 2.750000e+01
    endloop
  endfacet
  facet normal -8.546202e-01 3.539953e-01 3.798837e-01
    outer loop
      vertex   -4.708633e+01 2.113681e+01 2.725882e+01
      vertex   -4.698983e+01 2.111095e+01 2.750000e+01
      vertex   -4.688993e+01 2.161095e+01 2.725882e+01
    endloop
  endfacet
  facet normal -8.546202e-01 3.539953e-01 3.798837e-01
    outer loop
      vertex   -4.688993e+01 2.161095e+01 2.725882e+01
      vertex   -4.698983e+01 2.111095e+01 2.750000e+01
      vertex   -4.680341e+01 2.156100e+01 2.750000e+01
    endloop
  endfacet
  facet normal -7.338790e-01 5.631252e-01 3.798837e-01
    outer loop
      vertex   -4.688993e+01 2.161095e+01 2.725882e+01
      vertex   -4.680341e+01 2.156100e+01 2.750000e+01
      vertex   -4.657751e+01 2.201811e+01 2.725882e+01
    endloop
  endfacet
  facet normal -7.338790e-01 5.631252e-01 3.798837e-01
    outer loop
      vertex   -4.657751e+01 2.201811e+01 2.725882e+01
      vertex   -4.680341e+01 2.156100e+01 2.750000e+01
      vertex   -4.650687e+01 2.194747e+01 2.750000e+01
    endloop
  endfacet
  facet normal -5.631252e-01 7.338790e-01 3.798837e-01
    outer loop
      vertex   -4.657751e+01 2.201811e+01 2.725882e+01
      vertex   -4.650687e+01 2.194747e+01 2.750000e+01
      vertex   -4.617035e+01 2.233053e+01 2.725882e+01
    endloop
  endfacet
  facet normal -5.631252e-01 7.338790e-01 3.798837e-01
    outer loop
      vertex   -4.617035e+01 2.233053e+01 2.725882e+01
      vertex   -4.650687e+01 2.194747e+01 2.750000e+01
      vertex   -4.612040e+01 2.224402e+01 2.750000e+01
    endloop
  endfacet
  facet normal -3.539953e-01 8.546202e-01 3.798837e-01
    outer loop
      vertex   -4.617035e+01 2.233053e+01 2.725882e+01
      vertex   -4.612040e+01 2.224402e+01 2.750000e+01
      vertex   -4.569621e+01 2.252693e+01 2.725882e+01
    endloop
  endfacet
  facet normal -3.539953e-01 8.546202e-01 3.798837e-01
    outer loop
      vertex   -4.569621e+01 2.252693e+01 2.725882e+01
      vertex   -4.612040e+01 2.224402e+01 2.750000e+01
      vertex   -4.567035e+01 2.243043e+01 2.750000e+01
    endloop
  endfacet
  facet normal -7.890610e-01 1.038819e-01 6.054678e-01
    outer loop
      vertex   -4.705341e+01 2.062799e+01 2.750000e+01
      vertex   -4.689450e+01 2.062799e+01 2.770711e+01
      vertex   -4.698983e+01 2.111095e+01 2.750000e+01
    endloop
  endfacet
  facet normal -7.890610e-01 1.038819e-01 6.054678e-01
    outer loop
      vertex   -4.698983e+01 2.111095e+01 2.750000e+01
      vertex   -4.689450e+01 2.062799e+01 2.770711e+01
      vertex   -4.683633e+01 2.106982e+01 2.770711e+01
    endloop
  endfacet
  facet normal -7.352878e-01 3.045662e-01 6.054678e-01
    outer loop
      vertex   -4.698983e+01 2.111095e+01 2.750000e+01
      vertex   -4.683633e+01 2.106982e+01 2.770711e+01
      vertex   -4.680341e+01 2.156100e+01 2.750000e+01
    endloop
  endfacet
  facet normal -7.352878e-01 3.045662e-01 6.054678e-01
    outer loop
      vertex   -4.680341e+01 2.156100e+01 2.750000e+01
      vertex   -4.683633e+01 2.106982e+01 2.770711e+01
      vertex   -4.666579e+01 2.148154e+01 2.770711e+01
    endloop
  endfacet
  facet normal -6.314060e-01 4.844948e-01 6.054678e-01
    outer loop
      vertex   -4.680341e+01 2.156100e+01 2.750000e+01
      vertex   -4.666579e+01 2.148154e+01 2.770711e+01
      vertex   -4.650687e+01 2.194747e+01 2.750000e+01
    endloop
  endfacet
  facet normal -6.314060e-01 4.844948e-01 6.054678e-01
    outer loop
      vertex   -4.650687e+01 2.194747e+01 2.750000e+01
      vertex   -4.666579e+01 2.148154e+01 2.770711e+01
      vertex   -4.639450e+01 2.183510e+01 2.770711e+01
    endloop
  endfacet
  facet normal -4.844948e-01 6.314060e-01 6.054678e-01
    outer loop
      vertex   -4.650687e+01 2.194747e+01 2.750000e+01
      vertex   -4.639450e+01 2.183510e+01 2.770711e+01
      vertex   -4.612040e+01 2.224402e+01 2.750000e+01
    endloop
  endfacet
  facet normal -4.844948e-01 6.314060e-01 6.054678e-01
    outer loop
      vertex   -4.612040e+01 2.224402e+01 2.750000e+01
      vertex   -4.639450e+01 2.183510e+01 2.770711e+01
      vertex   -4.604094e+01 2.210639e+01 2.770711e+01
    endloop
  endfacet
  facet normal -3.045662e-01 7.352878e-01 6.054678e-01
    outer loop
      vertex   -4.612040e+01 2.224402e+01 2.750000e+01
      vertex   -4.604094e+01 2.210639e+01 2.770711e+01
      vertex   -4.567035e+01 2.243043e+01 2.750000e+01
    endloop
  endfacet
  facet normal -3.045662e-01 7.352878e-01 6.054678e-01
    outer loop
      vertex   -4.567035e+01 2.243043e+01 2.750000e+01
      vertex   -4.604094e+01 2.210639e+01 2.770711e+01
      vertex   -4.562922e+01 2.227693e+01 2.770711e+01
    endloop
  endfacet
  facet normal -6.068157e-01 7.988880e-02 7.908176e-01
    outer loop
      vertex   -4.689450e+01 2.062799e+01 2.770711e+01
      vertex   -4.668739e+01 2.062799e+01 2.786603e+01
      vertex   -4.683633e+01 2.106982e+01 2.770711e+01
    endloop
  endfacet
  facet normal -6.068157e-01 7.988880e-02 7.908176e-01
    outer loop
      vertex   -4.683633e+01 2.106982e+01 2.770711e+01
      vertex   -4.668739e+01 2.062799e+01 2.786603e+01
      vertex   -4.663628e+01 2.101622e+01 2.786603e+01
    endloop
  endfacet
  facet normal -5.654622e-01 2.342221e-01 7.908176e-01
    outer loop
      vertex   -4.683633e+01 2.106982e+01 2.770711e+01
      vertex   -4.663628e+01 2.101622e+01 2.786603e+01
      vertex   -4.666579e+01 2.148154e+01 2.770711e+01
    endloop
  endfacet
  facet normal -5.654622e-01 2.342221e-01 7.908176e-01
    outer loop
      vertex   -4.666579e+01 2.148154e+01 2.770711e+01
      vertex   -4.663628e+01 2.101622e+01 2.786603e+01
      vertex   -4.648643e+01 2.137799e+01 2.786603e+01
    endloop
  endfacet
  facet normal -4.855734e-01 3.725936e-01 7.908176e-01
    outer loop
      vertex   -4.666579e+01 2.148154e+01 2.770711e+01
      vertex   -4.648643e+01 2.137799e+01 2.786603e+01
      vertex   -4.639450e+01 2.183510e+01 2.770711e+01
    endloop
  endfacet
  facet normal -4.855734e-01 3.725936e-01 7.908176e-01
    outer loop
      vertex   -4.639450e+01 2.183510e+01 2.770711e+01
      vertex   -4.648643e+01 2.137799e+01 2.786603e+01
      vertex   -4.624805e+01 2.168865e+01 2.786603e+01
    endloop
  endfacet
  facet normal -3.725936e-01 4.855734e-01 7.908176e-01
    outer loop
      vertex   -4.639450e+01 2.183510e+01 2.770711e+01
      vertex   -4.624805e+01 2.168865e+01 2.786603e+01
      vertex   -4.604094e+01 2.210639e+01 2.770711e+01
    endloop
  endfacet
  facet normal -3.725936e-01 4.855734e-01 7.908176e-01
    outer loop
      vertex   -4.604094e+01 2.210639e+01 2.770711e+01
      vertex   -4.624805e+01 2.168865e+01 2.786603e+01
      vertex   -4.593739e+01 2.192703e+01 2.786603e+01
    endloop
  endfacet
  facet normal -2.342221e-01 5.654622e-01 7.908176e-01
    outer loop
      vertex   -4.604094e+01 2.210639e+01 2.770711e+01
      vertex   -4.593739e+01 2.192703e+01 2.786603e+01
      vertex   -4.562922e+01 2.227693e+01 2.770711e+01
    endloop
  endfacet
  facet normal -2.342221e-01 5.654622e-01 7.908176e-01
    outer loop
      vertex   -4.562922e+01 2.227693e+01 2.770711e+01
      vertex   -4.593739e+01 2.192703e+01 2.786603e+01
      vertex   -4.557562e+01 2.207688e+01 2.786603e+01
    endloop
  endfacet
  facet normal -3.821987e-01 5.031741e-02 9.227092e-01
    outer loop
      vertex   -4.668739e+01 2.062799e+01 2.786603e+01
      vertex   -4.644621e+01 2.062799e+01 2.796593e+01
      vertex   -4.663628e+01 2.101622e+01 2.786603e+01
    endloop
  endfacet
  facet normal -3.821987e-01 5.031741e-02 9.227092e-01
    outer loop
      vertex   -4.663628e+01 2.101622e+01 2.786603e+01
      vertex   -4.644621e+01 2.062799e+01 2.796593e+01
      vertex   -4.640331e+01 2.095380e+01 2.796593e+01
    endloop
  endfacet
  facet normal -3.561525e-01 1.475232e-01 9.227092e-01
    outer loop
      vertex   -4.663628e+01 2.101622e+01 2.786603e+01
      vertex   -4.640331e+01 2.095380e+01 2.796593e+01
      vertex   -4.648643e+01 2.137799e+01 2.786603e+01
    endloop
  endfacet
  facet normal -3.561525e-01 1.475232e-01 9.227092e-01
    outer loop
      vertex   -4.648643e+01 2.137799e+01 2.786603e+01
      vertex   -4.640331e+01 2.095380e+01 2.796593e+01
      vertex   -4.627756e+01 2.125740e+01 2.796593e+01
    endloop
  endfacet
  facet normal -3.058351e-01 2.346755e-01 9.227092e-01
    outer loop
      vertex   -4.648643e+01 2.137799e+01 2.786603e+01
      vertex   -4.627756e+01 2.125740e+01 2.796593e+01
      vertex   -4.624805e+01 2.168865e+01 2.786603e+01
    endloop
  endfacet
  facet normal -3.058351e-01 2.346755e-01 9.227092e-01
    outer loop
      vertex   -4.624805e+01 2.168865e+01 2.786603e+01
      vertex   -4.627756e+01 2.125740e+01 2.796593e+01
      vertex   -4.607751e+01 2.151811e+01 2.796593e+01
    endloop
  endfacet
  facet normal -2.346755e-01 3.058351e-01 9.227092e-01
    outer loop
      vertex   -4.624805e+01 2.168865e+01 2.786603e+01
      vertex   -4.607751e+01 2.151811e+01 2.796593e+01
      vertex   -4.593739e+01 2.192703e+01 2.786603e+01
    endloop
  endfacet
  facet normal -2.346755e-01 3.058351e-01 9.227092e-01
    outer loop
      vertex   -4.593739e+01 2.192703e+01 2.786603e+01
      vertex   -4.607751e+01 2.151811e+01 2.796593e+01
      vertex   -4.581680e+01 2.171816e+01 2.796593e+01
    endloop
  endfacet
  facet normal -1.475232e-01 3.561525e-01 9.227092e-01
    outer loop
      vertex   -4.593739e+01 2.192703e+01 2.786603e+01
      vertex   -4.581680e+01 2.171816e+01 2.796593e+01
      vertex   -4.557562e+01 2.207688e+01 2.786603e+01
    endloop
  endfacet
  facet normal -1.475232e-01 3.561525e-01 9.227092e-01
    outer loop
      vertex   -4.557562e+01 2.207688e+01 2.786603e+01
      vertex   -4.581680e+01 2.171816e+01 2.796593e+01
      vertex   -4.551320e+01 2.184392e+01 2.796593e+01
    endloop
  endfacet
  facet normal -1.305069e-01 1.718156e-02 9.912985e-01
    outer loop
      vertex   -4.644621e+01 2.062799e+01 2.796593e+01
      vertex   -4.618739e+01 2.062799e+01 2.800000e+01
      vertex   -4.640331e+01 2.095380e+01 2.796593e+01
    endloop
  endfacet
  facet normal -1.305069e-01 1.718156e-02 9.912985e-01
    outer loop
      vertex   -4.640331e+01 2.095380e+01 2.796593e+01
      vertex   -4.618739e+01 2.062799e+01 2.800000e+01
      vertex   -4.615331e+01 2.088681e+01 2.800000e+01
    endloop
  endfacet
  facet normal -1.216131e-01 5.037379e-02 9.912985e-01
    outer loop
      vertex   -4.640331e+01 2.095380e+01 2.796593e+01
      vertex   -4.615331e+01 2.088681e+01 2.800000e+01
      vertex   -4.627756e+01 2.125740e+01 2.796593e+01
    endloop
  endfacet
  facet normal -1.216131e-01 5.037379e-02 9.912985e-01
    outer loop
      vertex   -4.627756e+01 2.125740e+01 2.796593e+01
      vertex   -4.615331e+01 2.088681e+01 2.800000e+01
      vertex   -4.605341e+01 2.112799e+01 2.800000e+01
    endloop
  endfacet
  facet normal -1.044315e-01 8.013313e-02 9.912985e-01
    outer loop
      vertex   -4.627756e+01 2.125740e+01 2.796593e+01
      vertex   -4.605341e+01 2.112799e+01 2.800000e+01
      vertex   -4.607751e+01 2.151811e+01 2.796593e+01
    endloop
  endfacet
  facet normal -1.044315e-01 8.013313e-02 9.912985e-01
    outer loop
      vertex   -4.607751e+01 2.151811e+01 2.796593e+01
      vertex   -4.605341e+01 2.112799e+01 2.800000e+01
      vertex   -4.589450e+01 2.133510e+01 2.800000e+01
    endloop
  endfacet
  facet normal -8.013313e-02 1.044315e-01 9.912985e-01
    outer loop
      vertex   -4.607751e+01 2.151811e+01 2.796593e+01
      vertex   -4.589450e+01 2.133510e+01 2.800000e+01
      vertex   -4.581680e+01 2.171816e+01 2.796593e+01
    endloop
  endfacet
  facet normal -8.013313e-02 1.044315e-01 9.912985e-01
    outer loop
      vertex   -4.581680e+01 2.171816e+01 2.796593e+01
      vertex   -4.589450e+01 2.133510e+01 2.800000e+01
      vertex   -4.568739e+01 2.149402e+01 2.800000e+01
    endloop
  endfacet
  facet normal -5.037379e-02 1.216131e-01 9.912985e-01
    outer loop
      vertex   -4.581680e+01 2.171816e+01 2.796593e+01
      vertex   -4.568739e+01 2.149402e+01 2.800000e+01
      vertex   -4.551320e+01 2.184392e+01 2.796593e+01
    endloop
  endfacet
  facet normal -5.037379e-02 1.216131e-01 9.912985e-01
    outer loop
      vertex   -4.551320e+01 2.184392e+01 2.796593e+01
      vertex   -4.568739e+01 2.149402e+01 2.800000e+01
      vertex   -4.544621e+01 2.159392e+01 2.800000e+01
    endloop
  endfacet
  facet normal 9.937122e-01 -1.119645e-01 0.000000e+00
    outer loop
      vertex   4.718707e+01 -5.200000e+01 1.586157e+00
      vertex   4.718707e+01 -5.200000e+01 2.700000e+01
      vertex   4.711185e+01 -5.266756e+01 1.429308e+01
    endloop
  endfacet
  facet normal 9.937122e-01 -1.119645e-01 0.000000e+00
    outer loop
      vertex   4.711185e+01 -5.266756e+01 1.429308e+01
      vertex   4.718707e+01 -5.200000e+01 2.700000e+01
      vertex   4.711185e+01 -5.266756e+01 2.700000e+01
    endloop
  endfacet
  facet normal 9.438833e-01 -3.302791e-01 0.000000e+00
    outer loop
      vertex   4.711185e+01 -5.266756e+01 1.429308e+01
      vertex   4.711185e+01 -5.266756e+01 2.700000e+01
      vertex   4.688998e+01 -5.330165e+01 1.429308e+01
    endloop
  endfacet
  facet normal 9.438833e-01 -3.302791e-01 0.000000e+00
    outer loop
      vertex   4.688998e+01 -5.330165e+01 1.429308e+01
      vertex   4.711185e+01 -5.266756e+01 2.700000e+01
      vertex   4.688998e+01 -5.330165e+01 2.700000e+01
    endloop
  endfacet
  facet normal 8.467242e-01 -5.320321e-01 0.000000e+00
    outer loop
      vertex   4.688998e+01 -5.330165e+01 1.429308e+01
      vertex   4.688998e+01 -5.330165e+01 2.700000e+01
      vertex   4.653256e+01 -5.387047e+01 1.429308e+01
    endloop
  endfacet
  facet normal 8.467242e-01 -5.320321e-01 0.000000e+00
    outer loop
      vertex   4.653256e+01 -5.387047e+01 1.429308e+01
      vertex   4.688998e+01 -5.330165e+01 2.700000e+01
      vertex   4.653256e+01 -5.387047e+01 2.700000e+01
    endloop
  endfacet
  facet normal 7.071068e-01 -7.071068e-01 0.000000e+00
    outer loop
      vertex   4.653256e+01 -5.387047e+01 1.429308e+01
      vertex   4.653256e+01 -5.387047e+01 2.700000e+01
      vertex   4.605754e+01 -5.434550e+01 1.429308e+01
    endloop
  endfacet
  facet normal 7.071068e-01 -7.071068e-01 0.000000e+00
    outer loop
      vertex   4.605754e+01 -5.434550e+01 1.429308e+01
      vertex   4.653256e+01 -5.387047e+01 2.700000e+01
      vertex   4.605754e+01 -5.434550e+01 2.700000e+01
    endloop
  endfacet
  facet normal 5.320321e-01 -8.467242e-01 0.000000e+00
    outer loop
      vertex   4.605754e+01 -5.434550e+01 1.429308e+01
      vertex   4.605754e+01 -5.434550e+01 2.700000e+01
      vertex   4.548872e+01 -5.470291e+01 1.429308e+01
    endloop
  endfacet
  facet normal 5.320321e-01 -8.467242e-01 9.469386e-16
    outer loop
      vertex   4.548872e+01 -5.470291e+01 1.429308e+01
      vertex   4.605754e+01 -5.434550e+01 2.700000e+01
      vertex   4.548872e+01 -5.470291e+01 2.700000e+01
    endloop
  endfacet
  facet normal 3.302791e-01 -9.438833e-01 1.055597e-15
    outer loop
      vertex   4.548872e+01 -5.470291e+01 1.429308e+01
      vertex   4.548872e+01 -5.470291e+01 2.700000e+01
      vertex   4.485463e+01 -5.492478e+01 1.429308e+01
    endloop
  endfacet
  facet normal 3.302791e-01 -9.438833e-01 0.000000e+00
    outer loop
      vertex   4.485463e+01 -5.492478e+01 1.429308e+01
      vertex   4.548872e+01 -5.470291e+01 2.700000e+01
      vertex   4.485463e+01 -5.492478e+01 2.700000e+01
    endloop
  endfacet
  facet normal 1.119645e-01 -9.937122e-01 0.000000e+00
    outer loop
      vertex   4.485463e+01 -5.492478e+01 1.429308e+01
      vertex   4.485463e+01 -5.492478e+01 2.700000e+01
      vertex   4.418707e+01 -5.500000e+01 2.700000e+01
    endloop
  endfacet
  facet normal 1.119645e-01 -9.937122e-01 0.000000e+00
    outer loop
      vertex   4.418707e+01 -5.500000e+01 2.700000e+01
      vertex   4.418707e+01 -5.500000e+01 1.586157e+00
      vertex   4.485463e+01 -5.492478e+01 1.429308e+01
    endloop
  endfacet
  facet normal 1.119645e-01 -9.937122e-01 1.252161e-16
    outer loop
      vertex   4.485463e+01 -5.492478e+01 1.429308e+01
      vertex   4.418707e+01 -5.500000e+01 1.586157e+00
      vertex   4.485463e+01 -5.492478e+01 1.586157e+00
    endloop
  endfacet
  facet normal 3.302791e-01 -9.438833e-01 3.693694e-16
    outer loop
      vertex   4.485463e+01 -5.492478e+01 1.429308e+01
      vertex   4.485463e+01 -5.492478e+01 1.586157e+00
      vertex   4.548872e+01 -5.470291e+01 1.429308e+01
    endloop
  endfacet
  facet normal 3.302791e-01 -9.438833e-01 0.000000e+00
    outer loop
      vertex   4.548872e+01 -5.470291e+01 1.429308e+01
      vertex   4.485463e+01 -5.492478e+01 1.586157e+00
      vertex   4.548872e+01 -5.470291e+01 1.586157e+00
    endloop
  endfacet
  facet normal 5.320321e-01 -8.467242e-01 0.000000e+00
    outer loop
      vertex   4.548872e+01 -5.470291e+01 1.429308e+01
      vertex   4.548872e+01 -5.470291e+01 1.586157e+00
      vertex   4.605754e+01 -5.434550e+01 1.429308e+01
    endloop
  endfacet
  facet normal 5.320321e-01 -8.467242e-01 0.000000e+00
    outer loop
      vertex   4.605754e+01 -5.434550e+01 1.429308e+01
      vertex   4.548872e+01 -5.470291e+01 1.586157e+00
      vertex   4.605754e+01 -5.434550e+01 1.586157e+00
    endloop
  endfacet
  facet normal 7.071068e-01 -7.071068e-01 0.000000e+00
    outer loop
      vertex   4.605754e+01 -5.434550e+01 1.429308e+01
      vertex   4.605754e+01 -5.434550e+01 1.586157e+00
      vertex   4.653256e+01 -5.387047e+01 1.429308e+01
    endloop
  endfacet
  facet normal 7.071068e-01 -7.071068e-01 3.953984e-16
    outer loop
      vertex   4.653256e+01 -5.387047e+01 1.429308e+01
      vertex   4.605754e+01 -5.434550e+01 1.586157e+00
      vertex   4.653256e+01 -5.387047e+01 1.586157e+00
    endloop
  endfacet
  facet normal 8.467242e-01 -5.320321e-01 2.975005e-16
    outer loop
      vertex   4.653256e+01 -5.387047e+01 1.429308e+01
      vertex   4.653256e+01 -5.387047e+01 1.586157e+00
      vertex   4.688998e+01 -5.330165e+01 1.429308e+01
    endloop
  endfacet
  facet normal 8.467242e-01 -5.320321e-01 0.000000e+00
    outer loop
      vertex   4.688998e+01 -5.330165e+01 1.429308e+01
      vertex   4.653256e+01 -5.387047e+01 1.586157e+00
      vertex   4.688998e+01 -5.330165e+01 1.586157e+00
    endloop
  endfacet
  facet normal 9.438833e-01 -3.302791e-01 0.000000e+00
    outer loop
      vertex   4.688998e+01 -5.330165e+01 1.429308e+01
      vertex   4.688998e+01 -5.330165e+01 1.586157e+00
      vertex   4.711185e+01 -5.266756e+01 1.429308e+01
    endloop
  endfacet
  facet normal 9.438833e-01 -3.302791e-01 0.000000e+00
    outer loop
      vertex   4.711185e+01 -5.266756e+01 1.429308e+01
      vertex   4.688998e+01 -5.330165e+01 1.586157e+00
      vertex   4.711185e+01 -5.266756e+01 1.586157e+00
    endloop
  endfacet
  facet normal 9.937122e-01 -1.119645e-01 0.000000e+00
    outer loop
      vertex   4.711185e+01 -5.266756e+01 1.429308e+01
      vertex   4.711185e+01 -5.266756e+01 1.586157e+00
      vertex   4.718707e+01 -5.200000e+01 1.586157e+00
    endloop
  endfacet
  facet normal 8.040137e-17 -1.000000e+00 1.290065e-16
    outer loop
      vertex   -4.418739e+01 -5.500000e+01 2.700000e+01
      vertex   -1.400000e+01 -5.500000e+01 8.186157e+00
      vertex   4.418707e+01 -5.500000e+01 2.700000e+01
    endloop
  endfacet
  facet normal 0.000000e+00 -1.000000e+00 3.776702e-16
    outer loop
      vertex   4.418707e+01 -5.500000e+01 2.700000e+01
      vertex   -1.400000e+01 -5.500000e+01 8.186157e+00
      vertex   1.400000e+01 -5.500000e+01 8.186157e+00
    endloop
  endfacet
  facet normal 3.105996e-17 -1.000000e+00 3.278340e-16
    outer loop
      vertex   4.418707e+01 -5.500000e+01 2.700000e+01
      vertex   1.400000e+01 -5.500000e+01 8.186157e+00
      vertex   2.479193e+01 -5.500000e+01 7.163698e+00
    endloop
  endfacet
  facet normal -7.394292e-16 -1.000000e+00 -7.804583e-15
    outer loop
      vertex   2.479193e+01 -5.500000e+01 7.163698e+00
      vertex   1.400000e+01 -5.500000e+01 8.186157e+00
      vertex   1.518259e+01 -5.500000e+01 7.163698e+00
    endloop
  endfacet
  facet normal 6.008364e-15 -1.000000e+00 0.000000e+00
    outer loop
      vertex   1.518259e+01 -5.500000e+01 7.163698e+00
      vertex   1.400000e+01 -5.500000e+01 8.186157e+00
      vertex   1.400000e+01 -5.500000e+01 1.586157e+00
    endloop
  endfacet
  facet normal 0.000000e+00 -1.000000e+00 1.273936e-15
    outer loop
      vertex   1.518259e+01 -5.500000e+01 7.163698e+00
      vertex   1.400000e+01 -5.500000e+01 1.586157e+00
      vertex   1.518259e+01 -5.500000e+01 1.586157e+00
    endloop
  endfacet
  facet normal 0.000000e+00 -1.000000e+00 0.000000e+00
    outer loop
      vertex   -4.418739e+01 -5.500000e+01 2.700000e+01
      vertex   -4.418739e+01 -5.500000e+01 1.586157e+00
      vertex   -1.400000e+01 -5.500000e+01 8.186157e+00
    endloop
  endfacet
  facet normal 0.000000e+00 -1.000000e+00 -0.000000e+00
    outer loop
      vertex   -1.400000e+01 -5.500000e+01 8.186157e+00
      vertex   -4.418739e+01 -5.500000e+01 1.586157e+00
      vertex   -1.400000e+01 -5.500000e+01 1.586157e+00
    endloop
  endfacet
  facet normal 0.000000e+00 -1.000000e+00 -1.273936e-15
    outer loop
      vertex   2.479193e+01 -5.500000e+01 1.586157e+00
      vertex   4.418707e+01 -5.500000e+01 1.586157e+00
      vertex   2.479193e+01 -5.500000e+01 7.163698e+00
    endloop
  endfacet
  facet normal 3.663509e-16 -1.000000e+00 0.000000e+00
    outer loop
      vertex   2.479193e+01 -5.500000e+01 7.163698e+00
      vertex   4.418707e+01 -5.500000e+01 1.586157e+00
      vertex   4.418707e+01 -5.500000e+01 2.700000e+01
    endloop
  endfacet
  facet normal -1.119645e-01 -9.937122e-01 0.000000e+00
    outer loop
      vertex   -4.418739e+01 -5.500000e+01 1.586157e+00
      vertex   -4.418739e+01 -5.500000e+01 2.700000e+01
      vertex   -4.485495e+01 -5.492478e+01 1.429308e+01
    endloop
  endfacet
  facet normal -1.119645e-01 -9.937122e-01 5.556617e-16
    outer loop
      vertex   -4.485495e+01 -5.492478e+01 1.429308e+01
      vertex   -4.418739e+01 -5.500000e+01 2.700000e+01
      vertex   -4.485495e+01 -5.492478e+01 2.700000e+01
    endloop
  endfacet
  facet normal -3.302791e-01 -9.438833e-01 5.277985e-16
    outer loop
      vertex   -4.485495e+01 -5.492478e+01 1.429308e+01
      vertex   -4.485495e+01 -5.492478e+01 2.700000e+01
      vertex   -4.548904e+01 -5.470291e+01 1.429308e+01
    endloop
  endfacet
  facet normal -3.302791e-01 -9.438833e-01 0.000000e+00
    outer loop
      vertex   -4.548904e+01 -5.470291e+01 1.429308e+01
      vertex   -4.485495e+01 -5.492478e+01 2.700000e+01
      vertex   -4.548904e+01 -5.470291e+01 2.700000e+01
    endloop
  endfacet
  facet normal -5.320321e-01 -8.467242e-01 0.000000e+00
    outer loop
      vertex   -4.548904e+01 -5.470291e+01 1.429308e+01
      vertex   -4.548904e+01 -5.470291e+01 2.700000e+01
      vertex   -4.605786e+01 -5.434550e+01 1.429308e+01
    endloop
  endfacet
  facet normal -5.320321e-01 -8.467242e-01 0.000000e+00
    outer loop
      vertex   -4.605786e+01 -5.434550e+01 1.429308e+01
      vertex   -4.548904e+01 -5.470291e+01 2.700000e+01
      vertex   -4.605786e+01 -5.434550e+01 2.700000e+01
    endloop
  endfacet
  facet normal -7.071068e-01 -7.071068e-01 0.000000e+00
    outer loop
      vertex   -4.605786e+01 -5.434550e+01 1.429308e+01
      vertex   -4.605786e+01 -5.434550e+01 2.700000e+01
      vertex   -4.653288e+01 -5.387047e+01 1.429308e+01
    endloop
  endfacet
  facet normal -7.071068e-01 -7.071068e-01 0.000000e+00
    outer loop
      vertex   -4.653288e+01 -5.387047e+01 1.429308e+01
      vertex   -4.605786e+01 -5.434550e+01 2.700000e+01
      vertex   -4.653288e+01 -5.387047e+01 2.700000e+01
    endloop
  endfacet
  facet normal -8.467242e-01 -5.320321e-01 0.000000e+00
    outer loop
      vertex   -4.653288e+01 -5.387047e+01 1.429308e+01
      vertex   -4.653288e+01 -5.387047e+01 2.700000e+01
      vertex   -4.689030e+01 -5.330165e+01 1.429308e+01
    endloop
  endfacet
  facet normal -8.467242e-01 -5.320321e-01 0.000000e+00
    outer loop
      vertex   -4.689030e+01 -5.330165e+01 1.429308e+01
      vertex   -4.653288e+01 -5.387047e+01 2.700000e+01
      vertex   -4.689030e+01 -5.330165e+01 2.700000e+01
    endloop
  endfacet
  facet normal -9.438833e-01 -3.302791e-01 0.000000e+00
    outer loop
      vertex   -4.689030e+01 -5.330165e+01 1.429308e+01
      vertex   -4.689030e+01 -5.330165e+01 2.700000e+01
      vertex   -4.711217e+01 -5.266756e+01 1.429308e+01
    endloop
  endfacet
  facet normal -9.438833e-01 -3.302791e-01 0.000000e+00
    outer loop
      vertex   -4.711217e+01 -5.266756e+01 1.429308e+01
      vertex   -4.689030e+01 -5.330165e+01 2.700000e+01
      vertex   -4.711217e+01 -5.266756e+01 2.700000e+01
    endloop
  endfacet
  facet normal -9.937122e-01 -1.119645e-01 0.000000e+00
    outer loop
      vertex   -4.711217e+01 -5.266756e+01 1.429308e+01
      vertex   -4.711217e+01 -5.266756e+01 2.700000e+01
      vertex   -4.718739e+01 -5.200000e+01 2.700000e+01
    endloop
  endfacet
  facet normal -9.937122e-01 -1.119645e-01 -0.000000e+00
    outer loop
      vertex   -4.718739e+01 -5.200000e+01 2.700000e+01
      vertex   -4.718739e+01 -5.200000e+01 1.586157e+00
      vertex   -4.711217e+01 -5.266756e+01 1.429308e+01
    endloop
  endfacet
  facet normal -9.937122e-01 -1.119645e-01 5.556617e-16
    outer loop
      vertex   -4.711217e+01 -5.266756e+01 1.429308e+01
      vertex   -4.718739e+01 -5.200000e+01 1.586157e+00
      vertex   -4.711217e+01 -5.266756e+01 1.586157e+00
    endloop
  endfacet
  facet normal -9.438833e-01 -3.302791e-01 5.277985e-16
    outer loop
      vertex   -4.711217e+01 -5.266756e+01 1.429308e+01
      vertex   -4.711217e+01 -5.266756e+01 1.586157e+00
      vertex   -4.689030e+01 -5.330165e+01 1.429308e+01
    endloop
  endfacet
  facet normal -9.438833e-01 -3.302791e-01 -0.000000e+00
    outer loop
      vertex   -4.689030e+01 -5.330165e+01 1.429308e+01
      vertex   -4.711217e+01 -5.266756e+01 1.586157e+00
      vertex   -4.689030e+01 -5.330165e+01 1.586157e+00
    endloop
  endfacet
  facet normal -8.467242e-01 -5.320321e-01 -0.000000e+00
    outer loop
      vertex   -4.689030e+01 -5.330165e+01 1.429308e+01
      vertex   -4.689030e+01 -5.330165e+01 1.586157e+00
      vertex   -4.653288e+01 -5.387047e+01 1.429308e+01
    endloop
  endfacet
  facet normal -8.467242e-01 -5.320321e-01 1.244439e-15
    outer loop
      vertex   -4.653288e+01 -5.387047e+01 1.429308e+01
      vertex   -4.689030e+01 -5.330165e+01 1.586157e+00
      vertex   -4.653288e+01 -5.387047e+01 1.586157e+00
    endloop
  endfacet
  facet normal -7.071068e-01 -7.071068e-01 1.186195e-15
    outer loop
      vertex   -4.653288e+01 -5.387047e+01 1.429308e+01
      vertex   -4.653288e+01 -5.387047e+01 1.586157e+00
      vertex   -4.605786e+01 -5.434550e+01 1.429308e+01
    endloop
  endfacet
  facet normal -7.071068e-01 -7.071068e-01 -0.000000e+00
    outer loop
      vertex   -4.605786e+01 -5.434550e+01 1.429308e+01
      vertex   -4.653288e+01 -5.387047e+01 1.586157e+00
      vertex   -4.605786e+01 -5.434550e+01 1.586157e+00
    endloop
  endfacet
  facet normal -5.320321e-01 -8.467242e-01 -0.000000e+00
    outer loop
      vertex   -4.605786e+01 -5.434550e+01 1.429308e+01
      vertex   -4.605786e+01 -5.434550e+01 1.586157e+00
      vertex   -4.548904e+01 -5.470291e+01 1.429308e+01
    endloop
  endfacet
  facet normal -5.320321e-01 -8.467242e-01 -0.000000e+00
    outer loop
      vertex   -4.548904e+01 -5.470291e+01 1.429308e+01
      vertex   -4.605786e+01 -5.434550e+01 1.586157e+00
      vertex   -4.548904e+01 -5.470291e+01 1.586157e+00
    endloop
  endfacet
  facet normal -3.302791e-01 -9.438833e-01 -0.000000e+00
    outer loop
      vertex   -4.548904e+01 -5.470291e+01 1.429308e+01
      vertex   -4.548904e+01 -5.470291e+01 1.586157e+00
      vertex   -4.485495e+01 -5.492478e+01 1.429308e+01
    endloop
  endfacet
  facet normal -3.302791e-01 -9.438833e-01 -5.277985e-16
    outer loop
      vertex   -4.485495e+01 -5.492478e+01 1.429308e+01
      vertex   -4.548904e+01 -5.470291e+01 1.586157e+00
      vertex   -4.485495e+01 -5.492478e+01 1.586157e+00
    endloop
  endfacet
  facet normal -1.119645e-01 -9.937122e-01 -5.556617e-16
    outer loop
      vertex   -4.485495e+01 -5.492478e+01 1.429308e+01
      vertex   -4.485495e+01 -5.492478e+01 1.586157e+00
      vertex   -4.418739e+01 -5.500000e+01 1.586157e+00
    endloop
  endfacet
  facet normal -1.000000e+00 0.000000e+00 0.000000e+00
    outer loop
      vertex   -4.718739e+01 -3.714956e+01 1.586157e+00
      vertex   -4.718739e+01 -5.200000e+01 1.586157e+00
      vertex   -4.718739e+01 -3.714956e+01 1.778612e+01
    endloop
  endfacet
  facet normal -1.000000e+00 -0.000000e+00 0.000000e+00
    outer loop
      vertex   -4.718739e+01 -3.714956e+01 1.778612e+01
      vertex   -4.718739e+01 -5.200000e+01 1.586157e+00
      vertex   -4.718739e+01 -5.200000e+01 2.700000e+01
    endloop
  endfacet
  facet normal -1.000000e+00 0.000000e+00 0.000000e+00
    outer loop
      vertex   -4.718739e+01 -3.714956e+01 1.778612e+01
      vertex   -4.718739e+01 -5.200000e+01 2.700000e+01
      vertex   -4.718739e+01 -3.084957e+01 1.778612e+01
    endloop
  endfacet
  facet normal -1.000000e+00 0.000000e+00 0.000000e+00
    outer loop
      vertex   -4.718739e+01 -3.084957e+01 1.778612e+01
      vertex   -4.718739e+01 -5.200000e+01 2.700000e+01
      vertex   -4.718739e+01 -6.773113e+00 2.348950e+01
    endloop
  endfacet
  facet normal -1.000000e+00 0.000000e+00 0.000000e+00
    outer loop
      vertex   -4.718739e+01 -3.084957e+01 1.778612e+01
      vertex   -4.718739e+01 -6.773113e+00 2.348950e+01
      vertex   -4.718739e+01 -1.357559e+01 1.026653e+01
    endloop
  endfacet
  facet normal -1.000000e+00 0.000000e+00 0.000000e+00
    outer loop
      vertex   -4.718739e+01 -1.357559e+01 1.026653e+01
      vertex   -4.718739e+01 -6.773113e+00 2.348950e+01
      vertex   -4.718739e+01 -1.274118e+01 1.011055e+01
    endloop
  endfacet
  facet normal -1.000000e+00 0.000000e+00 0.000000e+00
    outer loop
      vertex   -4.718739e+01 -1.274118e+01 1.011055e+01
      vertex   -4.718739e+01 -6.773113e+00 2.348950e+01
      vertex   -4.718739e+01 -1.194963e+01 9.803901e+00
    endloop
  endfacet
  facet normal -1.000000e+00 0.000000e+00 0.000000e+00
    outer loop
      vertex   -4.718739e+01 -1.194963e+01 9.803901e+00
      vertex   -4.718739e+01 -6.773113e+00 2.348950e+01
      vertex   -4.718739e+01 -1.122791e+01 9.357029e+00
    endloop
  endfacet
  facet normal -1.000000e+00 0.000000e+00 0.000000e+00
    outer loop
      vertex   -4.718739e+01 -1.122791e+01 9.357029e+00
      vertex   -4.718739e+01 -6.773113e+00 2.348950e+01
      vertex   -4.718739e+01 -1.060059e+01 8.785150e+00
    endloop
  endfacet
  facet normal -1.000000e+00 0.000000e+00 0.000000e+00
    outer loop
      vertex   -4.718739e+01 -1.060059e+01 8.785150e+00
      vertex   -4.718739e+01 -6.773113e+00 2.348950e+01
      vertex   -4.718739e+01 -1.008903e+01 8.107738e+00
    endloop
  endfacet
  facet normal -1.000000e+00 0.000000e+00 0.000000e+00
    outer loop
      vertex   -4.718739e+01 -1.008903e+01 8.107738e+00
      vertex   -4.718739e+01 -6.773113e+00 2.348950e+01
      vertex   -4.718739e+01 -9.710656e+00 7.347862e+00
    endloop
  endfacet
  facet normal -1.000000e+00 0.000000e+00 0.000000e+00
    outer loop
      vertex   -4.718739e+01 -9.710656e+00 7.347862e+00
      vertex   -4.718739e+01 -6.773113e+00 2.348950e+01
      vertex   -4.718739e+01 -6.773113e+00 1.586157e+00
    endloop
  endfacet
  facet normal -1.000000e+00 0.000000e+00 0.000000e+00
    outer loop
      vertex   -4.718739e+01 -9.710656e+00 7.347862e+00
      vertex   -4.718739e+01 -6.773113e+00 1.586157e+00
      vertex   -4.718739e+01 -9.478352e+00 6.531398e+00
    endloop
  endfacet
  facet normal -1.000000e+00 0.000000e+00 0.000000e+00
    outer loop
      vertex   -4.718739e+01 -9.478352e+00 6.531398e+00
      vertex   -4.718739e+01 -6.773113e+00 1.586157e+00
      vertex   -4.718739e+01 -9.400028e+00 5.686150e+00
    endloop
  endfacet
  facet normal -1.000000e+00 0.000000e+00 0.000000e+00
    outer loop
      vertex   -4.718739e+01 -9.400028e+00 5.686150e+00
      vertex   -4.718739e+01 -6.773113e+00 1.586157e+00
      vertex   -4.718739e+01 -9.400028e+00 1.586157e+00
    endloop
  endfacet
  facet normal -1.000000e+00 0.000000e+00 0.000000e+00
    outer loop
      vertex   -4.718739e+01 -5.200000e+01 2.700000e+01
      vertex   -4.718739e+01 2.062799e+01 2.700000e+01
      vertex   -4.718739e+01 -6.773113e+00 2.348950e+01
    endloop
  endfacet
  facet normal -1.000000e+00 0.000000e+00 0.000000e+00
    outer loop
      vertex   -4.718739e+01 -6.773113e+00 2.348950e+01
      vertex   -4.718739e+01 2.062799e+01 2.700000e+01
      vertex   -4.718739e+01 1.457997e+01 2.348950e+01
    endloop
  endfacet
  facet normal -1.000000e+00 0.000000e+00 0.000000e+00
    outer loop
      vertex   -4.718739e+01 1.457997e+01 2.348950e+01
      vertex   -4.718739e+01 2.062799e+01 2.700000e+01
      vertex   -4.718739e+01 2.062799e+01 1.586157e+00
    endloop
  endfacet
  facet normal -1.000000e+00 0.000000e+00 0.000000e+00
    outer loop
      vertex   -4.718739e+01 1.457997e+01 2.348950e+01
      vertex   -4.718739e+01 2.062799e+01 1.586157e+00
      vertex   -4.718739e+01 1.457997e+01 1.586157e+00
    endloop
  endfacet
  facet normal -1.000000e+00 0.000000e+00 0.000000e+00
    outer loop
      vertex   -4.718739e+01 -1.357559e+01 1.026653e+01
      vertex   -4.718739e+01 -1.442446e+01 1.026653e+01
      vertex   -4.718739e+01 -3.084957e+01 1.778612e+01
    endloop
  endfacet
  facet normal -1.000000e+00 0.000000e+00 0.000000e+00
    outer loop
      vertex   -4.718739e+01 -3.084957e+01 1.778612e+01
      vertex   -4.718739e+01 -1.442446e+01 1.026653e+01
      vertex   -4.718739e+01 -2.357561e+01 1.026653e+01
    endloop
  endfacet
  facet normal -1.000000e+00 0.000000e+00 0.000000e+00
    outer loop
      vertex   -4.718739e+01 -3.084957e+01 1.778612e+01
      vertex   -4.718739e+01 -2.357561e+01 1.026653e+01
      vertex   -4.718739e+01 -2.442448e+01 1.026653e+01
    endloop
  endfacet
  facet normal -1.000000e+00 0.000000e+00 0.000000e+00
    outer loop
      vertex   -4.718739e+01 -2.357561e+01 1.026653e+01
      vertex   -4.718739e+01 -1.442446e+01 1.026653e+01
      vertex   -4.718739e+01 -2.274120e+01 1.011055e+01
    endloop
  endfacet
  facet normal -1.000000e+00 0.000000e+00 0.000000e+00
    outer loop
      vertex   -4.718739e+01 -2.274120e+01 1.011055e+01
      vertex   -4.718739e+01 -1.442446e+01 1.026653e+01
      vertex   -4.718739e+01 -1.525888e+01 1.011055e+01
    endloop
  endfacet
  facet normal -1.000000e+00 0.000000e+00 0.000000e+00
    outer loop
      vertex   -4.718739e+01 -2.274120e+01 1.011055e+01
      vertex   -4.718739e+01 -1.525888e+01 1.011055e+01
      vertex   -4.718739e+01 -2.194965e+01 9.803901e+00
    endloop
  endfacet
  facet normal -1.000000e+00 0.000000e+00 0.000000e+00
    outer loop
      vertex   -4.718739e+01 -2.194965e+01 9.803901e+00
      vertex   -4.718739e+01 -1.525888e+01 1.011055e+01
      vertex   -4.718739e+01 -1.605042e+01 9.803901e+00
    endloop
  endfacet
  facet normal -1.000000e+00 0.000000e+00 0.000000e+00
    outer loop
      vertex   -4.718739e+01 -2.194965e+01 9.803901e+00
      vertex   -4.718739e+01 -1.605042e+01 9.803901e+00
      vertex   -4.718739e+01 -2.122793e+01 9.357029e+00
    endloop
  endfacet
  facet normal -1.000000e+00 0.000000e+00 0.000000e+00
    outer loop
      vertex   -4.718739e+01 -2.122793e+01 9.357029e+00
      vertex   -4.718739e+01 -1.605042e+01 9.803901e+00
      vertex   -4.718739e+01 -1.677215e+01 9.357029e+00
    endloop
  endfacet
  facet normal -1.000000e+00 0.000000e+00 0.000000e+00
    outer loop
      vertex   -4.718739e+01 -2.122793e+01 9.357029e+00
      vertex   -4.718739e+01 -1.677215e+01 9.357029e+00
      vertex   -4.718739e+01 -2.060061e+01 8.785150e+00
    endloop
  endfacet
  facet normal -1.000000e+00 0.000000e+00 0.000000e+00
    outer loop
      vertex   -4.718739e+01 -2.060061e+01 8.785150e+00
      vertex   -4.718739e+01 -1.677215e+01 9.357029e+00
      vertex   -4.718739e+01 -1.739947e+01 8.785150e+00
    endloop
  endfacet
  facet normal -1.000000e+00 0.000000e+00 0.000000e+00
    outer loop
      vertex   -4.718739e+01 -2.060061e+01 8.785150e+00
      vertex   -4.718739e+01 -1.739947e+01 8.785150e+00
      vertex   -4.718739e+01 -2.008905e+01 8.107738e+00
    endloop
  endfacet
  facet normal -1.000000e+00 0.000000e+00 0.000000e+00
    outer loop
      vertex   -4.718739e+01 -2.008905e+01 8.107738e+00
      vertex   -4.718739e+01 -1.739947e+01 8.785150e+00
      vertex   -4.718739e+01 -1.791103e+01 8.107738e+00
    endloop
  endfacet
  facet normal -1.000000e+00 0.000000e+00 0.000000e+00
    outer loop
      vertex   -4.718739e+01 -2.008905e+01 8.107738e+00
      vertex   -4.718739e+01 -1.791103e+01 8.107738e+00
      vertex   -4.718739e+01 -1.971068e+01 7.347862e+00
    endloop
  endfacet
  facet normal -1.000000e+00 0.000000e+00 0.000000e+00
    outer loop
      vertex   -4.718739e+01 -1.971068e+01 7.347862e+00
      vertex   -4.718739e+01 -1.791103e+01 8.107738e+00
      vertex   -4.718739e+01 -1.828940e+01 7.347862e+00
    endloop
  endfacet
  facet normal -1.000000e+00 0.000000e+00 0.000000e+00
    outer loop
      vertex   -4.718739e+01 -1.971068e+01 7.347862e+00
      vertex   -4.718739e+01 -1.828940e+01 7.347862e+00
      vertex   -4.718739e+01 -1.947837e+01 6.531398e+00
    endloop
  endfacet
  facet normal -1.000000e+00 0.000000e+00 0.000000e+00
    outer loop
      vertex   -4.718739e+01 -1.947837e+01 6.531398e+00
      vertex   -4.718739e+01 -1.828940e+01 7.347862e+00
      vertex   -4.718739e+01 -1.852170e+01 6.531398e+00
    endloop
  endfacet
  facet normal -1.000000e+00 0.000000e+00 0.000000e+00
    outer loop
      vertex   -4.718739e+01 -1.947837e+01 6.531398e+00
      vertex   -4.718739e+01 -1.852170e+01 6.531398e+00
      vertex   -4.718739e+01 -1.940005e+01 5.686150e+00
    endloop
  endfacet
  facet normal -1.000000e+00 0.000000e+00 0.000000e+00
    outer loop
      vertex   -4.718739e+01 -1.940005e+01 5.686150e+00
      vertex   -4.718739e+01 -1.852170e+01 6.531398e+00
      vertex   -4.718739e+01 -1.860003e+01 5.686150e+00
    endloop
  endfacet
  facet normal -1.000000e+00 0.000000e+00 0.000000e+00
    outer loop
      vertex   -4.718739e+01 -1.940005e+01 5.686150e+00
      vertex   -4.718739e+01 -1.860003e+01 5.686150e+00
      vertex   -4.718739e+01 -1.940005e+01 1.586157e+00
    endloop
  endfacet
  facet normal -1.000000e+00 0.000000e+00 0.000000e+00
    outer loop
      vertex   -4.718739e+01 -1.940005e+01 1.586157e+00
      vertex   -4.718739e+01 -1.860003e+01 5.686150e+00
      vertex   -4.718739e+01 -1.860003e+01 1.586157e+00
    endloop
  endfacet
  facet normal -1.000000e+00 -0.000000e+00 0.000000e+00
    outer loop
      vertex   -4.718739e+01 -2.442448e+01 1.026653e+01
      vertex   -4.718739e+01 -2.525890e+01 1.011055e+01
      vertex   -4.718739e+01 -3.084957e+01 1.778612e+01
    endloop
  endfacet
  facet normal -1.000000e+00 0.000000e+00 0.000000e+00
    outer loop
      vertex   -4.718739e+01 -3.084957e+01 1.778612e+01
      vertex   -4.718739e+01 -2.525890e+01 1.011055e+01
      vertex   -4.718739e+01 -2.605044e+01 9.803901e+00
    endloop
  endfacet
  facet normal -1.000000e+00 0.000000e+00 0.000000e+00
    outer loop
      vertex   -4.718739e+01 -3.084957e+01 1.778612e+01
      vertex   -4.718739e+01 -2.605044e+01 9.803901e+00
      vertex   -4.718739e+01 -2.677217e+01 9.357029e+00
    endloop
  endfacet
  facet normal -1.000000e+00 -0.000000e+00 0.000000e+00
    outer loop
      vertex   -4.718739e+01 -2.677217e+01 9.357029e+00
      vertex   -4.718739e+01 -2.739949e+01 8.785150e+00
      vertex   -4.718739e+01 -3.084957e+01 1.778612e+01
    endloop
  endfacet
  facet normal -1.000000e+00 0.000000e+00 0.000000e+00
    outer loop
      vertex   -4.718739e+01 -3.084957e+01 1.778612e+01
      vertex   -4.718739e+01 -2.739949e+01 8.785150e+00
      vertex   -4.718739e+01 -2.791105e+01 8.107738e+00
    endloop
  endfacet
  facet normal -1.000000e+00 0.000000e+00 0.000000e+00
    outer loop
      vertex   -4.718739e+01 -3.084957e+01 1.778612e+01
      vertex   -4.718739e+01 -2.791105e+01 8.107738e+00
      vertex   -4.718739e+01 -2.828942e+01 7.347862e+00
    endloop
  endfacet
  facet normal -1.000000e+00 -0.000000e+00 0.000000e+00
    outer loop
      vertex   -4.718739e+01 -2.828942e+01 7.347862e+00
      vertex   -4.718739e+01 -2.852172e+01 6.531398e+00
      vertex   -4.718739e+01 -3.084957e+01 1.778612e+01
    endloop
  endfacet
  facet normal -1.000000e+00 0.000000e+00 0.000000e+00
    outer loop
      vertex   -4.718739e+01 -3.084957e+01 1.778612e+01
      vertex   -4.718739e+01 -2.852172e+01 6.531398e+00
      vertex   -4.718739e+01 -3.084957e+01 1.586157e+00
    endloop
  endfacet
  facet normal -1.000000e+00 0.000000e+00 0.000000e+00
    outer loop
      vertex   -4.718739e+01 -3.084957e+01 1.586157e+00
      vertex   -4.718739e+01 -2.852172e+01 6.531398e+00
      vertex   -4.718739e+01 -2.860005e+01 5.686150e+00
    endloop
  endfacet
  facet normal -1.000000e+00 0.000000e+00 0.000000e+00
    outer loop
      vertex   -4.718739e+01 -3.084957e+01 1.586157e+00
      vertex   -4.718739e+01 -2.860005e+01 5.686150e+00
      vertex   -4.718739e+01 -2.860005e+01 1.586157e+00
    endloop
  endfacet
  facet normal -0.000000e+00 0.000000e+00 1.000000e+00
    outer loop
      vertex   -4.618739e+01 -5.200000e+01 2.800000e+01
      vertex   4.618707e+01 -5.200000e+01 2.800000e+01
      vertex   -4.618739e+01 2.062799e+01 2.800000e+01
    endloop
  endfacet
  facet normal -0.000000e+00 0.000000e+00 1.000000e+00
    outer loop
      vertex   -4.618739e+01 2.062799e+01 2.800000e+01
      vertex   4.618707e+01 -5.200000e+01 2.800000e+01
      vertex   4.618707e+01 2.062799e+01 2.800000e+01
    endloop
  endfacet
  facet normal 0.000000e+00 0.000000e+00 1.000000e+00
    outer loop
      vertex   -4.618739e+01 2.062799e+01 2.800000e+01
      vertex   4.618707e+01 2.062799e+01 2.800000e+01
      vertex   -4.518739e+01 2.162799e+01 2.800000e+01
    endloop
  endfacet
  facet normal -0.000000e+00 0.000000e+00 1.000000e+00
    outer loop
      vertex   -4.518739e+01 2.162799e+01 2.800000e+01
      vertex   4.618707e+01 2.062799e+01 2.800000e+01
      vertex   4.518707e+01 2.162799e+01 2.800000e+01
    endloop
  endfacet
  facet normal 0.000000e+00 0.000000e+00 1.000000e+00
    outer loop
      vertex   4.518707e+01 2.162799e+01 2.800000e+01
      vertex   4.618707e+01 2.062799e+01 2.800000e+01
      vertex   4.615299e+01 2.088681e+01 2.800000e+01
    endloop
  endfacet
  facet normal 0.000000e+00 0.000000e+00 1.000000e+00
    outer loop
      vertex   4.518707e+01 2.162799e+01 2.800000e+01
      vertex   4.615299e+01 2.088681e+01 2.800000e+01
      vertex   4.605309e+01 2.112799e+01 2.800000e+01
    endloop
  endfacet
  facet normal -0.000000e+00 -0.000000e+00 1.000000e+00
    outer loop
      vertex   -4.611924e+01 -5.251764e+01 2.800000e+01
      vertex   -4.418739e+01 -5.400000e+01 2.800000e+01
      vertex   -4.618739e+01 -5.200000e+01 2.800000e+01
    endloop
  endfacet
  facet normal 0.000000e+00 0.000000e+00 1.000000e+00
    outer loop
      vertex   -4.618739e+01 -5.200000e+01 2.800000e+01
      vertex   -4.418739e+01 -5.400000e+01 2.800000e+01
      vertex   4.418707e+01 -5.400000e+01 2.800000e+01
    endloop
  endfacet
  facet normal 0.000000e+00 0.000000e+00 1.000000e+00
    outer loop
      vertex   -4.618739e+01 -5.200000e+01 2.800000e+01
      vertex   4.418707e+01 -5.400000e+01 2.800000e+01
      vertex   4.618707e+01 -5.200000e+01 2.800000e+01
    endloop
  endfacet
  facet normal 0.000000e+00 0.000000e+00 1.000000e+00
    outer loop
      vertex   4.618707e+01 -5.200000e+01 2.800000e+01
      vertex   4.418707e+01 -5.400000e+01 2.800000e+01
      vertex   4.611892e+01 -5.251764e+01 2.800000e+01
    endloop
  endfacet
  facet normal 0.000000e+00 0.000000e+00 1.000000e+00
    outer loop
      vertex   4.611892e+01 -5.251764e+01 2.800000e+01
      vertex   4.418707e+01 -5.400000e+01 2.800000e+01
      vertex   4.591912e+01 -5.300000e+01 2.800000e+01
    endloop
  endfacet
  facet normal 0.000000e+00 0.000000e+00 1.000000e+00
    outer loop
      vertex   4.591912e+01 -5.300000e+01 2.800000e+01
      vertex   4.418707e+01 -5.400000e+01 2.800000e+01
      vertex   4.560128e+01 -5.341421e+01 2.800000e+01
    endloop
  endfacet
  facet normal 0.000000e+00 0.000000e+00 1.000000e+00
    outer loop
      vertex   4.560128e+01 -5.341421e+01 2.800000e+01
      vertex   4.418707e+01 -5.400000e+01 2.800000e+01
      vertex   4.518707e+01 -5.373205e+01 2.800000e+01
    endloop
  endfacet
  facet normal 0.000000e+00 0.000000e+00 1.000000e+00
    outer loop
      vertex   4.518707e+01 -5.373205e+01 2.800000e+01
      vertex   4.418707e+01 -5.400000e+01 2.800000e+01
      vertex   4.470471e+01 -5.393185e+01 2.800000e+01
    endloop
  endfacet
  facet normal 0.000000e+00 0.000000e+00 1.000000e+00
    outer loop
      vertex   -4.611924e+01 -5.251764e+01 2.800000e+01
      vertex   -4.591944e+01 -5.300000e+01 2.800000e+01
      vertex   -4.418739e+01 -5.400000e+01 2.800000e+01
    endloop
  endfacet
  facet normal 0.000000e+00 0.000000e+00 1.000000e+00
    outer loop
      vertex   -4.418739e+01 -5.400000e+01 2.800000e+01
      vertex   -4.591944e+01 -5.300000e+01 2.800000e+01
      vertex   -4.560160e+01 -5.341421e+01 2.800000e+01
    endloop
  endfacet
  facet normal 0.000000e+00 0.000000e+00 1.000000e+00
    outer loop
      vertex   -4.418739e+01 -5.400000e+01 2.800000e+01
      vertex   -4.560160e+01 -5.341421e+01 2.800000e+01
      vertex   -4.518739e+01 -5.373205e+01 2.800000e+01
    endloop
  endfacet
  facet normal 0.000000e+00 0.000000e+00 1.000000e+00
    outer loop
      vertex   -4.518739e+01 -5.373205e+01 2.800000e+01
      vertex   -4.470503e+01 -5.393185e+01 2.800000e+01
      vertex   -4.418739e+01 -5.400000e+01 2.800000e+01
    endloop
  endfacet
  facet normal 0.000000e+00 0.000000e+00 1.000000e+00
    outer loop
      vertex   4.605309e+01 2.112799e+01 2.800000e+01
      vertex   4.589418e+01 2.133510e+01 2.800000e+01
      vertex   4.518707e+01 2.162799e+01 2.800000e+01
    endloop
  endfacet
  facet normal 0.000000e+00 0.000000e+00 1.000000e+00
    outer loop
      vertex   4.518707e+01 2.162799e+01 2.800000e+01
      vertex   4.589418e+01 2.133510e+01 2.800000e+01
      vertex   4.568707e+01 2.149402e+01 2.800000e+01
    endloop
  endfacet
  facet normal 0.000000e+00 0.000000e+00 1.000000e+00
    outer loop
      vertex   4.518707e+01 2.162799e+01 2.800000e+01
      vertex   4.568707e+01 2.149402e+01 2.800000e+01
      vertex   4.544589e+01 2.159392e+01 2.800000e+01
    endloop
  endfacet
  facet normal -0.000000e+00 0.000000e+00 1.000000e+00
    outer loop
      vertex   -4.544621e+01 2.159392e+01 2.800000e+01
      vertex   -4.568739e+01 2.149402e+01 2.800000e+01
      vertex   -4.518739e+01 2.162799e+01 2.800000e+01
    endloop
  endfacet
  facet normal 0.000000e+00 0.000000e+00 1.000000e+00
    outer loop
      vertex   -4.518739e+01 2.162799e+01 2.800000e+01
      vertex   -4.568739e+01 2.149402e+01 2.800000e+01
      vertex   -4.589450e+01 2.133510e+01 2.800000e+01
    endloop
  endfacet
  facet normal 0.000000e+00 0.000000e+00 1.000000e+00
    outer loop
      vertex   -4.518739e+01 2.162799e+01 2.800000e+01
      vertex   -4.589450e+01 2.133510e+01 2.800000e+01
      vertex   -4.605341e+01 2.112799e+01 2.800000e+01
    endloop
  endfacet
  facet normal -0.000000e+00 0.000000e+00 1.000000e+00
    outer loop
      vertex   -4.605341e+01 2.112799e+01 2.800000e+01
      vertex   -4.615331e+01 2.088681e+01 2.800000e+01
      vertex   -4.518739e+01 2.162799e+01 2.800000e+01
    endloop
  endfacet
  facet normal 0.000000e+00 0.000000e+00 1.000000e+00
    outer loop
      vertex   -4.518739e+01 2.162799e+01 2.800000e+01
      vertex   -4.615331e+01 2.088681e+01 2.800000e+01
      vertex   -4.618739e+01 2.062799e+01 2.800000e+01
    endloop
  endfacet
  facet normal -9.942703e-01 1.068951e-01 0.000000e+00
    outer loop
      vertex   -4.511455e+01 -4.588167e+01 1.586157e+00
      vertex   -4.518739e+01 -4.655918e+01 1.586157e+00
      vertex   -4.511455e+01 -4.588167e+01 1.379308e+01
    endloop
  endfacet
  facet normal -9.942703e-01 1.068951e-01 0.000000e+00
    outer loop
      vertex   -4.511455e+01 -4.588167e+01 1.379308e+01
      vertex   -4.518739e+01 -4.655918e+01 1.586157e+00
      vertex   -4.518739e+01 -4.655918e+01 2.600000e+01
    endloop
  endfacet
  facet normal -9.942703e-01 1.068951e-01 0.000000e+00
    outer loop
      vertex   -4.511455e+01 -4.588167e+01 1.379308e+01
      vertex   -4.518739e+01 -4.655918e+01 2.600000e+01
      vertex   -4.511455e+01 -4.588167e+01 2.600000e+01
    endloop
  endfacet
  facet normal -9.488259e-01 3.157996e-01 0.000000e+00
    outer loop
      vertex   -4.511455e+01 -4.588167e+01 1.379308e+01
      vertex   -4.511455e+01 -4.588167e+01 2.600000e+01
      vertex   -4.489936e+01 -4.523513e+01 1.379308e+01
    endloop
  endfacet
  facet normal -9.488259e-01 3.157996e-01 0.000000e+00
    outer loop
      vertex   -4.489936e+01 -4.523513e+01 1.379308e+01
      vertex   -4.511455e+01 -4.588167e+01 2.600000e+01
      vertex   -4.489936e+01 -4.523513e+01 2.600000e+01
    endloop
  endfacet
  facet normal -8.600142e-01 5.102700e-01 0.000000e+00
    outer loop
      vertex   -4.489936e+01 -4.523513e+01 1.379308e+01
      vertex   -4.489936e+01 -4.523513e+01 2.600000e+01
      vertex   -4.455165e+01 -4.464910e+01 1.379308e+01
    endloop
  endfacet
  facet normal -8.600142e-01 5.102700e-01 0.000000e+00
    outer loop
      vertex   -4.455165e+01 -4.464910e+01 1.379308e+01
      vertex   -4.489936e+01 -4.523513e+01 2.600000e+01
      vertex   -4.455165e+01 -4.464910e+01 2.600000e+01
    endloop
  endfacet
  facet normal -7.318945e-01 6.814179e-01 0.000000e+00
    outer loop
      vertex   -4.455165e+01 -4.464910e+01 1.379308e+01
      vertex   -4.455165e+01 -4.464910e+01 2.600000e+01
      vertex   -4.408732e+01 -4.415038e+01 1.379308e+01
    endloop
  endfacet
  facet normal -7.318945e-01 6.814179e-01 0.000000e+00
    outer loop
      vertex   -4.408732e+01 -4.415038e+01 1.379308e+01
      vertex   -4.455165e+01 -4.464910e+01 2.600000e+01
      vertex   -4.408732e+01 -4.415038e+01 2.600000e+01
    endloop
  endfacet
  facet normal -5.703226e-01 8.214208e-01 0.000000e+00
    outer loop
      vertex   -4.408732e+01 -4.415038e+01 1.379308e+01
      vertex   -4.408732e+01 -4.415038e+01 2.600000e+01
      vertex   -4.352760e+01 -4.376175e+01 1.379308e+01
    endloop
  endfacet
  facet normal -5.703226e-01 8.214208e-01 0.000000e+00
    outer loop
      vertex   -4.352760e+01 -4.376175e+01 1.379308e+01
      vertex   -4.408732e+01 -4.415038e+01 2.600000e+01
      vertex   -4.352760e+01 -4.376175e+01 2.600000e+01
    endloop
  endfacet
  facet normal -3.826834e-01 9.238795e-01 0.000000e+00
    outer loop
      vertex   -4.352760e+01 -4.376175e+01 1.379308e+01
      vertex   -4.352760e+01 -4.376175e+01 2.600000e+01
      vertex   -4.289805e+01 -4.350099e+01 1.379308e+01
    endloop
  endfacet
  facet normal -3.826834e-01 9.238795e-01 0.000000e+00
    outer loop
      vertex   -4.289805e+01 -4.350099e+01 1.379308e+01
      vertex   -4.352760e+01 -4.376175e+01 2.600000e+01
      vertex   -4.289805e+01 -4.350099e+01 2.600000e+01
    endloop
  endfacet
  facet normal -1.775532e-01 9.841112e-01 0.000000e+00
    outer loop
      vertex   -4.289805e+01 -4.350099e+01 1.379308e+01
      vertex   -4.289805e+01 -4.350099e+01 2.600000e+01
      vertex   -4.222746e+01 -4.338000e+01 1.379308e+01
    endloop
  endfacet
  facet normal -1.775532e-01 9.841112e-01 0.000000e+00
    outer loop
      vertex   -4.222746e+01 -4.338000e+01 1.379308e+01
      vertex   -4.289805e+01 -4.350099e+01 2.600000e+01
      vertex   -4.222746e+01 -4.338000e+01 2.600000e+01
    endloop
  endfacet
  facet normal 3.569233e-02 9.993628e-01 -0.000000e+00
    outer loop
      vertex   -4.222746e+01 -4.338000e+01 1.379308e+01
      vertex   -4.222746e+01 -4.338000e+01 2.600000e+01
      vertex   -4.154648e+01 -4.340432e+01 1.379308e+01
    endloop
  endfacet
  facet normal 3.569233e-02 9.993628e-01 -0.000000e+00
    outer loop
      vertex   -4.154648e+01 -4.340432e+01 1.379308e+01
      vertex   -4.222746e+01 -4.338000e+01 2.600000e+01
      vertex   -4.154648e+01 -4.340432e+01 2.600000e+01
    endloop
  endfacet
  facet normal 2.473065e-01 9.689373e-01 -0.000000e+00
    outer loop
      vertex   -4.154648e+01 -4.340432e+01 1.379308e+01
      vertex   -4.154648e+01 -4.340432e+01 2.600000e+01
      vertex   -4.088623e+01 -4.357284e+01 1.379308e+01
    endloop
  endfacet
  facet normal 2.473065e-01 9.689373e-01 -0.000000e+00
    outer loop
      vertex   -4.088623e+01 -4.357284e+01 1.379308e+01
      vertex   -4.154648e+01 -4.340432e+01 2.600000e+01
      vertex   -4.088623e+01 -4.357284e+01 2.600000e+01
    endloop
  endfacet
  facet normal 4.476172e-01 8.942253e-01 -0.000000e+00
    outer loop
      vertex   -4.088623e+01 -4.357284e+01 1.379308e+01
      vertex   -4.088623e+01 -4.357284e+01 2.600000e+01
      vertex   -4.027690e+01 -4.387785e+01 1.379308e+01
    endloop
  endfacet
  facet normal 4.476172e-01 8.942253e-01 -0.000000e+00
    outer loop
      vertex   -4.027690e+01 -4.387785e+01 1.379308e+01
      vertex   -4.088623e+01 -4.357284e+01 2.600000e+01
      vertex   -4.027690e+01 -4.387785e+01 2.600000e+01
    endloop
  endfacet
  facet normal 6.274690e-01 7.786415e-01 -0.000000e+00
    outer loop
      vertex   -4.027690e+01 -4.387785e+01 1.379308e+01
      vertex   -4.027690e+01 -4.387785e+01 2.600000e+01
      vertex   -3.974632e+01 -4.430542e+01 1.379308e+01
    endloop
  endfacet
  facet normal 6.274690e-01 7.786415e-01 -0.000000e+00
    outer loop
      vertex   -3.974632e+01 -4.430542e+01 1.379308e+01
      vertex   -4.027690e+01 -4.387785e+01 2.600000e+01
      vertex   -3.974632e+01 -4.430542e+01 2.600000e+01
    endloop
  endfacet
  facet normal 7.786415e-01 6.274690e-01 -0.000000e+00
    outer loop
      vertex   -3.974632e+01 -4.430542e+01 1.379308e+01
      vertex   -3.974632e+01 -4.430542e+01 2.600000e+01
      vertex   -3.931875e+01 -4.483599e+01 1.379308e+01
    endloop
  endfacet
  facet normal 7.786415e-01 6.274690e-01 -0.000000e+00
    outer loop
      vertex   -3.931875e+01 -4.483599e+01 1.379308e+01
      vertex   -3.974632e+01 -4.430542e+01 2.600000e+01
      vertex   -3.931875e+01 -4.483599e+01 2.600000e+01
    endloop
  endfacet
  facet normal 8.942253e-01 4.476172e-01 -0.000000e+00
    outer loop
      vertex   -3.931875e+01 -4.483599e+01 1.379308e+01
      vertex   -3.931875e+01 -4.483599e+01 2.600000e+01
      vertex   -3.901374e+01 -4.544533e+01 1.379308e+01
    endloop
  endfacet
  facet normal 8.942253e-01 4.476172e-01 -0.000000e+00
    outer loop
      vertex   -3.901374e+01 -4.544533e+01 1.379308e+01
      vertex   -3.931875e+01 -4.483599e+01 2.600000e+01
      vertex   -3.901374e+01 -4.544533e+01 2.600000e+01
    endloop
  endfacet
  facet normal 9.689373e-01 2.473065e-01 -0.000000e+00
    outer loop
      vertex   -3.901374e+01 -4.544533e+01 1.379308e+01
      vertex   -3.901374e+01 -4.544533e+01 2.600000e+01
      vertex   -3.884522e+01 -4.610558e+01 1.379308e+01
    endloop
  endfacet
  facet normal 9.689373e-01 2.473065e-01 -0.000000e+00
    outer loop
      vertex   -3.884522e+01 -4.610558e+01 1.379308e+01
      vertex   -3.901374e+01 -4.544533e+01 2.600000e+01
      vertex   -3.884522e+01 -4.610558e+01 2.600000e+01
    endloop
  endfacet
  facet normal 9.993628e-01 3.569233e-02 -0.000000e+00
    outer loop
      vertex   -3.884522e+01 -4.610558e+01 1.379308e+01
      vertex   -3.884522e+01 -4.610558e+01 2.600000e+01
      vertex   -3.882090e+01 -4.678656e+01 1.379308e+01
    endloop
  endfacet
  facet normal 9.993628e-01 3.569233e-02 -0.000000e+00
    outer loop
      vertex   -3.882090e+01 -4.678656e+01 1.379308e+01
      vertex   -3.884522e+01 -4.610558e+01 2.600000e+01
      vertex   -3.882090e+01 -4.678656e+01 2.600000e+01
    endloop
  endfacet
  facet normal 9.841112e-01 -1.775532e-01 0.000000e+00
    outer loop
      vertex   -3.882090e+01 -4.678656e+01 1.379308e+01
      vertex   -3.882090e+01 -4.678656e+01 2.600000e+01
      vertex   -3.894189e+01 -4.745715e+01 1.379308e+01
    endloop
  endfacet
  facet normal 9.841112e-01 -1.775532e-01 0.000000e+00
    outer loop
      vertex   -3.894189e+01 -4.745715e+01 1.379308e+01
      vertex   -3.882090e+01 -4.678656e+01 2.600000e+01
      vertex   -3.894189e+01 -4.745715e+01 2.600000e+01
    endloop
  endfacet
  facet normal 9.238795e-01 -3.826834e-01 0.000000e+00
    outer loop
      vertex   -3.894189e+01 -4.745715e+01 1.379308e+01
      vertex   -3.894189e+01 -4.745715e+01 2.600000e+01
      vertex   -3.920265e+01 -4.808669e+01 1.379308e+01
    endloop
  endfacet
  facet normal 9.238795e-01 -3.826834e-01 0.000000e+00
    outer loop
      vertex   -3.920265e+01 -4.808669e+01 1.379308e+01
      vertex   -3.894189e+01 -4.745715e+01 2.600000e+01
      vertex   -3.920265e+01 -4.808669e+01 2.600000e+01
    endloop
  endfacet
  facet normal 8.214208e-01 -5.703226e-01 0.000000e+00
    outer loop
      vertex   -3.920265e+01 -4.808669e+01 1.379308e+01
      vertex   -3.920265e+01 -4.808669e+01 2.600000e+01
      vertex   -3.959128e+01 -4.864642e+01 1.379308e+01
    endloop
  endfacet
  facet normal 8.214208e-01 -5.703226e-01 0.000000e+00
    outer loop
      vertex   -3.959128e+01 -4.864642e+01 1.379308e+01
      vertex   -3.920265e+01 -4.808669e+01 2.600000e+01
      vertex   -3.959128e+01 -4.864642e+01 2.600000e+01
    endloop
  endfacet
  facet normal 6.814179e-01 -7.318945e-01 0.000000e+00
    outer loop
      vertex   -3.959128e+01 -4.864642e+01 1.379308e+01
      vertex   -3.959128e+01 -4.864642e+01 2.600000e+01
      vertex   -4.009000e+01 -4.911075e+01 1.379308e+01
    endloop
  endfacet
  facet normal 6.814179e-01 -7.318945e-01 0.000000e+00
    outer loop
      vertex   -4.009000e+01 -4.911075e+01 1.379308e+01
      vertex   -3.959128e+01 -4.864642e+01 2.600000e+01
      vertex   -4.009000e+01 -4.911075e+01 2.600000e+01
    endloop
  endfacet
  facet normal 5.102700e-01 -8.600142e-01 0.000000e+00
    outer loop
      vertex   -4.009000e+01 -4.911075e+01 1.379308e+01
      vertex   -4.009000e+01 -4.911075e+01 2.600000e+01
      vertex   -4.067603e+01 -4.945846e+01 1.379308e+01
    endloop
  endfacet
  facet normal 5.102700e-01 -8.600142e-01 0.000000e+00
    outer loop
      vertex   -4.067603e+01 -4.945846e+01 1.379308e+01
      vertex   -4.009000e+01 -4.911075e+01 2.600000e+01
      vertex   -4.067603e+01 -4.945846e+01 2.600000e+01
    endloop
  endfacet
  facet normal 3.157996e-01 -9.488259e-01 0.000000e+00
    outer loop
      vertex   -4.067603e+01 -4.945846e+01 1.379308e+01
      vertex   -4.067603e+01 -4.945846e+01 2.600000e+01
      vertex   -4.132257e+01 -4.967365e+01 1.379308e+01
    endloop
  endfacet
  facet normal 3.157996e-01 -9.488259e-01 0.000000e+00
    outer loop
      vertex   -4.132257e+01 -4.967365e+01 1.379308e+01
      vertex   -4.067603e+01 -4.945846e+01 2.600000e+01
      vertex   -4.132257e+01 -4.967365e+01 2.600000e+01
    endloop
  endfacet
  facet normal 1.068951e-01 -9.942703e-01 0.000000e+00
    outer loop
      vertex   -4.132257e+01 -4.967365e+01 1.379308e+01
      vertex   -4.132257e+01 -4.967365e+01 2.600000e+01
      vertex   -4.200008e+01 -4.974649e+01 2.600000e+01
    endloop
  endfacet
  facet normal 1.068951e-01 -9.942703e-01 0.000000e+00
    outer loop
      vertex   -4.200008e+01 -4.974649e+01 2.600000e+01
      vertex   -4.200008e+01 -4.974649e+01 1.586157e+00
      vertex   -4.132257e+01 -4.967365e+01 1.379308e+01
    endloop
  endfacet
  facet normal 1.068951e-01 -9.942703e-01 0.000000e+00
    outer loop
      vertex   -4.132257e+01 -4.967365e+01 1.379308e+01
      vertex   -4.200008e+01 -4.974649e+01 1.586157e+00
      vertex   -4.132257e+01 -4.967365e+01 1.586157e+00
    endloop
  endfacet
  facet normal 3.157996e-01 -9.488259e-01 0.000000e+00
    outer loop
      vertex   -4.132257e+01 -4.967365e+01 1.379308e+01
      vertex   -4.132257e+01 -4.967365e+01 1.586157e+00
      vertex   -4.067603e+01 -4.945846e+01 1.379308e+01
    endloop
  endfacet
  facet normal 3.157996e-01 -9.488259e-01 0.000000e+00
    outer loop
      vertex   -4.067603e+01 -4.945846e+01 1.379308e+01
      vertex   -4.132257e+01 -4.967365e+01 1.586157e+00
      vertex   -4.067603e+01 -4.945846e+01 1.586157e+00
    endloop
  endfacet
  facet normal 5.102700e-01 -8.600142e-01 0.000000e+00
    outer loop
      vertex   -4.067603e+01 -4.945846e+01 1.379308e+01
      vertex   -4.067603e+01 -4.945846e+01 1.586157e+00
      vertex   -4.009000e+01 -4.911075e+01 1.379308e+01
    endloop
  endfacet
  facet normal 5.102700e-01 -8.600142e-01 0.000000e+00
    outer loop
      vertex   -4.009000e+01 -4.911075e+01 1.379308e+01
      vertex   -4.067603e+01 -4.945846e+01 1.586157e+00
      vertex   -4.009000e+01 -4.911075e+01 1.586157e+00
    endloop
  endfacet
  facet normal 6.814179e-01 -7.318945e-01 0.000000e+00
    outer loop
      vertex   -4.009000e+01 -4.911075e+01 1.379308e+01
      vertex   -4.009000e+01 -4.911075e+01 1.586157e+00
      vertex   -3.959128e+01 -4.864642e+01 1.379308e+01
    endloop
  endfacet
  facet normal 6.814179e-01 -7.318945e-01 0.000000e+00
    outer loop
      vertex   -3.959128e+01 -4.864642e+01 1.379308e+01
      vertex   -4.009000e+01 -4.911075e+01 1.586157e+00
      vertex   -3.959128e+01 -4.864642e+01 1.586157e+00
    endloop
  endfacet
  facet normal 8.214208e-01 -5.703226e-01 0.000000e+00
    outer loop
      vertex   -3.959128e+01 -4.864642e+01 1.379308e+01
      vertex   -3.959128e+01 -4.864642e+01 1.586157e+00
      vertex   -3.920265e+01 -4.808669e+01 1.379308e+01
    endloop
  endfacet
  facet normal 8.214208e-01 -5.703226e-01 0.000000e+00
    outer loop
      vertex   -3.920265e+01 -4.808669e+01 1.379308e+01
      vertex   -3.959128e+01 -4.864642e+01 1.586157e+00
      vertex   -3.920265e+01 -4.808669e+01 1.586157e+00
    endloop
  endfacet
  facet normal 9.238795e-01 -3.826834e-01 0.000000e+00
    outer loop
      vertex   -3.920265e+01 -4.808669e+01 1.379308e+01
      vertex   -3.920265e+01 -4.808669e+01 1.586157e+00
      vertex   -3.894189e+01 -4.745715e+01 1.379308e+01
    endloop
  endfacet
  facet normal 9.238795e-01 -3.826834e-01 0.000000e+00
    outer loop
      vertex   -3.894189e+01 -4.745715e+01 1.379308e+01
      vertex   -3.920265e+01 -4.808669e+01 1.586157e+00
      vertex   -3.894189e+01 -4.745715e+01 1.586157e+00
    endloop
  endfacet
  facet normal 9.841112e-01 -1.775532e-01 0.000000e+00
    outer loop
      vertex   -3.894189e+01 -4.745715e+01 1.379308e+01
      vertex   -3.894189e+01 -4.745715e+01 1.586157e+00
      vertex   -3.882090e+01 -4.678656e+01 1.379308e+01
    endloop
  endfacet
  facet normal 9.841112e-01 -1.775532e-01 0.000000e+00
    outer loop
      vertex   -3.882090e+01 -4.678656e+01 1.379308e+01
      vertex   -3.894189e+01 -4.745715e+01 1.586157e+00
      vertex   -3.882090e+01 -4.678656e+01 1.586157e+00
    endloop
  endfacet
  facet normal 9.993628e-01 3.569233e-02 0.000000e+00
    outer loop
      vertex   -3.882090e+01 -4.678656e+01 1.379308e+01
      vertex   -3.882090e+01 -4.678656e+01 1.586157e+00
      vertex   -3.884522e+01 -4.610558e+01 1.379308e+01
    endloop
  endfacet
  facet normal 9.993628e-01 3.569233e-02 0.000000e+00
    outer loop
      vertex   -3.884522e+01 -4.610558e+01 1.379308e+01
      vertex   -3.882090e+01 -4.678656e+01 1.586157e+00
      vertex   -3.884522e+01 -4.610558e+01 1.586157e+00
    endloop
  endfacet
  facet normal 9.689373e-01 2.473065e-01 0.000000e+00
    outer loop
      vertex   -3.884522e+01 -4.610558e+01 1.379308e+01
      vertex   -3.884522e+01 -4.610558e+01 1.586157e+00
      vertex   -3.901374e+01 -4.544533e+01 1.379308e+01
    endloop
  endfacet
  facet normal 9.689373e-01 2.473065e-01 0.000000e+00
    outer loop
      vertex   -3.901374e+01 -4.544533e+01 1.379308e+01
      vertex   -3.884522e+01 -4.610558e+01 1.586157e+00
      vertex   -3.901374e+01 -4.544533e+01 1.586157e+00
    endloop
  endfacet
  facet normal 8.942253e-01 4.476172e-01 0.000000e+00
    outer loop
      vertex   -3.901374e+01 -4.544533e+01 1.379308e+01
      vertex   -3.901374e+01 -4.544533e+01 1.586157e+00
      vertex   -3.931875e+01 -4.483599e+01 1.379308e+01
    endloop
  endfacet
  facet normal 8.942253e-01 4.476172e-01 0.000000e+00
    outer loop
      vertex   -3.931875e+01 -4.483599e+01 1.379308e+01
      vertex   -3.901374e+01 -4.544533e+01 1.586157e+00
      vertex   -3.931875e+01 -4.483599e+01 1.586157e+00
    endloop
  endfacet
  facet normal 7.786415e-01 6.274690e-01 0.000000e+00
    outer loop
      vertex   -3.931875e+01 -4.483599e+01 1.379308e+01
      vertex   -3.931875e+01 -4.483599e+01 1.586157e+00
      vertex   -3.974632e+01 -4.430542e+01 1.379308e+01
    endloop
  endfacet
  facet normal 7.786415e-01 6.274690e-01 0.000000e+00
    outer loop
      vertex   -3.974632e+01 -4.430542e+01 1.379308e+01
      vertex   -3.931875e+01 -4.483599e+01 1.586157e+00
      vertex   -3.974632e+01 -4.430542e+01 1.586157e+00
    endloop
  endfacet
  facet normal 6.274690e-01 7.786415e-01 0.000000e+00
    outer loop
      vertex   -3.974632e+01 -4.430542e+01 1.379308e+01
      vertex   -3.974632e+01 -4.430542e+01 1.586157e+00
      vertex   -4.027690e+01 -4.387785e+01 1.379308e+01
    endloop
  endfacet
  facet normal 6.274690e-01 7.786415e-01 0.000000e+00
    outer loop
      vertex   -4.027690e+01 -4.387785e+01 1.379308e+01
      vertex   -3.974632e+01 -4.430542e+01 1.586157e+00
      vertex   -4.027690e+01 -4.387785e+01 1.586157e+00
    endloop
  endfacet
  facet normal 4.476172e-01 8.942253e-01 0.000000e+00
    outer loop
      vertex   -4.027690e+01 -4.387785e+01 1.379308e+01
      vertex   -4.027690e+01 -4.387785e+01 1.586157e+00
      vertex   -4.088623e+01 -4.357284e+01 1.379308e+01
    endloop
  endfacet
  facet normal 4.476172e-01 8.942253e-01 0.000000e+00
    outer loop
      vertex   -4.088623e+01 -4.357284e+01 1.379308e+01
      vertex   -4.027690e+01 -4.387785e+01 1.586157e+00
      vertex   -4.088623e+01 -4.357284e+01 1.586157e+00
    endloop
  endfacet
  facet normal 2.473065e-01 9.689373e-01 0.000000e+00
    outer loop
      vertex   -4.088623e+01 -4.357284e+01 1.379308e+01
      vertex   -4.088623e+01 -4.357284e+01 1.586157e+00
      vertex   -4.154648e+01 -4.340432e+01 1.379308e+01
    endloop
  endfacet
  facet normal 2.473065e-01 9.689373e-01 0.000000e+00
    outer loop
      vertex   -4.154648e+01 -4.340432e+01 1.379308e+01
      vertex   -4.088623e+01 -4.357284e+01 1.586157e+00
      vertex   -4.154648e+01 -4.340432e+01 1.586157e+00
    endloop
  endfacet
  facet normal 3.569233e-02 9.993628e-01 0.000000e+00
    outer loop
      vertex   -4.154648e+01 -4.340432e+01 1.379308e+01
      vertex   -4.154648e+01 -4.340432e+01 1.586157e+00
      vertex   -4.222746e+01 -4.338000e+01 1.379308e+01
    endloop
  endfacet
  facet normal 3.569233e-02 9.993628e-01 0.000000e+00
    outer loop
      vertex   -4.222746e+01 -4.338000e+01 1.379308e+01
      vertex   -4.154648e+01 -4.340432e+01 1.586157e+00
      vertex   -4.222746e+01 -4.338000e+01 1.586157e+00
    endloop
  endfacet
  facet normal -1.775532e-01 9.841112e-01 0.000000e+00
    outer loop
      vertex   -4.222746e+01 -4.338000e+01 1.379308e+01
      vertex   -4.222746e+01 -4.338000e+01 1.586157e+00
      vertex   -4.289805e+01 -4.350099e+01 1.379308e+01
    endloop
  endfacet
  facet normal -1.775532e-01 9.841112e-01 0.000000e+00
    outer loop
      vertex   -4.289805e+01 -4.350099e+01 1.379308e+01
      vertex   -4.222746e+01 -4.338000e+01 1.586157e+00
      vertex   -4.289805e+01 -4.350099e+01 1.586157e+00
    endloop
  endfacet
  facet normal -3.826834e-01 9.238795e-01 0.000000e+00
    outer loop
      vertex   -4.289805e+01 -4.350099e+01 1.379308e+01
      vertex   -4.289805e+01 -4.350099e+01 1.586157e+00
      vertex   -4.352760e+01 -4.376175e+01 1.379308e+01
    endloop
  endfacet
  facet normal -3.826834e-01 9.238795e-01 0.000000e+00
    outer loop
      vertex   -4.352760e+01 -4.376175e+01 1.379308e+01
      vertex   -4.289805e+01 -4.350099e+01 1.586157e+00
      vertex   -4.352760e+01 -4.376175e+01 1.586157e+00
    endloop
  endfacet
  facet normal -5.703226e-01 8.214208e-01 0.000000e+00
    outer loop
      vertex   -4.352760e+01 -4.376175e+01 1.379308e+01
      vertex   -4.352760e+01 -4.376175e+01 1.586157e+00
      vertex   -4.408732e+01 -4.415038e+01 1.379308e+01
    endloop
  endfacet
  facet normal -5.703226e-01 8.214208e-01 0.000000e+00
    outer loop
      vertex   -4.408732e+01 -4.415038e+01 1.379308e+01
      vertex   -4.352760e+01 -4.376175e+01 1.586157e+00
      vertex   -4.408732e+01 -4.415038e+01 1.586157e+00
    endloop
  endfacet
  facet normal -7.318945e-01 6.814179e-01 0.000000e+00
    outer loop
      vertex   -4.408732e+01 -4.415038e+01 1.379308e+01
      vertex   -4.408732e+01 -4.415038e+01 1.586157e+00
      vertex   -4.455165e+01 -4.464910e+01 1.379308e+01
    endloop
  endfacet
  facet normal -7.318945e-01 6.814179e-01 0.000000e+00
    outer loop
      vertex   -4.455165e+01 -4.464910e+01 1.379308e+01
      vertex   -4.408732e+01 -4.415038e+01 1.586157e+00
      vertex   -4.455165e+01 -4.464910e+01 1.586157e+00
    endloop
  endfacet
  facet normal -8.600142e-01 5.102700e-01 0.000000e+00
    outer loop
      vertex   -4.455165e+01 -4.464910e+01 1.379308e+01
      vertex   -4.455165e+01 -4.464910e+01 1.586157e+00
      vertex   -4.489936e+01 -4.523513e+01 1.379308e+01
    endloop
  endfacet
  facet normal -8.600142e-01 5.102700e-01 0.000000e+00
    outer loop
      vertex   -4.489936e+01 -4.523513e+01 1.379308e+01
      vertex   -4.455165e+01 -4.464910e+01 1.586157e+00
      vertex   -4.489936e+01 -4.523513e+01 1.586157e+00
    endloop
  endfacet
  facet normal -9.488259e-01 3.157996e-01 0.000000e+00
    outer loop
      vertex   -4.489936e+01 -4.523513e+01 1.379308e+01
      vertex   -4.489936e+01 -4.523513e+01 1.586157e+00
      vertex   -4.511455e+01 -4.588167e+01 1.379308e+01
    endloop
  endfacet
  facet normal -9.488259e-01 3.157996e-01 0.000000e+00
    outer loop
      vertex   -4.511455e+01 -4.588167e+01 1.379308e+01
      vertex   -4.489936e+01 -4.523513e+01 1.586157e+00
      vertex   -4.511455e+01 -4.588167e+01 1.586157e+00
    endloop
  endfacet
  facet normal -9.951847e-01 -9.801714e-02 -0.000000e+00
    outer loop
      vertex   -4.518739e+01 -4.655918e+01 2.600000e+01
      vertex   -4.518739e+01 -4.655918e+01 1.586157e+00
      vertex   -4.512615e+01 -4.718099e+01 2.600000e+01
    endloop
  endfacet
  facet normal -9.924306e-01 -1.228052e-01 -6.382513e-04
    outer loop
      vertex   -4.512615e+01 -4.718099e+01 2.600000e+01
      vertex   -4.518739e+01 -4.655918e+01 1.586157e+00
      vertex   -4.510748e+01 -4.726842e+01 1.379308e+01
    endloop
  endfacet
  facet normal -9.569402e-01 -2.902846e-01 6.155672e-04
    outer loop
      vertex   -4.512615e+01 -4.718099e+01 2.600000e+01
      vertex   -4.510748e+01 -4.726842e+01 1.379308e+01
      vertex   -4.494477e+01 -4.777891e+01 2.600000e+01
    endloop
  endfacet
  facet normal -9.438826e-01 -3.302788e-01 -1.231013e-03
    outer loop
      vertex   -4.494477e+01 -4.777891e+01 2.600000e+01
      vertex   -4.510748e+01 -4.726842e+01 1.379308e+01
      vertex   -4.487175e+01 -4.794210e+01 1.379308e+01
    endloop
  endfacet
  facet normal -8.819208e-01 -4.713965e-01 1.026214e-03
    outer loop
      vertex   -4.494477e+01 -4.777891e+01 2.600000e+01
      vertex   -4.487175e+01 -4.794210e+01 1.379308e+01
      vertex   -4.465023e+01 -4.832995e+01 2.600000e+01
    endloop
  endfacet
  facet normal -8.467232e-01 -5.320314e-01 -1.539068e-03
    outer loop
      vertex   -4.465023e+01 -4.832995e+01 2.600000e+01
      vertex   -4.487175e+01 -4.794210e+01 1.379308e+01
      vertex   -4.449202e+01 -4.854643e+01 1.379308e+01
    endloop
  endfacet
  facet normal -7.730099e-01 -6.343928e-01 1.231618e-03
    outer loop
      vertex   -4.465023e+01 -4.832995e+01 2.600000e+01
      vertex   -4.449202e+01 -4.854643e+01 1.379308e+01
      vertex   -4.425385e+01 -4.881295e+01 2.600000e+01
    endloop
  endfacet
  facet normal -7.071058e-01 -7.071058e-01 -1.641780e-03
    outer loop
      vertex   -4.425385e+01 -4.881295e+01 2.600000e+01
      vertex   -4.449202e+01 -4.854643e+01 1.379308e+01
      vertex   -4.398734e+01 -4.905112e+01 1.379308e+01
    endloop
  endfacet
  facet normal -6.343928e-01 -7.730099e-01 1.231618e-03
    outer loop
      vertex   -4.425385e+01 -4.881295e+01 2.600000e+01
      vertex   -4.398734e+01 -4.905112e+01 1.379308e+01
      vertex   -4.377086e+01 -4.920933e+01 2.600000e+01
    endloop
  endfacet
  facet normal -5.320314e-01 -8.467232e-01 -1.539068e-03
    outer loop
      vertex   -4.377086e+01 -4.920933e+01 2.600000e+01
      vertex   -4.398734e+01 -4.905112e+01 1.379308e+01
      vertex   -4.338300e+01 -4.943084e+01 1.379308e+01
    endloop
  endfacet
  facet normal -4.713965e-01 -8.819208e-01 1.026214e-03
    outer loop
      vertex   -4.377086e+01 -4.920933e+01 2.600000e+01
      vertex   -4.338300e+01 -4.943084e+01 1.379308e+01
      vertex   -4.321981e+01 -4.950387e+01 2.600000e+01
    endloop
  endfacet
  facet normal -3.302788e-01 -9.438826e-01 -1.231013e-03
    outer loop
      vertex   -4.321981e+01 -4.950387e+01 2.600000e+01
      vertex   -4.338300e+01 -4.943084e+01 1.379308e+01
      vertex   -4.270933e+01 -4.966657e+01 1.379308e+01
    endloop
  endfacet
  facet normal -2.902846e-01 -9.569402e-01 6.155672e-04
    outer loop
      vertex   -4.321981e+01 -4.950387e+01 2.600000e+01
      vertex   -4.270933e+01 -4.966657e+01 1.379308e+01
      vertex   -4.262190e+01 -4.968524e+01 2.600000e+01
    endloop
  endfacet
  facet normal -9.801711e-02 -9.951844e-01 -8.200025e-04
    outer loop
      vertex   -4.262190e+01 -4.968524e+01 2.600000e+01
      vertex   -4.270933e+01 -4.966657e+01 1.379308e+01
      vertex   -4.200008e+01 -4.974649e+01 2.600000e+01
    endloop
  endfacet
  facet normal -1.228052e-01 -9.924306e-01 6.382513e-04
    outer loop
      vertex   -4.200008e+01 -4.974649e+01 2.600000e+01
      vertex   -4.270933e+01 -4.966657e+01 1.379308e+01
      vertex   -4.262190e+01 -4.968524e+01 1.586157e+00
    endloop
  endfacet
  facet normal -9.801714e-02 -9.951847e-01 -0.000000e+00
    outer loop
      vertex   -4.200008e+01 -4.974649e+01 2.600000e+01
      vertex   -4.262190e+01 -4.968524e+01 1.586157e+00
      vertex   -4.200008e+01 -4.974649e+01 1.586157e+00
    endloop
  endfacet
  facet normal -9.951844e-01 -9.801711e-02 8.200025e-04
    outer loop
      vertex   -4.518739e+01 -4.655918e+01 1.586157e+00
      vertex   -4.512615e+01 -4.718099e+01 1.586157e+00
      vertex   -4.510748e+01 -4.726842e+01 1.379308e+01
    endloop
  endfacet
  facet normal -9.569402e-01 -2.902846e-01 -6.155672e-04
    outer loop
      vertex   -4.510748e+01 -4.726842e+01 1.379308e+01
      vertex   -4.512615e+01 -4.718099e+01 1.586157e+00
      vertex   -4.494477e+01 -4.777891e+01 1.586157e+00
    endloop
  endfacet
  facet normal -9.438826e-01 -3.302788e-01 1.231013e-03
    outer loop
      vertex   -4.510748e+01 -4.726842e+01 1.379308e+01
      vertex   -4.494477e+01 -4.777891e+01 1.586157e+00
      vertex   -4.487175e+01 -4.794210e+01 1.379308e+01
    endloop
  endfacet
  facet normal -8.819208e-01 -4.713965e-01 -1.026214e-03
    outer loop
      vertex   -4.487175e+01 -4.794210e+01 1.379308e+01
      vertex   -4.494477e+01 -4.777891e+01 1.586157e+00
      vertex   -4.465023e+01 -4.832995e+01 1.586157e+00
    endloop
  endfacet
  facet normal -8.467232e-01 -5.320314e-01 1.539068e-03
    outer loop
      vertex   -4.487175e+01 -4.794210e+01 1.379308e+01
      vertex   -4.465023e+01 -4.832995e+01 1.586157e+00
      vertex   -4.449202e+01 -4.854643e+01 1.379308e+01
    endloop
  endfacet
  facet normal -7.730099e-01 -6.343928e-01 -1.231618e-03
    outer loop
      vertex   -4.449202e+01 -4.854643e+01 1.379308e+01
      vertex   -4.465023e+01 -4.832995e+01 1.586157e+00
      vertex   -4.425385e+01 -4.881295e+01 1.586157e+00
    endloop
  endfacet
  facet normal -7.071058e-01 -7.071058e-01 1.641780e-03
    outer loop
      vertex   -4.449202e+01 -4.854643e+01 1.379308e+01
      vertex   -4.425385e+01 -4.881295e+01 1.586157e+00
      vertex   -4.398734e+01 -4.905112e+01 1.379308e+01
    endloop
  endfacet
  facet normal -6.343928e-01 -7.730099e-01 -1.231618e-03
    outer loop
      vertex   -4.398734e+01 -4.905112e+01 1.379308e+01
      vertex   -4.425385e+01 -4.881295e+01 1.586157e+00
      vertex   -4.377086e+01 -4.920933e+01 1.586157e+00
    endloop
  endfacet
  facet normal -5.320314e-01 -8.467232e-01 1.539068e-03
    outer loop
      vertex   -4.398734e+01 -4.905112e+01 1.379308e+01
      vertex   -4.377086e+01 -4.920933e+01 1.586157e+00
      vertex   -4.338300e+01 -4.943084e+01 1.379308e+01
    endloop
  endfacet
  facet normal -4.713965e-01 -8.819208e-01 -1.026214e-03
    outer loop
      vertex   -4.338300e+01 -4.943084e+01 1.379308e+01
      vertex   -4.377086e+01 -4.920933e+01 1.586157e+00
      vertex   -4.321981e+01 -4.950387e+01 1.586157e+00
    endloop
  endfacet
  facet normal -3.302788e-01 -9.438826e-01 1.231013e-03
    outer loop
      vertex   -4.338300e+01 -4.943084e+01 1.379308e+01
      vertex   -4.321981e+01 -4.950387e+01 1.586157e+00
      vertex   -4.270933e+01 -4.966657e+01 1.379308e+01
    endloop
  endfacet
  facet normal -2.902846e-01 -9.569402e-01 -6.155672e-04
    outer loop
      vertex   -4.270933e+01 -4.966657e+01 1.379308e+01
      vertex   -4.321981e+01 -4.950387e+01 1.586157e+00
      vertex   -4.262190e+01 -4.968524e+01 1.586157e+00
    endloop
  endfacet
  facet normal 0.000000e+00 0.000000e+00 -1.000000e+00
    outer loop
      vertex   -4.050690e+01 -4.668393e+01 1.586157e+00
      vertex   -4.075952e+01 -4.664563e+01 1.586157e+00
      vertex   -4.025282e+01 -4.665696e+01 1.586157e+00
    endloop
  endfacet
  facet normal 0.000000e+00 0.000000e+00 -1.000000e+00
    outer loop
      vertex   -4.025282e+01 -4.665696e+01 1.586157e+00
      vertex   -4.075952e+01 -4.664563e+01 1.586157e+00
      vertex   -4.099419e+01 -4.654456e+01 1.586157e+00
    endloop
  endfacet
  facet normal 0.000000e+00 0.000000e+00 -1.000000e+00
    outer loop
      vertex   -4.025282e+01 -4.665696e+01 1.586157e+00
      vertex   -4.099419e+01 -4.654456e+01 1.586157e+00
      vertex   -4.119559e+01 -4.638732e+01 1.586157e+00
    endloop
  endfacet
  facet normal 0.000000e+00 0.000000e+00 -1.000000e+00
    outer loop
      vertex   -4.119559e+01 -4.638732e+01 1.586157e+00
      vertex   -4.135056e+01 -4.618418e+01 1.586157e+00
      vertex   -4.025282e+01 -4.665696e+01 1.586157e+00
    endloop
  endfacet
  facet normal 0.000000e+00 0.000000e+00 -1.000000e+00
    outer loop
      vertex   -4.025282e+01 -4.665696e+01 1.586157e+00
      vertex   -4.135056e+01 -4.618418e+01 1.586157e+00
      vertex   -4.144900e+01 -4.594840e+01 1.586157e+00
    endloop
  endfacet
  facet normal 0.000000e+00 0.000000e+00 -1.000000e+00
    outer loop
      vertex   -4.025282e+01 -4.665696e+01 1.586157e+00
      vertex   -4.144900e+01 -4.594840e+01 1.586157e+00
      vertex   -4.148448e+01 -4.569536e+01 1.586157e+00
    endloop
  endfacet
  facet normal 0.000000e+00 0.000000e+00 -1.000000e+00
    outer loop
      vertex   -4.148448e+01 -4.569536e+01 1.586157e+00
      vertex   -4.145467e+01 -4.544160e+01 1.586157e+00
      vertex   -4.025282e+01 -4.665696e+01 1.586157e+00
    endloop
  endfacet
  facet normal 0.000000e+00 0.000000e+00 -1.000000e+00
    outer loop
      vertex   -4.025282e+01 -4.665696e+01 1.586157e+00
      vertex   -4.145467e+01 -4.544160e+01 1.586157e+00
      vertex   -4.136153e+01 -4.520367e+01 1.586157e+00
    endloop
  endfacet
  facet normal 0.000000e+00 0.000000e+00 -1.000000e+00
    outer loop
      vertex   -4.025282e+01 -4.665696e+01 1.586157e+00
      vertex   -4.136153e+01 -4.520367e+01 1.586157e+00
      vertex   -4.121113e+01 -4.499711e+01 1.586157e+00
    endloop
  endfacet
  facet normal 0.000000e+00 0.000000e+00 -1.000000e+00
    outer loop
      vertex   -4.159457e+01 -4.485681e+01 1.586157e+00
      vertex   -4.088623e+01 -4.357284e+01 1.586157e+00
      vertex   -4.121113e+01 -4.499711e+01 1.586157e+00
    endloop
  endfacet
  facet normal 0.000000e+00 0.000000e+00 -1.000000e+00
    outer loop
      vertex   -4.121113e+01 -4.499711e+01 1.586157e+00
      vertex   -4.088623e+01 -4.357284e+01 1.586157e+00
      vertex   -4.027690e+01 -4.387785e+01 1.586157e+00
    endloop
  endfacet
  facet normal 0.000000e+00 0.000000e+00 -1.000000e+00
    outer loop
      vertex   -4.121113e+01 -4.499711e+01 1.586157e+00
      vertex   -4.027690e+01 -4.387785e+01 1.586157e+00
      vertex   -3.974632e+01 -4.430542e+01 1.586157e+00
    endloop
  endfacet
  facet normal -0.000000e+00 0.000000e+00 -1.000000e+00
    outer loop
      vertex   -4.088623e+01 -4.357284e+01 1.586157e+00
      vertex   -4.159457e+01 -4.485681e+01 1.586157e+00
      vertex   -4.154648e+01 -4.340432e+01 1.586157e+00
    endloop
  endfacet
  facet normal 0.000000e+00 0.000000e+00 -1.000000e+00
    outer loop
      vertex   -4.154648e+01 -4.340432e+01 1.586157e+00
      vertex   -4.159457e+01 -4.485681e+01 1.586157e+00
      vertex   -4.200008e+01 -4.480918e+01 1.586157e+00
    endloop
  endfacet
  facet normal -0.000000e+00 0.000000e+00 -1.000000e+00
    outer loop
      vertex   -4.154648e+01 -4.340432e+01 1.586157e+00
      vertex   -4.200008e+01 -4.480918e+01 1.586157e+00
      vertex   -4.222746e+01 -4.338000e+01 1.586157e+00
    endloop
  endfacet
  facet normal 0.000000e+00 -0.000000e+00 -1.000000e+00
    outer loop
      vertex   -4.222746e+01 -4.338000e+01 1.586157e+00
      vertex   -4.200008e+01 -4.480918e+01 1.586157e+00
      vertex   -4.240560e+01 -4.485681e+01 1.586157e+00
    endloop
  endfacet
  facet normal 0.000000e+00 0.000000e+00 -1.000000e+00
    outer loop
      vertex   -4.222746e+01 -4.338000e+01 1.586157e+00
      vertex   -4.240560e+01 -4.485681e+01 1.586157e+00
      vertex   -4.289805e+01 -4.350099e+01 1.586157e+00
    endloop
  endfacet
  facet normal 0.000000e+00 0.000000e+00 -1.000000e+00
    outer loop
      vertex   -4.289805e+01 -4.350099e+01 1.586157e+00
      vertex   -4.240560e+01 -4.485681e+01 1.586157e+00
      vertex   -4.278904e+01 -4.499711e+01 1.586157e+00
    endloop
  endfacet
  facet normal 0.000000e+00 -0.000000e+00 -1.000000e+00
    outer loop
      vertex   -4.289805e+01 -4.350099e+01 1.586157e+00
      vertex   -4.278904e+01 -4.499711e+01 1.586157e+00
      vertex   -4.352760e+01 -4.376175e+01 1.586157e+00
    endloop
  endfacet
  facet normal 0.000000e+00 -0.000000e+00 -1.000000e+00
    outer loop
      vertex   -4.352760e+01 -4.376175e+01 1.586157e+00
      vertex   -4.278904e+01 -4.499711e+01 1.586157e+00
      vertex   -4.408732e+01 -4.415038e+01 1.586157e+00
    endloop
  endfacet
  facet normal 0.000000e+00 -0.000000e+00 -1.000000e+00
    outer loop
      vertex   -4.408732e+01 -4.415038e+01 1.586157e+00
      vertex   -4.278904e+01 -4.499711e+01 1.586157e+00
      vertex   -4.455165e+01 -4.464910e+01 1.586157e+00
    endloop
  endfacet
  facet normal 0.000000e+00 -0.000000e+00 -1.000000e+00
    outer loop
      vertex   -4.455165e+01 -4.464910e+01 1.586157e+00
      vertex   -4.278904e+01 -4.499711e+01 1.586157e+00
      vertex   -4.489936e+01 -4.523513e+01 1.586157e+00
    endloop
  endfacet
  facet normal 0.000000e+00 0.000000e+00 -1.000000e+00
    outer loop
      vertex   -4.489936e+01 -4.523513e+01 1.586157e+00
      vertex   -4.278904e+01 -4.499711e+01 1.586157e+00
      vertex   -4.374735e+01 -4.665696e+01 1.586157e+00
    endloop
  endfacet
  facet normal 0.000000e+00 -0.000000e+00 -1.000000e+00
    outer loop
      vertex   -4.489936e+01 -4.523513e+01 1.586157e+00
      vertex   -4.374735e+01 -4.665696e+01 1.586157e+00
      vertex   -4.511455e+01 -4.588167e+01 1.586157e+00
    endloop
  endfacet
  facet normal 0.000000e+00 -0.000000e+00 -1.000000e+00
    outer loop
      vertex   -4.511455e+01 -4.588167e+01 1.586157e+00
      vertex   -4.374735e+01 -4.665696e+01 1.586157e+00
      vertex   -4.518739e+01 -4.655918e+01 1.586157e+00
    endloop
  endfacet
  facet normal 0.000000e+00 0.000000e+00 -1.000000e+00
    outer loop
      vertex   -4.518739e+01 -4.655918e+01 1.586157e+00
      vertex   -4.374735e+01 -4.665696e+01 1.586157e+00
      vertex   -4.512615e+01 -4.718099e+01 1.586157e+00
    endloop
  endfacet
  facet normal 0.000000e+00 0.000000e+00 -1.000000e+00
    outer loop
      vertex   -4.512615e+01 -4.718099e+01 1.586157e+00
      vertex   -4.374735e+01 -4.665696e+01 1.586157e+00
      vertex   -4.367713e+01 -4.705918e+01 1.586157e+00
    endloop
  endfacet
  facet normal 0.000000e+00 0.000000e+00 -1.000000e+00
    outer loop
      vertex   -4.512615e+01 -4.718099e+01 1.586157e+00
      vertex   -4.367713e+01 -4.705918e+01 1.586157e+00
      vertex   -4.494477e+01 -4.777891e+01 1.586157e+00
    endloop
  endfacet
  facet normal 0.000000e+00 0.000000e+00 -1.000000e+00
    outer loop
      vertex   -4.494477e+01 -4.777891e+01 1.586157e+00
      vertex   -4.367713e+01 -4.705918e+01 1.586157e+00
      vertex   -4.351563e+01 -4.743418e+01 1.586157e+00
    endloop
  endfacet
  facet normal 0.000000e+00 0.000000e+00 -1.000000e+00
    outer loop
      vertex   -4.494477e+01 -4.777891e+01 1.586157e+00
      vertex   -4.351563e+01 -4.743418e+01 1.586157e+00
      vertex   -4.465023e+01 -4.832995e+01 1.586157e+00
    endloop
  endfacet
  facet normal 0.000000e+00 0.000000e+00 -1.000000e+00
    outer loop
      vertex   -4.465023e+01 -4.832995e+01 1.586157e+00
      vertex   -4.351563e+01 -4.743418e+01 1.586157e+00
      vertex   -4.327162e+01 -4.776155e+01 1.586157e+00
    endloop
  endfacet
  facet normal 0.000000e+00 0.000000e+00 -1.000000e+00
    outer loop
      vertex   -4.465023e+01 -4.832995e+01 1.586157e+00
      vertex   -4.327162e+01 -4.776155e+01 1.586157e+00
      vertex   -4.425385e+01 -4.881295e+01 1.586157e+00
    endloop
  endfacet
  facet normal 0.000000e+00 0.000000e+00 -1.000000e+00
    outer loop
      vertex   -4.425385e+01 -4.881295e+01 1.586157e+00
      vertex   -4.327162e+01 -4.776155e+01 1.586157e+00
      vertex   -4.295840e+01 -4.802347e+01 1.586157e+00
    endloop
  endfacet
  facet normal 0.000000e+00 0.000000e+00 -1.000000e+00
    outer loop
      vertex   -4.425385e+01 -4.881295e+01 1.586157e+00
      vertex   -4.295840e+01 -4.802347e+01 1.586157e+00
      vertex   -4.377086e+01 -4.920933e+01 1.586157e+00
    endloop
  endfacet
  facet normal 0.000000e+00 0.000000e+00 -1.000000e+00
    outer loop
      vertex   -4.377086e+01 -4.920933e+01 1.586157e+00
      vertex   -4.295840e+01 -4.802347e+01 1.586157e+00
      vertex   -4.321981e+01 -4.950387e+01 1.586157e+00
    endloop
  endfacet
  facet normal 0.000000e+00 0.000000e+00 -1.000000e+00
    outer loop
      vertex   -4.321981e+01 -4.950387e+01 1.586157e+00
      vertex   -4.295840e+01 -4.802347e+01 1.586157e+00
      vertex   -4.262190e+01 -4.968524e+01 1.586157e+00
    endloop
  endfacet
  facet normal 0.000000e+00 0.000000e+00 -1.000000e+00
    outer loop
      vertex   -4.262190e+01 -4.968524e+01 1.586157e+00
      vertex   -4.295840e+01 -4.802347e+01 1.586157e+00
      vertex   -4.200008e+01 -4.974649e+01 1.586157e+00
    endloop
  endfacet
  facet normal 0.000000e+00 0.000000e+00 -1.000000e+00
    outer loop
      vertex   -4.200008e+01 -4.974649e+01 1.586157e+00
      vertex   -4.295840e+01 -4.802347e+01 1.586157e+00
      vertex   -4.104177e+01 -4.802347e+01 1.586157e+00
    endloop
  endfacet
  facet normal 0.000000e+00 0.000000e+00 -1.000000e+00
    outer loop
      vertex   -4.200008e+01 -4.974649e+01 1.586157e+00
      vertex   -4.104177e+01 -4.802347e+01 1.586157e+00
      vertex   -4.132257e+01 -4.967365e+01 1.586157e+00
    endloop
  endfacet
  facet normal 0.000000e+00 0.000000e+00 -1.000000e+00
    outer loop
      vertex   -4.132257e+01 -4.967365e+01 1.586157e+00
      vertex   -4.104177e+01 -4.802347e+01 1.586157e+00
      vertex   -4.067603e+01 -4.945846e+01 1.586157e+00
    endloop
  endfacet
  facet normal 0.000000e+00 0.000000e+00 -1.000000e+00
    outer loop
      vertex   -4.067603e+01 -4.945846e+01 1.586157e+00
      vertex   -4.104177e+01 -4.802347e+01 1.586157e+00
      vertex   -4.009000e+01 -4.911075e+01 1.586157e+00
    endloop
  endfacet
  facet normal 0.000000e+00 0.000000e+00 -1.000000e+00
    outer loop
      vertex   -4.009000e+01 -4.911075e+01 1.586157e+00
      vertex   -4.104177e+01 -4.802347e+01 1.586157e+00
      vertex   -4.072855e+01 -4.776155e+01 1.586157e+00
    endloop
  endfacet
  facet normal 0.000000e+00 0.000000e+00 -1.000000e+00
    outer loop
      vertex   -4.009000e+01 -4.911075e+01 1.586157e+00
      vertex   -4.072855e+01 -4.776155e+01 1.586157e+00
      vertex   -3.959128e+01 -4.864642e+01 1.586157e+00
    endloop
  endfacet
  facet normal 0.000000e+00 0.000000e+00 -1.000000e+00
    outer loop
      vertex   -3.959128e+01 -4.864642e+01 1.586157e+00
      vertex   -4.072855e+01 -4.776155e+01 1.586157e+00
      vertex   -4.048454e+01 -4.743418e+01 1.586157e+00
    endloop
  endfacet
  facet normal 0.000000e+00 0.000000e+00 -1.000000e+00
    outer loop
      vertex   -3.959128e+01 -4.864642e+01 1.586157e+00
      vertex   -4.048454e+01 -4.743418e+01 1.586157e+00
      vertex   -3.920265e+01 -4.808669e+01 1.586157e+00
    endloop
  endfacet
  facet normal 0.000000e+00 0.000000e+00 -1.000000e+00
    outer loop
      vertex   -3.920265e+01 -4.808669e+01 1.586157e+00
      vertex   -4.048454e+01 -4.743418e+01 1.586157e+00
      vertex   -4.032303e+01 -4.705918e+01 1.586157e+00
    endloop
  endfacet
  facet normal 0.000000e+00 0.000000e+00 -1.000000e+00
    outer loop
      vertex   -3.920265e+01 -4.808669e+01 1.586157e+00
      vertex   -4.032303e+01 -4.705918e+01 1.586157e+00
      vertex   -3.894189e+01 -4.745715e+01 1.586157e+00
    endloop
  endfacet
  facet normal 0.000000e+00 0.000000e+00 -1.000000e+00
    outer loop
      vertex   -3.894189e+01 -4.745715e+01 1.586157e+00
      vertex   -4.032303e+01 -4.705918e+01 1.586157e+00
      vertex   -3.882090e+01 -4.678656e+01 1.586157e+00
    endloop
  endfacet
  facet normal -0.000000e+00 0.000000e+00 -1.000000e+00
    outer loop
      vertex   -3.882090e+01 -4.678656e+01 1.586157e+00
      vertex   -4.032303e+01 -4.705918e+01 1.586157e+00
      vertex   -4.025282e+01 -4.665696e+01 1.586157e+00
    endloop
  endfacet
  facet normal 0.000000e+00 0.000000e+00 -1.000000e+00
    outer loop
      vertex   -3.882090e+01 -4.678656e+01 1.586157e+00
      vertex   -4.025282e+01 -4.665696e+01 1.586157e+00
      vertex   -3.884522e+01 -4.610558e+01 1.586157e+00
    endloop
  endfacet
  facet normal -0.000000e+00 0.000000e+00 -1.000000e+00
    outer loop
      vertex   -3.884522e+01 -4.610558e+01 1.586157e+00
      vertex   -4.025282e+01 -4.665696e+01 1.586157e+00
      vertex   -3.901374e+01 -4.544533e+01 1.586157e+00
    endloop
  endfacet
  facet normal -0.000000e+00 0.000000e+00 -1.000000e+00
    outer loop
      vertex   -3.901374e+01 -4.544533e+01 1.586157e+00
      vertex   -4.025282e+01 -4.665696e+01 1.586157e+00
      vertex   -3.931875e+01 -4.483599e+01 1.586157e+00
    endloop
  endfacet
  facet normal 0.000000e+00 0.000000e+00 -1.000000e+00
    outer loop
      vertex   -3.931875e+01 -4.483599e+01 1.586157e+00
      vertex   -4.025282e+01 -4.665696e+01 1.586157e+00
      vertex   -4.121113e+01 -4.499711e+01 1.586157e+00
    endloop
  endfacet
  facet normal -0.000000e+00 0.000000e+00 -1.000000e+00
    outer loop
      vertex   -3.931875e+01 -4.483599e+01 1.586157e+00
      vertex   -4.121113e+01 -4.499711e+01 1.586157e+00
      vertex   -3.974632e+01 -4.430542e+01 1.586157e+00
    endloop
  endfacet
  facet normal 0.000000e+00 -0.000000e+00 -1.000000e+00
    outer loop
      vertex   -4.278904e+01 -4.499711e+01 1.586157e+00
      vertex   -4.263864e+01 -4.520367e+01 1.586157e+00
      vertex   -4.374735e+01 -4.665696e+01 1.586157e+00
    endloop
  endfacet
  facet normal 0.000000e+00 0.000000e+00 -1.000000e+00
    outer loop
      vertex   -4.374735e+01 -4.665696e+01 1.586157e+00
      vertex   -4.263864e+01 -4.520367e+01 1.586157e+00
      vertex   -4.254550e+01 -4.544160e+01 1.586157e+00
    endloop
  endfacet
  facet normal 0.000000e+00 0.000000e+00 -1.000000e+00
    outer loop
      vertex   -4.374735e+01 -4.665696e+01 1.586157e+00
      vertex   -4.254550e+01 -4.544160e+01 1.586157e+00
      vertex   -4.251569e+01 -4.569536e+01 1.586157e+00
    endloop
  endfacet
  facet normal 0.000000e+00 0.000000e+00 -1.000000e+00
    outer loop
      vertex   -4.251569e+01 -4.569536e+01 1.586157e+00
      vertex   -4.255116e+01 -4.594840e+01 1.586157e+00
      vertex   -4.374735e+01 -4.665696e+01 1.586157e+00
    endloop
  endfacet
  facet normal 0.000000e+00 0.000000e+00 -1.000000e+00
    outer loop
      vertex   -4.374735e+01 -4.665696e+01 1.586157e+00
      vertex   -4.255116e+01 -4.594840e+01 1.586157e+00
      vertex   -4.264960e+01 -4.618418e+01 1.586157e+00
    endloop
  endfacet
  facet normal 0.000000e+00 0.000000e+00 -1.000000e+00
    outer loop
      vertex   -4.374735e+01 -4.665696e+01 1.586157e+00
      vertex   -4.264960e+01 -4.618418e+01 1.586157e+00
      vertex   -4.280458e+01 -4.638732e+01 1.586157e+00
    endloop
  endfacet
  facet normal 0.000000e+00 0.000000e+00 -1.000000e+00
    outer loop
      vertex   -4.280458e+01 -4.638732e+01 1.586157e+00
      vertex   -4.300598e+01 -4.654456e+01 1.586157e+00
      vertex   -4.374735e+01 -4.665696e+01 1.586157e+00
    endloop
  endfacet
  facet normal 0.000000e+00 0.000000e+00 -1.000000e+00
    outer loop
      vertex   -4.374735e+01 -4.665696e+01 1.586157e+00
      vertex   -4.300598e+01 -4.654456e+01 1.586157e+00
      vertex   -4.324065e+01 -4.664563e+01 1.586157e+00
    endloop
  endfacet
  facet normal 0.000000e+00 0.000000e+00 -1.000000e+00
    outer loop
      vertex   -4.374735e+01 -4.665696e+01 1.586157e+00
      vertex   -4.324065e+01 -4.664563e+01 1.586157e+00
      vertex   -4.349327e+01 -4.668393e+01 1.586157e+00
    endloop
  endfacet
  facet normal 0.000000e+00 0.000000e+00 -1.000000e+00
    outer loop
      vertex   -4.104177e+01 -4.802347e+01 1.586157e+00
      vertex   -4.295840e+01 -4.802347e+01 1.586157e+00
      vertex   -4.114545e+01 -4.778994e+01 1.586157e+00
    endloop
  endfacet
  facet normal -0.000000e+00 0.000000e+00 -1.000000e+00
    outer loop
      vertex   -4.114545e+01 -4.778994e+01 1.586157e+00
      vertex   -4.295840e+01 -4.802347e+01 1.586157e+00
      vertex   -4.285471e+01 -4.778994e+01 1.586157e+00
    endloop
  endfacet
  facet normal 0.000000e+00 0.000000e+00 -1.000000e+00
    outer loop
      vertex   -4.114545e+01 -4.778994e+01 1.586157e+00
      vertex   -4.285471e+01 -4.778994e+01 1.586157e+00
      vertex   -4.130494e+01 -4.759032e+01 1.586157e+00
    endloop
  endfacet
  facet normal -0.000000e+00 0.000000e+00 -1.000000e+00
    outer loop
      vertex   -4.130494e+01 -4.759032e+01 1.586157e+00
      vertex   -4.285471e+01 -4.778994e+01 1.586157e+00
      vertex   -4.269523e+01 -4.759032e+01 1.586157e+00
    endloop
  endfacet
  facet normal 0.000000e+00 0.000000e+00 -1.000000e+00
    outer loop
      vertex   -4.130494e+01 -4.759032e+01 1.586157e+00
      vertex   -4.269523e+01 -4.759032e+01 1.586157e+00
      vertex   -4.150980e+01 -4.743762e+01 1.586157e+00
    endloop
  endfacet
  facet normal -0.000000e+00 0.000000e+00 -1.000000e+00
    outer loop
      vertex   -4.150980e+01 -4.743762e+01 1.586157e+00
      vertex   -4.269523e+01 -4.759032e+01 1.586157e+00
      vertex   -4.249037e+01 -4.743762e+01 1.586157e+00
    endloop
  endfacet
  facet normal 0.000000e+00 0.000000e+00 -1.000000e+00
    outer loop
      vertex   -4.150980e+01 -4.743762e+01 1.586157e+00
      vertex   -4.249037e+01 -4.743762e+01 1.586157e+00
      vertex   -4.174667e+01 -4.734182e+01 1.586157e+00
    endloop
  endfacet
  facet normal 0.000000e+00 0.000000e+00 -1.000000e+00
    outer loop
      vertex   -4.174667e+01 -4.734182e+01 1.586157e+00
      vertex   -4.249037e+01 -4.743762e+01 1.586157e+00
      vertex   -4.225350e+01 -4.734182e+01 1.586157e+00
    endloop
  endfacet
  facet normal -0.000000e+00 0.000000e+00 -1.000000e+00
    outer loop
      vertex   -4.174667e+01 -4.734182e+01 1.586157e+00
      vertex   -4.225350e+01 -4.734182e+01 1.586157e+00
      vertex   -4.200008e+01 -4.730918e+01 1.586157e+00
    endloop
  endfacet
  facet normal 1.000000e+00 4.458580e-15 0.000000e+00
    outer loop
      vertex   -4.518739e+01 -4.655918e+01 2.600000e+01
      vertex   -4.518739e+01 -4.974649e+01 2.600000e+01
      vertex   -4.518739e+01 -4.655918e+01 1.586157e+00
    endloop
  endfacet
  facet normal 1.000000e+00 4.458580e-15 0.000000e+00
    outer loop
      vertex   -4.518739e+01 -4.655918e+01 1.586157e+00
      vertex   -4.518739e+01 -4.974649e+01 2.600000e+01
      vertex   -4.518739e+01 -4.974649e+01 1.586157e+00
    endloop
  endfacet
  facet normal 0.000000e+00 1.000000e+00 0.000000e+00
    outer loop
      vertex   -3.901278e+01 -4.974649e+01 1.586157e+00
      vertex   -4.200008e+01 -4.974649e+01 1.586157e+00
      vertex   -3.901278e+01 -4.974649e+01 4.086157e+00
    endloop
  endfacet
  facet normal 0.000000e+00 1.000000e+00 0.000000e+00
    outer loop
      vertex   -3.901278e+01 -4.974649e+01 4.086157e+00
      vertex   -4.200008e+01 -4.974649e+01 1.586157e+00
      vertex   -4.200008e+01 -4.974649e+01 2.600000e+01
    endloop
  endfacet
  facet normal 0.000000e+00 1.000000e+00 -0.000000e+00
    outer loop
      vertex   -3.901278e+01 -4.974649e+01 4.086157e+00
      vertex   -4.200008e+01 -4.974649e+01 2.600000e+01
      vertex   -1.300000e+01 -4.974649e+01 7.186157e+00
    endloop
  endfacet
  facet normal 0.000000e+00 1.000000e+00 -0.000000e+00
    outer loop
      vertex   -1.300000e+01 -4.974649e+01 7.186157e+00
      vertex   -4.200008e+01 -4.974649e+01 2.600000e+01
      vertex   1.300000e+01 -4.974649e+01 7.186157e+00
    endloop
  endfacet
  facet normal -8.149627e-17 1.000000e+00 -2.382449e-16
    outer loop
      vertex   1.300000e+01 -4.974649e+01 7.186157e+00
      vertex   -4.200008e+01 -4.974649e+01 2.600000e+01
      vertex   4.518707e+01 -4.974649e+01 2.600000e+01
    endloop
  endfacet
  facet normal -3.738517e-17 1.000000e+00 -3.137109e-16
    outer loop
      vertex   1.300000e+01 -4.974649e+01 7.186157e+00
      vertex   4.518707e+01 -4.974649e+01 2.600000e+01
      vertex   3.901309e+01 -4.974649e+01 4.086157e+00
    endloop
  endfacet
  facet normal -1.150868e-15 1.000000e+00 0.000000e+00
    outer loop
      vertex   3.901309e+01 -4.974649e+01 4.086157e+00
      vertex   4.518707e+01 -4.974649e+01 2.600000e+01
      vertex   4.518707e+01 -4.974649e+01 1.586157e+00
    endloop
  endfacet
  facet normal -1.150868e-15 1.000000e+00 0.000000e+00
    outer loop
      vertex   3.901309e+01 -4.974649e+01 4.086157e+00
      vertex   4.518707e+01 -4.974649e+01 1.586157e+00
      vertex   3.901309e+01 -4.974649e+01 1.586157e+00
    endloop
  endfacet
  facet normal 0.000000e+00 1.000000e+00 0.000000e+00
    outer loop
      vertex   1.300000e+01 -4.974649e+01 7.186157e+00
      vertex   3.901309e+01 -4.974649e+01 4.086157e+00
      vertex   2.229193e+01 -4.974649e+01 4.663698e+00
    endloop
  endfacet
  facet normal 0.000000e+00 1.000000e+00 0.000000e+00
    outer loop
      vertex   2.229193e+01 -4.974649e+01 4.663698e+00
      vertex   3.901309e+01 -4.974649e+01 4.086157e+00
      vertex   2.361309e+01 -4.974649e+01 4.086157e+00
    endloop
  endfacet
  facet normal 0.000000e+00 1.000000e+00 0.000000e+00
    outer loop
      vertex   2.229193e+01 -4.974649e+01 4.663698e+00
      vertex   2.361309e+01 -4.974649e+01 4.086157e+00
      vertex   2.229193e+01 -4.974649e+01 1.586157e+00
    endloop
  endfacet
  facet normal 0.000000e+00 1.000000e+00 0.000000e+00
    outer loop
      vertex   2.229193e+01 -4.974649e+01 1.586157e+00
      vertex   2.361309e+01 -4.974649e+01 4.086157e+00
      vertex   2.361309e+01 -4.974649e+01 1.586157e+00
    endloop
  endfacet
  facet normal 0.000000e+00 1.000000e+00 0.000000e+00
    outer loop
      vertex   2.229193e+01 -4.974649e+01 4.663698e+00
      vertex   1.768259e+01 -4.974649e+01 4.663698e+00
      vertex   1.300000e+01 -4.974649e+01 7.186157e+00
    endloop
  endfacet
  facet normal 0.000000e+00 1.000000e+00 0.000000e+00
    outer loop
      vertex   1.300000e+01 -4.974649e+01 7.186157e+00
      vertex   1.768259e+01 -4.974649e+01 4.663698e+00
      vertex   1.300000e+01 -4.974649e+01 1.586157e+00
    endloop
  endfacet
  facet normal 0.000000e+00 1.000000e+00 0.000000e+00
    outer loop
      vertex   1.300000e+01 -4.974649e+01 1.586157e+00
      vertex   1.768259e+01 -4.974649e+01 4.663698e+00
      vertex   1.768259e+01 -4.974649e+01 1.586157e+00
    endloop
  endfacet
  facet normal 0.000000e+00 1.000000e+00 0.000000e+00
    outer loop
      vertex   -3.901278e+01 -4.974649e+01 4.086157e+00
      vertex   -1.300000e+01 -4.974649e+01 7.186157e+00
      vertex   -2.361278e+01 -4.974649e+01 4.086157e+00
    endloop
  endfacet
  facet normal -0.000000e+00 1.000000e+00 0.000000e+00
    outer loop
      vertex   -2.361278e+01 -4.974649e+01 4.086157e+00
      vertex   -1.300000e+01 -4.974649e+01 7.186157e+00
      vertex   -1.300000e+01 -4.974649e+01 1.586157e+00
    endloop
  endfacet
  facet normal 0.000000e+00 1.000000e+00 0.000000e+00
    outer loop
      vertex   -2.361278e+01 -4.974649e+01 4.086157e+00
      vertex   -1.300000e+01 -4.974649e+01 1.586157e+00
      vertex   -2.361278e+01 -4.974649e+01 1.586157e+00
    endloop
  endfacet
  facet normal 0.000000e+00 0.000000e+00 -1.000000e+00
    outer loop
      vertex   -4.518739e+01 -4.655918e+01 2.600000e+01
      vertex   -4.512615e+01 -4.718099e+01 2.600000e+01
      vertex   -4.518739e+01 -4.974649e+01 2.600000e+01
    endloop
  endfacet
  facet normal 0.000000e+00 0.000000e+00 -1.000000e+00
    outer loop
      vertex   -4.518739e+01 -4.974649e+01 2.600000e+01
      vertex   -4.512615e+01 -4.718099e+01 2.600000e+01
      vertex   -4.494477e+01 -4.777891e+01 2.600000e+01
    endloop
  endfacet
  facet normal 0.000000e+00 0.000000e+00 -1.000000e+00
    outer loop
      vertex   -4.518739e+01 -4.974649e+01 2.600000e+01
      vertex   -4.494477e+01 -4.777891e+01 2.600000e+01
      vertex   -4.465023e+01 -4.832995e+01 2.600000e+01
    endloop
  endfacet
  facet normal 0.000000e+00 -0.000000e+00 -1.000000e+00
    outer loop
      vertex   -4.465023e+01 -4.832995e+01 2.600000e+01
      vertex   -4.425385e+01 -4.881295e+01 2.600000e+01
      vertex   -4.518739e+01 -4.974649e+01 2.600000e+01
    endloop
  endfacet
  facet normal 0.000000e+00 0.000000e+00 -1.000000e+00
    outer loop
      vertex   -4.518739e+01 -4.974649e+01 2.600000e+01
      vertex   -4.425385e+01 -4.881295e+01 2.600000e+01
      vertex   -4.377086e+01 -4.920933e+01 2.600000e+01
    endloop
  endfacet
  facet normal 0.000000e+00 0.000000e+00 -1.000000e+00
    outer loop
      vertex   -4.518739e+01 -4.974649e+01 2.600000e+01
      vertex   -4.377086e+01 -4.920933e+01 2.600000e+01
      vertex   -4.321981e+01 -4.950387e+01 2.600000e+01
    endloop
  endfacet
  facet normal 0.000000e+00 -0.000000e+00 -1.000000e+00
    outer loop
      vertex   -4.321981e+01 -4.950387e+01 2.600000e+01
      vertex   -4.262190e+01 -4.968524e+01 2.600000e+01
      vertex   -4.518739e+01 -4.974649e+01 2.600000e+01
    endloop
  endfacet
  facet normal 0.000000e+00 0.000000e+00 -1.000000e+00
    outer loop
      vertex   -4.518739e+01 -4.974649e+01 2.600000e+01
      vertex   -4.262190e+01 -4.968524e+01 2.600000e+01
      vertex   -4.200008e+01 -4.974649e+01 2.600000e+01
    endloop
  endfacet
  facet normal 0.000000e+00 -0.000000e+00 -1.000000e+00
    outer loop
      vertex   -4.132257e+01 -4.967365e+01 2.600000e+01
      vertex   4.148448e+01 -4.970418e+01 2.600000e+01
      vertex   -4.200008e+01 -4.974649e+01 2.600000e+01
    endloop
  endfacet
  facet normal 0.000000e+00 0.000000e+00 -1.000000e+00
    outer loop
      vertex   -4.200008e+01 -4.974649e+01 2.600000e+01
      vertex   4.148448e+01 -4.970418e+01 2.600000e+01
      vertex   4.217262e+01 -4.974149e+01 2.600000e+01
    endloop
  endfacet
  facet normal 0.000000e+00 0.000000e+00 -1.000000e+00
    outer loop
      vertex   -4.200008e+01 -4.974649e+01 2.600000e+01
      vertex   4.217262e+01 -4.974149e+01 2.600000e+01
      vertex   4.518707e+01 -4.974649e+01 2.600000e+01
    endloop
  endfacet
  facet normal 0.000000e+00 0.000000e+00 -1.000000e+00
    outer loop
      vertex   4.518707e+01 -4.974649e+01 2.600000e+01
      vertex   4.217262e+01 -4.974149e+01 2.600000e+01
      vertex   4.285269e+01 -4.963000e+01 2.600000e+01
    endloop
  endfacet
  facet normal 0.000000e+00 0.000000e+00 -1.000000e+00
    outer loop
      vertex   4.518707e+01 -4.974649e+01 2.600000e+01
      vertex   4.285269e+01 -4.963000e+01 2.600000e+01
      vertex   4.349289e+01 -4.937492e+01 2.600000e+01
    endloop
  endfacet
  facet normal 0.000000e+00 0.000000e+00 -1.000000e+00
    outer loop
      vertex   4.148448e+01 -4.970418e+01 2.600000e+01
      vertex   -4.132257e+01 -4.967365e+01 2.600000e+01
      vertex   4.082046e+01 -4.951982e+01 2.600000e+01
    endloop
  endfacet
  facet normal -0.000000e+00 0.000000e+00 -1.000000e+00
    outer loop
      vertex   4.082046e+01 -4.951982e+01 2.600000e+01
      vertex   -4.132257e+01 -4.967365e+01 2.600000e+01
      vertex   -4.067603e+01 -4.945846e+01 2.600000e+01
    endloop
  endfacet
  facet normal 0.000000e+00 0.000000e+00 -1.000000e+00
    outer loop
      vertex   4.082046e+01 -4.951982e+01 2.600000e+01
      vertex   -4.067603e+01 -4.945846e+01 2.600000e+01
      vertex   4.021159e+01 -4.919701e+01 2.600000e+01
    endloop
  endfacet
  facet normal -0.000000e+00 0.000000e+00 -1.000000e+00
    outer loop
      vertex   4.021159e+01 -4.919701e+01 2.600000e+01
      vertex   -4.067603e+01 -4.945846e+01 2.600000e+01
      vertex   -4.009000e+01 -4.911075e+01 2.600000e+01
    endloop
  endfacet
  facet normal 0.000000e+00 0.000000e+00 -1.000000e+00
    outer loop
      vertex   4.021159e+01 -4.919701e+01 2.600000e+01
      vertex   -4.009000e+01 -4.911075e+01 2.600000e+01
      vertex   3.968634e+01 -4.875087e+01 2.600000e+01
    endloop
  endfacet
  facet normal -0.000000e+00 0.000000e+00 -1.000000e+00
    outer loop
      vertex   3.968634e+01 -4.875087e+01 2.600000e+01
      vertex   -4.009000e+01 -4.911075e+01 2.600000e+01
      vertex   -3.959128e+01 -4.864642e+01 2.600000e+01
    endloop
  endfacet
  facet normal 0.000000e+00 0.000000e+00 -1.000000e+00
    outer loop
      vertex   3.968634e+01 -4.875087e+01 2.600000e+01
      vertex   -3.959128e+01 -4.864642e+01 2.600000e+01
      vertex   3.926929e+01 -4.820224e+01 2.600000e+01
    endloop
  endfacet
  facet normal -0.000000e+00 0.000000e+00 -1.000000e+00
    outer loop
      vertex   3.926929e+01 -4.820224e+01 2.600000e+01
      vertex   -3.959128e+01 -4.864642e+01 2.600000e+01
      vertex   -3.920265e+01 -4.808669e+01 2.600000e+01
    endloop
  endfacet
  facet normal 0.000000e+00 0.000000e+00 -1.000000e+00
    outer loop
      vertex   3.926929e+01 -4.820224e+01 2.600000e+01
      vertex   -3.920265e+01 -4.808669e+01 2.600000e+01
      vertex   3.897992e+01 -4.757679e+01 2.600000e+01
    endloop
  endfacet
  facet normal -0.000000e+00 0.000000e+00 -1.000000e+00
    outer loop
      vertex   3.897992e+01 -4.757679e+01 2.600000e+01
      vertex   -3.920265e+01 -4.808669e+01 2.600000e+01
      vertex   -3.894189e+01 -4.745715e+01 2.600000e+01
    endloop
  endfacet
  facet normal 0.000000e+00 0.000000e+00 -1.000000e+00
    outer loop
      vertex   3.897992e+01 -4.757679e+01 2.600000e+01
      vertex   -3.894189e+01 -4.745715e+01 2.600000e+01
      vertex   3.883178e+01 -4.690375e+01 2.600000e+01
    endloop
  endfacet
  facet normal -0.000000e+00 0.000000e+00 -1.000000e+00
    outer loop
      vertex   3.883178e+01 -4.690375e+01 2.600000e+01
      vertex   -3.894189e+01 -4.745715e+01 2.600000e+01
      vertex   -3.882090e+01 -4.678656e+01 2.600000e+01
    endloop
  endfacet
  facet normal 0.000000e+00 0.000000e+00 -1.000000e+00
    outer loop
      vertex   3.883178e+01 -4.690375e+01 2.600000e+01
      vertex   -3.882090e+01 -4.678656e+01 2.600000e+01
      vertex   3.883178e+01 -4.621461e+01 2.600000e+01
    endloop
  endfacet
  facet normal -0.000000e+00 0.000000e+00 -1.000000e+00
    outer loop
      vertex   3.883178e+01 -4.621461e+01 2.600000e+01
      vertex   -3.882090e+01 -4.678656e+01 2.600000e+01
      vertex   -3.884522e+01 -4.610558e+01 2.600000e+01
    endloop
  endfacet
  facet normal 0.000000e+00 0.000000e+00 -1.000000e+00
    outer loop
      vertex   3.883178e+01 -4.621461e+01 2.600000e+01
      vertex   -3.884522e+01 -4.610558e+01 2.600000e+01
      vertex   3.897992e+01 -4.554157e+01 2.600000e+01
    endloop
  endfacet
  facet normal -0.000000e+00 0.000000e+00 -1.000000e+00
    outer loop
      vertex   3.897992e+01 -4.554157e+01 2.600000e+01
      vertex   -3.884522e+01 -4.610558e+01 2.600000e+01
      vertex   -3.901374e+01 -4.544533e+01 2.600000e+01
    endloop
  endfacet
  facet normal 0.000000e+00 0.000000e+00 -1.000000e+00
    outer loop
      vertex   3.897992e+01 -4.554157e+01 2.600000e+01
      vertex   -3.901374e+01 -4.544533e+01 2.600000e+01
      vertex   3.926929e+01 -4.491612e+01 2.600000e+01
    endloop
  endfacet
  facet normal -0.000000e+00 0.000000e+00 -1.000000e+00
    outer loop
      vertex   3.926929e+01 -4.491612e+01 2.600000e+01
      vertex   -3.901374e+01 -4.544533e+01 2.600000e+01
      vertex   -3.931875e+01 -4.483599e+01 2.600000e+01
    endloop
  endfacet
  facet normal 0.000000e+00 0.000000e+00 -1.000000e+00
    outer loop
      vertex   3.926929e+01 -4.491612e+01 2.600000e+01
      vertex   -3.931875e+01 -4.483599e+01 2.600000e+01
      vertex   3.968634e+01 -4.436749e+01 2.600000e+01
    endloop
  endfacet
  facet normal -0.000000e+00 0.000000e+00 -1.000000e+00
    outer loop
      vertex   3.968634e+01 -4.436749e+01 2.600000e+01
      vertex   -3.931875e+01 -4.483599e+01 2.600000e+01
      vertex   -3.974632e+01 -4.430542e+01 2.600000e+01
    endloop
  endfacet
  facet normal 0.000000e+00 0.000000e+00 -1.000000e+00
    outer loop
      vertex   3.968634e+01 -4.436749e+01 2.600000e+01
      vertex   -3.974632e+01 -4.430542e+01 2.600000e+01
      vertex   4.021159e+01 -4.392135e+01 2.600000e+01
    endloop
  endfacet
  facet normal -0.000000e+00 0.000000e+00 -1.000000e+00
    outer loop
      vertex   4.021159e+01 -4.392135e+01 2.600000e+01
      vertex   -3.974632e+01 -4.430542e+01 2.600000e+01
      vertex   3.974048e+01 1.519343e+01 2.600000e+01
    endloop
  endfacet
  facet normal 0.000000e+00 0.000000e+00 -1.000000e+00
    outer loop
      vertex   4.021159e+01 -4.392135e+01 2.600000e+01
      vertex   3.974048e+01 1.519343e+01 2.600000e+01
      vertex   4.026922e+01 1.476490e+01 2.600000e+01
    endloop
  endfacet
  facet normal 0.000000e+00 0.000000e+00 -1.000000e+00
    outer loop
      vertex   3.974048e+01 1.519343e+01 2.600000e+01
      vertex   -3.974632e+01 -4.430542e+01 2.600000e+01
      vertex   -3.980836e+01 1.512719e+01 2.600000e+01
    endloop
  endfacet
  facet normal 0.000000e+00 -0.000000e+00 -1.000000e+00
    outer loop
      vertex   -3.980836e+01 1.512719e+01 2.600000e+01
      vertex   -3.974632e+01 -4.430542e+01 2.600000e+01
      vertex   -4.027690e+01 -4.387785e+01 2.600000e+01
    endloop
  endfacet
  facet normal 0.000000e+00 0.000000e+00 -1.000000e+00
    outer loop
      vertex   -3.980836e+01 1.512719e+01 2.600000e+01
      vertex   -4.027690e+01 -4.387785e+01 2.600000e+01
      vertex   -4.035700e+01 1.471013e+01 2.600000e+01
    endloop
  endfacet
  facet normal 0.000000e+00 -0.000000e+00 -1.000000e+00
    outer loop
      vertex   -4.035700e+01 1.471013e+01 2.600000e+01
      vertex   -4.027690e+01 -4.387785e+01 2.600000e+01
      vertex   -4.088623e+01 -4.357284e+01 2.600000e+01
    endloop
  endfacet
  facet normal 0.000000e+00 0.000000e+00 -1.000000e+00
    outer loop
      vertex   -4.035700e+01 1.471013e+01 2.600000e+01
      vertex   -4.088623e+01 -4.357284e+01 2.600000e+01
      vertex   -4.098246e+01 1.442076e+01 2.600000e+01
    endloop
  endfacet
  facet normal 0.000000e+00 -0.000000e+00 -1.000000e+00
    outer loop
      vertex   -4.098246e+01 1.442076e+01 2.600000e+01
      vertex   -4.088623e+01 -4.357284e+01 2.600000e+01
      vertex   -4.154648e+01 -4.340432e+01 2.600000e+01
    endloop
  endfacet
  facet normal 0.000000e+00 0.000000e+00 -1.000000e+00
    outer loop
      vertex   -4.098246e+01 1.442076e+01 2.600000e+01
      vertex   -4.154648e+01 -4.340432e+01 2.600000e+01
      vertex   -4.165550e+01 1.427261e+01 2.600000e+01
    endloop
  endfacet
  facet normal 0.000000e+00 -0.000000e+00 -1.000000e+00
    outer loop
      vertex   -4.165550e+01 1.427261e+01 2.600000e+01
      vertex   -4.154648e+01 -4.340432e+01 2.600000e+01
      vertex   -4.222746e+01 -4.338000e+01 2.600000e+01
    endloop
  endfacet
  facet normal -0.000000e+00 0.000000e+00 -1.000000e+00
    outer loop
      vertex   -4.165550e+01 1.427261e+01 2.600000e+01
      vertex   -4.222746e+01 -4.338000e+01 2.600000e+01
      vertex   -4.234466e+01 1.427261e+01 2.600000e+01
    endloop
  endfacet
  facet normal 0.000000e+00 -0.000000e+00 -1.000000e+00
    outer loop
      vertex   -4.234466e+01 1.427261e+01 2.600000e+01
      vertex   -4.222746e+01 -4.338000e+01 2.600000e+01
      vertex   -4.289805e+01 -4.350099e+01 2.600000e+01
    endloop
  endfacet
  facet normal -0.000000e+00 0.000000e+00 -1.000000e+00
    outer loop
      vertex   -4.234466e+01 1.427261e+01 2.600000e+01
      vertex   -4.289805e+01 -4.350099e+01 2.600000e+01
      vertex   -4.301771e+01 1.442076e+01 2.600000e+01
    endloop
  endfacet
  facet normal 0.000000e+00 -0.000000e+00 -1.000000e+00
    outer loop
      vertex   -4.301771e+01 1.442076e+01 2.600000e+01
      vertex   -4.289805e+01 -4.350099e+01 2.600000e+01
      vertex   -4.352760e+01 -4.376175e+01 2.600000e+01
    endloop
  endfacet
  facet normal -0.000000e+00 0.000000e+00 -1.000000e+00
    outer loop
      vertex   -4.301771e+01 1.442076e+01 2.600000e+01
      vertex   -4.352760e+01 -4.376175e+01 2.600000e+01
      vertex   -4.364317e+01 1.471013e+01 2.600000e+01
    endloop
  endfacet
  facet normal 0.000000e+00 -0.000000e+00 -1.000000e+00
    outer loop
      vertex   -4.364317e+01 1.471013e+01 2.600000e+01
      vertex   -4.352760e+01 -4.376175e+01 2.600000e+01
      vertex   -4.408732e+01 -4.415038e+01 2.600000e+01
    endloop
  endfacet
  facet normal -0.000000e+00 0.000000e+00 -1.000000e+00
    outer loop
      vertex   -4.364317e+01 1.471013e+01 2.600000e+01
      vertex   -4.408732e+01 -4.415038e+01 2.600000e+01
      vertex   -4.419180e+01 1.512719e+01 2.600000e+01
    endloop
  endfacet
  facet normal 0.000000e+00 -0.000000e+00 -1.000000e+00
    outer loop
      vertex   -4.419180e+01 1.512719e+01 2.600000e+01
      vertex   -4.408732e+01 -4.415038e+01 2.600000e+01
      vertex   -4.455165e+01 -4.464910e+01 2.600000e+01
    endloop
  endfacet
  facet normal -0.000000e+00 0.000000e+00 -1.000000e+00
    outer loop
      vertex   -4.419180e+01 1.512719e+01 2.600000e+01
      vertex   -4.455165e+01 -4.464910e+01 2.600000e+01
      vertex   -4.463796e+01 1.565244e+01 2.600000e+01
    endloop
  endfacet
  facet normal 0.000000e+00 -0.000000e+00 -1.000000e+00
    outer loop
      vertex   -4.463796e+01 1.565244e+01 2.600000e+01
      vertex   -4.455165e+01 -4.464910e+01 2.600000e+01
      vertex   -4.489936e+01 -4.523513e+01 2.600000e+01
    endloop
  endfacet
  facet normal -0.000000e+00 0.000000e+00 -1.000000e+00
    outer loop
      vertex   -4.463796e+01 1.565244e+01 2.600000e+01
      vertex   -4.489936e+01 -4.523513e+01 2.600000e+01
      vertex   -4.496076e+01 1.626131e+01 2.600000e+01
    endloop
  endfacet
  facet normal 0.000000e+00 -0.000000e+00 -1.000000e+00
    outer loop
      vertex   -4.496076e+01 1.626131e+01 2.600000e+01
      vertex   -4.489936e+01 -4.523513e+01 2.600000e+01
      vertex   -4.511455e+01 -4.588167e+01 2.600000e+01
    endloop
  endfacet
  facet normal -0.000000e+00 0.000000e+00 -1.000000e+00
    outer loop
      vertex   -4.496076e+01 1.626131e+01 2.600000e+01
      vertex   -4.511455e+01 -4.588167e+01 2.600000e+01
      vertex   -4.514513e+01 1.692535e+01 2.600000e+01
    endloop
  endfacet
  facet normal 0.000000e+00 -0.000000e+00 -1.000000e+00
    outer loop
      vertex   -4.514513e+01 1.692535e+01 2.600000e+01
      vertex   -4.511455e+01 -4.588167e+01 2.600000e+01
      vertex   -4.518739e+01 -4.655918e+01 2.600000e+01
    endloop
  endfacet
  facet normal -0.000000e+00 0.000000e+00 -1.000000e+00
    outer loop
      vertex   -4.514513e+01 1.692535e+01 2.600000e+01
      vertex   -4.518739e+01 -4.655918e+01 2.600000e+01
      vertex   -4.518244e+01 1.761350e+01 2.600000e+01
    endloop
  endfacet
  facet normal -0.000000e+00 0.000000e+00 -1.000000e+00
    outer loop
      vertex   -4.518244e+01 1.761350e+01 2.600000e+01
      vertex   -4.518739e+01 -4.655918e+01 2.600000e+01
      vertex   -4.518739e+01 2.062799e+01 2.600000e+01
    endloop
  endfacet
  facet normal 0.000000e+00 0.000000e+00 -1.000000e+00
    outer loop
      vertex   -4.518244e+01 1.761350e+01 2.600000e+01
      vertex   -4.518739e+01 2.062799e+01 2.600000e+01
      vertex   -4.507095e+01 1.829358e+01 2.600000e+01
    endloop
  endfacet
  facet normal 0.000000e+00 0.000000e+00 -1.000000e+00
    outer loop
      vertex   -4.507095e+01 1.829358e+01 2.600000e+01
      vertex   -4.518739e+01 2.062799e+01 2.600000e+01
      vertex   -4.481587e+01 1.893379e+01 2.600000e+01
    endloop
  endfacet
  facet normal 0.000000e+00 0.000000e+00 -1.000000e+00
    outer loop
      vertex   -4.481587e+01 1.893379e+01 2.600000e+01
      vertex   -4.518739e+01 2.062799e+01 2.600000e+01
      vertex   -4.442912e+01 1.950420e+01 2.600000e+01
    endloop
  endfacet
  facet normal 0.000000e+00 0.000000e+00 -1.000000e+00
    outer loop
      vertex   -4.442912e+01 1.950420e+01 2.600000e+01
      vertex   -4.518739e+01 2.062799e+01 2.600000e+01
      vertex   -4.392879e+01 1.997813e+01 2.600000e+01
    endloop
  endfacet
  facet normal 0.000000e+00 0.000000e+00 -1.000000e+00
    outer loop
      vertex   -4.392879e+01 1.997813e+01 2.600000e+01
      vertex   -4.518739e+01 2.062799e+01 2.600000e+01
      vertex   -4.333828e+01 2.033343e+01 2.600000e+01
    endloop
  endfacet
  facet normal 0.000000e+00 0.000000e+00 -1.000000e+00
    outer loop
      vertex   -4.333828e+01 2.033343e+01 2.600000e+01
      vertex   -4.518739e+01 2.062799e+01 2.600000e+01
      vertex   -4.268520e+01 2.055348e+01 2.600000e+01
    endloop
  endfacet
  facet normal 0.000000e+00 0.000000e+00 -1.000000e+00
    outer loop
      vertex   -4.268520e+01 2.055348e+01 2.600000e+01
      vertex   -4.518739e+01 2.062799e+01 2.600000e+01
      vertex   -4.200008e+01 2.062799e+01 2.600000e+01
    endloop
  endfacet
  facet normal 0.000000e+00 0.000000e+00 -1.000000e+00
    outer loop
      vertex   -3.980836e+01 1.512719e+01 2.600000e+01
      vertex   -3.936221e+01 1.565244e+01 2.600000e+01
      vertex   3.974048e+01 1.519343e+01 2.600000e+01
    endloop
  endfacet
  facet normal 0.000000e+00 0.000000e+00 -1.000000e+00
    outer loop
      vertex   3.974048e+01 1.519343e+01 2.600000e+01
      vertex   -3.936221e+01 1.565244e+01 2.600000e+01
      vertex   3.931479e+01 1.572445e+01 2.600000e+01
    endloop
  endfacet
  facet normal -0.000000e+00 0.000000e+00 -1.000000e+00
    outer loop
      vertex   3.931479e+01 1.572445e+01 2.600000e+01
      vertex   -3.936221e+01 1.565244e+01 2.600000e+01
      vertex   -3.903940e+01 1.626131e+01 2.600000e+01
    endloop
  endfacet
  facet normal 0.000000e+00 0.000000e+00 -1.000000e+00
    outer loop
      vertex   3.931479e+01 1.572445e+01 2.600000e+01
      vertex   -3.903940e+01 1.626131e+01 2.600000e+01
      vertex   3.901156e+01 1.633375e+01 2.600000e+01
    endloop
  endfacet
  facet normal -0.000000e+00 0.000000e+00 -1.000000e+00
    outer loop
      vertex   3.901156e+01 1.633375e+01 2.600000e+01
      vertex   -3.903940e+01 1.626131e+01 2.600000e+01
      vertex   -3.885503e+01 1.692535e+01 2.600000e+01
    endloop
  endfacet
  facet normal 0.000000e+00 0.000000e+00 -1.000000e+00
    outer loop
      vertex   3.901156e+01 1.633375e+01 2.600000e+01
      vertex   -3.885503e+01 1.692535e+01 2.600000e+01
      vertex   3.884461e+01 1.699354e+01 2.600000e+01
    endloop
  endfacet
  facet normal -0.000000e+00 0.000000e+00 -1.000000e+00
    outer loop
      vertex   3.884461e+01 1.699354e+01 2.600000e+01
      vertex   -3.885503e+01 1.692535e+01 2.600000e+01
      vertex   -3.881772e+01 1.761350e+01 2.600000e+01
    endloop
  endfacet
  facet normal 0.000000e+00 0.000000e+00 -1.000000e+00
    outer loop
      vertex   3.884461e+01 1.699354e+01 2.600000e+01
      vertex   -3.881772e+01 1.761350e+01 2.600000e+01
      vertex   3.882156e+01 1.767374e+01 2.600000e+01
    endloop
  endfacet
  facet normal -0.000000e+00 0.000000e+00 -1.000000e+00
    outer loop
      vertex   3.882156e+01 1.767374e+01 2.600000e+01
      vertex   -3.881772e+01 1.761350e+01 2.600000e+01
      vertex   -3.892922e+01 1.829358e+01 2.600000e+01
    endloop
  endfacet
  facet normal 0.000000e+00 0.000000e+00 -1.000000e+00
    outer loop
      vertex   3.882156e+01 1.767374e+01 2.600000e+01
      vertex   -3.892922e+01 1.829358e+01 2.600000e+01
      vertex   3.894346e+01 1.834331e+01 2.600000e+01
    endloop
  endfacet
  facet normal -0.000000e+00 0.000000e+00 -1.000000e+00
    outer loop
      vertex   3.894346e+01 1.834331e+01 2.600000e+01
      vertex   -3.892922e+01 1.829358e+01 2.600000e+01
      vertex   -3.918430e+01 1.893379e+01 2.600000e+01
    endloop
  endfacet
  facet normal 0.000000e+00 0.000000e+00 -1.000000e+00
    outer loop
      vertex   3.894346e+01 1.834331e+01 2.600000e+01
      vertex   -3.918430e+01 1.893379e+01 2.600000e+01
      vertex   3.920475e+01 1.897174e+01 2.600000e+01
    endloop
  endfacet
  facet normal -0.000000e+00 0.000000e+00 -1.000000e+00
    outer loop
      vertex   3.920475e+01 1.897174e+01 2.600000e+01
      vertex   -3.918430e+01 1.893379e+01 2.600000e+01
      vertex   -3.957105e+01 1.950420e+01 2.600000e+01
    endloop
  endfacet
  facet normal 0.000000e+00 0.000000e+00 -1.000000e+00
    outer loop
      vertex   3.920475e+01 1.897174e+01 2.600000e+01
      vertex   -3.957105e+01 1.950420e+01 2.600000e+01
      vertex   3.959352e+01 1.953037e+01 2.600000e+01
    endloop
  endfacet
  facet normal -0.000000e+00 0.000000e+00 -1.000000e+00
    outer loop
      vertex   3.959352e+01 1.953037e+01 2.600000e+01
      vertex   -3.957105e+01 1.950420e+01 2.600000e+01
      vertex   -4.007137e+01 1.997813e+01 2.600000e+01
    endloop
  endfacet
  facet normal 0.000000e+00 0.000000e+00 -1.000000e+00
    outer loop
      vertex   3.959352e+01 1.953037e+01 2.600000e+01
      vertex   -4.007137e+01 1.997813e+01 2.600000e+01
      vertex   4.009203e+01 1.999370e+01 2.600000e+01
    endloop
  endfacet
  facet normal -0.000000e+00 0.000000e+00 -1.000000e+00
    outer loop
      vertex   4.009203e+01 1.999370e+01 2.600000e+01
      vertex   -4.007137e+01 1.997813e+01 2.600000e+01
      vertex   -4.066188e+01 2.033343e+01 2.600000e+01
    endloop
  endfacet
  facet normal 0.000000e+00 0.000000e+00 -1.000000e+00
    outer loop
      vertex   4.009203e+01 1.999370e+01 2.600000e+01
      vertex   -4.066188e+01 2.033343e+01 2.600000e+01
      vertex   4.067755e+01 2.034063e+01 2.600000e+01
    endloop
  endfacet
  facet normal -0.000000e+00 0.000000e+00 -1.000000e+00
    outer loop
      vertex   4.067755e+01 2.034063e+01 2.600000e+01
      vertex   -4.066188e+01 2.033343e+01 2.600000e+01
      vertex   -4.131497e+01 2.055348e+01 2.600000e+01
    endloop
  endfacet
  facet normal 0.000000e+00 0.000000e+00 -1.000000e+00
    outer loop
      vertex   4.067755e+01 2.034063e+01 2.600000e+01
      vertex   -4.131497e+01 2.055348e+01 2.600000e+01
      vertex   4.132339e+01 2.055532e+01 2.600000e+01
    endloop
  endfacet
  facet normal -0.000000e+00 0.000000e+00 -1.000000e+00
    outer loop
      vertex   4.132339e+01 2.055532e+01 2.600000e+01
      vertex   -4.131497e+01 2.055348e+01 2.600000e+01
      vertex   -4.200008e+01 2.062799e+01 2.600000e+01
    endloop
  endfacet
  facet normal 0.000000e+00 0.000000e+00 -1.000000e+00
    outer loop
      vertex   4.132339e+01 2.055532e+01 2.600000e+01
      vertex   -4.200008e+01 2.062799e+01 2.600000e+01
      vertex   4.200008e+01 2.062799e+01 2.600000e+01
    endloop
  endfacet
  facet normal 0.000000e+00 0.000000e+00 -1.000000e+00
    outer loop
      vertex   4.021159e+01 -4.392135e+01 2.600000e+01
      vertex   4.026922e+01 1.476490e+01 2.600000e+01
      vertex   4.082046e+01 -4.359854e+01 2.600000e+01
    endloop
  endfacet
  facet normal 0.000000e+00 0.000000e+00 -1.000000e+00
    outer loop
      vertex   4.082046e+01 -4.359854e+01 2.600000e+01
      vertex   4.026922e+01 1.476490e+01 2.600000e+01
      vertex   4.087688e+01 1.445841e+01 2.600000e+01
    endloop
  endfacet
  facet normal 0.000000e+00 0.000000e+00 -1.000000e+00
    outer loop
      vertex   4.082046e+01 -4.359854e+01 2.600000e+01
      vertex   4.087688e+01 1.445841e+01 2.600000e+01
      vertex   4.148448e+01 -4.341418e+01 2.600000e+01
    endloop
  endfacet
  facet normal 0.000000e+00 0.000000e+00 -1.000000e+00
    outer loop
      vertex   4.148448e+01 -4.341418e+01 2.600000e+01
      vertex   4.087688e+01 1.445841e+01 2.600000e+01
      vertex   4.153577e+01 1.428793e+01 2.600000e+01
    endloop
  endfacet
  facet normal 0.000000e+00 0.000000e+00 -1.000000e+00
    outer loop
      vertex   4.148448e+01 -4.341418e+01 2.600000e+01
      vertex   4.153577e+01 1.428793e+01 2.600000e+01
      vertex   4.217262e+01 -4.337687e+01 2.600000e+01
    endloop
  endfacet
  facet normal 0.000000e+00 0.000000e+00 -1.000000e+00
    outer loop
      vertex   4.217262e+01 -4.337687e+01 2.600000e+01
      vertex   4.153577e+01 1.428793e+01 2.600000e+01
      vertex   4.221583e+01 1.426124e+01 2.600000e+01
    endloop
  endfacet
  facet normal 0.000000e+00 0.000000e+00 -1.000000e+00
    outer loop
      vertex   4.217262e+01 -4.337687e+01 2.600000e+01
      vertex   4.221583e+01 1.426124e+01 2.600000e+01
      vertex   4.285269e+01 -4.348836e+01 2.600000e+01
    endloop
  endfacet
  facet normal 0.000000e+00 0.000000e+00 -1.000000e+00
    outer loop
      vertex   4.285269e+01 -4.348836e+01 2.600000e+01
      vertex   4.221583e+01 1.426124e+01 2.600000e+01
      vertex   4.288605e+01 1.437955e+01 2.600000e+01
    endloop
  endfacet
  facet normal 0.000000e+00 0.000000e+00 -1.000000e+00
    outer loop
      vertex   4.285269e+01 -4.348836e+01 2.600000e+01
      vertex   4.288605e+01 1.437955e+01 2.600000e+01
      vertex   4.349289e+01 -4.374344e+01 2.600000e+01
    endloop
  endfacet
  facet normal 0.000000e+00 0.000000e+00 -1.000000e+00
    outer loop
      vertex   4.349289e+01 -4.374344e+01 2.600000e+01
      vertex   4.288605e+01 1.437955e+01 2.600000e+01
      vertex   4.351587e+01 1.463747e+01 2.600000e+01
    endloop
  endfacet
  facet normal 0.000000e+00 0.000000e+00 -1.000000e+00
    outer loop
      vertex   4.349289e+01 -4.374344e+01 2.600000e+01
      vertex   4.351587e+01 1.463747e+01 2.600000e+01
      vertex   4.406329e+01 -4.413018e+01 2.600000e+01
    endloop
  endfacet
  facet normal 0.000000e+00 0.000000e+00 -1.000000e+00
    outer loop
      vertex   4.406329e+01 -4.413018e+01 2.600000e+01
      vertex   4.351587e+01 1.463747e+01 2.600000e+01
      vertex   4.407657e+01 1.502324e+01 2.600000e+01
    endloop
  endfacet
  facet normal 0.000000e+00 0.000000e+00 -1.000000e+00
    outer loop
      vertex   4.406329e+01 -4.413018e+01 2.600000e+01
      vertex   4.407657e+01 1.502324e+01 2.600000e+01
      vertex   4.453722e+01 -4.463050e+01 2.600000e+01
    endloop
  endfacet
  facet normal 0.000000e+00 0.000000e+00 -1.000000e+00
    outer loop
      vertex   4.453722e+01 -4.463050e+01 2.600000e+01
      vertex   4.407657e+01 1.502324e+01 2.600000e+01
      vertex   4.454257e+01 1.551926e+01 2.600000e+01
    endloop
  endfacet
  facet normal 0.000000e+00 0.000000e+00 -1.000000e+00
    outer loop
      vertex   4.453722e+01 -4.463050e+01 2.600000e+01
      vertex   4.454257e+01 1.551926e+01 2.600000e+01
      vertex   4.489251e+01 -4.522100e+01 2.600000e+01
    endloop
  endfacet
  facet normal 0.000000e+00 0.000000e+00 -1.000000e+00
    outer loop
      vertex   4.489251e+01 -4.522100e+01 2.600000e+01
      vertex   4.454257e+01 1.551926e+01 2.600000e+01
      vertex   4.489263e+01 1.610292e+01 2.600000e+01
    endloop
  endfacet
  facet normal 0.000000e+00 0.000000e+00 -1.000000e+00
    outer loop
      vertex   4.489251e+01 -4.522100e+01 2.600000e+01
      vertex   4.489263e+01 1.610292e+01 2.600000e+01
      vertex   4.511078e+01 1.674759e+01 2.600000e+01
    endloop
  endfacet
  facet normal 0.000000e+00 0.000000e+00 -1.000000e+00
    outer loop
      vertex   4.489251e+01 -4.522100e+01 2.600000e+01
      vertex   4.511078e+01 1.674759e+01 2.600000e+01
      vertex   4.511256e+01 -4.587407e+01 2.600000e+01
    endloop
  endfacet
  facet normal 0.000000e+00 0.000000e+00 -1.000000e+00
    outer loop
      vertex   4.511256e+01 -4.587407e+01 2.600000e+01
      vertex   4.511078e+01 1.674759e+01 2.600000e+01
      vertex   4.518707e+01 1.742389e+01 2.600000e+01
    endloop
  endfacet
  facet normal 0.000000e+00 0.000000e+00 -1.000000e+00
    outer loop
      vertex   4.511256e+01 -4.587407e+01 2.600000e+01
      vertex   4.518707e+01 1.742389e+01 2.600000e+01
      vertex   4.518707e+01 -4.655918e+01 2.600000e+01
    endloop
  endfacet
  facet normal 0.000000e+00 0.000000e+00 -1.000000e+00
    outer loop
      vertex   4.349289e+01 -4.937492e+01 2.600000e+01
      vertex   4.406329e+01 -4.898818e+01 2.600000e+01
      vertex   4.518707e+01 -4.974649e+01 2.600000e+01
    endloop
  endfacet
  facet normal 0.000000e+00 0.000000e+00 -1.000000e+00
    outer loop
      vertex   4.518707e+01 -4.974649e+01 2.600000e+01
      vertex   4.406329e+01 -4.898818e+01 2.600000e+01
      vertex   4.453722e+01 -4.848786e+01 2.600000e+01
    endloop
  endfacet
  facet normal 0.000000e+00 0.000000e+00 -1.000000e+00
    outer loop
      vertex   4.518707e+01 -4.974649e+01 2.600000e+01
      vertex   4.453722e+01 -4.848786e+01 2.600000e+01
      vertex   4.489251e+01 -4.789736e+01 2.600000e+01
    endloop
  endfacet
  facet normal 0.000000e+00 0.000000e+00 -1.000000e+00
    outer loop
      vertex   4.489251e+01 -4.789736e+01 2.600000e+01
      vertex   4.511256e+01 -4.724429e+01 2.600000e+01
      vertex   4.518707e+01 -4.974649e+01 2.600000e+01
    endloop
  endfacet
  facet normal 0.000000e+00 0.000000e+00 -1.000000e+00
    outer loop
      vertex   4.518707e+01 -4.974649e+01 2.600000e+01
      vertex   4.511256e+01 -4.724429e+01 2.600000e+01
      vertex   4.518707e+01 -4.655918e+01 2.600000e+01
    endloop
  endfacet
  facet normal 8.115873e-02 9.967012e-01 -0.000000e+00
    outer loop
      vertex   -4.200008e+01 2.062799e+01 1.586157e+00
      vertex   -4.200008e+01 2.062799e+01 2.600000e+01
      vertex   -4.148448e+01 2.058601e+01 1.379308e+01
    endloop
  endfacet
  facet normal 1.081189e-01 9.941373e-01 1.147583e-03
    outer loop
      vertex   -4.148448e+01 2.058601e+01 1.379308e+01
      vertex   -4.200008e+01 2.062799e+01 2.600000e+01
      vertex   -4.131497e+01 2.055348e+01 2.600000e+01
    endloop
  endfacet
  facet normal 2.675282e-01 9.635494e-01 -1.147583e-03
    outer loop
      vertex   -4.148448e+01 2.058601e+01 1.379308e+01
      vertex   -4.131497e+01 2.055348e+01 2.600000e+01
      vertex   -4.082044e+01 2.040164e+01 1.379308e+01
    endloop
  endfacet
  facet normal 3.193013e-01 9.476525e-01 1.147583e-03
    outer loop
      vertex   -4.082044e+01 2.040164e+01 1.379308e+01
      vertex   -4.131497e+01 2.055348e+01 2.600000e+01
      vertex   -4.066188e+01 2.033343e+01 2.600000e+01
    endloop
  endfacet
  facet normal 4.684081e-01 8.835115e-01 -1.147583e-03
    outer loop
      vertex   -4.082044e+01 2.040164e+01 1.379308e+01
      vertex   -4.066188e+01 2.033343e+01 2.600000e+01
      vertex   -4.021156e+01 2.007883e+01 1.379308e+01
    endloop
  endfacet
  facet normal 5.155535e-01 8.568566e-01 1.147583e-03
    outer loop
      vertex   -4.021156e+01 2.007883e+01 1.379308e+01
      vertex   -4.066188e+01 2.033343e+01 2.600000e+01
      vertex   -4.007137e+01 1.997813e+01 2.600000e+01
    endloop
  endfacet
  facet normal 6.473859e-01 7.621616e-01 -1.147583e-03
    outer loop
      vertex   -4.021156e+01 2.007883e+01 1.379308e+01
      vertex   -4.007137e+01 1.997813e+01 2.600000e+01
      vertex   -3.968631e+01 1.963268e+01 1.379308e+01
    endloop
  endfacet
  facet normal 6.876990e-01 7.259950e-01 1.147583e-03
    outer loop
      vertex   -3.968631e+01 1.963268e+01 1.379308e+01
      vertex   -4.007137e+01 1.997813e+01 2.600000e+01
      vertex   -3.957105e+01 1.950420e+01 2.600000e+01
    endloop
  endfacet
  facet normal 7.960925e-01 6.051738e-01 -1.147583e-03
    outer loop
      vertex   -3.968631e+01 1.963268e+01 1.379308e+01
      vertex   -3.957105e+01 1.950420e+01 2.600000e+01
      vertex   -3.926925e+01 1.908404e+01 1.379308e+01
    endloop
  endfacet
  facet normal 8.276885e-01 5.611867e-01 1.147583e-03
    outer loop
      vertex   -3.926925e+01 1.908404e+01 1.379308e+01
      vertex   -3.957105e+01 1.950420e+01 2.600000e+01
      vertex   -3.918430e+01 1.893379e+01 2.600000e+01
    endloop
  endfacet
  facet normal 9.075748e-01 4.198888e-01 -1.147583e-03
    outer loop
      vertex   -3.926925e+01 1.908404e+01 1.379308e+01
      vertex   -3.918430e+01 1.893379e+01 2.600000e+01
      vertex   -3.897988e+01 1.845858e+01 1.379308e+01
    endloop
  endfacet
  facet normal 9.289761e-01 3.701379e-01 1.147583e-03
    outer loop
      vertex   -3.897988e+01 1.845858e+01 1.379308e+01
      vertex   -3.918430e+01 1.893379e+01 2.600000e+01
      vertex   -3.892922e+01 1.829358e+01 2.600000e+01
    endloop
  endfacet
  facet normal 9.766199e-01 2.149703e-01 -1.147583e-03
    outer loop
      vertex   -3.897988e+01 1.845858e+01 1.379308e+01
      vertex   -3.892922e+01 1.829358e+01 2.600000e+01
      vertex   -3.883173e+01 1.778554e+01 1.379308e+01
    endloop
  endfacet
  facet normal 9.868259e-01 1.617819e-01 1.147583e-03
    outer loop
      vertex   -3.883173e+01 1.778554e+01 1.379308e+01
      vertex   -3.892922e+01 1.829358e+01 2.600000e+01
      vertex   -3.881772e+01 1.761350e+01 2.600000e+01
    endloop
  endfacet
  facet normal 9.999993e-01 0.000000e+00 -1.147583e-03
    outer loop
      vertex   -3.883173e+01 1.778554e+01 1.379308e+01
      vertex   -3.881772e+01 1.761350e+01 2.600000e+01
      vertex   -3.883173e+01 1.709638e+01 1.379308e+01
    endloop
  endfacet
  facet normal 9.985328e-01 -5.413887e-02 1.147583e-03
    outer loop
      vertex   -3.883173e+01 1.709638e+01 1.379308e+01
      vertex   -3.881772e+01 1.761350e+01 2.600000e+01
      vertex   -3.885503e+01 1.692535e+01 2.600000e+01
    endloop
  endfacet
  facet normal 9.766199e-01 -2.149703e-01 -1.147583e-03
    outer loop
      vertex   -3.883173e+01 1.709638e+01 1.379308e+01
      vertex   -3.885503e+01 1.692535e+01 2.600000e+01
      vertex   -3.897988e+01 1.642333e+01 1.379308e+01
    endloop
  endfacet
  facet normal 9.635494e-01 -2.675282e-01 1.147583e-03
    outer loop
      vertex   -3.897988e+01 1.642333e+01 1.379308e+01
      vertex   -3.885503e+01 1.692535e+01 2.600000e+01
      vertex   -3.903940e+01 1.626131e+01 2.600000e+01
    endloop
  endfacet
  facet normal 9.075748e-01 -4.198888e-01 -1.147583e-03
    outer loop
      vertex   -3.897988e+01 1.642333e+01 1.379308e+01
      vertex   -3.903940e+01 1.626131e+01 2.600000e+01
      vertex   -3.926925e+01 1.579787e+01 1.379308e+01
    endloop
  endfacet
  facet normal 8.835115e-01 -4.684081e-01 1.147583e-03
    outer loop
      vertex   -3.926925e+01 1.579787e+01 1.379308e+01
      vertex   -3.903940e+01 1.626131e+01 2.600000e+01
      vertex   -3.936221e+01 1.565244e+01 2.600000e+01
    endloop
  endfacet
  facet normal 7.960925e-01 -6.051738e-01 -1.147583e-03
    outer loop
      vertex   -3.926925e+01 1.579787e+01 1.379308e+01
      vertex   -3.936221e+01 1.565244e+01 2.600000e+01
      vertex   -3.968631e+01 1.524924e+01 1.379308e+01
    endloop
  endfacet
  facet normal 7.621616e-01 -6.473859e-01 1.147583e-03
    outer loop
      vertex   -3.968631e+01 1.524924e+01 1.379308e+01
      vertex   -3.936221e+01 1.565244e+01 2.600000e+01
      vertex   -3.980836e+01 1.512719e+01 2.600000e+01
    endloop
  endfacet
  facet normal 6.473859e-01 -7.621616e-01 -1.147583e-03
    outer loop
      vertex   -3.968631e+01 1.524924e+01 1.379308e+01
      vertex   -3.980836e+01 1.512719e+01 2.600000e+01
      vertex   -4.021156e+01 1.480309e+01 1.379308e+01
    endloop
  endfacet
  facet normal 6.051738e-01 -7.960925e-01 1.147583e-03
    outer loop
      vertex   -4.021156e+01 1.480309e+01 1.379308e+01
      vertex   -3.980836e+01 1.512719e+01 2.600000e+01
      vertex   -4.035700e+01 1.471013e+01 2.600000e+01
    endloop
  endfacet
  facet normal 4.684081e-01 -8.835115e-01 -1.147583e-03
    outer loop
      vertex   -4.021156e+01 1.480309e+01 1.379308e+01
      vertex   -4.035700e+01 1.471013e+01 2.600000e+01
      vertex   -4.082044e+01 1.448028e+01 1.379308e+01
    endloop
  endfacet
  facet normal 4.198888e-01 -9.075748e-01 1.147583e-03
    outer loop
      vertex   -4.082044e+01 1.448028e+01 1.379308e+01
      vertex   -4.035700e+01 1.471013e+01 2.600000e+01
      vertex   -4.098246e+01 1.442076e+01 2.600000e+01
    endloop
  endfacet
  facet normal 2.675282e-01 -9.635494e-01 -1.147583e-03
    outer loop
      vertex   -4.082044e+01 1.448028e+01 1.379308e+01
      vertex   -4.098246e+01 1.442076e+01 2.600000e+01
      vertex   -4.148448e+01 1.429591e+01 1.379308e+01
    endloop
  endfacet
  facet normal 2.149703e-01 -9.766199e-01 1.147583e-03
    outer loop
      vertex   -4.148448e+01 1.429591e+01 1.379308e+01
      vertex   -4.098246e+01 1.442076e+01 2.600000e+01
      vertex   -4.165550e+01 1.427261e+01 2.600000e+01
    endloop
  endfacet
  facet normal 5.413887e-02 -9.985328e-01 -1.147583e-03
    outer loop
      vertex   -4.148448e+01 1.429591e+01 1.379308e+01
      vertex   -4.165550e+01 1.427261e+01 2.600000e+01
      vertex   -4.217263e+01 1.425860e+01 1.379308e+01
    endloop
  endfacet
  facet normal 0.000000e+00 -9.999993e-01 1.147583e-03
    outer loop
      vertex   -4.217263e+01 1.425860e+01 1.379308e+01
      vertex   -4.165550e+01 1.427261e+01 2.600000e+01
      vertex   -4.234466e+01 1.427261e+01 2.600000e+01
    endloop
  endfacet
  facet normal -1.617819e-01 -9.868259e-01 -1.147583e-03
    outer loop
      vertex   -4.217263e+01 1.425860e+01 1.379308e+01
      vertex   -4.234466e+01 1.427261e+01 2.600000e+01
      vertex   -4.285271e+01 1.437009e+01 1.379308e+01
    endloop
  endfacet
  facet normal -2.149703e-01 -9.766199e-01 1.147583e-03
    outer loop
      vertex   -4.285271e+01 1.437009e+01 1.379308e+01
      vertex   -4.234466e+01 1.427261e+01 2.600000e+01
      vertex   -4.301771e+01 1.442076e+01 2.600000e+01
    endloop
  endfacet
  facet normal -3.701379e-01 -9.289761e-01 -1.147583e-03
    outer loop
      vertex   -4.285271e+01 1.437009e+01 1.379308e+01
      vertex   -4.301771e+01 1.442076e+01 2.600000e+01
      vertex   -4.349292e+01 1.462518e+01 1.379308e+01
    endloop
  endfacet
  facet normal -4.198888e-01 -9.075748e-01 1.147583e-03
    outer loop
      vertex   -4.349292e+01 1.462518e+01 1.379308e+01
      vertex   -4.301771e+01 1.442076e+01 2.600000e+01
      vertex   -4.364317e+01 1.471013e+01 2.600000e+01
    endloop
  endfacet
  facet normal -5.611867e-01 -8.276885e-01 -1.147583e-03
    outer loop
      vertex   -4.349292e+01 1.462518e+01 1.379308e+01
      vertex   -4.364317e+01 1.471013e+01 2.600000e+01
      vertex   -4.406333e+01 1.501192e+01 1.379308e+01
    endloop
  endfacet
  facet normal -6.051738e-01 -7.960925e-01 1.147583e-03
    outer loop
      vertex   -4.406333e+01 1.501192e+01 1.379308e+01
      vertex   -4.364317e+01 1.471013e+01 2.600000e+01
      vertex   -4.419180e+01 1.512719e+01 2.600000e+01
    endloop
  endfacet
  facet normal -7.259950e-01 -6.876990e-01 -1.147583e-03
    outer loop
      vertex   -4.406333e+01 1.501192e+01 1.379308e+01
      vertex   -4.419180e+01 1.512719e+01 2.600000e+01
      vertex   -4.453726e+01 1.551225e+01 1.379308e+01
    endloop
  endfacet
  facet normal -7.621616e-01 -6.473859e-01 1.147583e-03
    outer loop
      vertex   -4.453726e+01 1.551225e+01 1.379308e+01
      vertex   -4.419180e+01 1.512719e+01 2.600000e+01
      vertex   -4.463796e+01 1.565244e+01 2.600000e+01
    endloop
  endfacet
  facet normal -8.568566e-01 -5.155535e-01 -1.147583e-03
    outer loop
      vertex   -4.453726e+01 1.551225e+01 1.379308e+01
      vertex   -4.463796e+01 1.565244e+01 2.600000e+01
      vertex   -4.489256e+01 1.610276e+01 1.379308e+01
    endloop
  endfacet
  facet normal -8.835115e-01 -4.684081e-01 1.147583e-03
    outer loop
      vertex   -4.489256e+01 1.610276e+01 1.379308e+01
      vertex   -4.463796e+01 1.565244e+01 2.600000e+01
      vertex   -4.496076e+01 1.626131e+01 2.600000e+01
    endloop
  endfacet
  facet normal -9.476525e-01 -3.193013e-01 -1.147583e-03
    outer loop
      vertex   -4.489256e+01 1.610276e+01 1.379308e+01
      vertex   -4.496076e+01 1.626131e+01 2.600000e+01
      vertex   -4.511261e+01 1.675584e+01 1.379308e+01
    endloop
  endfacet
  facet normal -9.635494e-01 -2.675282e-01 1.147583e-03
    outer loop
      vertex   -4.511261e+01 1.675584e+01 1.379308e+01
      vertex   -4.496076e+01 1.626131e+01 2.600000e+01
      vertex   -4.514513e+01 1.692535e+01 2.600000e+01
    endloop
  endfacet
  facet normal -9.941373e-01 -1.081189e-01 -1.147583e-03
    outer loop
      vertex   -4.511261e+01 1.675584e+01 1.379308e+01
      vertex   -4.514513e+01 1.692535e+01 2.600000e+01
      vertex   -4.518712e+01 1.744096e+01 1.379308e+01
    endloop
  endfacet
  facet normal -9.985328e-01 -5.413887e-02 1.147583e-03
    outer loop
      vertex   -4.518712e+01 1.744096e+01 1.379308e+01
      vertex   -4.514513e+01 1.692535e+01 2.600000e+01
      vertex   -4.518244e+01 1.761350e+01 2.600000e+01
    endloop
  endfacet
  facet normal -9.941373e-01 1.081189e-01 -1.147583e-03
    outer loop
      vertex   -4.518712e+01 1.744096e+01 1.379308e+01
      vertex   -4.518244e+01 1.761350e+01 2.600000e+01
      vertex   -4.511261e+01 1.812608e+01 1.379308e+01
    endloop
  endfacet
  facet normal -9.868259e-01 1.617819e-01 1.147583e-03
    outer loop
      vertex   -4.511261e+01 1.812608e+01 1.379308e+01
      vertex   -4.518244e+01 1.761350e+01 2.600000e+01
      vertex   -4.507095e+01 1.829358e+01 2.600000e+01
    endloop
  endfacet
  facet normal -9.476525e-01 3.193013e-01 -1.147583e-03
    outer loop
      vertex   -4.511261e+01 1.812608e+01 1.379308e+01
      vertex   -4.507095e+01 1.829358e+01 2.600000e+01
      vertex   -4.489256e+01 1.877916e+01 1.379308e+01
    endloop
  endfacet
  facet normal -9.289761e-01 3.701379e-01 1.147583e-03
    outer loop
      vertex   -4.489256e+01 1.877916e+01 1.379308e+01
      vertex   -4.507095e+01 1.829358e+01 2.600000e+01
      vertex   -4.481587e+01 1.893379e+01 2.600000e+01
    endloop
  endfacet
  facet normal -8.568566e-01 5.155535e-01 -1.147583e-03
    outer loop
      vertex   -4.489256e+01 1.877916e+01 1.379308e+01
      vertex   -4.481587e+01 1.893379e+01 2.600000e+01
      vertex   -4.453726e+01 1.936967e+01 1.379308e+01
    endloop
  endfacet
  facet normal -8.276885e-01 5.611867e-01 1.147583e-03
    outer loop
      vertex   -4.453726e+01 1.936967e+01 1.379308e+01
      vertex   -4.481587e+01 1.893379e+01 2.600000e+01
      vertex   -4.442912e+01 1.950420e+01 2.600000e+01
    endloop
  endfacet
  facet normal -7.259950e-01 6.876990e-01 -1.147583e-03
    outer loop
      vertex   -4.453726e+01 1.936967e+01 1.379308e+01
      vertex   -4.442912e+01 1.950420e+01 2.600000e+01
      vertex   -4.406333e+01 1.986999e+01 1.379308e+01
    endloop
  endfacet
  facet normal -6.876990e-01 7.259950e-01 1.147583e-03
    outer loop
      vertex   -4.406333e+01 1.986999e+01 1.379308e+01
      vertex   -4.442912e+01 1.950420e+01 2.600000e+01
      vertex   -4.392879e+01 1.997813e+01 2.600000e+01
    endloop
  endfacet
  facet normal -5.611867e-01 8.276885e-01 -1.147583e-03
    outer loop
      vertex   -4.406333e+01 1.986999e+01 1.379308e+01
      vertex   -4.392879e+01 1.997813e+01 2.600000e+01
      vertex   -4.349292e+01 2.025674e+01 1.379308e+01
    endloop
  endfacet
  facet normal -5.155535e-01 8.568566e-01 1.147583e-03
    outer loop
      vertex   -4.349292e+01 2.025674e+01 1.379308e+01
      vertex   -4.392879e+01 1.997813e+01 2.600000e+01
      vertex   -4.333828e+01 2.033343e+01 2.600000e+01
    endloop
  endfacet
  facet normal -3.701379e-01 9.289761e-01 -1.147583e-03
    outer loop
      vertex   -4.349292e+01 2.025674e+01 1.379308e+01
      vertex   -4.333828e+01 2.033343e+01 2.600000e+01
      vertex   -4.285271e+01 2.051182e+01 1.379308e+01
    endloop
  endfacet
  facet normal -3.193013e-01 9.476525e-01 1.147583e-03
    outer loop
      vertex   -4.285271e+01 2.051182e+01 1.379308e+01
      vertex   -4.333828e+01 2.033343e+01 2.600000e+01
      vertex   -4.268520e+01 2.055348e+01 2.600000e+01
    endloop
  endfacet
  facet normal -1.617819e-01 9.868259e-01 -1.147583e-03
    outer loop
      vertex   -4.285271e+01 2.051182e+01 1.379308e+01
      vertex   -4.268520e+01 2.055348e+01 2.600000e+01
      vertex   -4.217263e+01 2.062332e+01 1.379308e+01
    endloop
  endfacet
  facet normal -1.081189e-01 9.941373e-01 1.147583e-03
    outer loop
      vertex   -4.217263e+01 2.062332e+01 1.379308e+01
      vertex   -4.268520e+01 2.055348e+01 2.600000e+01
      vertex   -4.200008e+01 2.062799e+01 2.600000e+01
    endloop
  endfacet
  facet normal -2.707938e-02 9.996333e-01 0.000000e+00
    outer loop
      vertex   -4.217263e+01 2.062332e+01 1.379308e+01
      vertex   -4.200008e+01 2.062799e+01 2.600000e+01
      vertex   -4.200008e+01 2.062799e+01 1.586157e+00
    endloop
  endfacet
  facet normal -1.081189e-01 9.941373e-01 -1.147583e-03
    outer loop
      vertex   -4.200008e+01 2.062799e+01 1.586157e+00
      vertex   -4.268520e+01 2.055348e+01 1.586157e+00
      vertex   -4.217263e+01 2.062332e+01 1.379308e+01
    endloop
  endfacet
  facet normal -1.617819e-01 9.868259e-01 1.147583e-03
    outer loop
      vertex   -4.217263e+01 2.062332e+01 1.379308e+01
      vertex   -4.268520e+01 2.055348e+01 1.586157e+00
      vertex   -4.285271e+01 2.051182e+01 1.379308e+01
    endloop
  endfacet
  facet normal -3.193013e-01 9.476525e-01 -1.147583e-03
    outer loop
      vertex   -4.268520e+01 2.055348e+01 1.586157e+00
      vertex   -4.333828e+01 2.033343e+01 1.586157e+00
      vertex   -4.285271e+01 2.051182e+01 1.379308e+01
    endloop
  endfacet
  facet normal -3.701379e-01 9.289761e-01 1.147583e-03
    outer loop
      vertex   -4.285271e+01 2.051182e+01 1.379308e+01
      vertex   -4.333828e+01 2.033343e+01 1.586157e+00
      vertex   -4.349292e+01 2.025674e+01 1.379308e+01
    endloop
  endfacet
  facet normal -5.155535e-01 8.568566e-01 -1.147583e-03
    outer loop
      vertex   -4.333828e+01 2.033343e+01 1.586157e+00
      vertex   -4.392879e+01 1.997813e+01 1.586157e+00
      vertex   -4.349292e+01 2.025674e+01 1.379308e+01
    endloop
  endfacet
  facet normal -5.611867e-01 8.276885e-01 1.147583e-03
    outer loop
      vertex   -4.349292e+01 2.025674e+01 1.379308e+01
      vertex   -4.392879e+01 1.997813e+01 1.586157e+00
      vertex   -4.406333e+01 1.986999e+01 1.379308e+01
    endloop
  endfacet
  facet normal -6.876990e-01 7.259950e-01 -1.147583e-03
    outer loop
      vertex   -4.392879e+01 1.997813e+01 1.586157e+00
      vertex   -4.442912e+01 1.950420e+01 1.586157e+00
      vertex   -4.406333e+01 1.986999e+01 1.379308e+01
    endloop
  endfacet
  facet normal -7.259950e-01 6.876990e-01 1.147583e-03
    outer loop
      vertex   -4.406333e+01 1.986999e+01 1.379308e+01
      vertex   -4.442912e+01 1.950420e+01 1.586157e+00
      vertex   -4.453726e+01 1.936967e+01 1.379308e+01
    endloop
  endfacet
  facet normal -8.276885e-01 5.611867e-01 -1.147583e-03
    outer loop
      vertex   -4.442912e+01 1.950420e+01 1.586157e+00
      vertex   -4.481587e+01 1.893379e+01 1.586157e+00
      vertex   -4.453726e+01 1.936967e+01 1.379308e+01
    endloop
  endfacet
  facet normal -8.568566e-01 5.155535e-01 1.147583e-03
    outer loop
      vertex   -4.453726e+01 1.936967e+01 1.379308e+01
      vertex   -4.481587e+01 1.893379e+01 1.586157e+00
      vertex   -4.489256e+01 1.877916e+01 1.379308e+01
    endloop
  endfacet
  facet normal -9.289761e-01 3.701379e-01 -1.147583e-03
    outer loop
      vertex   -4.481587e+01 1.893379e+01 1.586157e+00
      vertex   -4.507095e+01 1.829358e+01 1.586157e+00
      vertex   -4.489256e+01 1.877916e+01 1.379308e+01
    endloop
  endfacet
  facet normal -9.476525e-01 3.193013e-01 1.147583e-03
    outer loop
      vertex   -4.489256e+01 1.877916e+01 1.379308e+01
      vertex   -4.507095e+01 1.829358e+01 1.586157e+00
      vertex   -4.511261e+01 1.812608e+01 1.379308e+01
    endloop
  endfacet
  facet normal -9.868259e-01 1.617819e-01 -1.147583e-03
    outer loop
      vertex   -4.507095e+01 1.829358e+01 1.586157e+00
      vertex   -4.518244e+01 1.761350e+01 1.586157e+00
      vertex   -4.511261e+01 1.812608e+01 1.379308e+01
    endloop
  endfacet
  facet normal -9.941373e-01 1.081189e-01 1.147583e-03
    outer loop
      vertex   -4.511261e+01 1.812608e+01 1.379308e+01
      vertex   -4.518244e+01 1.761350e+01 1.586157e+00
      vertex   -4.518712e+01 1.744096e+01 1.379308e+01
    endloop
  endfacet
  facet normal -9.985328e-01 -5.413887e-02 -1.147583e-03
    outer loop
      vertex   -4.518244e+01 1.761350e+01 1.586157e+00
      vertex   -4.514513e+01 1.692535e+01 1.586157e+00
      vertex   -4.518712e+01 1.744096e+01 1.379308e+01
    endloop
  endfacet
  facet normal -9.941373e-01 -1.081189e-01 1.147583e-03
    outer loop
      vertex   -4.518712e+01 1.744096e+01 1.379308e+01
      vertex   -4.514513e+01 1.692535e+01 1.586157e+00
      vertex   -4.511261e+01 1.675584e+01 1.379308e+01
    endloop
  endfacet
  facet normal -9.635494e-01 -2.675282e-01 -1.147583e-03
    outer loop
      vertex   -4.514513e+01 1.692535e+01 1.586157e+00
      vertex   -4.496076e+01 1.626131e+01 1.586157e+00
      vertex   -4.511261e+01 1.675584e+01 1.379308e+01
    endloop
  endfacet
  facet normal -9.476525e-01 -3.193013e-01 1.147583e-03
    outer loop
      vertex   -4.511261e+01 1.675584e+01 1.379308e+01
      vertex   -4.496076e+01 1.626131e+01 1.586157e+00
      vertex   -4.489256e+01 1.610276e+01 1.379308e+01
    endloop
  endfacet
  facet normal -8.835115e-01 -4.684081e-01 -1.147583e-03
    outer loop
      vertex   -4.496076e+01 1.626131e+01 1.586157e+00
      vertex   -4.463796e+01 1.565244e+01 1.586157e+00
      vertex   -4.489256e+01 1.610276e+01 1.379308e+01
    endloop
  endfacet
  facet normal -8.568566e-01 -5.155535e-01 1.147583e-03
    outer loop
      vertex   -4.489256e+01 1.610276e+01 1.379308e+01
      vertex   -4.463796e+01 1.565244e+01 1.586157e+00
      vertex   -4.453726e+01 1.551225e+01 1.379308e+01
    endloop
  endfacet
  facet normal -7.621616e-01 -6.473859e-01 -1.147583e-03
    outer loop
      vertex   -4.463796e+01 1.565244e+01 1.586157e+00
      vertex   -4.419180e+01 1.512719e+01 1.586157e+00
      vertex   -4.453726e+01 1.551225e+01 1.379308e+01
    endloop
  endfacet
  facet normal -7.259950e-01 -6.876990e-01 1.147583e-03
    outer loop
      vertex   -4.453726e+01 1.551225e+01 1.379308e+01
      vertex   -4.419180e+01 1.512719e+01 1.586157e+00
      vertex   -4.406333e+01 1.501192e+01 1.379308e+01
    endloop
  endfacet
  facet normal -6.051738e-01 -7.960925e-01 -1.147583e-03
    outer loop
      vertex   -4.419180e+01 1.512719e+01 1.586157e+00
      vertex   -4.364317e+01 1.471013e+01 1.586157e+00
      vertex   -4.406333e+01 1.501192e+01 1.379308e+01
    endloop
  endfacet
  facet normal -5.611867e-01 -8.276885e-01 1.147583e-03
    outer loop
      vertex   -4.406333e+01 1.501192e+01 1.379308e+01
      vertex   -4.364317e+01 1.471013e+01 1.586157e+00
      vertex   -4.349292e+01 1.462518e+01 1.379308e+01
    endloop
  endfacet
  facet normal -4.198888e-01 -9.075748e-01 -1.147583e-03
    outer loop
      vertex   -4.364317e+01 1.471013e+01 1.586157e+00
      vertex   -4.301771e+01 1.442076e+01 1.586157e+00
      vertex   -4.349292e+01 1.462518e+01 1.379308e+01
    endloop
  endfacet
  facet normal -3.701379e-01 -9.289761e-01 1.147583e-03
    outer loop
      vertex   -4.349292e+01 1.462518e+01 1.379308e+01
      vertex   -4.301771e+01 1.442076e+01 1.586157e+00
      vertex   -4.285271e+01 1.437009e+01 1.379308e+01
    endloop
  endfacet
  facet normal -2.149703e-01 -9.766199e-01 -1.147583e-03
    outer loop
      vertex   -4.301771e+01 1.442076e+01 1.586157e+00
      vertex   -4.234466e+01 1.427261e+01 1.586157e+00
      vertex   -4.285271e+01 1.437009e+01 1.379308e+01
    endloop
  endfacet
  facet normal -1.617819e-01 -9.868259e-01 1.147583e-03
    outer loop
      vertex   -4.285271e+01 1.437009e+01 1.379308e+01
      vertex   -4.234466e+01 1.427261e+01 1.586157e+00
      vertex   -4.217263e+01 1.425860e+01 1.379308e+01
    endloop
  endfacet
  facet normal 0.000000e+00 -9.999993e-01 -1.147583e-03
    outer loop
      vertex   -4.234466e+01 1.427261e+01 1.586157e+00
      vertex   -4.165550e+01 1.427261e+01 1.586157e+00
      vertex   -4.217263e+01 1.425860e+01 1.379308e+01
    endloop
  endfacet
  facet normal 5.413887e-02 -9.985328e-01 1.147583e-03
    outer loop
      vertex   -4.217263e+01 1.425860e+01 1.379308e+01
      vertex   -4.165550e+01 1.427261e+01 1.586157e+00
      vertex   -4.148448e+01 1.429591e+01 1.379308e+01
    endloop
  endfacet
  facet normal 2.149703e-01 -9.766199e-01 -1.147583e-03
    outer loop
      vertex   -4.165550e+01 1.427261e+01 1.586157e+00
      vertex   -4.098246e+01 1.442076e+01 1.586157e+00
      vertex   -4.148448e+01 1.429591e+01 1.379308e+01
    endloop
  endfacet
  facet normal 2.675282e-01 -9.635494e-01 1.147583e-03
    outer loop
      vertex   -4.148448e+01 1.429591e+01 1.379308e+01
      vertex   -4.098246e+01 1.442076e+01 1.586157e+00
      vertex   -4.082044e+01 1.448028e+01 1.379308e+01
    endloop
  endfacet
  facet normal 4.198888e-01 -9.075748e-01 -1.147583e-03
    outer loop
      vertex   -4.098246e+01 1.442076e+01 1.586157e+00
      vertex   -4.035700e+01 1.471013e+01 1.586157e+00
      vertex   -4.082044e+01 1.448028e+01 1.379308e+01
    endloop
  endfacet
  facet normal 4.684081e-01 -8.835115e-01 1.147583e-03
    outer loop
      vertex   -4.082044e+01 1.448028e+01 1.379308e+01
      vertex   -4.035700e+01 1.471013e+01 1.586157e+00
      vertex   -4.021156e+01 1.480309e+01 1.379308e+01
    endloop
  endfacet
  facet normal 6.051738e-01 -7.960925e-01 -1.147583e-03
    outer loop
      vertex   -4.035700e+01 1.471013e+01 1.586157e+00
      vertex   -3.980836e+01 1.512719e+01 1.586157e+00
      vertex   -4.021156e+01 1.480309e+01 1.379308e+01
    endloop
  endfacet
  facet normal 6.473859e-01 -7.621616e-01 1.147583e-03
    outer loop
      vertex   -4.021156e+01 1.480309e+01 1.379308e+01
      vertex   -3.980836e+01 1.512719e+01 1.586157e+00
      vertex   -3.968631e+01 1.524924e+01 1.379308e+01
    endloop
  endfacet
  facet normal 7.621616e-01 -6.473859e-01 -1.147583e-03
    outer loop
      vertex   -3.980836e+01 1.512719e+01 1.586157e+00
      vertex   -3.936221e+01 1.565244e+01 1.586157e+00
      vertex   -3.968631e+01 1.524924e+01 1.379308e+01
    endloop
  endfacet
  facet normal 7.960925e-01 -6.051738e-01 1.147583e-03
    outer loop
      vertex   -3.968631e+01 1.524924e+01 1.379308e+01
      vertex   -3.936221e+01 1.565244e+01 1.586157e+00
      vertex   -3.926925e+01 1.579787e+01 1.379308e+01
    endloop
  endfacet
  facet normal 8.835115e-01 -4.684081e-01 -1.147583e-03
    outer loop
      vertex   -3.936221e+01 1.565244e+01 1.586157e+00
      vertex   -3.903940e+01 1.626131e+01 1.586157e+00
      vertex   -3.926925e+01 1.579787e+01 1.379308e+01
    endloop
  endfacet
  facet normal 9.075748e-01 -4.198888e-01 1.147583e-03
    outer loop
      vertex   -3.926925e+01 1.579787e+01 1.379308e+01
      vertex   -3.903940e+01 1.626131e+01 1.586157e+00
      vertex   -3.897988e+01 1.642333e+01 1.379308e+01
    endloop
  endfacet
  facet normal 9.635494e-01 -2.675282e-01 -1.147583e-03
    outer loop
      vertex   -3.903940e+01 1.626131e+01 1.586157e+00
      vertex   -3.885503e+01 1.692535e+01 1.586157e+00
      vertex   -3.897988e+01 1.642333e+01 1.379308e+01
    endloop
  endfacet
  facet normal 9.766199e-01 -2.149703e-01 1.147583e-03
    outer loop
      vertex   -3.897988e+01 1.642333e+01 1.379308e+01
      vertex   -3.885503e+01 1.692535e+01 1.586157e+00
      vertex   -3.883173e+01 1.709638e+01 1.379308e+01
    endloop
  endfacet
  facet normal 9.985328e-01 -5.413887e-02 -1.147583e-03
    outer loop
      vertex   -3.885503e+01 1.692535e+01 1.586157e+00
      vertex   -3.881772e+01 1.761350e+01 1.586157e+00
      vertex   -3.883173e+01 1.709638e+01 1.379308e+01
    endloop
  endfacet
  facet normal 9.999993e-01 -0.000000e+00 1.147583e-03
    outer loop
      vertex   -3.883173e+01 1.709638e+01 1.379308e+01
      vertex   -3.881772e+01 1.761350e+01 1.586157e+00
      vertex   -3.883173e+01 1.778554e+01 1.379308e+01
    endloop
  endfacet
  facet normal 9.868259e-01 1.617819e-01 -1.147583e-03
    outer loop
      vertex   -3.881772e+01 1.761350e+01 1.586157e+00
      vertex   -3.892922e+01 1.829358e+01 1.586157e+00
      vertex   -3.883173e+01 1.778554e+01 1.379308e+01
    endloop
  endfacet
  facet normal 9.766199e-01 2.149703e-01 1.147583e-03
    outer loop
      vertex   -3.883173e+01 1.778554e+01 1.379308e+01
      vertex   -3.892922e+01 1.829358e+01 1.586157e+00
      vertex   -3.897988e+01 1.845858e+01 1.379308e+01
    endloop
  endfacet
  facet normal 9.289761e-01 3.701379e-01 -1.147583e-03
    outer loop
      vertex   -3.892922e+01 1.829358e+01 1.586157e+00
      vertex   -3.918430e+01 1.893379e+01 1.586157e+00
      vertex   -3.897988e+01 1.845858e+01 1.379308e+01
    endloop
  endfacet
  facet normal 9.075748e-01 4.198888e-01 1.147583e-03
    outer loop
      vertex   -3.897988e+01 1.845858e+01 1.379308e+01
      vertex   -3.918430e+01 1.893379e+01 1.586157e+00
      vertex   -3.926925e+01 1.908404e+01 1.379308e+01
    endloop
  endfacet
  facet normal 8.276885e-01 5.611867e-01 -1.147583e-03
    outer loop
      vertex   -3.918430e+01 1.893379e+01 1.586157e+00
      vertex   -3.957105e+01 1.950420e+01 1.586157e+00
      vertex   -3.926925e+01 1.908404e+01 1.379308e+01
    endloop
  endfacet
  facet normal 7.960925e-01 6.051738e-01 1.147583e-03
    outer loop
      vertex   -3.926925e+01 1.908404e+01 1.379308e+01
      vertex   -3.957105e+01 1.950420e+01 1.586157e+00
      vertex   -3.968631e+01 1.963268e+01 1.379308e+01
    endloop
  endfacet
  facet normal 6.876990e-01 7.259950e-01 -1.147583e-03
    outer loop
      vertex   -3.957105e+01 1.950420e+01 1.586157e+00
      vertex   -4.007137e+01 1.997813e+01 1.586157e+00
      vertex   -3.968631e+01 1.963268e+01 1.379308e+01
    endloop
  endfacet
  facet normal 6.473859e-01 7.621616e-01 1.147583e-03
    outer loop
      vertex   -3.968631e+01 1.963268e+01 1.379308e+01
      vertex   -4.007137e+01 1.997813e+01 1.586157e+00
      vertex   -4.021156e+01 2.007883e+01 1.379308e+01
    endloop
  endfacet
  facet normal 5.155535e-01 8.568566e-01 -1.147583e-03
    outer loop
      vertex   -4.007137e+01 1.997813e+01 1.586157e+00
      vertex   -4.066188e+01 2.033343e+01 1.586157e+00
      vertex   -4.021156e+01 2.007883e+01 1.379308e+01
    endloop
  endfacet
  facet normal 4.684081e-01 8.835115e-01 1.147583e-03
    outer loop
      vertex   -4.021156e+01 2.007883e+01 1.379308e+01
      vertex   -4.066188e+01 2.033343e+01 1.586157e+00
      vertex   -4.082044e+01 2.040164e+01 1.379308e+01
    endloop
  endfacet
  facet normal 3.193013e-01 9.476525e-01 -1.147583e-03
    outer loop
      vertex   -4.066188e+01 2.033343e+01 1.586157e+00
      vertex   -4.131497e+01 2.055348e+01 1.586157e+00
      vertex   -4.082044e+01 2.040164e+01 1.379308e+01
    endloop
  endfacet
  facet normal 2.675282e-01 9.635494e-01 1.147583e-03
    outer loop
      vertex   -4.082044e+01 2.040164e+01 1.379308e+01
      vertex   -4.131497e+01 2.055348e+01 1.586157e+00
      vertex   -4.148448e+01 2.058601e+01 1.379308e+01
    endloop
  endfacet
  facet normal 1.081189e-01 9.941373e-01 -1.147583e-03
    outer loop
      vertex   -4.131497e+01 2.055348e+01 1.586157e+00
      vertex   -4.200008e+01 2.062799e+01 1.586157e+00
      vertex   -4.148448e+01 2.058601e+01 1.379308e+01
    endloop
  endfacet
  facet normal 0.000000e+00 0.000000e+00 -1.000000e+00
    outer loop
      vertex   -4.136153e+01 1.608545e+01 1.586157e+00
      vertex   -4.025282e+01 1.753874e+01 1.586157e+00
      vertex   -4.121113e+01 1.587889e+01 1.586157e+00
    endloop
  endfacet
  facet normal 0.000000e+00 0.000000e+00 -1.000000e+00
    outer loop
      vertex   -4.121113e+01 1.587889e+01 1.586157e+00
      vertex   -4.025282e+01 1.753874e+01 1.586157e+00
      vertex   -3.936221e+01 1.565244e+01 1.586157e+00
    endloop
  endfacet
  facet normal 0.000000e+00 0.000000e+00 -1.000000e+00
    outer loop
      vertex   -4.121113e+01 1.587889e+01 1.586157e+00
      vertex   -3.936221e+01 1.565244e+01 1.586157e+00
      vertex   -3.980836e+01 1.512719e+01 1.586157e+00
    endloop
  endfacet
  facet normal 0.000000e+00 0.000000e+00 -1.000000e+00
    outer loop
      vertex   -4.136153e+01 1.608545e+01 1.586157e+00
      vertex   -4.145467e+01 1.632337e+01 1.586157e+00
      vertex   -4.025282e+01 1.753874e+01 1.586157e+00
    endloop
  endfacet
  facet normal 0.000000e+00 0.000000e+00 -1.000000e+00
    outer loop
      vertex   -4.025282e+01 1.753874e+01 1.586157e+00
      vertex   -4.145467e+01 1.632337e+01 1.586157e+00
      vertex   -4.148448e+01 1.657714e+01 1.586157e+00
    endloop
  endfacet
  facet normal 0.000000e+00 0.000000e+00 -1.000000e+00
    outer loop
      vertex   -4.025282e+01 1.753874e+01 1.586157e+00
      vertex   -4.148448e+01 1.657714e+01 1.586157e+00
      vertex   -4.144900e+01 1.683017e+01 1.586157e+00
    endloop
  endfacet
  facet normal 0.000000e+00 0.000000e+00 -1.000000e+00
    outer loop
      vertex   -4.144900e+01 1.683017e+01 1.586157e+00
      vertex   -4.135056e+01 1.706596e+01 1.586157e+00
      vertex   -4.025282e+01 1.753874e+01 1.586157e+00
    endloop
  endfacet
  facet normal 0.000000e+00 0.000000e+00 -1.000000e+00
    outer loop
      vertex   -4.025282e+01 1.753874e+01 1.586157e+00
      vertex   -4.135056e+01 1.706596e+01 1.586157e+00
      vertex   -4.119559e+01 1.726910e+01 1.586157e+00
    endloop
  endfacet
  facet normal 0.000000e+00 0.000000e+00 -1.000000e+00
    outer loop
      vertex   -4.025282e+01 1.753874e+01 1.586157e+00
      vertex   -4.119559e+01 1.726910e+01 1.586157e+00
      vertex   -4.099419e+01 1.742634e+01 1.586157e+00
    endloop
  endfacet
  facet normal 0.000000e+00 0.000000e+00 -1.000000e+00
    outer loop
      vertex   -4.099419e+01 1.742634e+01 1.586157e+00
      vertex   -4.075952e+01 1.752741e+01 1.586157e+00
      vertex   -4.025282e+01 1.753874e+01 1.586157e+00
    endloop
  endfacet
  facet normal -0.000000e+00 0.000000e+00 -1.000000e+00
    outer loop
      vertex   -4.025282e+01 1.753874e+01 1.586157e+00
      vertex   -4.075952e+01 1.752741e+01 1.586157e+00
      vertex   -4.050690e+01 1.756571e+01 1.586157e+00
    endloop
  endfacet
  facet normal 0.000000e+00 0.000000e+00 -1.000000e+00
    outer loop
      vertex   -4.032303e+01 1.794096e+01 1.586157e+00
      vertex   -3.892922e+01 1.829358e+01 1.586157e+00
      vertex   -4.025282e+01 1.753874e+01 1.586157e+00
    endloop
  endfacet
  facet normal 0.000000e+00 0.000000e+00 -1.000000e+00
    outer loop
      vertex   -4.025282e+01 1.753874e+01 1.586157e+00
      vertex   -3.892922e+01 1.829358e+01 1.586157e+00
      vertex   -3.881772e+01 1.761350e+01 1.586157e+00
    endloop
  endfacet
  facet normal 0.000000e+00 0.000000e+00 -1.000000e+00
    outer loop
      vertex   -4.025282e+01 1.753874e+01 1.586157e+00
      vertex   -3.881772e+01 1.761350e+01 1.586157e+00
      vertex   -3.885503e+01 1.692535e+01 1.586157e+00
    endloop
  endfacet
  facet normal -0.000000e+00 0.000000e+00 -1.000000e+00
    outer loop
      vertex   -3.892922e+01 1.829358e+01 1.586157e+00
      vertex   -4.032303e+01 1.794096e+01 1.586157e+00
      vertex   -3.918430e+01 1.893379e+01 1.586157e+00
    endloop
  endfacet
  facet normal 0.000000e+00 0.000000e+00 -1.000000e+00
    outer loop
      vertex   -3.918430e+01 1.893379e+01 1.586157e+00
      vertex   -4.032303e+01 1.794096e+01 1.586157e+00
      vertex   -4.048454e+01 1.831596e+01 1.586157e+00
    endloop
  endfacet
  facet normal -0.000000e+00 0.000000e+00 -1.000000e+00
    outer loop
      vertex   -3.918430e+01 1.893379e+01 1.586157e+00
      vertex   -4.048454e+01 1.831596e+01 1.586157e+00
      vertex   -3.957105e+01 1.950420e+01 1.586157e+00
    endloop
  endfacet
  facet normal 0.000000e+00 0.000000e+00 -1.000000e+00
    outer loop
      vertex   -3.957105e+01 1.950420e+01 1.586157e+00
      vertex   -4.048454e+01 1.831596e+01 1.586157e+00
      vertex   -4.072855e+01 1.864333e+01 1.586157e+00
    endloop
  endfacet
  facet normal -0.000000e+00 0.000000e+00 -1.000000e+00
    outer loop
      vertex   -3.957105e+01 1.950420e+01 1.586157e+00
      vertex   -4.072855e+01 1.864333e+01 1.586157e+00
      vertex   -4.007137e+01 1.997813e+01 1.586157e+00
    endloop
  endfacet
  facet normal 0.000000e+00 0.000000e+00 -1.000000e+00
    outer loop
      vertex   -4.007137e+01 1.997813e+01 1.586157e+00
      vertex   -4.072855e+01 1.864333e+01 1.586157e+00
      vertex   -4.104177e+01 1.890524e+01 1.586157e+00
    endloop
  endfacet
  facet normal -0.000000e+00 0.000000e+00 -1.000000e+00
    outer loop
      vertex   -4.007137e+01 1.997813e+01 1.586157e+00
      vertex   -4.104177e+01 1.890524e+01 1.586157e+00
      vertex   -4.066188e+01 2.033343e+01 1.586157e+00
    endloop
  endfacet
  facet normal -0.000000e+00 0.000000e+00 -1.000000e+00
    outer loop
      vertex   -4.066188e+01 2.033343e+01 1.586157e+00
      vertex   -4.104177e+01 1.890524e+01 1.586157e+00
      vertex   -4.131497e+01 2.055348e+01 1.586157e+00
    endloop
  endfacet
  facet normal -0.000000e+00 -0.000000e+00 -1.000000e+00
    outer loop
      vertex   -4.131497e+01 2.055348e+01 1.586157e+00
      vertex   -4.104177e+01 1.890524e+01 1.586157e+00
      vertex   -4.200008e+01 2.062799e+01 1.586157e+00
    endloop
  endfacet
  facet normal 0.000000e+00 -0.000000e+00 -1.000000e+00
    outer loop
      vertex   -4.200008e+01 2.062799e+01 1.586157e+00
      vertex   -4.104177e+01 1.890524e+01 1.586157e+00
      vertex   -4.295840e+01 1.890524e+01 1.586157e+00
    endloop
  endfacet
  facet normal 0.000000e+00 0.000000e+00 -1.000000e+00
    outer loop
      vertex   -4.200008e+01 2.062799e+01 1.586157e+00
      vertex   -4.295840e+01 1.890524e+01 1.586157e+00
      vertex   -4.268520e+01 2.055348e+01 1.586157e+00
    endloop
  endfacet
  facet normal 0.000000e+00 0.000000e+00 -1.000000e+00
    outer loop
      vertex   -4.268520e+01 2.055348e+01 1.586157e+00
      vertex   -4.295840e+01 1.890524e+01 1.586157e+00
      vertex   -4.333828e+01 2.033343e+01 1.586157e+00
    endloop
  endfacet
  facet normal 0.000000e+00 -0.000000e+00 -1.000000e+00
    outer loop
      vertex   -4.333828e+01 2.033343e+01 1.586157e+00
      vertex   -4.295840e+01 1.890524e+01 1.586157e+00
      vertex   -4.392879e+01 1.997813e+01 1.586157e+00
    endloop
  endfacet
  facet normal 0.000000e+00 0.000000e+00 -1.000000e+00
    outer loop
      vertex   -4.392879e+01 1.997813e+01 1.586157e+00
      vertex   -4.295840e+01 1.890524e+01 1.586157e+00
      vertex   -4.327162e+01 1.864333e+01 1.586157e+00
    endloop
  endfacet
  facet normal 0.000000e+00 -0.000000e+00 -1.000000e+00
    outer loop
      vertex   -4.392879e+01 1.997813e+01 1.586157e+00
      vertex   -4.327162e+01 1.864333e+01 1.586157e+00
      vertex   -4.442912e+01 1.950420e+01 1.586157e+00
    endloop
  endfacet
  facet normal 0.000000e+00 0.000000e+00 -1.000000e+00
    outer loop
      vertex   -4.442912e+01 1.950420e+01 1.586157e+00
      vertex   -4.327162e+01 1.864333e+01 1.586157e+00
      vertex   -4.351563e+01 1.831596e+01 1.586157e+00
    endloop
  endfacet
  facet normal 0.000000e+00 -0.000000e+00 -1.000000e+00
    outer loop
      vertex   -4.442912e+01 1.950420e+01 1.586157e+00
      vertex   -4.351563e+01 1.831596e+01 1.586157e+00
      vertex   -4.481587e+01 1.893379e+01 1.586157e+00
    endloop
  endfacet
  facet normal 0.000000e+00 0.000000e+00 -1.000000e+00
    outer loop
      vertex   -4.481587e+01 1.893379e+01 1.586157e+00
      vertex   -4.351563e+01 1.831596e+01 1.586157e+00
      vertex   -4.367713e+01 1.794096e+01 1.586157e+00
    endloop
  endfacet
  facet normal 0.000000e+00 -0.000000e+00 -1.000000e+00
    outer loop
      vertex   -4.481587e+01 1.893379e+01 1.586157e+00
      vertex   -4.367713e+01 1.794096e+01 1.586157e+00
      vertex   -4.507095e+01 1.829358e+01 1.586157e+00
    endloop
  endfacet
  facet normal 0.000000e+00 0.000000e+00 -1.000000e+00
    outer loop
      vertex   -4.507095e+01 1.829358e+01 1.586157e+00
      vertex   -4.367713e+01 1.794096e+01 1.586157e+00
      vertex   -4.374735e+01 1.753874e+01 1.586157e+00
    endloop
  endfacet
  facet normal 0.000000e+00 -0.000000e+00 -1.000000e+00
    outer loop
      vertex   -4.507095e+01 1.829358e+01 1.586157e+00
      vertex   -4.374735e+01 1.753874e+01 1.586157e+00
      vertex   -4.518244e+01 1.761350e+01 1.586157e+00
    endloop
  endfacet
  facet normal 0.000000e+00 0.000000e+00 -1.000000e+00
    outer loop
      vertex   -4.518244e+01 1.761350e+01 1.586157e+00
      vertex   -4.374735e+01 1.753874e+01 1.586157e+00
      vertex   -4.514513e+01 1.692535e+01 1.586157e+00
    endloop
  endfacet
  facet normal 0.000000e+00 0.000000e+00 -1.000000e+00
    outer loop
      vertex   -4.514513e+01 1.692535e+01 1.586157e+00
      vertex   -4.374735e+01 1.753874e+01 1.586157e+00
      vertex   -4.496076e+01 1.626131e+01 1.586157e+00
    endloop
  endfacet
  facet normal 0.000000e+00 0.000000e+00 -1.000000e+00
    outer loop
      vertex   -4.496076e+01 1.626131e+01 1.586157e+00
      vertex   -4.374735e+01 1.753874e+01 1.586157e+00
      vertex   -4.463796e+01 1.565244e+01 1.586157e+00
    endloop
  endfacet
  facet normal 0.000000e+00 0.000000e+00 -1.000000e+00
    outer loop
      vertex   -4.463796e+01 1.565244e+01 1.586157e+00
      vertex   -4.374735e+01 1.753874e+01 1.586157e+00
      vertex   -4.278904e+01 1.587889e+01 1.586157e+00
    endloop
  endfacet
  facet normal 0.000000e+00 0.000000e+00 -1.000000e+00
    outer loop
      vertex   -4.463796e+01 1.565244e+01 1.586157e+00
      vertex   -4.278904e+01 1.587889e+01 1.586157e+00
      vertex   -4.419180e+01 1.512719e+01 1.586157e+00
    endloop
  endfacet
  facet normal 0.000000e+00 0.000000e+00 -1.000000e+00
    outer loop
      vertex   -4.419180e+01 1.512719e+01 1.586157e+00
      vertex   -4.278904e+01 1.587889e+01 1.586157e+00
      vertex   -4.364317e+01 1.471013e+01 1.586157e+00
    endloop
  endfacet
  facet normal 0.000000e+00 0.000000e+00 -1.000000e+00
    outer loop
      vertex   -4.364317e+01 1.471013e+01 1.586157e+00
      vertex   -4.278904e+01 1.587889e+01 1.586157e+00
      vertex   -4.301771e+01 1.442076e+01 1.586157e+00
    endloop
  endfacet
  facet normal 0.000000e+00 0.000000e+00 -1.000000e+00
    outer loop
      vertex   -4.301771e+01 1.442076e+01 1.586157e+00
      vertex   -4.278904e+01 1.587889e+01 1.586157e+00
      vertex   -4.240560e+01 1.573859e+01 1.586157e+00
    endloop
  endfacet
  facet normal 0.000000e+00 0.000000e+00 -1.000000e+00
    outer loop
      vertex   -4.301771e+01 1.442076e+01 1.586157e+00
      vertex   -4.240560e+01 1.573859e+01 1.586157e+00
      vertex   -4.234466e+01 1.427261e+01 1.586157e+00
    endloop
  endfacet
  facet normal 0.000000e+00 0.000000e+00 -1.000000e+00
    outer loop
      vertex   -4.234466e+01 1.427261e+01 1.586157e+00
      vertex   -4.240560e+01 1.573859e+01 1.586157e+00
      vertex   -4.200008e+01 1.569096e+01 1.586157e+00
    endloop
  endfacet
  facet normal 0.000000e+00 0.000000e+00 -1.000000e+00
    outer loop
      vertex   -4.234466e+01 1.427261e+01 1.586157e+00
      vertex   -4.200008e+01 1.569096e+01 1.586157e+00
      vertex   -4.165550e+01 1.427261e+01 1.586157e+00
    endloop
  endfacet
  facet normal 0.000000e+00 0.000000e+00 -1.000000e+00
    outer loop
      vertex   -4.165550e+01 1.427261e+01 1.586157e+00
      vertex   -4.200008e+01 1.569096e+01 1.586157e+00
      vertex   -4.159457e+01 1.573859e+01 1.586157e+00
    endloop
  endfacet
  facet normal 0.000000e+00 0.000000e+00 -1.000000e+00
    outer loop
      vertex   -4.165550e+01 1.427261e+01 1.586157e+00
      vertex   -4.159457e+01 1.573859e+01 1.586157e+00
      vertex   -4.098246e+01 1.442076e+01 1.586157e+00
    endloop
  endfacet
  facet normal 0.000000e+00 0.000000e+00 -1.000000e+00
    outer loop
      vertex   -4.098246e+01 1.442076e+01 1.586157e+00
      vertex   -4.159457e+01 1.573859e+01 1.586157e+00
      vertex   -4.121113e+01 1.587889e+01 1.586157e+00
    endloop
  endfacet
  facet normal 0.000000e+00 0.000000e+00 -1.000000e+00
    outer loop
      vertex   -4.098246e+01 1.442076e+01 1.586157e+00
      vertex   -4.121113e+01 1.587889e+01 1.586157e+00
      vertex   -4.035700e+01 1.471013e+01 1.586157e+00
    endloop
  endfacet
  facet normal 0.000000e+00 0.000000e+00 -1.000000e+00
    outer loop
      vertex   -4.035700e+01 1.471013e+01 1.586157e+00
      vertex   -4.121113e+01 1.587889e+01 1.586157e+00
      vertex   -3.980836e+01 1.512719e+01 1.586157e+00
    endloop
  endfacet
  facet normal 0.000000e+00 0.000000e+00 -1.000000e+00
    outer loop
      vertex   -4.295840e+01 1.890524e+01 1.586157e+00
      vertex   -4.104177e+01 1.890524e+01 1.586157e+00
      vertex   -4.285471e+01 1.867172e+01 1.586157e+00
    endloop
  endfacet
  facet normal 0.000000e+00 0.000000e+00 -1.000000e+00
    outer loop
      vertex   -4.285471e+01 1.867172e+01 1.586157e+00
      vertex   -4.104177e+01 1.890524e+01 1.586157e+00
      vertex   -4.114545e+01 1.867172e+01 1.586157e+00
    endloop
  endfacet
  facet normal 0.000000e+00 0.000000e+00 -1.000000e+00
    outer loop
      vertex   -4.285471e+01 1.867172e+01 1.586157e+00
      vertex   -4.114545e+01 1.867172e+01 1.586157e+00
      vertex   -4.269523e+01 1.847209e+01 1.586157e+00
    endloop
  endfacet
  facet normal 0.000000e+00 0.000000e+00 -1.000000e+00
    outer loop
      vertex   -4.269523e+01 1.847209e+01 1.586157e+00
      vertex   -4.114545e+01 1.867172e+01 1.586157e+00
      vertex   -4.130494e+01 1.847209e+01 1.586157e+00
    endloop
  endfacet
  facet normal 0.000000e+00 0.000000e+00 -1.000000e+00
    outer loop
      vertex   -4.269523e+01 1.847209e+01 1.586157e+00
      vertex   -4.130494e+01 1.847209e+01 1.586157e+00
      vertex   -4.249037e+01 1.831940e+01 1.586157e+00
    endloop
  endfacet
  facet normal 0.000000e+00 0.000000e+00 -1.000000e+00
    outer loop
      vertex   -4.249037e+01 1.831940e+01 1.586157e+00
      vertex   -4.130494e+01 1.847209e+01 1.586157e+00
      vertex   -4.150980e+01 1.831940e+01 1.586157e+00
    endloop
  endfacet
  facet normal 0.000000e+00 0.000000e+00 -1.000000e+00
    outer loop
      vertex   -4.249037e+01 1.831940e+01 1.586157e+00
      vertex   -4.150980e+01 1.831940e+01 1.586157e+00
      vertex   -4.225350e+01 1.822360e+01 1.586157e+00
    endloop
  endfacet
  facet normal 0.000000e+00 0.000000e+00 -1.000000e+00
    outer loop
      vertex   -4.225350e+01 1.822360e+01 1.586157e+00
      vertex   -4.150980e+01 1.831940e+01 1.586157e+00
      vertex   -4.174667e+01 1.822360e+01 1.586157e+00
    endloop
  endfacet
  facet normal 0.000000e+00 0.000000e+00 -1.000000e+00
    outer loop
      vertex   -4.225350e+01 1.822360e+01 1.586157e+00
      vertex   -4.174667e+01 1.822360e+01 1.586157e+00
      vertex   -4.200008e+01 1.819096e+01 1.586157e+00
    endloop
  endfacet
  facet normal 0.000000e+00 -0.000000e+00 -1.000000e+00
    outer loop
      vertex   -4.349327e+01 1.756571e+01 1.586157e+00
      vertex   -4.324065e+01 1.752741e+01 1.586157e+00
      vertex   -4.374735e+01 1.753874e+01 1.586157e+00
    endloop
  endfacet
  facet normal 0.000000e+00 0.000000e+00 -1.000000e+00
    outer loop
      vertex   -4.374735e+01 1.753874e+01 1.586157e+00
      vertex   -4.324065e+01 1.752741e+01 1.586157e+00
      vertex   -4.300598e+01 1.742634e+01 1.586157e+00
    endloop
  endfacet
  facet normal 0.000000e+00 0.000000e+00 -1.000000e+00
    outer loop
      vertex   -4.374735e+01 1.753874e+01 1.586157e+00
      vertex   -4.300598e+01 1.742634e+01 1.586157e+00
      vertex   -4.280458e+01 1.726910e+01 1.586157e+00
    endloop
  endfacet
  facet normal -0.000000e+00 -0.000000e+00 -1.000000e+00
    outer loop
      vertex   -4.280458e+01 1.726910e+01 1.586157e+00
      vertex   -4.264960e+01 1.706596e+01 1.586157e+00
      vertex   -4.374735e+01 1.753874e+01 1.586157e+00
    endloop
  endfacet
  facet normal 0.000000e+00 0.000000e+00 -1.000000e+00
    outer loop
      vertex   -4.374735e+01 1.753874e+01 1.586157e+00
      vertex   -4.264960e+01 1.706596e+01 1.586157e+00
      vertex   -4.255116e+01 1.683017e+01 1.586157e+00
    endloop
  endfacet
  facet normal 0.000000e+00 0.000000e+00 -1.000000e+00
    outer loop
      vertex   -4.374735e+01 1.753874e+01 1.586157e+00
      vertex   -4.255116e+01 1.683017e+01 1.586157e+00
      vertex   -4.251569e+01 1.657714e+01 1.586157e+00
    endloop
  endfacet
  facet normal -0.000000e+00 0.000000e+00 -1.000000e+00
    outer loop
      vertex   -4.251569e+01 1.657714e+01 1.586157e+00
      vertex   -4.254550e+01 1.632337e+01 1.586157e+00
      vertex   -4.374735e+01 1.753874e+01 1.586157e+00
    endloop
  endfacet
  facet normal 0.000000e+00 0.000000e+00 -1.000000e+00
    outer loop
      vertex   -4.374735e+01 1.753874e+01 1.586157e+00
      vertex   -4.254550e+01 1.632337e+01 1.586157e+00
      vertex   -4.263864e+01 1.608545e+01 1.586157e+00
    endloop
  endfacet
  facet normal 0.000000e+00 0.000000e+00 -1.000000e+00
    outer loop
      vertex   -4.374735e+01 1.753874e+01 1.586157e+00
      vertex   -4.263864e+01 1.608545e+01 1.586157e+00
      vertex   -4.278904e+01 1.587889e+01 1.586157e+00
    endloop
  endfacet
  facet normal -0.000000e+00 0.000000e+00 -1.000000e+00
    outer loop
      vertex   -3.885503e+01 1.692535e+01 1.586157e+00
      vertex   -3.903940e+01 1.626131e+01 1.586157e+00
      vertex   -4.025282e+01 1.753874e+01 1.586157e+00
    endloop
  endfacet
  facet normal 0.000000e+00 0.000000e+00 -1.000000e+00
    outer loop
      vertex   -4.025282e+01 1.753874e+01 1.586157e+00
      vertex   -3.903940e+01 1.626131e+01 1.586157e+00
      vertex   -3.936221e+01 1.565244e+01 1.586157e+00
    endloop
  endfacet
  facet normal -0.000000e+00 -1.000000e+00 -0.000000e+00
    outer loop
      vertex   -4.200008e+01 2.062799e+01 2.600000e+01
      vertex   -4.518739e+01 2.062799e+01 2.600000e+01
      vertex   -4.200008e+01 2.062799e+01 1.586157e+00
    endloop
  endfacet
  facet normal 0.000000e+00 -1.000000e+00 0.000000e+00
    outer loop
      vertex   -4.200008e+01 2.062799e+01 1.586157e+00
      vertex   -4.518739e+01 2.062799e+01 2.600000e+01
      vertex   -4.518739e+01 2.062799e+01 1.586157e+00
    endloop
  endfacet
  facet normal 9.985334e-01 -5.413891e-02 0.000000e+00
    outer loop
      vertex   4.518707e+01 -4.655918e+01 1.586157e+00
      vertex   4.518707e+01 -4.655918e+01 2.600000e+01
      vertex   4.516839e+01 -4.690375e+01 1.379308e+01
    endloop
  endfacet
  facet normal 9.941368e-01 -1.081189e-01 1.530463e-03
    outer loop
      vertex   4.516839e+01 -4.690375e+01 1.379308e+01
      vertex   4.518707e+01 -4.655918e+01 2.600000e+01
      vertex   4.511256e+01 -4.724429e+01 2.600000e+01
    endloop
  endfacet
  facet normal 9.766194e-01 -2.149702e-01 -1.530463e-03
    outer loop
      vertex   4.516839e+01 -4.690375e+01 1.379308e+01
      vertex   4.511256e+01 -4.724429e+01 2.600000e+01
      vertex   4.502024e+01 -4.757679e+01 1.379308e+01
    endloop
  endfacet
  facet normal 9.476521e-01 -3.193012e-01 1.530463e-03
    outer loop
      vertex   4.502024e+01 -4.757679e+01 1.379308e+01
      vertex   4.511256e+01 -4.724429e+01 2.600000e+01
      vertex   4.489251e+01 -4.789736e+01 2.600000e+01
    endloop
  endfacet
  facet normal 9.075744e-01 -4.198886e-01 -1.530463e-03
    outer loop
      vertex   4.502024e+01 -4.757679e+01 1.379308e+01
      vertex   4.489251e+01 -4.789736e+01 2.600000e+01
      vertex   4.473087e+01 -4.820224e+01 1.379308e+01
    endloop
  endfacet
  facet normal 8.568562e-01 -5.155533e-01 1.530463e-03
    outer loop
      vertex   4.473087e+01 -4.820224e+01 1.379308e+01
      vertex   4.489251e+01 -4.789736e+01 2.600000e+01
      vertex   4.453722e+01 -4.848786e+01 2.600000e+01
    endloop
  endfacet
  facet normal 7.960921e-01 -6.051735e-01 -1.530463e-03
    outer loop
      vertex   4.473087e+01 -4.820224e+01 1.379308e+01
      vertex   4.453722e+01 -4.848786e+01 2.600000e+01
      vertex   4.431382e+01 -4.875087e+01 1.379308e+01
    endloop
  endfacet
  facet normal 7.259946e-01 -6.876987e-01 1.530463e-03
    outer loop
      vertex   4.431382e+01 -4.875087e+01 1.379308e+01
      vertex   4.453722e+01 -4.848786e+01 2.600000e+01
      vertex   4.406329e+01 -4.898818e+01 2.600000e+01
    endloop
  endfacet
  facet normal 6.473855e-01 -7.621612e-01 -1.530463e-03
    outer loop
      vertex   4.431382e+01 -4.875087e+01 1.379308e+01
      vertex   4.406329e+01 -4.898818e+01 2.600000e+01
      vertex   4.378858e+01 -4.919701e+01 1.379308e+01
    endloop
  endfacet
  facet normal 5.611864e-01 -8.276880e-01 1.530463e-03
    outer loop
      vertex   4.378858e+01 -4.919701e+01 1.379308e+01
      vertex   4.406329e+01 -4.898818e+01 2.600000e+01
      vertex   4.349289e+01 -4.937492e+01 2.600000e+01
    endloop
  endfacet
  facet normal 4.684079e-01 -8.835110e-01 -1.530463e-03
    outer loop
      vertex   4.378858e+01 -4.919701e+01 1.379308e+01
      vertex   4.349289e+01 -4.937492e+01 2.600000e+01
      vertex   4.317971e+01 -4.951982e+01 1.379308e+01
    endloop
  endfacet
  facet normal 3.701377e-01 -9.289756e-01 1.530463e-03
    outer loop
      vertex   4.317971e+01 -4.951982e+01 1.379308e+01
      vertex   4.349289e+01 -4.937492e+01 2.600000e+01
      vertex   4.285269e+01 -4.963000e+01 2.600000e+01
    endloop
  endfacet
  facet normal 2.675280e-01 -9.635489e-01 -1.530463e-03
    outer loop
      vertex   4.317971e+01 -4.951982e+01 1.379308e+01
      vertex   4.285269e+01 -4.963000e+01 2.600000e+01
      vertex   4.251568e+01 -4.970418e+01 1.379308e+01
    endloop
  endfacet
  facet normal 1.617818e-01 -9.868254e-01 1.530463e-03
    outer loop
      vertex   4.251568e+01 -4.970418e+01 1.379308e+01
      vertex   4.285269e+01 -4.963000e+01 2.600000e+01
      vertex   4.217262e+01 -4.974149e+01 2.600000e+01
    endloop
  endfacet
  facet normal 5.413885e-02 -9.985322e-01 -1.530463e-03
    outer loop
      vertex   4.251568e+01 -4.970418e+01 1.379308e+01
      vertex   4.217262e+01 -4.974149e+01 2.600000e+01
      vertex   4.182754e+01 -4.974149e+01 1.379308e+01
    endloop
  endfacet
  facet normal -5.413885e-02 -9.985322e-01 1.530463e-03
    outer loop
      vertex   4.182754e+01 -4.974149e+01 1.379308e+01
      vertex   4.217262e+01 -4.974149e+01 2.600000e+01
      vertex   4.148448e+01 -4.970418e+01 2.600000e+01
    endloop
  endfacet
  facet normal -1.617818e-01 -9.868254e-01 -1.530463e-03
    outer loop
      vertex   4.182754e+01 -4.974149e+01 1.379308e+01
      vertex   4.148448e+01 -4.970418e+01 2.600000e+01
      vertex   4.114747e+01 -4.963000e+01 1.379308e+01
    endloop
  endfacet
  facet normal -2.675280e-01 -9.635489e-01 1.530463e-03
    outer loop
      vertex   4.114747e+01 -4.963000e+01 1.379308e+01
      vertex   4.148448e+01 -4.970418e+01 2.600000e+01
      vertex   4.082046e+01 -4.951982e+01 2.600000e+01
    endloop
  endfacet
  facet normal -3.701377e-01 -9.289756e-01 -1.530463e-03
    outer loop
      vertex   4.114747e+01 -4.963000e+01 1.379308e+01
      vertex   4.082046e+01 -4.951982e+01 2.600000e+01
      vertex   4.050727e+01 -4.937492e+01 1.379308e+01
    endloop
  endfacet
  facet normal -4.684079e-01 -8.835110e-01 1.530463e-03
    outer loop
      vertex   4.050727e+01 -4.937492e+01 1.379308e+01
      vertex   4.082046e+01 -4.951982e+01 2.600000e+01
      vertex   4.021159e+01 -4.919701e+01 2.600000e+01
    endloop
  endfacet
  facet normal -5.611864e-01 -8.276880e-01 -1.530463e-03
    outer loop
      vertex   4.050727e+01 -4.937492e+01 1.379308e+01
      vertex   4.021159e+01 -4.919701e+01 2.600000e+01
      vertex   3.993687e+01 -4.898818e+01 1.379308e+01
    endloop
  endfacet
  facet normal -6.473855e-01 -7.621612e-01 1.530463e-03
    outer loop
      vertex   3.993687e+01 -4.898818e+01 1.379308e+01
      vertex   4.021159e+01 -4.919701e+01 2.600000e+01
      vertex   3.968634e+01 -4.875087e+01 2.600000e+01
    endloop
  endfacet
  facet normal -7.259946e-01 -6.876987e-01 -1.530463e-03
    outer loop
      vertex   3.993687e+01 -4.898818e+01 1.379308e+01
      vertex   3.968634e+01 -4.875087e+01 2.600000e+01
      vertex   3.946294e+01 -4.848786e+01 1.379308e+01
    endloop
  endfacet
  facet normal -7.960921e-01 -6.051735e-01 1.530463e-03
    outer loop
      vertex   3.946294e+01 -4.848786e+01 1.379308e+01
      vertex   3.968634e+01 -4.875087e+01 2.600000e+01
      vertex   3.926929e+01 -4.820224e+01 2.600000e+01
    endloop
  endfacet
  facet normal -8.568562e-01 -5.155533e-01 -1.530463e-03
    outer loop
      vertex   3.946294e+01 -4.848786e+01 1.379308e+01
      vertex   3.926929e+01 -4.820224e+01 2.600000e+01
      vertex   3.910765e+01 -4.789736e+01 1.379308e+01
    endloop
  endfacet
  facet normal -9.075744e-01 -4.198886e-01 1.530463e-03
    outer loop
      vertex   3.910765e+01 -4.789736e+01 1.379308e+01
      vertex   3.926929e+01 -4.820224e+01 2.600000e+01
      vertex   3.897992e+01 -4.757679e+01 2.600000e+01
    endloop
  endfacet
  facet normal -9.476521e-01 -3.193012e-01 -1.530463e-03
    outer loop
      vertex   3.910765e+01 -4.789736e+01 1.379308e+01
      vertex   3.897992e+01 -4.757679e+01 2.600000e+01
      vertex   3.888760e+01 -4.724429e+01 1.379308e+01
    endloop
  endfacet
  facet normal -9.766194e-01 -2.149702e-01 1.530463e-03
    outer loop
      vertex   3.888760e+01 -4.724429e+01 1.379308e+01
      vertex   3.897992e+01 -4.757679e+01 2.600000e+01
      vertex   3.883178e+01 -4.690375e+01 2.600000e+01
    endloop
  endfacet
  facet normal -9.941368e-01 -1.081189e-01 -1.530463e-03
    outer loop
      vertex   3.888760e+01 -4.724429e+01 1.379308e+01
      vertex   3.883178e+01 -4.690375e+01 2.600000e+01
      vertex   3.881309e+01 -4.655918e+01 1.379308e+01
    endloop
  endfacet
  facet normal -9.999988e-01 0.000000e+00 1.530463e-03
    outer loop
      vertex   3.881309e+01 -4.655918e+01 1.379308e+01
      vertex   3.883178e+01 -4.690375e+01 2.600000e+01
      vertex   3.883178e+01 -4.621461e+01 2.600000e+01
    endloop
  endfacet
  facet normal -9.941368e-01 1.081189e-01 -1.530463e-03
    outer loop
      vertex   3.881309e+01 -4.655918e+01 1.379308e+01
      vertex   3.883178e+01 -4.621461e+01 2.600000e+01
      vertex   3.888760e+01 -4.587407e+01 1.379308e+01
    endloop
  endfacet
  facet normal -9.766194e-01 2.149702e-01 1.530463e-03
    outer loop
      vertex   3.888760e+01 -4.587407e+01 1.379308e+01
      vertex   3.883178e+01 -4.621461e+01 2.600000e+01
      vertex   3.897992e+01 -4.554157e+01 2.600000e+01
    endloop
  endfacet
  facet normal -9.476521e-01 3.193012e-01 -1.530463e-03
    outer loop
      vertex   3.888760e+01 -4.587407e+01 1.379308e+01
      vertex   3.897992e+01 -4.554157e+01 2.600000e+01
      vertex   3.910765e+01 -4.522100e+01 1.379308e+01
    endloop
  endfacet
  facet normal -9.075744e-01 4.198886e-01 1.530463e-03
    outer loop
      vertex   3.910765e+01 -4.522100e+01 1.379308e+01
      vertex   3.897992e+01 -4.554157e+01 2.600000e+01
      vertex   3.926929e+01 -4.491612e+01 2.600000e+01
    endloop
  endfacet
  facet normal -8.568562e-01 5.155533e-01 -1.530463e-03
    outer loop
      vertex   3.910765e+01 -4.522100e+01 1.379308e+01
      vertex   3.926929e+01 -4.491612e+01 2.600000e+01
      vertex   3.946294e+01 -4.463050e+01 1.379308e+01
    endloop
  endfacet
  facet normal -7.960921e-01 6.051735e-01 1.530463e-03
    outer loop
      vertex   3.946294e+01 -4.463050e+01 1.379308e+01
      vertex   3.926929e+01 -4.491612e+01 2.600000e+01
      vertex   3.968634e+01 -4.436749e+01 2.600000e+01
    endloop
  endfacet
  facet normal -7.259946e-01 6.876987e-01 -1.530463e-03
    outer loop
      vertex   3.946294e+01 -4.463050e+01 1.379308e+01
      vertex   3.968634e+01 -4.436749e+01 2.600000e+01
      vertex   3.993687e+01 -4.413018e+01 1.379308e+01
    endloop
  endfacet
  facet normal -6.473855e-01 7.621612e-01 1.530463e-03
    outer loop
      vertex   3.993687e+01 -4.413018e+01 1.379308e+01
      vertex   3.968634e+01 -4.436749e+01 2.600000e+01
      vertex   4.021159e+01 -4.392135e+01 2.600000e+01
    endloop
  endfacet
  facet normal -5.611864e-01 8.276880e-01 -1.530463e-03
    outer loop
      vertex   3.993687e+01 -4.413018e+01 1.379308e+01
      vertex   4.021159e+01 -4.392135e+01 2.600000e+01
      vertex   4.050727e+01 -4.374344e+01 1.379308e+01
    endloop
  endfacet
  facet normal -4.684079e-01 8.835110e-01 1.530463e-03
    outer loop
      vertex   4.050727e+01 -4.374344e+01 1.379308e+01
      vertex   4.021159e+01 -4.392135e+01 2.600000e+01
      vertex   4.082046e+01 -4.359854e+01 2.600000e+01
    endloop
  endfacet
  facet normal -3.701377e-01 9.289756e-01 -1.530463e-03
    outer loop
      vertex   4.050727e+01 -4.374344e+01 1.379308e+01
      vertex   4.082046e+01 -4.359854e+01 2.600000e+01
      vertex   4.114747e+01 -4.348836e+01 1.379308e+01
    endloop
  endfacet
  facet normal -2.675280e-01 9.635489e-01 1.530463e-03
    outer loop
      vertex   4.114747e+01 -4.348836e+01 1.379308e+01
      vertex   4.082046e+01 -4.359854e+01 2.600000e+01
      vertex   4.148448e+01 -4.341418e+01 2.600000e+01
    endloop
  endfacet
  facet normal -1.617818e-01 9.868254e-01 -1.530463e-03
    outer loop
      vertex   4.114747e+01 -4.348836e+01 1.379308e+01
      vertex   4.148448e+01 -4.341418e+01 2.600000e+01
      vertex   4.182754e+01 -4.337687e+01 1.379308e+01
    endloop
  endfacet
  facet normal -5.413885e-02 9.985322e-01 1.530463e-03
    outer loop
      vertex   4.182754e+01 -4.337687e+01 1.379308e+01
      vertex   4.148448e+01 -4.341418e+01 2.600000e+01
      vertex   4.217262e+01 -4.337687e+01 2.600000e+01
    endloop
  endfacet
  facet normal 5.413885e-02 9.985322e-01 -1.530463e-03
    outer loop
      vertex   4.182754e+01 -4.337687e+01 1.379308e+01
      vertex   4.217262e+01 -4.337687e+01 2.600000e+01
      vertex   4.251568e+01 -4.341418e+01 1.379308e+01
    endloop
  endfacet
  facet normal 1.617818e-01 9.868254e-01 1.530463e-03
    outer loop
      vertex   4.251568e+01 -4.341418e+01 1.379308e+01
      vertex   4.217262e+01 -4.337687e+01 2.600000e+01
      vertex   4.285269e+01 -4.348836e+01 2.600000e+01
    endloop
  endfacet
  facet normal 2.675280e-01 9.635489e-01 -1.530463e-03
    outer loop
      vertex   4.251568e+01 -4.341418e+01 1.379308e+01
      vertex   4.285269e+01 -4.348836e+01 2.600000e+01
      vertex   4.317971e+01 -4.359854e+01 1.379308e+01
    endloop
  endfacet
  facet normal 3.701377e-01 9.289756e-01 1.530463e-03
    outer loop
      vertex   4.317971e+01 -4.359854e+01 1.379308e+01
      vertex   4.285269e+01 -4.348836e+01 2.600000e+01
      vertex   4.349289e+01 -4.374344e+01 2.600000e+01
    endloop
  endfacet
  facet normal 4.684079e-01 8.835110e-01 -1.530463e-03
    outer loop
      vertex   4.317971e+01 -4.359854e+01 1.379308e+01
      vertex   4.349289e+01 -4.374344e+01 2.600000e+01
      vertex   4.378858e+01 -4.392135e+01 1.379308e+01
    endloop
  endfacet
  facet normal 5.611864e-01 8.276880e-01 1.530463e-03
    outer loop
      vertex   4.378858e+01 -4.392135e+01 1.379308e+01
      vertex   4.349289e+01 -4.374344e+01 2.600000e+01
      vertex   4.406329e+01 -4.413018e+01 2.600000e+01
    endloop
  endfacet
  facet normal 6.473855e-01 7.621612e-01 -1.530463e-03
    outer loop
      vertex   4.378858e+01 -4.392135e+01 1.379308e+01
      vertex   4.406329e+01 -4.413018e+01 2.600000e+01
      vertex   4.431382e+01 -4.436749e+01 1.379308e+01
    endloop
  endfacet
  facet normal 7.259946e-01 6.876987e-01 1.530463e-03
    outer loop
      vertex   4.431382e+01 -4.436749e+01 1.379308e+01
      vertex   4.406329e+01 -4.413018e+01 2.600000e+01
      vertex   4.453722e+01 -4.463050e+01 2.600000e+01
    endloop
  endfacet
  facet normal 7.960921e-01 6.051735e-01 -1.530463e-03
    outer loop
      vertex   4.431382e+01 -4.436749e+01 1.379308e+01
      vertex   4.453722e+01 -4.463050e+01 2.600000e+01
      vertex   4.473087e+01 -4.491612e+01 1.379308e+01
    endloop
  endfacet
  facet normal 8.568562e-01 5.155533e-01 1.530463e-03
    outer loop
      vertex   4.473087e+01 -4.491612e+01 1.379308e+01
      vertex   4.453722e+01 -4.463050e+01 2.600000e+01
      vertex   4.489251e+01 -4.522100e+01 2.600000e+01
    endloop
  endfacet
  facet normal 9.075744e-01 4.198886e-01 -1.530463e-03
    outer loop
      vertex   4.473087e+01 -4.491612e+01 1.379308e+01
      vertex   4.489251e+01 -4.522100e+01 2.600000e+01
      vertex   4.502024e+01 -4.554157e+01 1.379308e+01
    endloop
  endfacet
  facet normal 9.476521e-01 3.193012e-01 1.530463e-03
    outer loop
      vertex   4.502024e+01 -4.554157e+01 1.379308e+01
      vertex   4.489251e+01 -4.522100e+01 2.600000e+01
      vertex   4.511256e+01 -4.587407e+01 2.600000e+01
    endloop
  endfacet
  facet normal 9.766194e-01 2.149702e-01 -1.530463e-03
    outer loop
      vertex   4.502024e+01 -4.554157e+01 1.379308e+01
      vertex   4.511256e+01 -4.587407e+01 2.600000e+01
      vertex   4.516839e+01 -4.621461e+01 1.379308e+01
    endloop
  endfacet
  facet normal 9.941368e-01 1.081189e-01 1.530463e-03
    outer loop
      vertex   4.516839e+01 -4.621461e+01 1.379308e+01
      vertex   4.511256e+01 -4.587407e+01 2.600000e+01
      vertex   4.518707e+01 -4.655918e+01 2.600000e+01
    endloop
  endfacet
  facet normal 9.985334e-01 5.413891e-02 0.000000e+00
    outer loop
      vertex   4.516839e+01 -4.621461e+01 1.379308e+01
      vertex   4.518707e+01 -4.655918e+01 2.600000e+01
      vertex   4.518707e+01 -4.655918e+01 1.586157e+00
    endloop
  endfacet
  facet normal 9.941368e-01 1.081189e-01 -1.530463e-03
    outer loop
      vertex   4.518707e+01 -4.655918e+01 1.586157e+00
      vertex   4.511256e+01 -4.587407e+01 1.586157e+00
      vertex   4.516839e+01 -4.621461e+01 1.379308e+01
    endloop
  endfacet
  facet normal 9.766194e-01 2.149702e-01 1.530463e-03
    outer loop
      vertex   4.516839e+01 -4.621461e+01 1.379308e+01
      vertex   4.511256e+01 -4.587407e+01 1.586157e+00
      vertex   4.502024e+01 -4.554157e+01 1.379308e+01
    endloop
  endfacet
  facet normal 9.476521e-01 3.193012e-01 -1.530463e-03
    outer loop
      vertex   4.511256e+01 -4.587407e+01 1.586157e+00
      vertex   4.489251e+01 -4.522100e+01 1.586157e+00
      vertex   4.502024e+01 -4.554157e+01 1.379308e+01
    endloop
  endfacet
  facet normal 9.075744e-01 4.198886e-01 1.530463e-03
    outer loop
      vertex   4.502024e+01 -4.554157e+01 1.379308e+01
      vertex   4.489251e+01 -4.522100e+01 1.586157e+00
      vertex   4.473087e+01 -4.491612e+01 1.379308e+01
    endloop
  endfacet
  facet normal 8.568562e-01 5.155533e-01 -1.530463e-03
    outer loop
      vertex   4.489251e+01 -4.522100e+01 1.586157e+00
      vertex   4.453722e+01 -4.463050e+01 1.586157e+00
      vertex   4.473087e+01 -4.491612e+01 1.379308e+01
    endloop
  endfacet
  facet normal 7.960921e-01 6.051735e-01 1.530463e-03
    outer loop
      vertex   4.473087e+01 -4.491612e+01 1.379308e+01
      vertex   4.453722e+01 -4.463050e+01 1.586157e+00
      vertex   4.431382e+01 -4.436749e+01 1.379308e+01
    endloop
  endfacet
  facet normal 7.259946e-01 6.876987e-01 -1.530463e-03
    outer loop
      vertex   4.453722e+01 -4.463050e+01 1.586157e+00
      vertex   4.406329e+01 -4.413018e+01 1.586157e+00
      vertex   4.431382e+01 -4.436749e+01 1.379308e+01
    endloop
  endfacet
  facet normal 6.473855e-01 7.621612e-01 1.530463e-03
    outer loop
      vertex   4.431382e+01 -4.436749e+01 1.379308e+01
      vertex   4.406329e+01 -4.413018e+01 1.586157e+00
      vertex   4.378858e+01 -4.392135e+01 1.379308e+01
    endloop
  endfacet
  facet normal 5.611864e-01 8.276880e-01 -1.530463e-03
    outer loop
      vertex   4.406329e+01 -4.413018e+01 1.586157e+00
      vertex   4.349289e+01 -4.374344e+01 1.586157e+00
      vertex   4.378858e+01 -4.392135e+01 1.379308e+01
    endloop
  endfacet
  facet normal 4.684079e-01 8.835110e-01 1.530463e-03
    outer loop
      vertex   4.378858e+01 -4.392135e+01 1.379308e+01
      vertex   4.349289e+01 -4.374344e+01 1.586157e+00
      vertex   4.317971e+01 -4.359854e+01 1.379308e+01
    endloop
  endfacet
  facet normal 3.701377e-01 9.289756e-01 -1.530463e-03
    outer loop
      vertex   4.349289e+01 -4.374344e+01 1.586157e+00
      vertex   4.285269e+01 -4.348836e+01 1.586157e+00
      vertex   4.317971e+01 -4.359854e+01 1.379308e+01
    endloop
  endfacet
  facet normal 2.675280e-01 9.635489e-01 1.530463e-03
    outer loop
      vertex   4.317971e+01 -4.359854e+01 1.379308e+01
      vertex   4.285269e+01 -4.348836e+01 1.586157e+00
      vertex   4.251568e+01 -4.341418e+01 1.379308e+01
    endloop
  endfacet
  facet normal 1.617818e-01 9.868254e-01 -1.530463e-03
    outer loop
      vertex   4.285269e+01 -4.348836e+01 1.586157e+00
      vertex   4.217262e+01 -4.337687e+01 1.586157e+00
      vertex   4.251568e+01 -4.341418e+01 1.379308e+01
    endloop
  endfacet
  facet normal 5.413885e-02 9.985322e-01 1.530463e-03
    outer loop
      vertex   4.251568e+01 -4.341418e+01 1.379308e+01
      vertex   4.217262e+01 -4.337687e+01 1.586157e+00
      vertex   4.182754e+01 -4.337687e+01 1.379308e+01
    endloop
  endfacet
  facet normal -5.413885e-02 9.985322e-01 -1.530463e-03
    outer loop
      vertex   4.217262e+01 -4.337687e+01 1.586157e+00
      vertex   4.148448e+01 -4.341418e+01 1.586157e+00
      vertex   4.182754e+01 -4.337687e+01 1.379308e+01
    endloop
  endfacet
  facet normal -1.617818e-01 9.868254e-01 1.530463e-03
    outer loop
      vertex   4.182754e+01 -4.337687e+01 1.379308e+01
      vertex   4.148448e+01 -4.341418e+01 1.586157e+00
      vertex   4.114747e+01 -4.348836e+01 1.379308e+01
    endloop
  endfacet
  facet normal -2.675280e-01 9.635489e-01 -1.530463e-03
    outer loop
      vertex   4.148448e+01 -4.341418e+01 1.586157e+00
      vertex   4.082046e+01 -4.359854e+01 1.586157e+00
      vertex   4.114747e+01 -4.348836e+01 1.379308e+01
    endloop
  endfacet
  facet normal -3.701377e-01 9.289756e-01 1.530463e-03
    outer loop
      vertex   4.114747e+01 -4.348836e+01 1.379308e+01
      vertex   4.082046e+01 -4.359854e+01 1.586157e+00
      vertex   4.050727e+01 -4.374344e+01 1.379308e+01
    endloop
  endfacet
  facet normal -4.684079e-01 8.835110e-01 -1.530463e-03
    outer loop
      vertex   4.082046e+01 -4.359854e+01 1.586157e+00
      vertex   4.021159e+01 -4.392135e+01 1.586157e+00
      vertex   4.050727e+01 -4.374344e+01 1.379308e+01
    endloop
  endfacet
  facet normal -5.611864e-01 8.276880e-01 1.530463e-03
    outer loop
      vertex   4.050727e+01 -4.374344e+01 1.379308e+01
      vertex   4.021159e+01 -4.392135e+01 1.586157e+00
      vertex   3.993687e+01 -4.413018e+01 1.379308e+01
    endloop
  endfacet
  facet normal -6.473855e-01 7.621612e-01 -1.530463e-03
    outer loop
      vertex   4.021159e+01 -4.392135e+01 1.586157e+00
      vertex   3.968634e+01 -4.436749e+01 1.586157e+00
      vertex   3.993687e+01 -4.413018e+01 1.379308e+01
    endloop
  endfacet
  facet normal -7.259946e-01 6.876987e-01 1.530463e-03
    outer loop
      vertex   3.993687e+01 -4.413018e+01 1.379308e+01
      vertex   3.968634e+01 -4.436749e+01 1.586157e+00
      vertex   3.946294e+01 -4.463050e+01 1.379308e+01
    endloop
  endfacet
  facet normal -7.960921e-01 6.051735e-01 -1.530463e-03
    outer loop
      vertex   3.968634e+01 -4.436749e+01 1.586157e+00
      vertex   3.926929e+01 -4.491612e+01 1.586157e+00
      vertex   3.946294e+01 -4.463050e+01 1.379308e+01
    endloop
  endfacet
  facet normal -8.568562e-01 5.155533e-01 1.530463e-03
    outer loop
      vertex   3.946294e+01 -4.463050e+01 1.379308e+01
      vertex   3.926929e+01 -4.491612e+01 1.586157e+00
      vertex   3.910765e+01 -4.522100e+01 1.379308e+01
    endloop
  endfacet
  facet normal -9.075744e-01 4.198886e-01 -1.530463e-03
    outer loop
      vertex   3.926929e+01 -4.491612e+01 1.586157e+00
      vertex   3.897992e+01 -4.554157e+01 1.586157e+00
      vertex   3.910765e+01 -4.522100e+01 1.379308e+01
    endloop
  endfacet
  facet normal -9.476521e-01 3.193012e-01 1.530463e-03
    outer loop
      vertex   3.910765e+01 -4.522100e+01 1.379308e+01
      vertex   3.897992e+01 -4.554157e+01 1.586157e+00
      vertex   3.888760e+01 -4.587407e+01 1.379308e+01
    endloop
  endfacet
  facet normal -9.766194e-01 2.149702e-01 -1.530463e-03
    outer loop
      vertex   3.897992e+01 -4.554157e+01 1.586157e+00
      vertex   3.883178e+01 -4.621461e+01 1.586157e+00
      vertex   3.888760e+01 -4.587407e+01 1.379308e+01
    endloop
  endfacet
  facet normal -9.941368e-01 1.081189e-01 1.530463e-03
    outer loop
      vertex   3.888760e+01 -4.587407e+01 1.379308e+01
      vertex   3.883178e+01 -4.621461e+01 1.586157e+00
      vertex   3.881309e+01 -4.655918e+01 1.379308e+01
    endloop
  endfacet
  facet normal -9.999988e-01 -0.000000e+00 -1.530463e-03
    outer loop
      vertex   3.883178e+01 -4.621461e+01 1.586157e+00
      vertex   3.883178e+01 -4.690375e+01 1.586157e+00
      vertex   3.881309e+01 -4.655918e+01 1.379308e+01
    endloop
  endfacet
  facet normal -9.941368e-01 -1.081189e-01 1.530463e-03
    outer loop
      vertex   3.881309e+01 -4.655918e+01 1.379308e+01
      vertex   3.883178e+01 -4.690375e+01 1.586157e+00
      vertex   3.888760e+01 -4.724429e+01 1.379308e+01
    endloop
  endfacet
  facet normal -9.766194e-01 -2.149702e-01 -1.530463e-03
    outer loop
      vertex   3.883178e+01 -4.690375e+01 1.586157e+00
      vertex   3.897992e+01 -4.757679e+01 1.586157e+00
      vertex   3.888760e+01 -4.724429e+01 1.379308e+01
    endloop
  endfacet
  facet normal -9.476521e-01 -3.193012e-01 1.530463e-03
    outer loop
      vertex   3.888760e+01 -4.724429e+01 1.379308e+01
      vertex   3.897992e+01 -4.757679e+01 1.586157e+00
      vertex   3.910765e+01 -4.789736e+01 1.379308e+01
    endloop
  endfacet
  facet normal -9.075744e-01 -4.198886e-01 -1.530463e-03
    outer loop
      vertex   3.897992e+01 -4.757679e+01 1.586157e+00
      vertex   3.926929e+01 -4.820224e+01 1.586157e+00
      vertex   3.910765e+01 -4.789736e+01 1.379308e+01
    endloop
  endfacet
  facet normal -8.568562e-01 -5.155533e-01 1.530463e-03
    outer loop
      vertex   3.910765e+01 -4.789736e+01 1.379308e+01
      vertex   3.926929e+01 -4.820224e+01 1.586157e+00
      vertex   3.946294e+01 -4.848786e+01 1.379308e+01
    endloop
  endfacet
  facet normal -7.960921e-01 -6.051735e-01 -1.530463e-03
    outer loop
      vertex   3.926929e+01 -4.820224e+01 1.586157e+00
      vertex   3.968634e+01 -4.875087e+01 1.586157e+00
      vertex   3.946294e+01 -4.848786e+01 1.379308e+01
    endloop
  endfacet
  facet normal -7.259946e-01 -6.876987e-01 1.530463e-03
    outer loop
      vertex   3.946294e+01 -4.848786e+01 1.379308e+01
      vertex   3.968634e+01 -4.875087e+01 1.586157e+00
      vertex   3.993687e+01 -4.898818e+01 1.379308e+01
    endloop
  endfacet
  facet normal -6.473855e-01 -7.621612e-01 -1.530463e-03
    outer loop
      vertex   3.968634e+01 -4.875087e+01 1.586157e+00
      vertex   4.021159e+01 -4.919701e+01 1.586157e+00
      vertex   3.993687e+01 -4.898818e+01 1.379308e+01
    endloop
  endfacet
  facet normal -5.611864e-01 -8.276880e-01 1.530463e-03
    outer loop
      vertex   3.993687e+01 -4.898818e+01 1.379308e+01
      vertex   4.021159e+01 -4.919701e+01 1.586157e+00
      vertex   4.050727e+01 -4.937492e+01 1.379308e+01
    endloop
  endfacet
  facet normal -4.684079e-01 -8.835110e-01 -1.530463e-03
    outer loop
      vertex   4.021159e+01 -4.919701e+01 1.586157e+00
      vertex   4.082046e+01 -4.951982e+01 1.586157e+00
      vertex   4.050727e+01 -4.937492e+01 1.379308e+01
    endloop
  endfacet
  facet normal -3.701377e-01 -9.289756e-01 1.530463e-03
    outer loop
      vertex   4.050727e+01 -4.937492e+01 1.379308e+01
      vertex   4.082046e+01 -4.951982e+01 1.586157e+00
      vertex   4.114747e+01 -4.963000e+01 1.379308e+01
    endloop
  endfacet
  facet normal -2.675280e-01 -9.635489e-01 -1.530463e-03
    outer loop
      vertex   4.082046e+01 -4.951982e+01 1.586157e+00
      vertex   4.148448e+01 -4.970418e+01 1.586157e+00
      vertex   4.114747e+01 -4.963000e+01 1.379308e+01
    endloop
  endfacet
  facet normal -1.617818e-01 -9.868254e-01 1.530463e-03
    outer loop
      vertex   4.114747e+01 -4.963000e+01 1.379308e+01
      vertex   4.148448e+01 -4.970418e+01 1.586157e+00
      vertex   4.182754e+01 -4.974149e+01 1.379308e+01
    endloop
  endfacet
  facet normal -5.413885e-02 -9.985322e-01 -1.530463e-03
    outer loop
      vertex   4.148448e+01 -4.970418e+01 1.586157e+00
      vertex   4.217262e+01 -4.974149e+01 1.586157e+00
      vertex   4.182754e+01 -4.974149e+01 1.379308e+01
    endloop
  endfacet
  facet normal 5.413885e-02 -9.985322e-01 1.530463e-03
    outer loop
      vertex   4.182754e+01 -4.974149e+01 1.379308e+01
      vertex   4.217262e+01 -4.974149e+01 1.586157e+00
      vertex   4.251568e+01 -4.970418e+01 1.379308e+01
    endloop
  endfacet
  facet normal 1.617818e-01 -9.868254e-01 -1.530463e-03
    outer loop
      vertex   4.217262e+01 -4.974149e+01 1.586157e+00
      vertex   4.285269e+01 -4.963000e+01 1.586157e+00
      vertex   4.251568e+01 -4.970418e+01 1.379308e+01
    endloop
  endfacet
  facet normal 2.675280e-01 -9.635489e-01 1.530463e-03
    outer loop
      vertex   4.251568e+01 -4.970418e+01 1.379308e+01
      vertex   4.285269e+01 -4.963000e+01 1.586157e+00
      vertex   4.317971e+01 -4.951982e+01 1.379308e+01
    endloop
  endfacet
  facet normal 3.701377e-01 -9.289756e-01 -1.530463e-03
    outer loop
      vertex   4.285269e+01 -4.963000e+01 1.586157e+00
      vertex   4.349289e+01 -4.937492e+01 1.586157e+00
      vertex   4.317971e+01 -4.951982e+01 1.379308e+01
    endloop
  endfacet
  facet normal 4.684079e-01 -8.835110e-01 1.530463e-03
    outer loop
      vertex   4.317971e+01 -4.951982e+01 1.379308e+01
      vertex   4.349289e+01 -4.937492e+01 1.586157e+00
      vertex   4.378858e+01 -4.919701e+01 1.379308e+01
    endloop
  endfacet
  facet normal 5.611864e-01 -8.276880e-01 -1.530463e-03
    outer loop
      vertex   4.349289e+01 -4.937492e+01 1.586157e+00
      vertex   4.406329e+01 -4.898818e+01 1.586157e+00
      vertex   4.378858e+01 -4.919701e+01 1.379308e+01
    endloop
  endfacet
  facet normal 6.473855e-01 -7.621612e-01 1.530463e-03
    outer loop
      vertex   4.378858e+01 -4.919701e+01 1.379308e+01
      vertex   4.406329e+01 -4.898818e+01 1.586157e+00
      vertex   4.431382e+01 -4.875087e+01 1.379308e+01
    endloop
  endfacet
  facet normal 7.259946e-01 -6.876987e-01 -1.530463e-03
    outer loop
      vertex   4.406329e+01 -4.898818e+01 1.586157e+00
      vertex   4.453722e+01 -4.848786e+01 1.586157e+00
      vertex   4.431382e+01 -4.875087e+01 1.379308e+01
    endloop
  endfacet
  facet normal 7.960921e-01 -6.051735e-01 1.530463e-03
    outer loop
      vertex   4.431382e+01 -4.875087e+01 1.379308e+01
      vertex   4.453722e+01 -4.848786e+01 1.586157e+00
      vertex   4.473087e+01 -4.820224e+01 1.379308e+01
    endloop
  endfacet
  facet normal 8.568562e-01 -5.155533e-01 -1.530463e-03
    outer loop
      vertex   4.453722e+01 -4.848786e+01 1.586157e+00
      vertex   4.489251e+01 -4.789736e+01 1.586157e+00
      vertex   4.473087e+01 -4.820224e+01 1.379308e+01
    endloop
  endfacet
  facet normal 9.075744e-01 -4.198886e-01 1.530463e-03
    outer loop
      vertex   4.473087e+01 -4.820224e+01 1.379308e+01
      vertex   4.489251e+01 -4.789736e+01 1.586157e+00
      vertex   4.502024e+01 -4.757679e+01 1.379308e+01
    endloop
  endfacet
  facet normal 9.476521e-01 -3.193012e-01 -1.530463e-03
    outer loop
      vertex   4.489251e+01 -4.789736e+01 1.586157e+00
      vertex   4.511256e+01 -4.724429e+01 1.586157e+00
      vertex   4.502024e+01 -4.757679e+01 1.379308e+01
    endloop
  endfacet
  facet normal 9.766194e-01 -2.149702e-01 1.530463e-03
    outer loop
      vertex   4.502024e+01 -4.757679e+01 1.379308e+01
      vertex   4.511256e+01 -4.724429e+01 1.586157e+00
      vertex   4.516839e+01 -4.690375e+01 1.379308e+01
    endloop
  endfacet
  facet normal 9.941368e-01 -1.081189e-01 -1.530463e-03
    outer loop
      vertex   4.511256e+01 -4.724429e+01 1.586157e+00
      vertex   4.518707e+01 -4.655918e+01 1.586157e+00
      vertex   4.516839e+01 -4.690375e+01 1.379308e+01
    endloop
  endfacet
  facet normal 0.000000e+00 0.000000e+00 -1.000000e+00
    outer loop
      vertex   4.349327e+01 -4.668393e+01 1.586157e+00
      vertex   4.278903e+01 -4.499711e+01 1.586157e+00
      vertex   4.374735e+01 -4.665696e+01 1.586157e+00
    endloop
  endfacet
  facet normal 0.000000e+00 0.000000e+00 -1.000000e+00
    outer loop
      vertex   4.374735e+01 -4.665696e+01 1.586157e+00
      vertex   4.278903e+01 -4.499711e+01 1.586157e+00
      vertex   4.489251e+01 -4.522100e+01 1.586157e+00
    endloop
  endfacet
  facet normal 0.000000e+00 0.000000e+00 -1.000000e+00
    outer loop
      vertex   4.374735e+01 -4.665696e+01 1.586157e+00
      vertex   4.489251e+01 -4.522100e+01 1.586157e+00
      vertex   4.511256e+01 -4.587407e+01 1.586157e+00
    endloop
  endfacet
  facet normal 0.000000e+00 0.000000e+00 -1.000000e+00
    outer loop
      vertex   4.349327e+01 -4.668393e+01 1.586157e+00
      vertex   4.324064e+01 -4.664563e+01 1.586157e+00
      vertex   4.278903e+01 -4.499711e+01 1.586157e+00
    endloop
  endfacet
  facet normal 0.000000e+00 0.000000e+00 -1.000000e+00
    outer loop
      vertex   4.278903e+01 -4.499711e+01 1.586157e+00
      vertex   4.324064e+01 -4.664563e+01 1.586157e+00
      vertex   4.300597e+01 -4.654456e+01 1.586157e+00
    endloop
  endfacet
  facet normal 0.000000e+00 0.000000e+00 -1.000000e+00
    outer loop
      vertex   4.278903e+01 -4.499711e+01 1.586157e+00
      vertex   4.300597e+01 -4.654456e+01 1.586157e+00
      vertex   4.280458e+01 -4.638732e+01 1.586157e+00
    endloop
  endfacet
  facet normal 0.000000e+00 0.000000e+00 -1.000000e+00
    outer loop
      vertex   4.280458e+01 -4.638732e+01 1.586157e+00
      vertex   4.264960e+01 -4.618418e+01 1.586157e+00
      vertex   4.278903e+01 -4.499711e+01 1.586157e+00
    endloop
  endfacet
  facet normal 0.000000e+00 0.000000e+00 -1.000000e+00
    outer loop
      vertex   4.278903e+01 -4.499711e+01 1.586157e+00
      vertex   4.264960e+01 -4.618418e+01 1.586157e+00
      vertex   4.263864e+01 -4.520367e+01 1.586157e+00
    endloop
  endfacet
  facet normal 0.000000e+00 -0.000000e+00 -1.000000e+00
    outer loop
      vertex   4.263864e+01 -4.520367e+01 1.586157e+00
      vertex   4.264960e+01 -4.618418e+01 1.586157e+00
      vertex   4.255116e+01 -4.594839e+01 1.586157e+00
    endloop
  endfacet
  facet normal 0.000000e+00 0.000000e+00 -1.000000e+00
    outer loop
      vertex   4.263864e+01 -4.520367e+01 1.586157e+00
      vertex   4.255116e+01 -4.594839e+01 1.586157e+00
      vertex   4.254550e+01 -4.544160e+01 1.586157e+00
    endloop
  endfacet
  facet normal 0.000000e+00 -0.000000e+00 -1.000000e+00
    outer loop
      vertex   4.254550e+01 -4.544160e+01 1.586157e+00
      vertex   4.255116e+01 -4.594839e+01 1.586157e+00
      vertex   4.251569e+01 -4.569536e+01 1.586157e+00
    endloop
  endfacet
  facet normal 0.000000e+00 0.000000e+00 -1.000000e+00
    outer loop
      vertex   4.240559e+01 -4.485681e+01 1.586157e+00
      vertex   4.285269e+01 -4.348836e+01 1.586157e+00
      vertex   4.278903e+01 -4.499711e+01 1.586157e+00
    endloop
  endfacet
  facet normal 0.000000e+00 0.000000e+00 -1.000000e+00
    outer loop
      vertex   4.278903e+01 -4.499711e+01 1.586157e+00
      vertex   4.285269e+01 -4.348836e+01 1.586157e+00
      vertex   4.349289e+01 -4.374344e+01 1.586157e+00
    endloop
  endfacet
  facet normal 0.000000e+00 0.000000e+00 -1.000000e+00
    outer loop
      vertex   4.278903e+01 -4.499711e+01 1.586157e+00
      vertex   4.349289e+01 -4.374344e+01 1.586157e+00
      vertex   4.406329e+01 -4.413018e+01 1.586157e+00
    endloop
  endfacet
  facet normal -0.000000e+00 0.000000e+00 -1.000000e+00
    outer loop
      vertex   4.285269e+01 -4.348836e+01 1.586157e+00
      vertex   4.240559e+01 -4.485681e+01 1.586157e+00
      vertex   4.217262e+01 -4.337687e+01 1.586157e+00
    endloop
  endfacet
  facet normal 0.000000e+00 -0.000000e+00 -1.000000e+00
    outer loop
      vertex   4.217262e+01 -4.337687e+01 1.586157e+00
      vertex   4.240559e+01 -4.485681e+01 1.586157e+00
      vertex   4.200008e+01 -4.480918e+01 1.586157e+00
    endloop
  endfacet
  facet normal 0.000000e+00 0.000000e+00 -1.000000e+00
    outer loop
      vertex   4.217262e+01 -4.337687e+01 1.586157e+00
      vertex   4.200008e+01 -4.480918e+01 1.586157e+00
      vertex   4.148448e+01 -4.341418e+01 1.586157e+00
    endloop
  endfacet
  facet normal 0.000000e+00 0.000000e+00 -1.000000e+00
    outer loop
      vertex   4.148448e+01 -4.341418e+01 1.586157e+00
      vertex   4.200008e+01 -4.480918e+01 1.586157e+00
      vertex   4.159457e+01 -4.485681e+01 1.586157e+00
    endloop
  endfacet
  facet normal 0.000000e+00 -0.000000e+00 -1.000000e+00
    outer loop
      vertex   4.148448e+01 -4.341418e+01 1.586157e+00
      vertex   4.159457e+01 -4.485681e+01 1.586157e+00
      vertex   4.082046e+01 -4.359854e+01 1.586157e+00
    endloop
  endfacet
  facet normal 0.000000e+00 0.000000e+00 -1.000000e+00
    outer loop
      vertex   4.082046e+01 -4.359854e+01 1.586157e+00
      vertex   4.159457e+01 -4.485681e+01 1.586157e+00
      vertex   4.121113e+01 -4.499711e+01 1.586157e+00
    endloop
  endfacet
  facet normal 0.000000e+00 -0.000000e+00 -1.000000e+00
    outer loop
      vertex   4.082046e+01 -4.359854e+01 1.586157e+00
      vertex   4.121113e+01 -4.499711e+01 1.586157e+00
      vertex   4.021159e+01 -4.392135e+01 1.586157e+00
    endloop
  endfacet
  facet normal 0.000000e+00 -0.000000e+00 -1.000000e+00
    outer loop
      vertex   4.021159e+01 -4.392135e+01 1.586157e+00
      vertex   4.121113e+01 -4.499711e+01 1.586157e+00
      vertex   3.968634e+01 -4.436749e+01 1.586157e+00
    endloop
  endfacet
  facet normal 0.000000e+00 -0.000000e+00 -1.000000e+00
    outer loop
      vertex   3.968634e+01 -4.436749e+01 1.586157e+00
      vertex   4.121113e+01 -4.499711e+01 1.586157e+00
      vertex   3.926929e+01 -4.491612e+01 1.586157e+00
    endloop
  endfacet
  facet normal 0.000000e+00 0.000000e+00 -1.000000e+00
    outer loop
      vertex   3.926929e+01 -4.491612e+01 1.586157e+00
      vertex   4.121113e+01 -4.499711e+01 1.586157e+00
      vertex   4.025282e+01 -4.665696e+01 1.586157e+00
    endloop
  endfacet
  facet normal 0.000000e+00 -0.000000e+00 -1.000000e+00
    outer loop
      vertex   3.926929e+01 -4.491612e+01 1.586157e+00
      vertex   4.025282e+01 -4.665696e+01 1.586157e+00
      vertex   3.897992e+01 -4.554157e+01 1.586157e+00
    endloop
  endfacet
  facet normal 0.000000e+00 -0.000000e+00 -1.000000e+00
    outer loop
      vertex   3.897992e+01 -4.554157e+01 1.586157e+00
      vertex   4.025282e+01 -4.665696e+01 1.586157e+00
      vertex   3.883178e+01 -4.621461e+01 1.586157e+00
    endloop
  endfacet
  facet normal 0.000000e+00 0.000000e+00 -1.000000e+00
    outer loop
      vertex   3.883178e+01 -4.621461e+01 1.586157e+00
      vertex   4.025282e+01 -4.665696e+01 1.586157e+00
      vertex   3.883178e+01 -4.690375e+01 1.586157e+00
    endloop
  endfacet
  facet normal 0.000000e+00 0.000000e+00 -1.000000e+00
    outer loop
      vertex   3.883178e+01 -4.690375e+01 1.586157e+00
      vertex   4.025282e+01 -4.665696e+01 1.586157e+00
      vertex   4.032303e+01 -4.705918e+01 1.586157e+00
    endloop
  endfacet
  facet normal 0.000000e+00 0.000000e+00 -1.000000e+00
    outer loop
      vertex   3.883178e+01 -4.690375e+01 1.586157e+00
      vertex   4.032303e+01 -4.705918e+01 1.586157e+00
      vertex   3.897992e+01 -4.757679e+01 1.586157e+00
    endloop
  endfacet
  facet normal 0.000000e+00 0.000000e+00 -1.000000e+00
    outer loop
      vertex   3.897992e+01 -4.757679e+01 1.586157e+00
      vertex   4.032303e+01 -4.705918e+01 1.586157e+00
      vertex   4.048454e+01 -4.743418e+01 1.586157e+00
    endloop
  endfacet
  facet normal 0.000000e+00 0.000000e+00 -1.000000e+00
    outer loop
      vertex   3.897992e+01 -4.757679e+01 1.586157e+00
      vertex   4.048454e+01 -4.743418e+01 1.586157e+00
      vertex   3.926929e+01 -4.820224e+01 1.586157e+00
    endloop
  endfacet
  facet normal 0.000000e+00 0.000000e+00 -1.000000e+00
    outer loop
      vertex   3.926929e+01 -4.820224e+01 1.586157e+00
      vertex   4.048454e+01 -4.743418e+01 1.586157e+00
      vertex   4.072854e+01 -4.776155e+01 1.586157e+00
    endloop
  endfacet
  facet normal 0.000000e+00 0.000000e+00 -1.000000e+00
    outer loop
      vertex   3.926929e+01 -4.820224e+01 1.586157e+00
      vertex   4.072854e+01 -4.776155e+01 1.586157e+00
      vertex   3.968634e+01 -4.875087e+01 1.586157e+00
    endloop
  endfacet
  facet normal 0.000000e+00 0.000000e+00 -1.000000e+00
    outer loop
      vertex   3.968634e+01 -4.875087e+01 1.586157e+00
      vertex   4.072854e+01 -4.776155e+01 1.586157e+00
      vertex   4.021159e+01 -4.919701e+01 1.586157e+00
    endloop
  endfacet
  facet normal 0.000000e+00 0.000000e+00 -1.000000e+00
    outer loop
      vertex   4.021159e+01 -4.919701e+01 1.586157e+00
      vertex   4.072854e+01 -4.776155e+01 1.586157e+00
      vertex   4.104177e+01 -4.802347e+01 1.586157e+00
    endloop
  endfacet
  facet normal 0.000000e+00 0.000000e+00 -1.000000e+00
    outer loop
      vertex   4.021159e+01 -4.919701e+01 1.586157e+00
      vertex   4.104177e+01 -4.802347e+01 1.586157e+00
      vertex   4.082046e+01 -4.951982e+01 1.586157e+00
    endloop
  endfacet
  facet normal 0.000000e+00 0.000000e+00 -1.000000e+00
    outer loop
      vertex   4.082046e+01 -4.951982e+01 1.586157e+00
      vertex   4.104177e+01 -4.802347e+01 1.586157e+00
      vertex   4.148448e+01 -4.970418e+01 1.586157e+00
    endloop
  endfacet
  facet normal 0.000000e+00 0.000000e+00 -1.000000e+00
    outer loop
      vertex   4.148448e+01 -4.970418e+01 1.586157e+00
      vertex   4.104177e+01 -4.802347e+01 1.586157e+00
      vertex   4.217262e+01 -4.974149e+01 1.586157e+00
    endloop
  endfacet
  facet normal 0.000000e+00 0.000000e+00 -1.000000e+00
    outer loop
      vertex   4.217262e+01 -4.974149e+01 1.586157e+00
      vertex   4.104177e+01 -4.802347e+01 1.586157e+00
      vertex   4.295840e+01 -4.802347e+01 1.586157e+00
    endloop
  endfacet
  facet normal 0.000000e+00 0.000000e+00 -1.000000e+00
    outer loop
      vertex   4.217262e+01 -4.974149e+01 1.586157e+00
      vertex   4.295840e+01 -4.802347e+01 1.586157e+00
      vertex   4.285269e+01 -4.963000e+01 1.586157e+00
    endloop
  endfacet
  facet normal 0.000000e+00 0.000000e+00 -1.000000e+00
    outer loop
      vertex   4.285269e+01 -4.963000e+01 1.586157e+00
      vertex   4.295840e+01 -4.802347e+01 1.586157e+00
      vertex   4.349289e+01 -4.937492e+01 1.586157e+00
    endloop
  endfacet
  facet normal 0.000000e+00 0.000000e+00 -1.000000e+00
    outer loop
      vertex   4.349289e+01 -4.937492e+01 1.586157e+00
      vertex   4.295840e+01 -4.802347e+01 1.586157e+00
      vertex   4.406329e+01 -4.898818e+01 1.586157e+00
    endloop
  endfacet
  facet normal 0.000000e+00 0.000000e+00 -1.000000e+00
    outer loop
      vertex   4.406329e+01 -4.898818e+01 1.586157e+00
      vertex   4.295840e+01 -4.802347e+01 1.586157e+00
      vertex   4.327162e+01 -4.776155e+01 1.586157e+00
    endloop
  endfacet
  facet normal 0.000000e+00 0.000000e+00 -1.000000e+00
    outer loop
      vertex   4.406329e+01 -4.898818e+01 1.586157e+00
      vertex   4.327162e+01 -4.776155e+01 1.586157e+00
      vertex   4.453722e+01 -4.848786e+01 1.586157e+00
    endloop
  endfacet
  facet normal 0.000000e+00 0.000000e+00 -1.000000e+00
    outer loop
      vertex   4.453722e+01 -4.848786e+01 1.586157e+00
      vertex   4.327162e+01 -4.776155e+01 1.586157e+00
      vertex   4.351563e+01 -4.743418e+01 1.586157e+00
    endloop
  endfacet
  facet normal 0.000000e+00 0.000000e+00 -1.000000e+00
    outer loop
      vertex   4.453722e+01 -4.848786e+01 1.586157e+00
      vertex   4.351563e+01 -4.743418e+01 1.586157e+00
      vertex   4.489251e+01 -4.789736e+01 1.586157e+00
    endloop
  endfacet
  facet normal 0.000000e+00 0.000000e+00 -1.000000e+00
    outer loop
      vertex   4.489251e+01 -4.789736e+01 1.586157e+00
      vertex   4.351563e+01 -4.743418e+01 1.586157e+00
      vertex   4.367713e+01 -4.705918e+01 1.586157e+00
    endloop
  endfacet
  facet normal 0.000000e+00 0.000000e+00 -1.000000e+00
    outer loop
      vertex   4.489251e+01 -4.789736e+01 1.586157e+00
      vertex   4.367713e+01 -4.705918e+01 1.586157e+00
      vertex   4.511256e+01 -4.724429e+01 1.586157e+00
    endloop
  endfacet
  facet normal 0.000000e+00 0.000000e+00 -1.000000e+00
    outer loop
      vertex   4.511256e+01 -4.724429e+01 1.586157e+00
      vertex   4.367713e+01 -4.705918e+01 1.586157e+00
      vertex   4.374735e+01 -4.665696e+01 1.586157e+00
    endloop
  endfacet
  facet normal 0.000000e+00 0.000000e+00 -1.000000e+00
    outer loop
      vertex   4.511256e+01 -4.724429e+01 1.586157e+00
      vertex   4.374735e+01 -4.665696e+01 1.586157e+00
      vertex   4.518707e+01 -4.655918e+01 1.586157e+00
    endloop
  endfacet
  facet normal -0.000000e+00 0.000000e+00 -1.000000e+00
    outer loop
      vertex   4.518707e+01 -4.655918e+01 1.586157e+00
      vertex   4.374735e+01 -4.665696e+01 1.586157e+00
      vertex   4.511256e+01 -4.587407e+01 1.586157e+00
    endloop
  endfacet
  facet normal -0.000000e+00 0.000000e+00 -1.000000e+00
    outer loop
      vertex   4.136153e+01 -4.520367e+01 1.586157e+00
      vertex   4.135056e+01 -4.618418e+01 1.586157e+00
      vertex   4.121113e+01 -4.499711e+01 1.586157e+00
    endloop
  endfacet
  facet normal 0.000000e+00 -0.000000e+00 -1.000000e+00
    outer loop
      vertex   4.121113e+01 -4.499711e+01 1.586157e+00
      vertex   4.135056e+01 -4.618418e+01 1.586157e+00
      vertex   4.119559e+01 -4.638732e+01 1.586157e+00
    endloop
  endfacet
  facet normal 0.000000e+00 0.000000e+00 -1.000000e+00
    outer loop
      vertex   4.121113e+01 -4.499711e+01 1.586157e+00
      vertex   4.119559e+01 -4.638732e+01 1.586157e+00
      vertex   4.099419e+01 -4.654456e+01 1.586157e+00
    endloop
  endfacet
  facet normal 0.000000e+00 0.000000e+00 -1.000000e+00
    outer loop
      vertex   4.135056e+01 -4.618418e+01 1.586157e+00
      vertex   4.136153e+01 -4.520367e+01 1.586157e+00
      vertex   4.144900e+01 -4.594839e+01 1.586157e+00
    endloop
  endfacet
  facet normal 0.000000e+00 0.000000e+00 -1.000000e+00
    outer loop
      vertex   4.144900e+01 -4.594839e+01 1.586157e+00
      vertex   4.136153e+01 -4.520367e+01 1.586157e+00
      vertex   4.145467e+01 -4.544160e+01 1.586157e+00
    endloop
  endfacet
  facet normal 0.000000e+00 0.000000e+00 -1.000000e+00
    outer loop
      vertex   4.144900e+01 -4.594839e+01 1.586157e+00
      vertex   4.145467e+01 -4.544160e+01 1.586157e+00
      vertex   4.148447e+01 -4.569536e+01 1.586157e+00
    endloop
  endfacet
  facet normal -0.000000e+00 0.000000e+00 -1.000000e+00
    outer loop
      vertex   4.099419e+01 -4.654456e+01 1.586157e+00
      vertex   4.075952e+01 -4.664563e+01 1.586157e+00
      vertex   4.121113e+01 -4.499711e+01 1.586157e+00
    endloop
  endfacet
  facet normal 0.000000e+00 0.000000e+00 -1.000000e+00
    outer loop
      vertex   4.121113e+01 -4.499711e+01 1.586157e+00
      vertex   4.075952e+01 -4.664563e+01 1.586157e+00
      vertex   4.050690e+01 -4.668393e+01 1.586157e+00
    endloop
  endfacet
  facet normal 0.000000e+00 0.000000e+00 -1.000000e+00
    outer loop
      vertex   4.121113e+01 -4.499711e+01 1.586157e+00
      vertex   4.050690e+01 -4.668393e+01 1.586157e+00
      vertex   4.025282e+01 -4.665696e+01 1.586157e+00
    endloop
  endfacet
  facet normal 0.000000e+00 -0.000000e+00 -1.000000e+00
    outer loop
      vertex   4.114545e+01 -4.778994e+01 1.586157e+00
      vertex   4.130493e+01 -4.759031e+01 1.586157e+00
      vertex   4.104177e+01 -4.802347e+01 1.586157e+00
    endloop
  endfacet
  facet normal 0.000000e+00 0.000000e+00 -1.000000e+00
    outer loop
      vertex   4.104177e+01 -4.802347e+01 1.586157e+00
      vertex   4.130493e+01 -4.759031e+01 1.586157e+00
      vertex   4.150980e+01 -4.743762e+01 1.586157e+00
    endloop
  endfacet
  facet normal 0.000000e+00 0.000000e+00 -1.000000e+00
    outer loop
      vertex   4.104177e+01 -4.802347e+01 1.586157e+00
      vertex   4.150980e+01 -4.743762e+01 1.586157e+00
      vertex   4.174667e+01 -4.734182e+01 1.586157e+00
    endloop
  endfacet
  facet normal 0.000000e+00 -0.000000e+00 -1.000000e+00
    outer loop
      vertex   4.174667e+01 -4.734182e+01 1.586157e+00
      vertex   4.200008e+01 -4.730918e+01 1.586157e+00
      vertex   4.104177e+01 -4.802347e+01 1.586157e+00
    endloop
  endfacet
  facet normal 0.000000e+00 0.000000e+00 -1.000000e+00
    outer loop
      vertex   4.104177e+01 -4.802347e+01 1.586157e+00
      vertex   4.200008e+01 -4.730918e+01 1.586157e+00
      vertex   4.225350e+01 -4.734182e+01 1.586157e+00
    endloop
  endfacet
  facet normal 0.000000e+00 0.000000e+00 -1.000000e+00
    outer loop
      vertex   4.104177e+01 -4.802347e+01 1.586157e+00
      vertex   4.225350e+01 -4.734182e+01 1.586157e+00
      vertex   4.249037e+01 -4.743762e+01 1.586157e+00
    endloop
  endfacet
  facet normal 0.000000e+00 -0.000000e+00 -1.000000e+00
    outer loop
      vertex   4.249037e+01 -4.743762e+01 1.586157e+00
      vertex   4.269523e+01 -4.759031e+01 1.586157e+00
      vertex   4.104177e+01 -4.802347e+01 1.586157e+00
    endloop
  endfacet
  facet normal 0.000000e+00 0.000000e+00 -1.000000e+00
    outer loop
      vertex   4.104177e+01 -4.802347e+01 1.586157e+00
      vertex   4.269523e+01 -4.759031e+01 1.586157e+00
      vertex   4.285471e+01 -4.778994e+01 1.586157e+00
    endloop
  endfacet
  facet normal 0.000000e+00 0.000000e+00 -1.000000e+00
    outer loop
      vertex   4.104177e+01 -4.802347e+01 1.586157e+00
      vertex   4.285471e+01 -4.778994e+01 1.586157e+00
      vertex   4.295840e+01 -4.802347e+01 1.586157e+00
    endloop
  endfacet
  facet normal 0.000000e+00 -0.000000e+00 -1.000000e+00
    outer loop
      vertex   4.406329e+01 -4.413018e+01 1.586157e+00
      vertex   4.453722e+01 -4.463050e+01 1.586157e+00
      vertex   4.278903e+01 -4.499711e+01 1.586157e+00
    endloop
  endfacet
  facet normal 0.000000e+00 0.000000e+00 -1.000000e+00
    outer loop
      vertex   4.278903e+01 -4.499711e+01 1.586157e+00
      vertex   4.453722e+01 -4.463050e+01 1.586157e+00
      vertex   4.489251e+01 -4.522100e+01 1.586157e+00
    endloop
  endfacet
  facet normal -1.000000e+00 -4.326111e-32 6.579100e-16
    outer loop
      vertex   4.518707e+01 -2.967504e+01 1.586157e+00
      vertex   4.518707e+01 -4.655918e+01 1.586157e+00
      vertex   4.518707e+01 -2.967504e+01 1.238616e+01
    endloop
  endfacet
  facet normal -1.000000e+00 4.208344e-16 0.000000e+00
    outer loop
      vertex   4.518707e+01 -2.967504e+01 1.238616e+01
      vertex   4.518707e+01 -4.655918e+01 1.586157e+00
      vertex   4.518707e+01 -4.655918e+01 2.600000e+01
    endloop
  endfacet
  facet normal -1.000000e+00 -3.853935e-17 -5.697239e-16
    outer loop
      vertex   4.518707e+01 -2.967504e+01 1.238616e+01
      vertex   4.518707e+01 -4.655918e+01 2.600000e+01
      vertex   4.518707e+01 -6.725862e+00 2.330545e+01
    endloop
  endfacet
  facet normal -1.000000e+00 0.000000e+00 0.000000e+00
    outer loop
      vertex   4.518707e+01 -6.725862e+00 2.330545e+01
      vertex   4.518707e+01 -4.655918e+01 2.600000e+01
      vertex   4.518707e+01 1.742389e+01 2.600000e+01
    endloop
  endfacet
  facet normal -1.000000e+00 0.000000e+00 0.000000e+00
    outer loop
      vertex   4.518707e+01 -6.725862e+00 2.330545e+01
      vertex   4.518707e+01 1.742389e+01 2.600000e+01
      vertex   4.518707e+01 1.447414e+01 2.330545e+01
    endloop
  endfacet
  facet normal -1.000000e+00 0.000000e+00 0.000000e+00
    outer loop
      vertex   4.518707e+01 1.447414e+01 2.330545e+01
      vertex   4.518707e+01 1.742389e+01 2.600000e+01
      vertex   4.518707e+01 1.742389e+01 1.586157e+00
    endloop
  endfacet
  facet normal -1.000000e+00 0.000000e+00 0.000000e+00
    outer loop
      vertex   4.518707e+01 1.447414e+01 2.330545e+01
      vertex   4.518707e+01 1.742389e+01 1.586157e+00
      vertex   4.518707e+01 1.447414e+01 1.586157e+00
    endloop
  endfacet
  facet normal -1.000000e+00 0.000000e+00 0.000000e+00
    outer loop
      vertex   4.518707e+01 -6.725862e+00 1.586157e+00
      vertex   4.518707e+01 -1.168115e+01 9.674385e+00
      vertex   4.518707e+01 -6.725862e+00 2.330545e+01
    endloop
  endfacet
  facet normal -1.000000e+00 0.000000e+00 0.000000e+00
    outer loop
      vertex   4.518707e+01 -6.725862e+00 2.330545e+01
      vertex   4.518707e+01 -1.168115e+01 9.674385e+00
      vertex   4.518707e+01 -1.183100e+01 1.003616e+01
    endloop
  endfacet
  facet normal -1.000000e+00 0.000000e+00 0.000000e+00
    outer loop
      vertex   4.518707e+01 -6.725862e+00 2.330545e+01
      vertex   4.518707e+01 -1.183100e+01 1.003616e+01
      vertex   4.518707e+01 -1.206938e+01 1.034682e+01
    endloop
  endfacet
  facet normal -1.000000e+00 0.000000e+00 0.000000e+00
    outer loop
      vertex   4.518707e+01 -1.163004e+01 1.586157e+00
      vertex   4.518707e+01 -1.163004e+01 9.286157e+00
      vertex   4.518707e+01 -6.725862e+00 1.586157e+00
    endloop
  endfacet
  facet normal -1.000000e+00 0.000000e+00 0.000000e+00
    outer loop
      vertex   4.518707e+01 -6.725862e+00 1.586157e+00
      vertex   4.518707e+01 -1.163004e+01 9.286157e+00
      vertex   4.518707e+01 -1.168115e+01 9.674385e+00
    endloop
  endfacet
  facet normal -1.000000e+00 0.000000e+00 0.000000e+00
    outer loop
      vertex   4.518707e+01 -1.206938e+01 1.034682e+01
      vertex   4.518707e+01 -1.238004e+01 1.058519e+01
      vertex   4.518707e+01 -6.725862e+00 2.330545e+01
    endloop
  endfacet
  facet normal -1.000000e+00 0.000000e+00 0.000000e+00
    outer loop
      vertex   4.518707e+01 -6.725862e+00 2.330545e+01
      vertex   4.518707e+01 -1.238004e+01 1.058519e+01
      vertex   4.518707e+01 -1.274181e+01 1.073505e+01
    endloop
  endfacet
  facet normal -1.000000e+00 -1.026289e-15 4.911614e-16
    outer loop
      vertex   4.518707e+01 -6.725862e+00 2.330545e+01
      vertex   4.518707e+01 -1.274181e+01 1.073505e+01
      vertex   4.518707e+01 -1.887504e+01 1.238616e+01
    endloop
  endfacet
  facet normal -1.000000e+00 1.108802e-15 8.422184e-15
    outer loop
      vertex   4.518707e+01 -1.887504e+01 1.238616e+01
      vertex   4.518707e+01 -1.274181e+01 1.073505e+01
      vertex   4.518707e+01 -1.313004e+01 1.078616e+01
    endloop
  endfacet
  facet normal -1.000000e+00 0.000000e+00 4.440892e-15
    outer loop
      vertex   4.518707e+01 -1.887504e+01 1.238616e+01
      vertex   4.518707e+01 -1.313004e+01 1.078616e+01
      vertex   4.518707e+01 -1.389004e+01 1.078616e+01
    endloop
  endfacet
  facet normal -1.000000e+00 -4.145957e-16 3.149167e-15
    outer loop
      vertex   4.518707e+01 -1.389004e+01 1.078616e+01
      vertex   4.518707e+01 -1.427826e+01 1.073505e+01
      vertex   4.518707e+01 -1.887504e+01 1.238616e+01
    endloop
  endfacet
  facet normal -1.000000e+00 -8.278578e-16 1.998626e-15
    outer loop
      vertex   4.518707e+01 -1.887504e+01 1.238616e+01
      vertex   4.518707e+01 -1.427826e+01 1.073505e+01
      vertex   4.518707e+01 -1.464004e+01 1.058519e+01
    endloop
  endfacet
  facet normal -1.000000e+00 -1.079514e-15 1.406850e-15
    outer loop
      vertex   4.518707e+01 -1.887504e+01 1.238616e+01
      vertex   4.518707e+01 -1.464004e+01 1.058519e+01
      vertex   4.518707e+01 -1.495070e+01 1.034682e+01
    endloop
  endfacet
  facet normal -1.000000e+00 -1.294442e-15 9.932603e-16
    outer loop
      vertex   4.518707e+01 -1.495070e+01 1.034682e+01
      vertex   4.518707e+01 -1.518907e+01 1.003616e+01
      vertex   4.518707e+01 -1.887504e+01 1.238616e+01
    endloop
  endfacet
  facet normal -1.000000e+00 -1.524978e-15 6.316664e-16
    outer loop
      vertex   4.518707e+01 -1.887504e+01 1.238616e+01
      vertex   4.518707e+01 -1.518907e+01 1.003616e+01
      vertex   4.518707e+01 -1.533892e+01 9.674385e+00
    endloop
  endfacet
  facet normal -1.000000e+00 -1.825122e-15 2.402819e-16
    outer loop
      vertex   4.518707e+01 -1.887504e+01 1.238616e+01
      vertex   4.518707e+01 -1.533892e+01 9.674385e+00
      vertex   4.518707e+01 -1.539004e+01 9.286157e+00
    endloop
  endfacet
  facet normal -1.000000e+00 0.000000e+00 0.000000e+00
    outer loop
      vertex   4.518707e+01 -1.539004e+01 1.586157e+00
      vertex   4.518707e+01 -1.887504e+01 1.586157e+00
      vertex   4.518707e+01 -1.539004e+01 9.286157e+00
    endloop
  endfacet
  facet normal -1.000000e+00 -1.453631e-15 6.579100e-16
    outer loop
      vertex   4.518707e+01 -1.539004e+01 9.286157e+00
      vertex   4.518707e+01 -1.887504e+01 1.586157e+00
      vertex   4.518707e+01 -1.887504e+01 1.238616e+01
    endloop
  endfacet
  facet normal -1.000000e+00 -0.000000e+00 -6.507224e-16
    outer loop
      vertex   4.518707e+01 -1.887504e+01 1.238616e+01
      vertex   4.518707e+01 -2.967504e+01 1.238616e+01
      vertex   4.518707e+01 -6.725862e+00 2.330545e+01
    endloop
  endfacet
  facet normal 9.768397e-02 9.952175e-01 -0.000000e+00
    outer loop
      vertex   4.200008e+01 2.062799e+01 1.586157e+00
      vertex   4.200008e+01 2.062799e+01 2.600000e+01
      vertex   4.261975e+01 2.056717e+01 1.586157e+00
    endloop
  endfacet
  facet normal 1.223884e-01 9.924821e-01 6.338578e-04
    outer loop
      vertex   4.261975e+01 2.056717e+01 1.586157e+00
      vertex   4.200008e+01 2.062799e+01 2.600000e+01
      vertex   4.270689e+01 2.054863e+01 1.379308e+01
    endloop
  endfacet
  facet normal 2.893234e-01 9.572312e-01 -6.113291e-04
    outer loop
      vertex   4.261975e+01 2.056717e+01 1.586157e+00
      vertex   4.270689e+01 2.054863e+01 1.379308e+01
      vertex   4.321576e+01 2.038702e+01 1.586157e+00
    endloop
  endfacet
  facet normal 3.291952e-01 9.442611e-01 1.222538e-03
    outer loop
      vertex   4.321576e+01 2.038702e+01 1.586157e+00
      vertex   4.270689e+01 2.054863e+01 1.379308e+01
      vertex   4.337849e+01 2.031449e+01 1.379308e+01
    endloop
  endfacet
  facet normal 4.699196e-01 8.827086e-01 -1.019147e-03
    outer loop
      vertex   4.321576e+01 2.038702e+01 1.586157e+00
      vertex   4.337849e+01 2.031449e+01 1.379308e+01
      vertex   4.376538e+01 2.009443e+01 1.586157e+00
    endloop
  endfacet
  facet normal 5.304107e-01 8.477394e-01 1.528471e-03
    outer loop
      vertex   4.376538e+01 2.009443e+01 1.586157e+00
      vertex   4.337849e+01 2.031449e+01 1.379308e+01
      vertex   4.398144e+01 1.993724e+01 1.379308e+01
    endloop
  endfacet
  facet normal 6.325796e-01 7.744944e-01 -1.223135e-03
    outer loop
      vertex   4.376538e+01 2.009443e+01 1.586157e+00
      vertex   4.398144e+01 1.993724e+01 1.379308e+01
      vertex   4.424761e+01 1.970056e+01 1.586157e+00
    endloop
  endfacet
  facet normal 7.052095e-01 7.089971e-01 1.630475e-03
    outer loop
      vertex   4.424761e+01 1.970056e+01 1.586157e+00
      vertex   4.398144e+01 1.993724e+01 1.379308e+01
      vertex   4.448571e+01 1.943566e+01 1.379308e+01
    endloop
  endfacet
  facet normal 7.710949e-01 6.367190e-01 -1.223135e-03
    outer loop
      vertex   4.424761e+01 1.970056e+01 1.586157e+00
      vertex   4.448571e+01 1.943566e+01 1.379308e+01
      vertex   4.464406e+01 1.922044e+01 1.586157e+00
    endloop
  endfacet
  facet normal 8.448862e-01 5.349439e-01 1.528471e-03
    outer loop
      vertex   4.464406e+01 1.922044e+01 1.586157e+00
      vertex   4.448571e+01 1.943566e+01 1.379308e+01
      vertex   4.486619e+01 1.883474e+01 1.379308e+01
    endloop
  endfacet
  facet normal 8.801789e-01 4.746410e-01 -1.019147e-03
    outer loop
      vertex   4.464406e+01 1.922044e+01 1.586157e+00
      vertex   4.486619e+01 1.883474e+01 1.379308e+01
      vertex   4.493959e+01 1.867240e+01 1.586157e+00
    endloop
  endfacet
  facet normal 9.424842e-01 3.342483e-01 1.222538e-03
    outer loop
      vertex   4.493959e+01 1.867240e+01 1.586157e+00
      vertex   4.486619e+01 1.883474e+01 1.379308e+01
      vertex   4.510392e+01 1.816440e+01 1.379308e+01
    endloop
  endfacet
  facet normal 9.556677e-01 2.944466e-01 -6.113291e-04
    outer loop
      vertex   4.493959e+01 1.867240e+01 1.586157e+00
      vertex   4.510392e+01 1.816440e+01 1.379308e+01
      vertex   4.512293e+01 1.807736e+01 1.586157e+00
    endloop
  endfacet
  facet normal 9.946796e-01 1.030133e-01 8.143620e-04
    outer loop
      vertex   4.512293e+01 1.807736e+01 1.586157e+00
      vertex   4.510392e+01 1.816440e+01 1.379308e+01
      vertex   4.518707e+01 1.745803e+01 1.586157e+00
    endloop
  endfacet
  facet normal 9.918123e-01 1.277028e-01 -6.338578e-04
    outer loop
      vertex   4.518707e+01 1.745803e+01 1.586157e+00
      vertex   4.510392e+01 1.816440e+01 1.379308e+01
      vertex   4.512293e+01 1.807736e+01 2.600000e+01
    endloop
  endfacet
  facet normal 9.946800e-01 1.030134e-01 -0.000000e+00
    outer loop
      vertex   4.518707e+01 1.745803e+01 1.586157e+00
      vertex   4.512293e+01 1.807736e+01 2.600000e+01
      vertex   4.518707e+01 1.745803e+01 2.600000e+01
    endloop
  endfacet
  facet normal 9.768394e-02 9.952172e-01 -8.143620e-04
    outer loop
      vertex   4.200008e+01 2.062799e+01 2.600000e+01
      vertex   4.261975e+01 2.056717e+01 2.600000e+01
      vertex   4.270689e+01 2.054863e+01 1.379308e+01
    endloop
  endfacet
  facet normal 2.893234e-01 9.572312e-01 6.113291e-04
    outer loop
      vertex   4.270689e+01 2.054863e+01 1.379308e+01
      vertex   4.261975e+01 2.056717e+01 2.600000e+01
      vertex   4.321576e+01 2.038702e+01 2.600000e+01
    endloop
  endfacet
  facet normal 3.291952e-01 9.442611e-01 -1.222538e-03
    outer loop
      vertex   4.270689e+01 2.054863e+01 1.379308e+01
      vertex   4.321576e+01 2.038702e+01 2.600000e+01
      vertex   4.337849e+01 2.031449e+01 1.379308e+01
    endloop
  endfacet
  facet normal 4.699196e-01 8.827086e-01 1.019147e-03
    outer loop
      vertex   4.337849e+01 2.031449e+01 1.379308e+01
      vertex   4.321576e+01 2.038702e+01 2.600000e+01
      vertex   4.376538e+01 2.009443e+01 2.600000e+01
    endloop
  endfacet
  facet normal 5.304107e-01 8.477394e-01 -1.528471e-03
    outer loop
      vertex   4.337849e+01 2.031449e+01 1.379308e+01
      vertex   4.376538e+01 2.009443e+01 2.600000e+01
      vertex   4.398144e+01 1.993724e+01 1.379308e+01
    endloop
  endfacet
  facet normal 6.325796e-01 7.744944e-01 1.223135e-03
    outer loop
      vertex   4.398144e+01 1.993724e+01 1.379308e+01
      vertex   4.376538e+01 2.009443e+01 2.600000e+01
      vertex   4.424761e+01 1.970056e+01 2.600000e+01
    endloop
  endfacet
  facet normal 7.052095e-01 7.089971e-01 -1.630475e-03
    outer loop
      vertex   4.398144e+01 1.993724e+01 1.379308e+01
      vertex   4.424761e+01 1.970056e+01 2.600000e+01
      vertex   4.448571e+01 1.943566e+01 1.379308e+01
    endloop
  endfacet
  facet normal 7.710949e-01 6.367190e-01 1.223135e-03
    outer loop
      vertex   4.448571e+01 1.943566e+01 1.379308e+01
      vertex   4.424761e+01 1.970056e+01 2.600000e+01
      vertex   4.464406e+01 1.922044e+01 2.600000e+01
    endloop
  endfacet
  facet normal 8.448862e-01 5.349439e-01 -1.528471e-03
    outer loop
      vertex   4.448571e+01 1.943566e+01 1.379308e+01
      vertex   4.464406e+01 1.922044e+01 2.600000e+01
      vertex   4.486619e+01 1.883474e+01 1.379308e+01
    endloop
  endfacet
  facet normal 8.801789e-01 4.746410e-01 1.019147e-03
    outer loop
      vertex   4.486619e+01 1.883474e+01 1.379308e+01
      vertex   4.464406e+01 1.922044e+01 2.600000e+01
      vertex   4.493959e+01 1.867240e+01 2.600000e+01
    endloop
  endfacet
  facet normal 9.424842e-01 3.342483e-01 -1.222538e-03
    outer loop
      vertex   4.486619e+01 1.883474e+01 1.379308e+01
      vertex   4.493959e+01 1.867240e+01 2.600000e+01
      vertex   4.510392e+01 1.816440e+01 1.379308e+01
    endloop
  endfacet
  facet normal 9.556677e-01 2.944466e-01 6.113291e-04
    outer loop
      vertex   4.510392e+01 1.816440e+01 1.379308e+01
      vertex   4.493959e+01 1.867240e+01 2.600000e+01
      vertex   4.512293e+01 1.807736e+01 2.600000e+01
    endloop
  endfacet
  facet normal -1.067741e-01 9.942833e-01 0.000000e+00
    outer loop
      vertex   4.200008e+01 2.062799e+01 2.600000e+01
      vertex   4.200008e+01 2.062799e+01 1.586157e+00
      vertex   4.132339e+01 2.055532e+01 2.600000e+01
    endloop
  endfacet
  facet normal -1.164601e-01 9.931953e-01 -2.717118e-04
    outer loop
      vertex   4.132339e+01 2.055532e+01 2.600000e+01
      vertex   4.200008e+01 2.062799e+01 1.586157e+00
      vertex   4.129169e+01 2.054827e+01 1.379308e+01
    endloop
  endfacet
  facet normal -3.154530e-01 9.489412e-01 2.705437e-04
    outer loop
      vertex   4.132339e+01 2.055532e+01 2.600000e+01
      vertex   4.129169e+01 2.054827e+01 1.379308e+01
      vertex   4.067755e+01 2.034063e+01 2.600000e+01
    endloop
  endfacet
  facet normal -3.299179e-01 9.440095e-01 -5.410803e-04
    outer loop
      vertex   4.067755e+01 2.034063e+01 2.600000e+01
      vertex   4.129169e+01 2.054827e+01 1.379308e+01
      vertex   4.061874e+01 2.031308e+01 1.379308e+01
    endloop
  endfacet
  facet normal -5.097464e-01 8.603246e-01 5.141130e-04
    outer loop
      vertex   4.067755e+01 2.034063e+01 2.600000e+01
      vertex   4.061874e+01 2.031308e+01 1.379308e+01
      vertex   4.009203e+01 1.999370e+01 2.600000e+01
    endloop
  endfacet
  facet normal -5.314919e-01 8.470630e-01 -7.711528e-04
    outer loop
      vertex   4.009203e+01 1.999370e+01 2.600000e+01
      vertex   4.061874e+01 2.031308e+01 1.379308e+01
      vertex   4.001491e+01 1.993420e+01 1.379308e+01
    endloop
  endfacet
  facet normal -6.807938e-01 7.324747e-01 7.306828e-04
    outer loop
      vertex   4.009203e+01 1.999370e+01 2.600000e+01
      vertex   4.001491e+01 1.993420e+01 1.379308e+01
      vertex   3.959352e+01 1.953037e+01 2.600000e+01
    endloop
  endfacet
  facet normal -7.064749e-01 7.077374e-01 -9.742140e-04
    outer loop
      vertex   3.959352e+01 1.953037e+01 2.600000e+01
      vertex   4.001491e+01 1.993420e+01 1.379308e+01
      vertex   3.951039e+01 1.943058e+01 1.379308e+01
    endloop
  endfacet
  facet normal -8.207951e-01 5.712220e-01 9.202304e-04
    outer loop
      vertex   3.959352e+01 1.953037e+01 2.600000e+01
      vertex   3.951039e+01 1.943058e+01 1.379308e+01
      vertex   3.920475e+01 1.897174e+01 2.600000e+01
    endloop
  endfacet
  facet normal -8.461124e-01 5.330032e-01 -1.150243e-03
    outer loop
      vertex   3.920475e+01 1.897174e+01 2.600000e+01
      vertex   3.951039e+01 1.943058e+01 1.379308e+01
      vertex   3.913043e+01 1.882742e+01 1.379308e+01
    endloop
  endfacet
  facet normal -9.233657e-01 3.839200e-01 1.082736e-03
    outer loop
      vertex   3.920475e+01 1.897174e+01 2.600000e+01
      vertex   3.913043e+01 1.882742e+01 1.379308e+01
      vertex   3.894346e+01 1.834331e+01 2.600000e+01
    endloop
  endfacet
  facet normal -9.434183e-01 3.316026e-01 -1.299221e-03
    outer loop
      vertex   3.894346e+01 1.834331e+01 2.600000e+01
      vertex   3.913043e+01 1.882742e+01 1.379308e+01
      vertex   3.889404e+01 1.815489e+01 1.379308e+01
    endloop
  endfacet
  facet normal -9.838282e-01 1.791103e-01 1.218184e-03
    outer loop
      vertex   3.894346e+01 1.834331e+01 2.600000e+01
      vertex   3.889404e+01 1.815489e+01 1.379308e+01
      vertex   3.882156e+01 1.767374e+01 2.600000e+01
    endloop
  endfacet
  facet normal -9.935242e-01 1.136117e-01 -1.421134e-03
    outer loop
      vertex   3.882156e+01 1.767374e+01 2.600000e+01
      vertex   3.889404e+01 1.815489e+01 1.379308e+01
      vertex   3.881305e+01 1.744665e+01 1.379308e+01
    endloop
  endfacet
  facet normal -9.994255e-01 -3.386735e-02 1.326558e-03
    outer loop
      vertex   3.882156e+01 1.767374e+01 2.600000e+01
      vertex   3.881305e+01 1.744665e+01 1.379308e+01
      vertex   3.884461e+01 1.699354e+01 2.600000e+01
    endloop
  endfacet
  facet normal -9.939234e-01 -1.100632e-01 -1.515968e-03
    outer loop
      vertex   3.884461e+01 1.699354e+01 2.600000e+01
      vertex   3.881305e+01 1.744665e+01 1.379308e+01
      vertex   3.889151e+01 1.673812e+01 1.379308e+01
    endloop
  endfacet
  facet normal -9.694461e-01 -2.453005e-01 1.407849e-03
    outer loop
      vertex   3.884461e+01 1.699354e+01 2.600000e+01
      vertex   3.889151e+01 1.673812e+01 1.379308e+01
      vertex   3.901156e+01 1.633375e+01 2.600000e+01
    endloop
  endfacet
  facet normal -9.445960e-01 -3.282315e-01 -1.583713e-03
    outer loop
      vertex   3.901156e+01 1.633375e+01 2.600000e+01
      vertex   3.889151e+01 1.673812e+01 1.379308e+01
      vertex   3.912550e+01 1.606475e+01 1.379308e+01
    endloop
  endfacet
  facet normal -8.952573e-01 -4.455472e-01 1.462048e-03
    outer loop
      vertex   3.901156e+01 1.633375e+01 2.600000e+01
      vertex   3.912550e+01 1.606475e+01 1.379308e+01
      vertex   3.931479e+01 1.572445e+01 2.600000e+01
    endloop
  endfacet
  facet normal -8.480098e-01 -5.299781e-01 -1.624363e-03
    outer loop
      vertex   3.931479e+01 1.572445e+01 2.600000e+01
      vertex   3.912550e+01 1.606475e+01 1.379308e+01
      vertex   3.950330e+01 1.546024e+01 1.379308e+01
    endloop
  endfacet
  facet normal -7.802422e-01 -6.254757e-01 1.489148e-03
    outer loop
      vertex   3.931479e+01 1.572445e+01 2.600000e+01
      vertex   3.950330e+01 1.546024e+01 1.379308e+01
      vertex   3.974048e+01 1.519343e+01 2.600000e+01
    endloop
  endfacet
  facet normal -7.089971e-01 -7.052095e-01 -1.637914e-03
    outer loop
      vertex   3.974048e+01 1.519343e+01 2.600000e+01
      vertex   3.950330e+01 1.546024e+01 1.379308e+01
      vertex   4.000602e+01 1.495482e+01 1.379308e+01
    endloop
  endfacet
  facet normal -6.296460e-01 -7.768807e-01 1.489148e-03
    outer loop
      vertex   3.974048e+01 1.519343e+01 2.600000e+01
      vertex   4.000602e+01 1.495482e+01 1.379308e+01
      vertex   4.026922e+01 1.476490e+01 2.600000e+01
    endloop
  endfacet
  facet normal -5.345128e-01 -8.451588e-01 -1.624363e-03
    outer loop
      vertex   4.026922e+01 1.476490e+01 2.600000e+01
      vertex   4.000602e+01 1.495482e+01 1.379308e+01
      vertex   4.060850e+01 1.457379e+01 1.379308e+01
    endloop
  endfacet
  facet normal -4.503362e-01 -8.928579e-01 1.462048e-03
    outer loop
      vertex   4.026922e+01 1.476490e+01 2.600000e+01
      vertex   4.060850e+01 1.457379e+01 1.379308e+01
      vertex   4.087688e+01 1.445841e+01 2.600000e+01
    endloop
  endfacet
  facet normal -3.332864e-01 -9.428243e-01 -1.583713e-03
    outer loop
      vertex   4.087688e+01 1.445841e+01 2.600000e+01
      vertex   4.060850e+01 1.457379e+01 1.379308e+01
      vertex   4.128060e+01 1.433620e+01 1.379308e+01
    endloop
  endfacet
  facet normal -2.504897e-01 -9.681182e-01 1.407849e-03
    outer loop
      vertex   4.087688e+01 1.445841e+01 2.600000e+01
      vertex   4.128060e+01 1.433620e+01 1.379308e+01
      vertex   4.153577e+01 1.428793e+01 2.600000e+01
    endloop
  endfacet
  facet normal -1.153854e-01 -9.933196e-01 -1.515968e-03
    outer loop
      vertex   4.153577e+01 1.428793e+01 2.600000e+01
      vertex   4.128060e+01 1.433620e+01 1.379308e+01
      vertex   4.198870e+01 1.425394e+01 1.379308e+01
    endloop
  endfacet
  facet normal -3.922020e-02 -9.992297e-01 1.326558e-03
    outer loop
      vertex   4.153577e+01 1.428793e+01 2.600000e+01
      vertex   4.198870e+01 1.425394e+01 1.379308e+01
      vertex   4.221583e+01 1.426124e+01 2.600000e+01
    endloop
  endfacet
  facet normal 1.082884e-01 -9.941185e-01 -1.421134e-03
    outer loop
      vertex   4.221583e+01 1.426124e+01 2.600000e+01
      vertex   4.198870e+01 1.425394e+01 1.379308e+01
      vertex   4.269737e+01 1.433114e+01 1.379308e+01
    endloop
  endfacet
  facet normal 1.738379e-01 -9.847735e-01 1.218184e-03
    outer loop
      vertex   4.221583e+01 1.426124e+01 2.600000e+01
      vertex   4.269737e+01 1.433114e+01 1.379308e+01
      vertex   4.288605e+01 1.437955e+01 2.600000e+01
    endloop
  endfacet
  facet normal 3.265445e-01 -9.451809e-01 -1.299221e-03
    outer loop
      vertex   4.288605e+01 1.437955e+01 2.600000e+01
      vertex   4.269737e+01 1.433114e+01 1.379308e+01
      vertex   4.337115e+01 1.456392e+01 1.379308e+01
    endloop
  endfacet
  facet normal 3.789686e-01 -9.254089e-01 1.082736e-03
    outer loop
      vertex   4.288605e+01 1.437955e+01 2.600000e+01
      vertex   4.337115e+01 1.456392e+01 1.379308e+01
      vertex   4.351587e+01 1.463747e+01 2.600000e+01
    endloop
  endfacet
  facet normal 5.284635e-01 -8.489553e-01 -1.150243e-03
    outer loop
      vertex   4.351587e+01 1.463747e+01 2.600000e+01
      vertex   4.337115e+01 1.456392e+01 1.379308e+01
      vertex   4.397634e+01 1.494064e+01 1.379308e+01
    endloop
  endfacet
  facet normal 5.668173e-01 -8.238430e-01 9.202304e-04
    outer loop
      vertex   4.351587e+01 1.463747e+01 2.600000e+01
      vertex   4.397634e+01 1.494064e+01 1.379308e+01
      vertex   4.407657e+01 1.502324e+01 2.600000e+01
    endloop
  endfacet
  facet normal 7.039431e-01 -7.102557e-01 -9.742140e-04
    outer loop
      vertex   4.407657e+01 1.502324e+01 2.600000e+01
      vertex   4.397634e+01 1.494064e+01 1.379308e+01
      vertex   4.448265e+01 1.544246e+01 1.379308e+01
    endloop
  endfacet
  facet normal 7.288176e-01 -6.847075e-01 7.306828e-04
    outer loop
      vertex   4.407657e+01 1.502324e+01 2.600000e+01
      vertex   4.448265e+01 1.544246e+01 1.379308e+01
      vertex   4.454257e+01 1.551926e+01 2.600000e+01
    endloop
  endfacet
  facet normal 8.442040e-01 -5.360215e-01 -7.711528e-04
    outer loop
      vertex   4.454257e+01 1.551926e+01 2.600000e+01
      vertex   4.448265e+01 1.544246e+01 1.379308e+01
      vertex   4.486476e+01 1.604426e+01 1.379308e+01
    endloop
  endfacet
  facet normal 8.575818e-01 -5.143473e-01 5.141130e-04
    outer loop
      vertex   4.454257e+01 1.551926e+01 2.600000e+01
      vertex   4.486476e+01 1.604426e+01 1.379308e+01
      vertex   4.489263e+01 1.610292e+01 2.600000e+01
    endloop
  endfacet
  facet normal 9.422288e-01 -3.349696e-01 -5.410803e-04
    outer loop
      vertex   4.489263e+01 1.610292e+01 2.600000e+01
      vertex   4.486476e+01 1.604426e+01 1.379308e+01
      vertex   4.510355e+01 1.671593e+01 1.379308e+01
    endloop
  endfacet
  facet normal 9.472378e-01 -3.205314e-01 2.705437e-04
    outer loop
      vertex   4.489263e+01 1.610292e+01 2.600000e+01
      vertex   4.510355e+01 1.671593e+01 1.379308e+01
      vertex   4.511078e+01 1.674759e+01 2.600000e+01
    endloop
  endfacet
  facet normal 9.936971e-01 -1.120983e-01 -2.974899e-04
    outer loop
      vertex   4.511078e+01 1.674759e+01 2.600000e+01
      vertex   4.510355e+01 1.671593e+01 1.379308e+01
      vertex   4.518707e+01 1.742389e+01 2.600000e+01
    endloop
  endfacet
  facet normal 9.925573e-01 -1.217784e-01 2.717118e-04
    outer loop
      vertex   4.518707e+01 1.742389e+01 2.600000e+01
      vertex   4.510355e+01 1.671593e+01 1.379308e+01
      vertex   4.511078e+01 1.674759e+01 1.586157e+00
    endloop
  endfacet
  facet normal 9.936971e-01 -1.120983e-01 0.000000e+00
    outer loop
      vertex   4.518707e+01 1.742389e+01 2.600000e+01
      vertex   4.511078e+01 1.674759e+01 1.586157e+00
      vertex   4.518707e+01 1.742389e+01 1.586157e+00
    endloop
  endfacet
  facet normal -1.067741e-01 9.942833e-01 2.974899e-04
    outer loop
      vertex   4.200008e+01 2.062799e+01 1.586157e+00
      vertex   4.132339e+01 2.055532e+01 1.586157e+00
      vertex   4.129169e+01 2.054827e+01 1.379308e+01
    endloop
  endfacet
  facet normal -3.154530e-01 9.489412e-01 -2.705437e-04
    outer loop
      vertex   4.129169e+01 2.054827e+01 1.379308e+01
      vertex   4.132339e+01 2.055532e+01 1.586157e+00
      vertex   4.067755e+01 2.034063e+01 1.586157e+00
    endloop
  endfacet
  facet normal -3.299179e-01 9.440095e-01 5.410803e-04
    outer loop
      vertex   4.129169e+01 2.054827e+01 1.379308e+01
      vertex   4.067755e+01 2.034063e+01 1.586157e+00
      vertex   4.061874e+01 2.031308e+01 1.379308e+01
    endloop
  endfacet
  facet normal -5.097464e-01 8.603246e-01 -5.141130e-04
    outer loop
      vertex   4.061874e+01 2.031308e+01 1.379308e+01
      vertex   4.067755e+01 2.034063e+01 1.586157e+00
      vertex   4.009203e+01 1.999370e+01 1.586157e+00
    endloop
  endfacet
  facet normal -5.314919e-01 8.470630e-01 7.711528e-04
    outer loop
      vertex   4.061874e+01 2.031308e+01 1.379308e+01
      vertex   4.009203e+01 1.999370e+01 1.586157e+00
      vertex   4.001491e+01 1.993420e+01 1.379308e+01
    endloop
  endfacet
  facet normal -6.807938e-01 7.324747e-01 -7.306828e-04
    outer loop
      vertex   4.001491e+01 1.993420e+01 1.379308e+01
      vertex   4.009203e+01 1.999370e+01 1.586157e+00
      vertex   3.959352e+01 1.953037e+01 1.586157e+00
    endloop
  endfacet
  facet normal -7.064749e-01 7.077374e-01 9.742140e-04
    outer loop
      vertex   4.001491e+01 1.993420e+01 1.379308e+01
      vertex   3.959352e+01 1.953037e+01 1.586157e+00
      vertex   3.951039e+01 1.943058e+01 1.379308e+01
    endloop
  endfacet
  facet normal -8.207951e-01 5.712220e-01 -9.202304e-04
    outer loop
      vertex   3.951039e+01 1.943058e+01 1.379308e+01
      vertex   3.959352e+01 1.953037e+01 1.586157e+00
      vertex   3.920475e+01 1.897174e+01 1.586157e+00
    endloop
  endfacet
  facet normal -8.461124e-01 5.330032e-01 1.150243e-03
    outer loop
      vertex   3.951039e+01 1.943058e+01 1.379308e+01
      vertex   3.920475e+01 1.897174e+01 1.586157e+00
      vertex   3.913043e+01 1.882742e+01 1.379308e+01
    endloop
  endfacet
  facet normal -9.233657e-01 3.839200e-01 -1.082736e-03
    outer loop
      vertex   3.913043e+01 1.882742e+01 1.379308e+01
      vertex   3.920475e+01 1.897174e+01 1.586157e+00
      vertex   3.894346e+01 1.834331e+01 1.586157e+00
    endloop
  endfacet
  facet normal -9.434183e-01 3.316026e-01 1.299221e-03
    outer loop
      vertex   3.913043e+01 1.882742e+01 1.379308e+01
      vertex   3.894346e+01 1.834331e+01 1.586157e+00
      vertex   3.889404e+01 1.815489e+01 1.379308e+01
    endloop
  endfacet
  facet normal -9.838282e-01 1.791103e-01 -1.218184e-03
    outer loop
      vertex   3.889404e+01 1.815489e+01 1.379308e+01
      vertex   3.894346e+01 1.834331e+01 1.586157e+00
      vertex   3.882156e+01 1.767374e+01 1.586157e+00
    endloop
  endfacet
  facet normal -9.935242e-01 1.136117e-01 1.421134e-03
    outer loop
      vertex   3.889404e+01 1.815489e+01 1.379308e+01
      vertex   3.882156e+01 1.767374e+01 1.586157e+00
      vertex   3.881305e+01 1.744665e+01 1.379308e+01
    endloop
  endfacet
  facet normal -9.994255e-01 -3.386735e-02 -1.326558e-03
    outer loop
      vertex   3.881305e+01 1.744665e+01 1.379308e+01
      vertex   3.882156e+01 1.767374e+01 1.586157e+00
      vertex   3.884461e+01 1.699354e+01 1.586157e+00
    endloop
  endfacet
  facet normal -9.939234e-01 -1.100632e-01 1.515968e-03
    outer loop
      vertex   3.881305e+01 1.744665e+01 1.379308e+01
      vertex   3.884461e+01 1.699354e+01 1.586157e+00
      vertex   3.889151e+01 1.673812e+01 1.379308e+01
    endloop
  endfacet
  facet normal -9.694461e-01 -2.453005e-01 -1.407849e-03
    outer loop
      vertex   3.889151e+01 1.673812e+01 1.379308e+01
      vertex   3.884461e+01 1.699354e+01 1.586157e+00
      vertex   3.901156e+01 1.633375e+01 1.586157e+00
    endloop
  endfacet
  facet normal -9.445960e-01 -3.282315e-01 1.583713e-03
    outer loop
      vertex   3.889151e+01 1.673812e+01 1.379308e+01
      vertex   3.901156e+01 1.633375e+01 1.586157e+00
      vertex   3.912550e+01 1.606475e+01 1.379308e+01
    endloop
  endfacet
  facet normal -8.952573e-01 -4.455472e-01 -1.462048e-03
    outer loop
      vertex   3.912550e+01 1.606475e+01 1.379308e+01
      vertex   3.901156e+01 1.633375e+01 1.586157e+00
      vertex   3.931479e+01 1.572445e+01 1.586157e+00
    endloop
  endfacet
  facet normal -8.480098e-01 -5.299781e-01 1.624363e-03
    outer loop
      vertex   3.912550e+01 1.606475e+01 1.379308e+01
      vertex   3.931479e+01 1.572445e+01 1.586157e+00
      vertex   3.950330e+01 1.546024e+01 1.379308e+01
    endloop
  endfacet
  facet normal -7.802422e-01 -6.254757e-01 -1.489148e-03
    outer loop
      vertex   3.950330e+01 1.546024e+01 1.379308e+01
      vertex   3.931479e+01 1.572445e+01 1.586157e+00
      vertex   3.974048e+01 1.519343e+01 1.586157e+00
    endloop
  endfacet
  facet normal -7.089971e-01 -7.052095e-01 1.637914e-03
    outer loop
      vertex   3.950330e+01 1.546024e+01 1.379308e+01
      vertex   3.974048e+01 1.519343e+01 1.586157e+00
      vertex   4.000602e+01 1.495482e+01 1.379308e+01
    endloop
  endfacet
  facet normal -6.296460e-01 -7.768807e-01 -1.489148e-03
    outer loop
      vertex   4.000602e+01 1.495482e+01 1.379308e+01
      vertex   3.974048e+01 1.519343e+01 1.586157e+00
      vertex   4.026922e+01 1.476490e+01 1.586157e+00
    endloop
  endfacet
  facet normal -5.345128e-01 -8.451588e-01 1.624363e-03
    outer loop
      vertex   4.000602e+01 1.495482e+01 1.379308e+01
      vertex   4.026922e+01 1.476490e+01 1.586157e+00
      vertex   4.060850e+01 1.457379e+01 1.379308e+01
    endloop
  endfacet
  facet normal -4.503362e-01 -8.928579e-01 -1.462048e-03
    outer loop
      vertex   4.060850e+01 1.457379e+01 1.379308e+01
      vertex   4.026922e+01 1.476490e+01 1.586157e+00
      vertex   4.087688e+01 1.445841e+01 1.586157e+00
    endloop
  endfacet
  facet normal -3.332864e-01 -9.428243e-01 1.583713e-03
    outer loop
      vertex   4.060850e+01 1.457379e+01 1.379308e+01
      vertex   4.087688e+01 1.445841e+01 1.586157e+00
      vertex   4.128060e+01 1.433620e+01 1.379308e+01
    endloop
  endfacet
  facet normal -2.504897e-01 -9.681182e-01 -1.407849e-03
    outer loop
      vertex   4.128060e+01 1.433620e+01 1.379308e+01
      vertex   4.087688e+01 1.445841e+01 1.586157e+00
      vertex   4.153577e+01 1.428793e+01 1.586157e+00
    endloop
  endfacet
  facet normal -1.153854e-01 -9.933196e-01 1.515968e-03
    outer loop
      vertex   4.128060e+01 1.433620e+01 1.379308e+01
      vertex   4.153577e+01 1.428793e+01 1.586157e+00
      vertex   4.198870e+01 1.425394e+01 1.379308e+01
    endloop
  endfacet
  facet normal -3.922020e-02 -9.992297e-01 -1.326558e-03
    outer loop
      vertex   4.198870e+01 1.425394e+01 1.379308e+01
      vertex   4.153577e+01 1.428793e+01 1.586157e+00
      vertex   4.221583e+01 1.426124e+01 1.586157e+00
    endloop
  endfacet
  facet normal 1.082884e-01 -9.941185e-01 1.421134e-03
    outer loop
      vertex   4.198870e+01 1.425394e+01 1.379308e+01
      vertex   4.221583e+01 1.426124e+01 1.586157e+00
      vertex   4.269737e+01 1.433114e+01 1.379308e+01
    endloop
  endfacet
  facet normal 1.738379e-01 -9.847735e-01 -1.218184e-03
    outer loop
      vertex   4.269737e+01 1.433114e+01 1.379308e+01
      vertex   4.221583e+01 1.426124e+01 1.586157e+00
      vertex   4.288605e+01 1.437955e+01 1.586157e+00
    endloop
  endfacet
  facet normal 3.265445e-01 -9.451809e-01 1.299221e-03
    outer loop
      vertex   4.269737e+01 1.433114e+01 1.379308e+01
      vertex   4.288605e+01 1.437955e+01 1.586157e+00
      vertex   4.337115e+01 1.456392e+01 1.379308e+01
    endloop
  endfacet
  facet normal 3.789686e-01 -9.254089e-01 -1.082736e-03
    outer loop
      vertex   4.337115e+01 1.456392e+01 1.379308e+01
      vertex   4.288605e+01 1.437955e+01 1.586157e+00
      vertex   4.351587e+01 1.463747e+01 1.586157e+00
    endloop
  endfacet
  facet normal 5.284635e-01 -8.489553e-01 1.150243e-03
    outer loop
      vertex   4.337115e+01 1.456392e+01 1.379308e+01
      vertex   4.351587e+01 1.463747e+01 1.586157e+00
      vertex   4.397634e+01 1.494064e+01 1.379308e+01
    endloop
  endfacet
  facet normal 5.668173e-01 -8.238430e-01 -9.202304e-04
    outer loop
      vertex   4.397634e+01 1.494064e+01 1.379308e+01
      vertex   4.351587e+01 1.463747e+01 1.586157e+00
      vertex   4.407657e+01 1.502324e+01 1.586157e+00
    endloop
  endfacet
  facet normal 7.039431e-01 -7.102557e-01 9.742140e-04
    outer loop
      vertex   4.397634e+01 1.494064e+01 1.379308e+01
      vertex   4.407657e+01 1.502324e+01 1.586157e+00
      vertex   4.448265e+01 1.544246e+01 1.379308e+01
    endloop
  endfacet
  facet normal 7.288176e-01 -6.847075e-01 -7.306828e-04
    outer loop
      vertex   4.448265e+01 1.544246e+01 1.379308e+01
      vertex   4.407657e+01 1.502324e+01 1.586157e+00
      vertex   4.454257e+01 1.551926e+01 1.586157e+00
    endloop
  endfacet
  facet normal 8.442040e-01 -5.360215e-01 7.711528e-04
    outer loop
      vertex   4.448265e+01 1.544246e+01 1.379308e+01
      vertex   4.454257e+01 1.551926e+01 1.586157e+00
      vertex   4.486476e+01 1.604426e+01 1.379308e+01
    endloop
  endfacet
  facet normal 8.575818e-01 -5.143473e-01 -5.141130e-04
    outer loop
      vertex   4.486476e+01 1.604426e+01 1.379308e+01
      vertex   4.454257e+01 1.551926e+01 1.586157e+00
      vertex   4.489263e+01 1.610292e+01 1.586157e+00
    endloop
  endfacet
  facet normal 9.422288e-01 -3.349696e-01 5.410803e-04
    outer loop
      vertex   4.486476e+01 1.604426e+01 1.379308e+01
      vertex   4.489263e+01 1.610292e+01 1.586157e+00
      vertex   4.510355e+01 1.671593e+01 1.379308e+01
    endloop
  endfacet
  facet normal 9.472378e-01 -3.205314e-01 -2.705437e-04
    outer loop
      vertex   4.510355e+01 1.671593e+01 1.379308e+01
      vertex   4.489263e+01 1.610292e+01 1.586157e+00
      vertex   4.511078e+01 1.674759e+01 1.586157e+00
    endloop
  endfacet
  facet normal 0.000000e+00 -1.000000e+00 0.000000e+00
    outer loop
      vertex   -4.200008e+01 2.062799e+01 1.586157e+00
      vertex   4.200008e+01 2.062799e+01 1.586157e+00
      vertex   -4.200008e+01 2.062799e+01 2.600000e+01
    endloop
  endfacet
  facet normal 0.000000e+00 -1.000000e+00 0.000000e+00
    outer loop
      vertex   -4.200008e+01 2.062799e+01 2.600000e+01
      vertex   4.200008e+01 2.062799e+01 1.586157e+00
      vertex   4.200008e+01 2.062799e+01 2.600000e+01
    endloop
  endfacet
  facet normal -1.000000e+00 0.000000e+00 0.000000e+00
    outer loop
      vertex   4.518707e+01 1.745803e+01 2.600000e+01
      vertex   4.518707e+01 2.062799e+01 2.600000e+01
      vertex   4.518707e+01 1.745803e+01 1.586157e+00
    endloop
  endfacet
  facet normal -1.000000e+00 0.000000e+00 0.000000e+00
    outer loop
      vertex   4.518707e+01 1.745803e+01 1.586157e+00
      vertex   4.518707e+01 2.062799e+01 2.600000e+01
      vertex   4.518707e+01 2.062799e+01 1.586157e+00
    endloop
  endfacet
  facet normal -1.000000e+00 -2.229288e-15 0.000000e+00
    outer loop
      vertex   4.518707e+01 -4.655918e+01 1.586157e+00
      vertex   4.518707e+01 -4.974649e+01 1.586157e+00
      vertex   4.518707e+01 -4.655918e+01 2.600000e+01
    endloop
  endfacet
  facet normal -1.000000e+00 -2.229288e-15 0.000000e+00
    outer loop
      vertex   4.518707e+01 -4.655918e+01 2.600000e+01
      vertex   4.518707e+01 -4.974649e+01 1.586157e+00
      vertex   4.518707e+01 -4.974649e+01 2.600000e+01
    endloop
  endfacet
  facet normal 7.071068e-01 7.071068e-01 0.000000e+00
    outer loop
      vertex   4.718707e+01 -3.067504e+01 1.338616e+01
      vertex   4.718707e+01 -3.067504e+01 1.586157e+00
      vertex   4.618707e+01 -2.967504e+01 1.238616e+01
    endloop
  endfacet
  facet normal 7.071068e-01 7.071068e-01 0.000000e+00
    outer loop
      vertex   4.618707e+01 -2.967504e+01 1.238616e+01
      vertex   4.718707e+01 -3.067504e+01 1.586157e+00
      vertex   4.618707e+01 -2.967504e+01 1.586157e+00
    endloop
  endfacet
  facet normal 7.071068e-01 -7.071068e-01 0.000000e+00
    outer loop
      vertex   4.618707e+01 -1.887504e+01 1.586157e+00
      vertex   4.718707e+01 -1.787504e+01 1.586157e+00
      vertex   4.618707e+01 -1.887504e+01 1.238616e+01
    endloop
  endfacet
  facet normal 7.071068e-01 -7.071068e-01 -2.128939e-16
    outer loop
      vertex   4.618707e+01 -1.887504e+01 1.238616e+01
      vertex   4.718707e+01 -1.787504e+01 1.586157e+00
      vertex   4.718707e+01 -1.787504e+01 1.338616e+01
    endloop
  endfacet
  facet normal 7.071068e-01 0.000000e+00 -7.071068e-01
    outer loop
      vertex   4.618707e+01 -2.967504e+01 1.238616e+01
      vertex   4.618707e+01 -1.887504e+01 1.238616e+01
      vertex   4.718707e+01 -3.067504e+01 1.338616e+01
    endloop
  endfacet
  facet normal 7.071068e-01 0.000000e+00 -7.071068e-01
    outer loop
      vertex   4.718707e+01 -3.067504e+01 1.338616e+01
      vertex   4.618707e+01 -1.887504e+01 1.238616e+01
      vertex   4.718707e+01 -1.787504e+01 1.338616e+01
    endloop
  endfacet
  facet normal 1.000000e+00 1.956664e-16 -1.448682e-15
    outer loop
      vertex   4.718707e+01 -5.200000e+01 2.700000e+01
      vertex   4.718707e+01 -6.725862e+00 2.330545e+01
      vertex   4.718707e+01 2.062799e+01 2.700000e+01
    endloop
  endfacet
  facet normal 1.000000e+00 0.000000e+00 0.000000e+00
    outer loop
      vertex   4.718707e+01 2.062799e+01 2.700000e+01
      vertex   4.718707e+01 -6.725862e+00 2.330545e+01
      vertex   4.718707e+01 1.447414e+01 2.330545e+01
    endloop
  endfacet
  facet normal 1.000000e+00 0.000000e+00 0.000000e+00
    outer loop
      vertex   4.718707e+01 2.062799e+01 2.700000e+01
      vertex   4.718707e+01 1.447414e+01 2.330545e+01
      vertex   4.718707e+01 2.062799e+01 1.586157e+00
    endloop
  endfacet
  facet normal 1.000000e+00 0.000000e+00 0.000000e+00
    outer loop
      vertex   4.718707e+01 2.062799e+01 1.586157e+00
      vertex   4.718707e+01 1.447414e+01 2.330545e+01
      vertex   4.718707e+01 1.447414e+01 1.586157e+00
    endloop
  endfacet
  facet normal 1.000000e+00 3.598876e-16 5.637342e-16
    outer loop
      vertex   4.718707e+01 -6.725862e+00 2.330545e+01
      vertex   4.718707e+01 -5.200000e+01 2.700000e+01
      vertex   4.718707e+01 -3.067504e+01 1.338616e+01
    endloop
  endfacet
  facet normal 1.000000e+00 0.000000e+00 0.000000e+00
    outer loop
      vertex   4.718707e+01 -3.067504e+01 1.338616e+01
      vertex   4.718707e+01 -5.200000e+01 2.700000e+01
      vertex   4.718707e+01 -5.200000e+01 1.586157e+00
    endloop
  endfacet
  facet normal 1.000000e+00 0.000000e+00 0.000000e+00
    outer loop
      vertex   4.718707e+01 -3.067504e+01 1.338616e+01
      vertex   4.718707e+01 -5.200000e+01 1.586157e+00
      vertex   4.718707e+01 -3.067504e+01 1.586157e+00
    endloop
  endfacet
  facet normal 1.000000e+00 -0.000000e+00 1.432648e-15
    outer loop
      vertex   4.718707e+01 -3.067504e+01 1.338616e+01
      vertex   4.718707e+01 -1.787504e+01 1.338616e+01
      vertex   4.718707e+01 -6.725862e+00 2.330545e+01
    endloop
  endfacet
  facet normal 1.000000e+00 2.314166e-15 -1.168449e-15
    outer loop
      vertex   4.718707e+01 -6.725862e+00 2.330545e+01
      vertex   4.718707e+01 -1.787504e+01 1.338616e+01
      vertex   4.718707e+01 -1.257373e+01 1.172348e+01
    endloop
  endfacet
  facet normal 1.000000e+00 0.000000e+00 0.000000e+00
    outer loop
      vertex   4.718707e+01 -6.725862e+00 2.330545e+01
      vertex   4.718707e+01 -1.257373e+01 1.172348e+01
      vertex   4.718707e+01 -1.204533e+01 1.153858e+01
    endloop
  endfacet
  facet normal 1.000000e+00 0.000000e+00 -0.000000e+00
    outer loop
      vertex   4.718707e+01 -1.787504e+01 1.586157e+00
      vertex   4.718707e+01 -1.639004e+01 9.286157e+00
      vertex   4.718707e+01 -1.787504e+01 1.338616e+01
    endloop
  endfacet
  facet normal 1.000000e+00 5.379427e-14 1.948404e-14
    outer loop
      vertex   4.718707e+01 -1.787504e+01 1.338616e+01
      vertex   4.718707e+01 -1.639004e+01 9.286157e+00
      vertex   4.718707e+01 -1.632736e+01 9.842459e+00
    endloop
  endfacet
  facet normal 1.000000e+00 5.097745e-15 -1.783778e-15
    outer loop
      vertex   4.718707e+01 -1.787504e+01 1.338616e+01
      vertex   4.718707e+01 -1.632736e+01 9.842459e+00
      vertex   4.718707e+01 -1.614246e+01 1.037087e+01
    endloop
  endfacet
  facet normal 1.000000e+00 0.000000e+00 0.000000e+00
    outer loop
      vertex   4.718707e+01 -1.787504e+01 1.586157e+00
      vertex   4.718707e+01 -1.639004e+01 1.586157e+00
      vertex   4.718707e+01 -1.639004e+01 9.286157e+00
    endloop
  endfacet
  facet normal 1.000000e+00 3.917845e-15 -2.461745e-15
    outer loop
      vertex   4.718707e+01 -1.614246e+01 1.037087e+01
      vertex   4.718707e+01 -1.584461e+01 1.084488e+01
      vertex   4.718707e+01 -1.787504e+01 1.338616e+01
    endloop
  endfacet
  facet normal 1.000000e+00 3.108441e-15 -3.108441e-15
    outer loop
      vertex   4.718707e+01 -1.787504e+01 1.338616e+01
      vertex   4.718707e+01 -1.584461e+01 1.084488e+01
      vertex   4.718707e+01 -1.544876e+01 1.124074e+01
    endloop
  endfacet
  facet normal 1.000000e+00 2.433076e-15 -3.872218e-15
    outer loop
      vertex   4.718707e+01 -1.787504e+01 1.338616e+01
      vertex   4.718707e+01 -1.544876e+01 1.124074e+01
      vertex   4.718707e+01 -1.497474e+01 1.153858e+01
    endloop
  endfacet
  facet normal 1.000000e+00 1.737191e-15 -4.964606e-15
    outer loop
      vertex   4.718707e+01 -1.497474e+01 1.153858e+01
      vertex   4.718707e+01 -1.444634e+01 1.172348e+01
      vertex   4.718707e+01 -1.787504e+01 1.338616e+01
    endloop
  endfacet
  facet normal 1.000000e+00 7.814434e-16 -6.935502e-15
    outer loop
      vertex   4.718707e+01 -1.787504e+01 1.338616e+01
      vertex   4.718707e+01 -1.444634e+01 1.172348e+01
      vertex   4.718707e+01 -1.389004e+01 1.178616e+01
    endloop
  endfacet
  facet normal 1.000000e+00 -1.869849e-14 -5.545274e-14
    outer loop
      vertex   4.718707e+01 -1.787504e+01 1.338616e+01
      vertex   4.718707e+01 -1.389004e+01 1.178616e+01
      vertex   4.718707e+01 -1.313004e+01 1.178616e+01
    endloop
  endfacet
  facet normal 1.000000e+00 3.836456e-14 1.137749e-13
    outer loop
      vertex   4.718707e+01 -1.313004e+01 1.178616e+01
      vertex   4.718707e+01 -1.257373e+01 1.172348e+01
      vertex   4.718707e+01 -1.787504e+01 1.338616e+01
    endloop
  endfacet
  facet normal 1.000000e+00 -0.000000e+00 0.000000e+00
    outer loop
      vertex   4.718707e+01 -1.204533e+01 1.153858e+01
      vertex   4.718707e+01 -1.157131e+01 1.124074e+01
      vertex   4.718707e+01 -6.725862e+00 2.330545e+01
    endloop
  endfacet
  facet normal 1.000000e+00 0.000000e+00 0.000000e+00
    outer loop
      vertex   4.718707e+01 -6.725862e+00 2.330545e+01
      vertex   4.718707e+01 -1.157131e+01 1.124074e+01
      vertex   4.718707e+01 -1.117546e+01 1.084488e+01
    endloop
  endfacet
  facet normal 1.000000e+00 0.000000e+00 0.000000e+00
    outer loop
      vertex   4.718707e+01 -6.725862e+00 2.330545e+01
      vertex   4.718707e+01 -1.117546e+01 1.084488e+01
      vertex   4.718707e+01 -1.087761e+01 1.037087e+01
    endloop
  endfacet
  facet normal 1.000000e+00 -0.000000e+00 0.000000e+00
    outer loop
      vertex   4.718707e+01 -1.087761e+01 1.037087e+01
      vertex   4.718707e+01 -1.069272e+01 9.842459e+00
      vertex   4.718707e+01 -6.725862e+00 2.330545e+01
    endloop
  endfacet
  facet normal 1.000000e+00 0.000000e+00 0.000000e+00
    outer loop
      vertex   4.718707e+01 -6.725862e+00 2.330545e+01
      vertex   4.718707e+01 -1.069272e+01 9.842459e+00
      vertex   4.718707e+01 -6.725862e+00 1.586157e+00
    endloop
  endfacet
  facet normal 1.000000e+00 0.000000e+00 0.000000e+00
    outer loop
      vertex   4.718707e+01 -6.725862e+00 1.586157e+00
      vertex   4.718707e+01 -1.069272e+01 9.842459e+00
      vertex   4.718707e+01 -1.063004e+01 9.286157e+00
    endloop
  endfacet
  facet normal 1.000000e+00 3.639914e-15 1.845566e-15
    outer loop
      vertex   4.718707e+01 -6.725862e+00 1.586157e+00
      vertex   4.718707e+01 -1.063004e+01 9.286157e+00
      vertex   4.718707e+01 -1.063004e+01 1.586157e+00
    endloop
  endfacet
  facet normal -0.000000e+00 -0.000000e+00 -1.000000e+00
    outer loop
      vertex   4.718707e+01 -1.639004e+01 1.586157e+00
      vertex   4.718707e+01 -1.787504e+01 1.586157e+00
      vertex   4.618707e+01 -1.539004e+01 1.586157e+00
    endloop
  endfacet
  facet normal 0.000000e+00 0.000000e+00 -1.000000e+00
    outer loop
      vertex   4.618707e+01 -1.539004e+01 1.586157e+00
      vertex   4.718707e+01 -1.787504e+01 1.586157e+00
      vertex   4.618707e+01 -1.887504e+01 1.586157e+00
    endloop
  endfacet
  facet normal 0.000000e+00 -0.000000e+00 -1.000000e+00
    outer loop
      vertex   4.618707e+01 -1.539004e+01 1.586157e+00
      vertex   4.618707e+01 -1.887504e+01 1.586157e+00
      vertex   4.518707e+01 -1.887504e+01 1.586157e+00
    endloop
  endfacet
  facet normal 0.000000e+00 0.000000e+00 -1.000000e+00
    outer loop
      vertex   4.518707e+01 -1.887504e+01 1.586157e+00
      vertex   4.518707e+01 -1.539004e+01 1.586157e+00
      vertex   4.618707e+01 -1.539004e+01 1.586157e+00
    endloop
  endfacet
  facet normal 0.000000e+00 -1.000000e+00 0.000000e+00
    outer loop
      vertex   4.618707e+01 -1.887504e+01 1.586157e+00
      vertex   4.618707e+01 -1.887504e+01 1.238616e+01
      vertex   4.518707e+01 -1.887504e+01 1.586157e+00
    endloop
  endfacet
  facet normal 0.000000e+00 -1.000000e+00 0.000000e+00
    outer loop
      vertex   4.518707e+01 -1.887504e+01 1.586157e+00
      vertex   4.618707e+01 -1.887504e+01 1.238616e+01
      vertex   4.518707e+01 -1.887504e+01 1.238616e+01
    endloop
  endfacet
  facet normal 7.071068e-01 7.071068e-01 1.631265e-16
    outer loop
      vertex   4.618707e+01 -1.539004e+01 1.586157e+00
      vertex   4.618707e+01 -1.539004e+01 9.286157e+00
      vertex   4.718707e+01 -1.639004e+01 1.586157e+00
    endloop
  endfacet
  facet normal 7.071068e-01 7.071068e-01 3.262530e-16
    outer loop
      vertex   4.718707e+01 -1.639004e+01 1.586157e+00
      vertex   4.618707e+01 -1.539004e+01 9.286157e+00
      vertex   4.718707e+01 -1.639004e+01 9.286157e+00
    endloop
  endfacet
  facet normal 7.048732e-01 7.942014e-02 -7.048732e-01
    outer loop
      vertex   4.718707e+01 -1.389004e+01 1.178616e+01
      vertex   4.718707e+01 -1.444634e+01 1.172348e+01
      vertex   4.618707e+01 -1.389004e+01 1.078616e+01
    endloop
  endfacet
  facet normal 7.077821e-01 9.220772e-02 -7.003872e-01
    outer loop
      vertex   4.618707e+01 -1.389004e+01 1.078616e+01
      vertex   4.718707e+01 -1.444634e+01 1.172348e+01
      vertex   4.618707e+01 -1.427826e+01 1.073505e+01
    endloop
  endfacet
  facet normal 7.029966e-01 2.348922e-01 -6.712834e-01
    outer loop
      vertex   4.618707e+01 -1.427826e+01 1.073505e+01
      vertex   4.718707e+01 -1.444634e+01 1.172348e+01
      vertex   4.718707e+01 -1.497474e+01 1.153858e+01
    endloop
  endfacet
  facet normal 7.102324e-01 2.693966e-01 -6.503810e-01
    outer loop
      vertex   4.618707e+01 -1.427826e+01 1.073505e+01
      vertex   4.718707e+01 -1.497474e+01 1.153858e+01
      vertex   4.618707e+01 -1.464004e+01 1.058519e+01
    endloop
  endfacet
  facet normal 7.018625e-01 3.789731e-01 -6.031322e-01
    outer loop
      vertex   4.618707e+01 -1.464004e+01 1.058519e+01
      vertex   4.718707e+01 -1.497474e+01 1.153858e+01
      vertex   4.718707e+01 -1.544876e+01 1.124074e+01
    endloop
  endfacet
  facet normal 7.114488e-01 4.277997e-01 -5.575195e-01
    outer loop
      vertex   4.618707e+01 -1.464004e+01 1.058519e+01
      vertex   4.718707e+01 -1.544876e+01 1.124074e+01
      vertex   4.618707e+01 -1.495070e+01 1.034682e+01
    endloop
  endfacet
  facet normal 7.014831e-01 5.039452e-01 -5.039452e-01
    outer loop
      vertex   4.618707e+01 -1.495070e+01 1.034682e+01
      vertex   4.718707e+01 -1.544876e+01 1.124074e+01
      vertex   4.718707e+01 -1.584461e+01 1.084488e+01
    endloop
  endfacet
  facet normal 7.114488e-01 5.575195e-01 -4.277997e-01
    outer loop
      vertex   4.618707e+01 -1.495070e+01 1.034682e+01
      vertex   4.718707e+01 -1.584461e+01 1.084488e+01
      vertex   4.618707e+01 -1.518907e+01 1.003616e+01
    endloop
  endfacet
  facet normal 7.018625e-01 6.031322e-01 -3.789731e-01
    outer loop
      vertex   4.618707e+01 -1.518907e+01 1.003616e+01
      vertex   4.718707e+01 -1.584461e+01 1.084488e+01
      vertex   4.718707e+01 -1.614246e+01 1.037087e+01
    endloop
  endfacet
  facet normal 7.102324e-01 6.503810e-01 -2.693966e-01
    outer loop
      vertex   4.618707e+01 -1.518907e+01 1.003616e+01
      vertex   4.718707e+01 -1.614246e+01 1.037087e+01
      vertex   4.618707e+01 -1.533892e+01 9.674385e+00
    endloop
  endfacet
  facet normal 7.029966e-01 6.712834e-01 -2.348922e-01
    outer loop
      vertex   4.618707e+01 -1.533892e+01 9.674385e+00
      vertex   4.718707e+01 -1.614246e+01 1.037087e+01
      vertex   4.718707e+01 -1.632736e+01 9.842459e+00
    endloop
  endfacet
  facet normal 7.077821e-01 7.003872e-01 -9.220772e-02
    outer loop
      vertex   4.618707e+01 -1.533892e+01 9.674385e+00
      vertex   4.718707e+01 -1.632736e+01 9.842459e+00
      vertex   4.618707e+01 -1.539004e+01 9.286157e+00
    endloop
  endfacet
  facet normal 7.048732e-01 7.048732e-01 -7.942014e-02
    outer loop
      vertex   4.618707e+01 -1.539004e+01 9.286157e+00
      vertex   4.718707e+01 -1.632736e+01 9.842459e+00
      vertex   4.718707e+01 -1.639004e+01 9.286157e+00
    endloop
  endfacet
  facet normal 7.071068e-01 0.000000e+00 -7.071068e-01
    outer loop
      vertex   4.618707e+01 -1.313004e+01 1.078616e+01
      vertex   4.718707e+01 -1.313004e+01 1.178616e+01
      vertex   4.618707e+01 -1.389004e+01 1.078616e+01
    endloop
  endfacet
  facet normal 7.071068e-01 -1.322183e-14 -7.071068e-01
    outer loop
      vertex   4.618707e+01 -1.389004e+01 1.078616e+01
      vertex   4.718707e+01 -1.313004e+01 1.178616e+01
      vertex   4.718707e+01 -1.389004e+01 1.178616e+01
    endloop
  endfacet
  facet normal 7.048732e-01 -7.048732e-01 -7.942014e-02
    outer loop
      vertex   4.718707e+01 -1.063004e+01 9.286157e+00
      vertex   4.718707e+01 -1.069272e+01 9.842459e+00
      vertex   4.618707e+01 -1.163004e+01 9.286157e+00
    endloop
  endfacet
  facet normal 7.077821e-01 -7.003872e-01 -9.220772e-02
    outer loop
      vertex   4.618707e+01 -1.163004e+01 9.286157e+00
      vertex   4.718707e+01 -1.069272e+01 9.842459e+00
      vertex   4.618707e+01 -1.168115e+01 9.674385e+00
    endloop
  endfacet
  facet normal 7.029966e-01 -6.712834e-01 -2.348922e-01
    outer loop
      vertex   4.618707e+01 -1.168115e+01 9.674385e+00
      vertex   4.718707e+01 -1.069272e+01 9.842459e+00
      vertex   4.718707e+01 -1.087761e+01 1.037087e+01
    endloop
  endfacet
  facet normal 7.102324e-01 -6.503810e-01 -2.693966e-01
    outer loop
      vertex   4.618707e+01 -1.168115e+01 9.674385e+00
      vertex   4.718707e+01 -1.087761e+01 1.037087e+01
      vertex   4.618707e+01 -1.183100e+01 1.003616e+01
    endloop
  endfacet
  facet normal 7.018625e-01 -6.031322e-01 -3.789731e-01
    outer loop
      vertex   4.618707e+01 -1.183100e+01 1.003616e+01
      vertex   4.718707e+01 -1.087761e+01 1.037087e+01
      vertex   4.718707e+01 -1.117546e+01 1.084488e+01
    endloop
  endfacet
  facet normal 7.114488e-01 -5.575195e-01 -4.277997e-01
    outer loop
      vertex   4.618707e+01 -1.183100e+01 1.003616e+01
      vertex   4.718707e+01 -1.117546e+01 1.084488e+01
      vertex   4.618707e+01 -1.206938e+01 1.034682e+01
    endloop
  endfacet
  facet normal 7.014831e-01 -5.039452e-01 -5.039452e-01
    outer loop
      vertex   4.618707e+01 -1.206938e+01 1.034682e+01
      vertex   4.718707e+01 -1.117546e+01 1.084488e+01
      vertex   4.718707e+01 -1.157131e+01 1.124074e+01
    endloop
  endfacet
  facet normal 7.114488e-01 -4.277997e-01 -5.575195e-01
    outer loop
      vertex   4.618707e+01 -1.206938e+01 1.034682e+01
      vertex   4.718707e+01 -1.157131e+01 1.124074e+01
      vertex   4.618707e+01 -1.238004e+01 1.058519e+01
    endloop
  endfacet
  facet normal 7.018625e-01 -3.789731e-01 -6.031322e-01
    outer loop
      vertex   4.618707e+01 -1.238004e+01 1.058519e+01
      vertex   4.718707e+01 -1.157131e+01 1.124074e+01
      vertex   4.718707e+01 -1.204533e+01 1.153858e+01
    endloop
  endfacet
  facet normal 7.102324e-01 -2.693966e-01 -6.503810e-01
    outer loop
      vertex   4.618707e+01 -1.238004e+01 1.058519e+01
      vertex   4.718707e+01 -1.204533e+01 1.153858e+01
      vertex   4.618707e+01 -1.274181e+01 1.073505e+01
    endloop
  endfacet
  facet normal 7.029966e-01 -2.348922e-01 -6.712834e-01
    outer loop
      vertex   4.618707e+01 -1.274181e+01 1.073505e+01
      vertex   4.718707e+01 -1.204533e+01 1.153858e+01
      vertex   4.718707e+01 -1.257373e+01 1.172348e+01
    endloop
  endfacet
  facet normal 7.077821e-01 -9.220772e-02 -7.003872e-01
    outer loop
      vertex   4.618707e+01 -1.274181e+01 1.073505e+01
      vertex   4.718707e+01 -1.257373e+01 1.172348e+01
      vertex   4.618707e+01 -1.313004e+01 1.078616e+01
    endloop
  endfacet
  facet normal 7.048732e-01 -7.942014e-02 -7.048732e-01
    outer loop
      vertex   4.618707e+01 -1.313004e+01 1.078616e+01
      vertex   4.718707e+01 -1.257373e+01 1.172348e+01
      vertex   4.718707e+01 -1.313004e+01 1.178616e+01
    endloop
  endfacet
  facet normal 7.071068e-01 -7.071068e-01 1.468138e-15
    outer loop
      vertex   4.718707e+01 -1.063004e+01 1.586157e+00
      vertex   4.718707e+01 -1.063004e+01 9.286157e+00
      vertex   4.618707e+01 -1.163004e+01 1.586157e+00
    endloop
  endfacet
  facet normal 7.071068e-01 -7.071068e-01 -1.305012e-15
    outer loop
      vertex   4.618707e+01 -1.163004e+01 1.586157e+00
      vertex   4.718707e+01 -1.063004e+01 9.286157e+00
      vertex   4.618707e+01 -1.163004e+01 9.286157e+00
    endloop
  endfacet
  facet normal -0.000000e+00 -0.000000e+00 -1.000000e+00
    outer loop
      vertex   4.718707e+01 -6.725862e+00 1.586157e+00
      vertex   4.718707e+01 -1.063004e+01 1.586157e+00
      vertex   4.518707e+01 -6.725862e+00 1.586157e+00
    endloop
  endfacet
  facet normal 0.000000e+00 0.000000e+00 -1.000000e+00
    outer loop
      vertex   4.518707e+01 -6.725862e+00 1.586157e+00
      vertex   4.718707e+01 -1.063004e+01 1.586157e+00
      vertex   4.618707e+01 -1.163004e+01 1.586157e+00
    endloop
  endfacet
  facet normal 0.000000e+00 0.000000e+00 -1.000000e+00
    outer loop
      vertex   4.518707e+01 -6.725862e+00 1.586157e+00
      vertex   4.618707e+01 -1.163004e+01 1.586157e+00
      vertex   4.518707e+01 -1.163004e+01 1.586157e+00
    endloop
  endfacet
  facet normal 0.000000e+00 -1.000000e+00 0.000000e+00
    outer loop
      vertex   4.618707e+01 -1.163004e+01 1.586157e+00
      vertex   4.618707e+01 -1.163004e+01 9.286157e+00
      vertex   4.518707e+01 -1.163004e+01 1.586157e+00
    endloop
  endfacet
  facet normal 0.000000e+00 -1.000000e+00 0.000000e+00
    outer loop
      vertex   4.518707e+01 -1.163004e+01 1.586157e+00
      vertex   4.618707e+01 -1.163004e+01 9.286157e+00
      vertex   4.518707e+01 -1.163004e+01 9.286157e+00
    endloop
  endfacet
  facet normal 0.000000e+00 -9.914449e-01 -1.305262e-01
    outer loop
      vertex   4.518707e+01 -1.163004e+01 9.286157e+00
      vertex   4.618707e+01 -1.163004e+01 9.286157e+00
      vertex   4.518707e+01 -1.168115e+01 9.674385e+00
    endloop
  endfacet
  facet normal 0.000000e+00 -9.914449e-01 -1.305262e-01
    outer loop
      vertex   4.518707e+01 -1.168115e+01 9.674385e+00
      vertex   4.618707e+01 -1.163004e+01 9.286157e+00
      vertex   4.618707e+01 -1.168115e+01 9.674385e+00
    endloop
  endfacet
  facet normal 0.000000e+00 -9.238795e-01 -3.826834e-01
    outer loop
      vertex   4.518707e+01 -1.168115e+01 9.674385e+00
      vertex   4.618707e+01 -1.168115e+01 9.674385e+00
      vertex   4.518707e+01 -1.183100e+01 1.003616e+01
    endloop
  endfacet
  facet normal -9.613574e-16 -9.238795e-01 -3.826834e-01
    outer loop
      vertex   4.518707e+01 -1.183100e+01 1.003616e+01
      vertex   4.618707e+01 -1.168115e+01 9.674385e+00
      vertex   4.618707e+01 -1.183100e+01 1.003616e+01
    endloop
  endfacet
  facet normal -3.279011e-16 -7.933533e-01 -6.087614e-01
    outer loop
      vertex   4.518707e+01 -1.183100e+01 1.003616e+01
      vertex   4.618707e+01 -1.183100e+01 1.003616e+01
      vertex   4.518707e+01 -1.206938e+01 1.034682e+01
    endloop
  endfacet
  facet normal 0.000000e+00 -7.933533e-01 -6.087614e-01
    outer loop
      vertex   4.518707e+01 -1.206938e+01 1.034682e+01
      vertex   4.618707e+01 -1.183100e+01 1.003616e+01
      vertex   4.618707e+01 -1.206938e+01 1.034682e+01
    endloop
  endfacet
  facet normal 0.000000e+00 -6.087614e-01 -7.933533e-01
    outer loop
      vertex   4.518707e+01 -1.206938e+01 1.034682e+01
      vertex   4.618707e+01 -1.206938e+01 1.034682e+01
      vertex   4.518707e+01 -1.238004e+01 1.058519e+01
    endloop
  endfacet
  facet normal 1.737180e-15 -6.087614e-01 -7.933533e-01
    outer loop
      vertex   4.518707e+01 -1.238004e+01 1.058519e+01
      vertex   4.618707e+01 -1.206938e+01 1.034682e+01
      vertex   4.618707e+01 -1.238004e+01 1.058519e+01
    endloop
  endfacet
  facet normal 2.602497e-15 -3.826834e-01 -9.238795e-01
    outer loop
      vertex   4.518707e+01 -1.238004e+01 1.058519e+01
      vertex   4.618707e+01 -1.238004e+01 1.058519e+01
      vertex   4.518707e+01 -1.274181e+01 1.073505e+01
    endloop
  endfacet
  facet normal 0.000000e+00 -3.826834e-01 -9.238795e-01
    outer loop
      vertex   4.518707e+01 -1.274181e+01 1.073505e+01
      vertex   4.618707e+01 -1.238004e+01 1.058519e+01
      vertex   4.618707e+01 -1.274181e+01 1.073505e+01
    endloop
  endfacet
  facet normal 0.000000e+00 -1.305262e-01 -9.914449e-01
    outer loop
      vertex   4.518707e+01 -1.274181e+01 1.073505e+01
      vertex   4.618707e+01 -1.274181e+01 1.073505e+01
      vertex   4.518707e+01 -1.313004e+01 1.078616e+01
    endloop
  endfacet
  facet normal 0.000000e+00 -1.305262e-01 -9.914449e-01
    outer loop
      vertex   4.518707e+01 -1.313004e+01 1.078616e+01
      vertex   4.618707e+01 -1.274181e+01 1.073505e+01
      vertex   4.618707e+01 -1.313004e+01 1.078616e+01
    endloop
  endfacet
  facet normal -0.000000e+00 -0.000000e+00 -1.000000e+00
    outer loop
      vertex   4.618707e+01 -1.313004e+01 1.078616e+01
      vertex   4.618707e+01 -1.389004e+01 1.078616e+01
      vertex   4.518707e+01 -1.313004e+01 1.078616e+01
    endloop
  endfacet
  facet normal 0.000000e+00 0.000000e+00 -1.000000e+00
    outer loop
      vertex   4.518707e+01 -1.313004e+01 1.078616e+01
      vertex   4.618707e+01 -1.389004e+01 1.078616e+01
      vertex   4.518707e+01 -1.389004e+01 1.078616e+01
    endloop
  endfacet
  facet normal 0.000000e+00 1.305262e-01 -9.914449e-01
    outer loop
      vertex   4.518707e+01 -1.389004e+01 1.078616e+01
      vertex   4.618707e+01 -1.389004e+01 1.078616e+01
      vertex   4.518707e+01 -1.427826e+01 1.073505e+01
    endloop
  endfacet
  facet normal 0.000000e+00 1.305262e-01 -9.914449e-01
    outer loop
      vertex   4.518707e+01 -1.427826e+01 1.073505e+01
      vertex   4.618707e+01 -1.389004e+01 1.078616e+01
      vertex   4.618707e+01 -1.427826e+01 1.073505e+01
    endloop
  endfacet
  facet normal 0.000000e+00 3.826834e-01 -9.238795e-01
    outer loop
      vertex   4.518707e+01 -1.427826e+01 1.073505e+01
      vertex   4.618707e+01 -1.427826e+01 1.073505e+01
      vertex   4.518707e+01 -1.464004e+01 1.058519e+01
    endloop
  endfacet
  facet normal -2.602497e-15 3.826834e-01 -9.238795e-01
    outer loop
      vertex   4.518707e+01 -1.464004e+01 1.058519e+01
      vertex   4.618707e+01 -1.427826e+01 1.073505e+01
      vertex   4.618707e+01 -1.464004e+01 1.058519e+01
    endloop
  endfacet
  facet normal -1.737180e-15 6.087614e-01 -7.933533e-01
    outer loop
      vertex   4.518707e+01 -1.464004e+01 1.058519e+01
      vertex   4.618707e+01 -1.464004e+01 1.058519e+01
      vertex   4.518707e+01 -1.495070e+01 1.034682e+01
    endloop
  endfacet
  facet normal 0.000000e+00 6.087614e-01 -7.933533e-01
    outer loop
      vertex   4.518707e+01 -1.495070e+01 1.034682e+01
      vertex   4.618707e+01 -1.464004e+01 1.058519e+01
      vertex   4.618707e+01 -1.495070e+01 1.034682e+01
    endloop
  endfacet
  facet normal 0.000000e+00 7.933533e-01 -6.087614e-01
    outer loop
      vertex   4.518707e+01 -1.495070e+01 1.034682e+01
      vertex   4.618707e+01 -1.495070e+01 1.034682e+01
      vertex   4.518707e+01 -1.518907e+01 1.003616e+01
    endloop
  endfacet
  facet normal 3.279011e-16 7.933533e-01 -6.087614e-01
    outer loop
      vertex   4.518707e+01 -1.518907e+01 1.003616e+01
      vertex   4.618707e+01 -1.495070e+01 1.034682e+01
      vertex   4.618707e+01 -1.518907e+01 1.003616e+01
    endloop
  endfacet
  facet normal 9.613574e-16 9.238795e-01 -3.826834e-01
    outer loop
      vertex   4.518707e+01 -1.518907e+01 1.003616e+01
      vertex   4.618707e+01 -1.518907e+01 1.003616e+01
      vertex   4.518707e+01 -1.533892e+01 9.674385e+00
    endloop
  endfacet
  facet normal 0.000000e+00 9.238795e-01 -3.826834e-01
    outer loop
      vertex   4.518707e+01 -1.533892e+01 9.674385e+00
      vertex   4.618707e+01 -1.518907e+01 1.003616e+01
      vertex   4.618707e+01 -1.533892e+01 9.674385e+00
    endloop
  endfacet
  facet normal 0.000000e+00 9.914449e-01 -1.305262e-01
    outer loop
      vertex   4.518707e+01 -1.533892e+01 9.674385e+00
      vertex   4.618707e+01 -1.533892e+01 9.674385e+00
      vertex   4.518707e+01 -1.539004e+01 9.286157e+00
    endloop
  endfacet
  facet normal 0.000000e+00 9.914449e-01 -1.305262e-01
    outer loop
      vertex   4.518707e+01 -1.539004e+01 9.286157e+00
      vertex   4.618707e+01 -1.533892e+01 9.674385e+00
      vertex   4.618707e+01 -1.539004e+01 9.286157e+00
    endloop
  endfacet
  facet normal 0.000000e+00 1.000000e+00 2.306957e-16
    outer loop
      vertex   4.618707e+01 -1.539004e+01 9.286157e+00
      vertex   4.618707e+01 -1.539004e+01 1.586157e+00
      vertex   4.518707e+01 -1.539004e+01 9.286157e+00
    endloop
  endfacet
  facet normal 0.000000e+00 1.000000e+00 2.306957e-16
    outer loop
      vertex   4.518707e+01 -1.539004e+01 9.286157e+00
      vertex   4.618707e+01 -1.539004e+01 1.586157e+00
      vertex   4.518707e+01 -1.539004e+01 1.586157e+00
    endloop
  endfacet
  facet normal -7.071068e-01 -7.071068e-01 0.000000e+00
    outer loop
      vertex   1.300000e+01 -5.400000e+01 1.586157e+00
      vertex   1.400000e+01 -5.500000e+01 1.586157e+00
      vertex   1.300000e+01 -5.400000e+01 7.186157e+00
    endloop
  endfacet
  facet normal -7.071068e-01 -7.071068e-01 0.000000e+00
    outer loop
      vertex   1.300000e+01 -5.400000e+01 7.186157e+00
      vertex   1.400000e+01 -5.500000e+01 1.586157e+00
      vertex   1.400000e+01 -5.500000e+01 8.186157e+00
    endloop
  endfacet
  facet normal -0.000000e+00 -7.071068e-01 -7.071068e-01
    outer loop
      vertex   1.400000e+01 -5.500000e+01 8.186157e+00
      vertex   -1.400000e+01 -5.500000e+01 8.186157e+00
      vertex   1.300000e+01 -5.400000e+01 7.186157e+00
    endloop
  endfacet
  facet normal 1.932421e-16 -7.071068e-01 -7.071068e-01
    outer loop
      vertex   1.300000e+01 -5.400000e+01 7.186157e+00
      vertex   -1.400000e+01 -5.500000e+01 8.186157e+00
      vertex   -1.300000e+01 -5.400000e+01 7.186157e+00
    endloop
  endfacet
  facet normal 7.071068e-01 -7.071068e-01 0.000000e+00
    outer loop
      vertex   -1.400000e+01 -5.500000e+01 8.186157e+00
      vertex   -1.400000e+01 -5.500000e+01 1.586157e+00
      vertex   -1.300000e+01 -5.400000e+01 7.186157e+00
    endloop
  endfacet
  facet normal 7.071068e-01 -7.071068e-01 -8.971957e-16
    outer loop
      vertex   -1.300000e+01 -5.400000e+01 7.186157e+00
      vertex   -1.400000e+01 -5.500000e+01 1.586157e+00
      vertex   -1.300000e+01 -5.400000e+01 1.586157e+00
    endloop
  endfacet
  facet normal 0.000000e+00 0.000000e+00 -1.000000e+00
    outer loop
      vertex   1.400000e+01 -5.500000e+01 1.586157e+00
      vertex   1.300000e+01 -5.400000e+01 1.586157e+00
      vertex   1.518259e+01 -5.500000e+01 1.586157e+00
    endloop
  endfacet
  facet normal 0.000000e+00 0.000000e+00 -1.000000e+00
    outer loop
      vertex   1.518259e+01 -5.500000e+01 1.586157e+00
      vertex   1.300000e+01 -5.400000e+01 1.586157e+00
      vertex   1.300000e+01 -4.974649e+01 1.586157e+00
    endloop
  endfacet
  facet normal 0.000000e+00 0.000000e+00 -1.000000e+00
    outer loop
      vertex   1.518259e+01 -5.500000e+01 1.586157e+00
      vertex   1.300000e+01 -4.974649e+01 1.586157e+00
      vertex   1.768259e+01 -5.250000e+01 1.586157e+00
    endloop
  endfacet
  facet normal 0.000000e+00 0.000000e+00 -1.000000e+00
    outer loop
      vertex   1.768259e+01 -5.250000e+01 1.586157e+00
      vertex   1.300000e+01 -4.974649e+01 1.586157e+00
      vertex   1.768259e+01 -4.974649e+01 1.586157e+00
    endloop
  endfacet
  facet normal -1.000000e+00 0.000000e+00 0.000000e+00
    outer loop
      vertex   1.300000e+01 -5.400000e+01 1.586157e+00
      vertex   1.300000e+01 -5.400000e+01 7.186157e+00
      vertex   1.300000e+01 -4.974649e+01 1.586157e+00
    endloop
  endfacet
  facet normal -1.000000e+00 0.000000e+00 0.000000e+00
    outer loop
      vertex   1.300000e+01 -4.974649e+01 1.586157e+00
      vertex   1.300000e+01 -5.400000e+01 7.186157e+00
      vertex   1.300000e+01 -4.974649e+01 7.186157e+00
    endloop
  endfacet
  facet normal -7.071068e-01 -7.071068e-01 0.000000e+00
    outer loop
      vertex   2.229193e+01 -5.250000e+01 1.586157e+00
      vertex   2.479193e+01 -5.500000e+01 1.586157e+00
      vertex   2.229193e+01 -5.250000e+01 4.663698e+00
    endloop
  endfacet
  facet normal -7.071068e-01 -7.071068e-01 -9.008085e-16
    outer loop
      vertex   2.229193e+01 -5.250000e+01 4.663698e+00
      vertex   2.479193e+01 -5.500000e+01 1.586157e+00
      vertex   2.479193e+01 -5.500000e+01 7.163698e+00
    endloop
  endfacet
  facet normal -5.228554e-16 -7.071068e-01 -7.071068e-01
    outer loop
      vertex   2.479193e+01 -5.500000e+01 7.163698e+00
      vertex   1.518259e+01 -5.500000e+01 7.163698e+00
      vertex   2.229193e+01 -5.250000e+01 4.663698e+00
    endloop
  endfacet
  facet normal 2.180050e-15 -7.071068e-01 -7.071068e-01
    outer loop
      vertex   2.229193e+01 -5.250000e+01 4.663698e+00
      vertex   1.518259e+01 -5.500000e+01 7.163698e+00
      vertex   1.768259e+01 -5.250000e+01 4.663698e+00
    endloop
  endfacet
  facet normal 7.071068e-01 -7.071068e-01 9.008085e-16
    outer loop
      vertex   1.518259e+01 -5.500000e+01 7.163698e+00
      vertex   1.518259e+01 -5.500000e+01 1.586157e+00
      vertex   1.768259e+01 -5.250000e+01 4.663698e+00
    endloop
  endfacet
  facet normal 7.071068e-01 -7.071068e-01 -3.265137e-15
    outer loop
      vertex   1.768259e+01 -5.250000e+01 4.663698e+00
      vertex   1.518259e+01 -5.500000e+01 1.586157e+00
      vertex   1.768259e+01 -5.250000e+01 1.586157e+00
    endloop
  endfacet
  facet normal 0.000000e+00 0.000000e+00 -1.000000e+00
    outer loop
      vertex   3.901309e+01 -4.974649e+01 1.586157e+00
      vertex   4.518707e+01 -4.974649e+01 1.586157e+00
      vertex   3.901309e+01 -5.194649e+01 1.586157e+00
    endloop
  endfacet
  facet normal 0.000000e+00 0.000000e+00 -1.000000e+00
    outer loop
      vertex   3.901309e+01 -5.194649e+01 1.586157e+00
      vertex   4.518707e+01 -4.974649e+01 1.586157e+00
      vertex   4.418707e+01 -5.500000e+01 1.586157e+00
    endloop
  endfacet
  facet normal 0.000000e+00 -0.000000e+00 -1.000000e+00
    outer loop
      vertex   3.901309e+01 -5.194649e+01 1.586157e+00
      vertex   4.418707e+01 -5.500000e+01 1.586157e+00
      vertex   2.479193e+01 -5.500000e+01 1.586157e+00
    endloop
  endfacet
  facet normal -3.924790e-16 -3.483263e-16 -1.000000e+00
    outer loop
      vertex   4.518707e+01 -4.655918e+01 1.586157e+00
      vertex   4.718707e+01 -5.200000e+01 1.586157e+00
      vertex   4.518707e+01 -4.974649e+01 1.586157e+00
    endloop
  endfacet
  facet normal 0.000000e+00 0.000000e+00 -1.000000e+00
    outer loop
      vertex   4.518707e+01 -4.974649e+01 1.586157e+00
      vertex   4.718707e+01 -5.200000e+01 1.586157e+00
      vertex   4.711185e+01 -5.266756e+01 1.586157e+00
    endloop
  endfacet
  facet normal 0.000000e+00 0.000000e+00 -1.000000e+00
    outer loop
      vertex   4.518707e+01 -4.974649e+01 1.586157e+00
      vertex   4.711185e+01 -5.266756e+01 1.586157e+00
      vertex   4.688998e+01 -5.330165e+01 1.586157e+00
    endloop
  endfacet
  facet normal 5.551115e-16 0.000000e+00 -1.000000e+00
    outer loop
      vertex   4.718707e+01 -5.200000e+01 1.586157e+00
      vertex   4.518707e+01 -4.655918e+01 1.586157e+00
      vertex   4.718707e+01 -3.067504e+01 1.586157e+00
    endloop
  endfacet
  facet normal 3.287768e-17 6.575537e-17 -1.000000e+00
    outer loop
      vertex   4.718707e+01 -3.067504e+01 1.586157e+00
      vertex   4.518707e+01 -4.655918e+01 1.586157e+00
      vertex   4.518707e+01 -2.967504e+01 1.586157e+00
    endloop
  endfacet
  facet normal 0.000000e+00 0.000000e+00 -1.000000e+00
    outer loop
      vertex   4.718707e+01 -3.067504e+01 1.586157e+00
      vertex   4.518707e+01 -2.967504e+01 1.586157e+00
      vertex   4.618707e+01 -2.967504e+01 1.586157e+00
    endloop
  endfacet
  facet normal -0.000000e+00 0.000000e+00 -1.000000e+00
    outer loop
      vertex   4.688998e+01 -5.330165e+01 1.586157e+00
      vertex   4.653256e+01 -5.387047e+01 1.586157e+00
      vertex   4.518707e+01 -4.974649e+01 1.586157e+00
    endloop
  endfacet
  facet normal 0.000000e+00 0.000000e+00 -1.000000e+00
    outer loop
      vertex   4.518707e+01 -4.974649e+01 1.586157e+00
      vertex   4.653256e+01 -5.387047e+01 1.586157e+00
      vertex   4.605754e+01 -5.434550e+01 1.586157e+00
    endloop
  endfacet
  facet normal 0.000000e+00 0.000000e+00 -1.000000e+00
    outer loop
      vertex   4.518707e+01 -4.974649e+01 1.586157e+00
      vertex   4.605754e+01 -5.434550e+01 1.586157e+00
      vertex   4.548872e+01 -5.470291e+01 1.586157e+00
    endloop
  endfacet
  facet normal -0.000000e+00 0.000000e+00 -1.000000e+00
    outer loop
      vertex   4.548872e+01 -5.470291e+01 1.586157e+00
      vertex   4.485463e+01 -5.492478e+01 1.586157e+00
      vertex   4.518707e+01 -4.974649e+01 1.586157e+00
    endloop
  endfacet
  facet normal 0.000000e+00 0.000000e+00 -1.000000e+00
    outer loop
      vertex   4.518707e+01 -4.974649e+01 1.586157e+00
      vertex   4.485463e+01 -5.492478e+01 1.586157e+00
      vertex   4.418707e+01 -5.500000e+01 1.586157e+00
    endloop
  endfacet
  facet normal -0.000000e+00 0.000000e+00 -1.000000e+00
    outer loop
      vertex   3.901309e+01 -5.194649e+01 1.586157e+00
      vertex   2.479193e+01 -5.500000e+01 1.586157e+00
      vertex   2.361309e+01 -5.194649e+01 1.586157e+00
    endloop
  endfacet
  facet normal 0.000000e+00 -0.000000e+00 -1.000000e+00
    outer loop
      vertex   2.361309e+01 -5.194649e+01 1.586157e+00
      vertex   2.479193e+01 -5.500000e+01 1.586157e+00
      vertex   2.229193e+01 -5.250000e+01 1.586157e+00
    endloop
  endfacet
  facet normal -0.000000e+00 0.000000e+00 -1.000000e+00
    outer loop
      vertex   2.361309e+01 -5.194649e+01 1.586157e+00
      vertex   2.229193e+01 -5.250000e+01 1.586157e+00
      vertex   2.229193e+01 -4.974649e+01 1.586157e+00
    endloop
  endfacet
  facet normal 0.000000e+00 0.000000e+00 -1.000000e+00
    outer loop
      vertex   2.229193e+01 -4.974649e+01 1.586157e+00
      vertex   2.361309e+01 -4.974649e+01 1.586157e+00
      vertex   2.361309e+01 -5.194649e+01 1.586157e+00
    endloop
  endfacet
  facet normal -1.000000e+00 0.000000e+00 0.000000e+00
    outer loop
      vertex   2.229193e+01 -5.250000e+01 1.586157e+00
      vertex   2.229193e+01 -5.250000e+01 4.663698e+00
      vertex   2.229193e+01 -4.974649e+01 1.586157e+00
    endloop
  endfacet
  facet normal -1.000000e+00 0.000000e+00 0.000000e+00
    outer loop
      vertex   2.229193e+01 -4.974649e+01 1.586157e+00
      vertex   2.229193e+01 -5.250000e+01 4.663698e+00
      vertex   2.229193e+01 -4.974649e+01 4.663698e+00
    endloop
  endfacet
  facet normal -9.396926e-01 3.420201e-01 1.628519e-15
    outer loop
      vertex   -4.616827e+01 -2.580005e+01 5.686150e+00
      vertex   -4.616827e+01 -2.580005e+01 1.586157e+00
      vertex   -4.718739e+01 -2.860005e+01 5.686150e+00
    endloop
  endfacet
  facet normal -9.396926e-01 3.420201e-01 2.963663e-16
    outer loop
      vertex   -4.718739e+01 -2.860005e+01 5.686150e+00
      vertex   -4.616827e+01 -2.580005e+01 1.586157e+00
      vertex   -4.718739e+01 -2.860005e+01 1.586157e+00
    endloop
  endfacet
  facet normal -0.000000e+00 0.000000e+00 -1.000000e+00
    outer loop
      vertex   1.300000e+01 -5.400000e+01 7.186157e+00
      vertex   -1.300000e+01 -5.400000e+01 7.186157e+00
      vertex   1.300000e+01 -4.974649e+01 7.186157e+00
    endloop
  endfacet
  facet normal -0.000000e+00 0.000000e+00 -1.000000e+00
    outer loop
      vertex   1.300000e+01 -4.974649e+01 7.186157e+00
      vertex   -1.300000e+01 -5.400000e+01 7.186157e+00
      vertex   -1.300000e+01 -4.974649e+01 7.186157e+00
    endloop
  endfacet
  facet normal 1.000000e+00 -0.000000e+00 0.000000e+00
    outer loop
      vertex   -1.300000e+01 -5.400000e+01 7.186157e+00
      vertex   -1.300000e+01 -5.400000e+01 1.586157e+00
      vertex   -1.300000e+01 -4.974649e+01 7.186157e+00
    endloop
  endfacet
  facet normal 1.000000e+00 0.000000e+00 0.000000e+00
    outer loop
      vertex   -1.300000e+01 -4.974649e+01 7.186157e+00
      vertex   -1.300000e+01 -5.400000e+01 1.586157e+00
      vertex   -1.300000e+01 -4.974649e+01 1.586157e+00
    endloop
  endfacet
  facet normal -0.000000e+00 0.000000e+00 -1.000000e+00
    outer loop
      vertex   2.229193e+01 -5.250000e+01 4.663698e+00
      vertex   1.768259e+01 -5.250000e+01 4.663698e+00
      vertex   2.229193e+01 -4.974649e+01 4.663698e+00
    endloop
  endfacet
  facet normal -0.000000e+00 0.000000e+00 -1.000000e+00
    outer loop
      vertex   2.229193e+01 -4.974649e+01 4.663698e+00
      vertex   1.768259e+01 -5.250000e+01 4.663698e+00
      vertex   1.768259e+01 -4.974649e+01 4.663698e+00
    endloop
  endfacet
  facet normal 1.000000e+00 -0.000000e+00 0.000000e+00
    outer loop
      vertex   1.768259e+01 -5.250000e+01 4.663698e+00
      vertex   1.768259e+01 -5.250000e+01 1.586157e+00
      vertex   1.768259e+01 -4.974649e+01 4.663698e+00
    endloop
  endfacet
  facet normal 1.000000e+00 0.000000e+00 0.000000e+00
    outer loop
      vertex   1.768259e+01 -4.974649e+01 4.663698e+00
      vertex   1.768259e+01 -5.250000e+01 1.586157e+00
      vertex   1.768259e+01 -4.974649e+01 1.586157e+00
    endloop
  endfacet
  facet normal 0.000000e+00 1.000000e+00 -0.000000e+00
    outer loop
      vertex   -4.200008e+01 -4.974649e+01 1.586157e+00
      vertex   -4.518739e+01 -4.974649e+01 1.586157e+00
      vertex   -4.200008e+01 -4.974649e+01 2.600000e+01
    endloop
  endfacet
  facet normal 0.000000e+00 1.000000e+00 0.000000e+00
    outer loop
      vertex   -4.200008e+01 -4.974649e+01 2.600000e+01
      vertex   -4.518739e+01 -4.974649e+01 1.586157e+00
      vertex   -4.518739e+01 -4.974649e+01 2.600000e+01
    endloop
  endfacet
  facet normal 0.000000e+00 0.000000e+00 -1.000000e+00
    outer loop
      vertex   4.518707e+01 -6.725862e+00 2.330545e+01
      vertex   4.518707e+01 1.447414e+01 2.330545e+01
      vertex   4.718707e+01 -6.725862e+00 2.330545e+01
    endloop
  endfacet
  facet normal 0.000000e+00 0.000000e+00 -1.000000e+00
    outer loop
      vertex   4.718707e+01 -6.725862e+00 2.330545e+01
      vertex   4.518707e+01 1.447414e+01 2.330545e+01
      vertex   4.718707e+01 1.447414e+01 2.330545e+01
    endloop
  endfacet
  facet normal 4.440892e-16 1.000000e+00 4.089353e-17
    outer loop
      vertex   4.518707e+01 -6.725862e+00 1.586157e+00
      vertex   4.518707e+01 -6.725862e+00 2.330545e+01
      vertex   4.718707e+01 -6.725862e+00 1.586157e+00
    endloop
  endfacet
  facet normal 0.000000e+00 1.000000e+00 -0.000000e+00
    outer loop
      vertex   4.718707e+01 -6.725862e+00 1.586157e+00
      vertex   4.518707e+01 -6.725862e+00 2.330545e+01
      vertex   4.718707e+01 -6.725862e+00 2.330545e+01
    endloop
  endfacet
  facet normal 0.000000e+00 -1.000000e+00 -8.178705e-17
    outer loop
      vertex   4.518707e+01 1.447414e+01 2.330545e+01
      vertex   4.518707e+01 1.447414e+01 1.586157e+00
      vertex   4.718707e+01 1.447414e+01 2.330545e+01
    endloop
  endfacet
  facet normal 0.000000e+00 -1.000000e+00 -8.178705e-17
    outer loop
      vertex   4.718707e+01 1.447414e+01 2.330545e+01
      vertex   4.518707e+01 1.447414e+01 1.586157e+00
      vertex   4.718707e+01 1.447414e+01 1.586157e+00
    endloop
  endfacet
  facet normal 0.000000e+00 1.000000e+00 0.000000e+00
    outer loop
      vertex   4.618707e+01 -2.967504e+01 1.238616e+01
      vertex   4.618707e+01 -2.967504e+01 1.586157e+00
      vertex   4.518707e+01 -2.967504e+01 1.238616e+01
    endloop
  endfacet
  facet normal 0.000000e+00 1.000000e+00 0.000000e+00
    outer loop
      vertex   4.518707e+01 -2.967504e+01 1.238616e+01
      vertex   4.618707e+01 -2.967504e+01 1.586157e+00
      vertex   4.518707e+01 -2.967504e+01 1.586157e+00
    endloop
  endfacet
  facet normal -0.000000e+00 -0.000000e+00 -1.000000e+00
    outer loop
      vertex   4.618707e+01 -1.887504e+01 1.238616e+01
      vertex   4.618707e+01 -2.967504e+01 1.238616e+01
      vertex   4.518707e+01 -1.887504e+01 1.238616e+01
    endloop
  endfacet
  facet normal 0.000000e+00 0.000000e+00 -1.000000e+00
    outer loop
      vertex   4.518707e+01 -1.887504e+01 1.238616e+01
      vertex   4.618707e+01 -2.967504e+01 1.238616e+01
      vertex   4.518707e+01 -2.967504e+01 1.238616e+01
    endloop
  endfacet
  facet normal 0.000000e+00 1.000000e+00 0.000000e+00
    outer loop
      vertex   -4.518739e+01 -6.773113e+00 2.348950e+01
      vertex   -4.518739e+01 -6.773113e+00 1.586157e+00
      vertex   -4.718739e+01 -6.773113e+00 2.348950e+01
    endloop
  endfacet
  facet normal 0.000000e+00 1.000000e+00 0.000000e+00
    outer loop
      vertex   -4.718739e+01 -6.773113e+00 2.348950e+01
      vertex   -4.518739e+01 -6.773113e+00 1.586157e+00
      vertex   -4.718739e+01 -6.773113e+00 1.586157e+00
    endloop
  endfacet
  facet normal -0.000000e+00 -0.000000e+00 -1.000000e+00
    outer loop
      vertex   -4.518739e+01 1.457997e+01 2.348950e+01
      vertex   -4.518739e+01 -6.773113e+00 2.348950e+01
      vertex   -4.718739e+01 1.457997e+01 2.348950e+01
    endloop
  endfacet
  facet normal 0.000000e+00 0.000000e+00 -1.000000e+00
    outer loop
      vertex   -4.718739e+01 1.457997e+01 2.348950e+01
      vertex   -4.518739e+01 -6.773113e+00 2.348950e+01
      vertex   -4.718739e+01 -6.773113e+00 2.348950e+01
    endloop
  endfacet
  facet normal 0.000000e+00 -1.000000e+00 0.000000e+00
    outer loop
      vertex   -4.518739e+01 1.457997e+01 1.586157e+00
      vertex   -4.518739e+01 1.457997e+01 2.348950e+01
      vertex   -4.718739e+01 1.457997e+01 1.586157e+00
    endloop
  endfacet
  facet normal 0.000000e+00 -1.000000e+00 0.000000e+00
    outer loop
      vertex   -4.718739e+01 1.457997e+01 1.586157e+00
      vertex   -4.518739e+01 1.457997e+01 2.348950e+01
      vertex   -4.718739e+01 1.457997e+01 2.348950e+01
    endloop
  endfacet
  facet normal 0.000000e+00 -0.000000e+00 -1.000000e+00
    outer loop
      vertex   4.050690e+01 1.756571e+01 1.586157e+00
      vertex   4.075952e+01 1.752741e+01 1.586157e+00
      vertex   4.025282e+01 1.753874e+01 1.586157e+00
    endloop
  endfacet
  facet normal 0.000000e+00 0.000000e+00 -1.000000e+00
    outer loop
      vertex   4.025282e+01 1.753874e+01 1.586157e+00
      vertex   4.075952e+01 1.752741e+01 1.586157e+00
      vertex   4.099419e+01 1.742634e+01 1.586157e+00
    endloop
  endfacet
  facet normal 2.218576e-16 1.463323e-15 -1.000000e+00
    outer loop
      vertex   4.025282e+01 1.753874e+01 1.586157e+00
      vertex   4.099419e+01 1.742634e+01 1.586157e+00
      vertex   3.884461e+01 1.699354e+01 1.586157e+00
    endloop
  endfacet
  facet normal 4.105970e-16 5.259097e-16 -1.000000e+00
    outer loop
      vertex   3.884461e+01 1.699354e+01 1.586157e+00
      vertex   4.099419e+01 1.742634e+01 1.586157e+00
      vertex   4.119559e+01 1.726910e+01 1.586157e+00
    endloop
  endfacet
  facet normal 4.334779e-16 3.306983e-16 -1.000000e+00
    outer loop
      vertex   3.884461e+01 1.699354e+01 1.586157e+00
      vertex   4.119559e+01 1.726910e+01 1.586157e+00
      vertex   4.135056e+01 1.706596e+01 1.586157e+00
    endloop
  endfacet
  facet normal 4.377530e-16 1.827585e-16 -1.000000e+00
    outer loop
      vertex   4.135056e+01 1.706596e+01 1.586157e+00
      vertex   4.144900e+01 1.683017e+01 1.586157e+00
      vertex   3.884461e+01 1.699354e+01 1.586157e+00
    endloop
  endfacet
  facet normal 4.300710e-16 6.029302e-17 -1.000000e+00
    outer loop
      vertex   3.884461e+01 1.699354e+01 1.586157e+00
      vertex   4.144900e+01 1.683017e+01 1.586157e+00
      vertex   4.148447e+01 1.657714e+01 1.586157e+00
    endloop
  endfacet
  facet normal 4.380440e-16 1.108390e-16 -1.000000e+00
    outer loop
      vertex   3.884461e+01 1.699354e+01 1.586157e+00
      vertex   4.148447e+01 1.657714e+01 1.586157e+00
      vertex   3.901156e+01 1.633375e+01 1.586157e+00
    endloop
  endfacet
  facet normal 4.542038e-16 -5.335045e-17 -1.000000e+00
    outer loop
      vertex   3.901156e+01 1.633375e+01 1.586157e+00
      vertex   4.148447e+01 1.657714e+01 1.586157e+00
      vertex   4.145467e+01 1.632337e+01 1.586157e+00
    endloop
  endfacet
  facet normal 4.536761e-16 -1.776012e-16 -1.000000e+00
    outer loop
      vertex   3.901156e+01 1.633375e+01 1.586157e+00
      vertex   4.145467e+01 1.632337e+01 1.586157e+00
      vertex   4.136153e+01 1.608545e+01 1.586157e+00
    endloop
  endfacet
  facet normal 4.986643e-16 2.481728e-16 -1.000000e+00
    outer loop
      vertex   3.901156e+01 1.633375e+01 1.586157e+00
      vertex   4.136153e+01 1.608545e+01 1.586157e+00
      vertex   3.931479e+01 1.572445e+01 1.586157e+00
    endloop
  endfacet
  facet normal 6.223605e-16 -4.531447e-16 -1.000000e+00
    outer loop
      vertex   3.931479e+01 1.572445e+01 1.586157e+00
      vertex   4.136153e+01 1.608545e+01 1.586157e+00
      vertex   4.121113e+01 1.587889e+01 1.586157e+00
    endloop
  endfacet
  facet normal 4.788710e-16 1.308741e-15 -1.000000e+00
    outer loop
      vertex   3.931479e+01 1.572445e+01 1.586157e+00
      vertex   4.121113e+01 1.587889e+01 1.586157e+00
      vertex   4.159457e+01 1.573859e+01 1.586157e+00
    endloop
  endfacet
  facet normal 4.625644e-16 3.938083e-15 -1.000000e+00
    outer loop
      vertex   4.159457e+01 1.573859e+01 1.586157e+00
      vertex   4.200008e+01 1.569096e+01 1.586157e+00
      vertex   3.931479e+01 1.572445e+01 1.586157e+00
    endloop
  endfacet
  facet normal 4.176218e-16 3.347836e-16 -1.000000e+00
    outer loop
      vertex   3.931479e+01 1.572445e+01 1.586157e+00
      vertex   4.200008e+01 1.569096e+01 1.586157e+00
      vertex   3.974048e+01 1.519343e+01 1.586157e+00
    endloop
  endfacet
  facet normal -2.188489e-16 3.225407e-15 -1.000000e+00
    outer loop
      vertex   3.974048e+01 1.519343e+01 1.586157e+00
      vertex   4.200008e+01 1.569096e+01 1.586157e+00
      vertex   4.454257e+01 1.551926e+01 1.586157e+00
    endloop
  endfacet
  facet normal 0.000000e+00 0.000000e+00 -1.000000e+00
    outer loop
      vertex   3.974048e+01 1.519343e+01 1.586157e+00
      vertex   4.454257e+01 1.551926e+01 1.586157e+00
      vertex   4.407657e+01 1.502324e+01 1.586157e+00
    endloop
  endfacet
  facet normal -2.772597e-16 2.360474e-15 -1.000000e+00
    outer loop
      vertex   4.200008e+01 1.569096e+01 1.586157e+00
      vertex   4.240559e+01 1.573859e+01 1.586157e+00
      vertex   4.454257e+01 1.551926e+01 1.586157e+00
    endloop
  endfacet
  facet normal -4.057236e-16 1.108831e-15 -1.000000e+00
    outer loop
      vertex   4.454257e+01 1.551926e+01 1.586157e+00
      vertex   4.240559e+01 1.573859e+01 1.586157e+00
      vertex   4.278903e+01 1.587889e+01 1.586157e+00
    endloop
  endfacet
  facet normal -5.637846e-16 3.381382e-16 -1.000000e+00
    outer loop
      vertex   4.454257e+01 1.551926e+01 1.586157e+00
      vertex   4.278903e+01 1.587889e+01 1.586157e+00
      vertex   4.489263e+01 1.610292e+01 1.586157e+00
    endloop
  endfacet
  facet normal -4.897951e-16 -3.566230e-16 -1.000000e+00
    outer loop
      vertex   4.489263e+01 1.610292e+01 1.586157e+00
      vertex   4.278903e+01 1.587889e+01 1.586157e+00
      vertex   4.263864e+01 1.608545e+01 1.586157e+00
    endloop
  endfacet
  facet normal -4.910690e-16 -1.922394e-16 -1.000000e+00
    outer loop
      vertex   4.489263e+01 1.610292e+01 1.586157e+00
      vertex   4.263864e+01 1.608545e+01 1.586157e+00
      vertex   4.254550e+01 1.632337e+01 1.586157e+00
    endloop
  endfacet
  facet normal -4.584417e-16 1.551300e-16 -1.000000e+00
    outer loop
      vertex   4.489263e+01 1.610292e+01 1.586157e+00
      vertex   4.254550e+01 1.632337e+01 1.586157e+00
      vertex   4.511078e+01 1.674759e+01 1.586157e+00
    endloop
  endfacet
  facet normal -4.245417e-16 -4.986637e-17 -1.000000e+00
    outer loop
      vertex   4.511078e+01 1.674759e+01 1.586157e+00
      vertex   4.254550e+01 1.632337e+01 1.586157e+00
      vertex   4.251569e+01 1.657714e+01 1.586157e+00
    endloop
  endfacet
  facet normal -4.317932e-16 6.053445e-17 -1.000000e+00
    outer loop
      vertex   4.511078e+01 1.674759e+01 1.586157e+00
      vertex   4.251569e+01 1.657714e+01 1.586157e+00
      vertex   4.255116e+01 1.683017e+01 1.586157e+00
    endloop
  endfacet
  facet normal -4.279814e-16 1.786789e-16 -1.000000e+00
    outer loop
      vertex   4.255116e+01 1.683017e+01 1.586157e+00
      vertex   4.264960e+01 1.706596e+01 1.586157e+00
      vertex   4.511078e+01 1.674759e+01 1.586157e+00
    endloop
  endfacet
  facet normal -4.446066e-16 5.015579e-17 -1.000000e+00
    outer loop
      vertex   4.511078e+01 1.674759e+01 1.586157e+00
      vertex   4.264960e+01 1.706596e+01 1.586157e+00
      vertex   4.518707e+01 1.742389e+01 1.586157e+00
    endloop
  endfacet
  facet normal -4.902932e-16 3.740425e-16 -1.000000e+00
    outer loop
      vertex   4.518707e+01 1.742389e+01 1.586157e+00
      vertex   4.264960e+01 1.706596e+01 1.586157e+00
      vertex   4.280458e+01 1.726910e+01 1.586157e+00
    endloop
  endfacet
  facet normal -5.082891e-16 6.510378e-16 -1.000000e+00
    outer loop
      vertex   4.518707e+01 1.742389e+01 1.586157e+00
      vertex   4.280458e+01 1.726910e+01 1.586157e+00
      vertex   4.300597e+01 1.742634e+01 1.586157e+00
    endloop
  endfacet
  facet normal 0.000000e+00 -0.000000e+00 -1.000000e+00
    outer loop
      vertex   4.324064e+01 1.752741e+01 1.586157e+00
      vertex   4.374735e+01 1.753874e+01 1.586157e+00
      vertex   4.300597e+01 1.742634e+01 1.586157e+00
    endloop
  endfacet
  facet normal -5.629724e-16 3.713239e-15 -1.000000e+00
    outer loop
      vertex   4.300597e+01 1.742634e+01 1.586157e+00
      vertex   4.374735e+01 1.753874e+01 1.586157e+00
      vertex   4.518707e+01 1.745803e+01 1.586157e+00
    endloop
  endfacet
  facet normal -5.090210e-16 0.000000e+00 -1.000000e+00
    outer loop
      vertex   4.300597e+01 1.742634e+01 1.586157e+00
      vertex   4.518707e+01 1.745803e+01 1.586157e+00
      vertex   4.518707e+01 1.742389e+01 1.586157e+00
    endloop
  endfacet
  facet normal 5.551115e-16 0.000000e+00 -1.000000e+00
    outer loop
      vertex   4.518707e+01 1.742389e+01 1.586157e+00
      vertex   4.518707e+01 1.745803e+01 1.586157e+00
      vertex   4.718707e+01 1.447414e+01 1.586157e+00
    endloop
  endfacet
  facet normal 0.000000e+00 -3.763788e-16 -1.000000e+00
    outer loop
      vertex   4.518707e+01 1.742389e+01 1.586157e+00
      vertex   4.718707e+01 1.447414e+01 1.586157e+00
      vertex   4.518707e+01 1.447414e+01 1.586157e+00
    endloop
  endfacet
  facet normal 0.000000e+00 0.000000e+00 -1.000000e+00
    outer loop
      vertex   4.324064e+01 1.752741e+01 1.586157e+00
      vertex   4.349327e+01 1.756571e+01 1.586157e+00
      vertex   4.374735e+01 1.753874e+01 1.586157e+00
    endloop
  endfacet
  facet normal -7.787586e-16 -1.359477e-16 -1.000000e+00
    outer loop
      vertex   4.374735e+01 1.753874e+01 1.586157e+00
      vertex   4.367713e+01 1.794096e+01 1.586157e+00
      vertex   4.518707e+01 1.745803e+01 1.586157e+00
    endloop
  endfacet
  facet normal -7.604672e-16 -7.875727e-17 -1.000000e+00
    outer loop
      vertex   4.518707e+01 1.745803e+01 1.586157e+00
      vertex   4.367713e+01 1.794096e+01 1.586157e+00
      vertex   4.512293e+01 1.807736e+01 1.586157e+00
    endloop
  endfacet
  facet normal -7.379141e-16 -3.178078e-16 -1.000000e+00
    outer loop
      vertex   4.512293e+01 1.807736e+01 1.586157e+00
      vertex   4.367713e+01 1.794096e+01 1.586157e+00
      vertex   4.351563e+01 1.831596e+01 1.586157e+00
    endloop
  endfacet
  facet normal -7.238433e-16 -2.230201e-16 -1.000000e+00
    outer loop
      vertex   4.512293e+01 1.807736e+01 1.586157e+00
      vertex   4.351563e+01 1.831596e+01 1.586157e+00
      vertex   4.493959e+01 1.867240e+01 1.586157e+00
    endloop
  endfacet
  facet normal -6.570749e-16 -4.897547e-16 -1.000000e+00
    outer loop
      vertex   4.493959e+01 1.867240e+01 1.586157e+00
      vertex   4.351563e+01 1.831596e+01 1.586157e+00
      vertex   4.327162e+01 1.864333e+01 1.586157e+00
    endloop
  endfacet
  facet normal -6.520201e-16 -7.797430e-16 -1.000000e+00
    outer loop
      vertex   4.493959e+01 1.867240e+01 1.586157e+00
      vertex   4.327162e+01 1.864333e+01 1.586157e+00
      vertex   4.295840e+01 1.890524e+01 1.586157e+00
    endloop
  endfacet
  facet normal -0.000000e+00 0.000000e+00 -1.000000e+00
    outer loop
      vertex   4.285471e+01 1.867172e+01 1.586157e+00
      vertex   4.114545e+01 1.867172e+01 1.586157e+00
      vertex   4.295840e+01 1.890524e+01 1.586157e+00
    endloop
  endfacet
  facet normal 0.000000e+00 0.000000e+00 -1.000000e+00
    outer loop
      vertex   4.295840e+01 1.890524e+01 1.586157e+00
      vertex   4.114545e+01 1.867172e+01 1.586157e+00
      vertex   4.104177e+01 1.890524e+01 1.586157e+00
    endloop
  endfacet
  facet normal 6.529063e-30 -3.522320e-15 -1.000000e+00
    outer loop
      vertex   4.295840e+01 1.890524e+01 1.586157e+00
      vertex   4.104177e+01 1.890524e+01 1.586157e+00
      vertex   4.464406e+01 1.922044e+01 1.586157e+00
    endloop
  endfacet
  facet normal 3.373022e-16 -7.377254e-15 -1.000000e+00
    outer loop
      vertex   4.464406e+01 1.922044e+01 1.586157e+00
      vertex   4.104177e+01 1.890524e+01 1.586157e+00
      vertex   3.920475e+01 1.897174e+01 1.586157e+00
    endloop
  endfacet
  facet normal -0.000000e+00 0.000000e+00 -1.000000e+00
    outer loop
      vertex   4.464406e+01 1.922044e+01 1.586157e+00
      vertex   3.920475e+01 1.897174e+01 1.586157e+00
      vertex   3.959352e+01 1.953037e+01 1.586157e+00
    endloop
  endfacet
  facet normal 0.000000e+00 0.000000e+00 -1.000000e+00
    outer loop
      vertex   4.114545e+01 1.867172e+01 1.586157e+00
      vertex   4.285471e+01 1.867172e+01 1.586157e+00
      vertex   4.130493e+01 1.847209e+01 1.586157e+00
    endloop
  endfacet
  facet normal 0.000000e+00 0.000000e+00 -1.000000e+00
    outer loop
      vertex   4.130493e+01 1.847209e+01 1.586157e+00
      vertex   4.285471e+01 1.867172e+01 1.586157e+00
      vertex   4.269523e+01 1.847209e+01 1.586157e+00
    endloop
  endfacet
  facet normal 0.000000e+00 0.000000e+00 -1.000000e+00
    outer loop
      vertex   4.130493e+01 1.847209e+01 1.586157e+00
      vertex   4.269523e+01 1.847209e+01 1.586157e+00
      vertex   4.150980e+01 1.831940e+01 1.586157e+00
    endloop
  endfacet
  facet normal 0.000000e+00 0.000000e+00 -1.000000e+00
    outer loop
      vertex   4.150980e+01 1.831940e+01 1.586157e+00
      vertex   4.269523e+01 1.847209e+01 1.586157e+00
      vertex   4.249037e+01 1.831940e+01 1.586157e+00
    endloop
  endfacet
  facet normal 0.000000e+00 0.000000e+00 -1.000000e+00
    outer loop
      vertex   4.150980e+01 1.831940e+01 1.586157e+00
      vertex   4.249037e+01 1.831940e+01 1.586157e+00
      vertex   4.174667e+01 1.822360e+01 1.586157e+00
    endloop
  endfacet
  facet normal 0.000000e+00 0.000000e+00 -1.000000e+00
    outer loop
      vertex   4.174667e+01 1.822360e+01 1.586157e+00
      vertex   4.249037e+01 1.831940e+01 1.586157e+00
      vertex   4.225350e+01 1.822360e+01 1.586157e+00
    endloop
  endfacet
  facet normal 0.000000e+00 0.000000e+00 -1.000000e+00
    outer loop
      vertex   4.174667e+01 1.822360e+01 1.586157e+00
      vertex   4.225350e+01 1.822360e+01 1.586157e+00
      vertex   4.200008e+01 1.819096e+01 1.586157e+00
    endloop
  endfacet
  facet normal 5.792841e-16 -6.927588e-16 -1.000000e+00
    outer loop
      vertex   4.104177e+01 1.890524e+01 1.586157e+00
      vertex   4.072854e+01 1.864333e+01 1.586157e+00
      vertex   3.920475e+01 1.897174e+01 1.586157e+00
    endloop
  endfacet
  facet normal 6.686708e-16 -2.780222e-16 -1.000000e+00
    outer loop
      vertex   3.920475e+01 1.897174e+01 1.586157e+00
      vertex   4.072854e+01 1.864333e+01 1.586157e+00
      vertex   3.894346e+01 1.834331e+01 1.586157e+00
    endloop
  endfacet
  facet normal 7.110126e-16 -5.299575e-16 -1.000000e+00
    outer loop
      vertex   3.894346e+01 1.834331e+01 1.586157e+00
      vertex   4.072854e+01 1.864333e+01 1.586157e+00
      vertex   4.048454e+01 1.831596e+01 1.586157e+00
    endloop
  endfacet
  facet normal 7.149542e-16 -3.079194e-16 -1.000000e+00
    outer loop
      vertex   3.894346e+01 1.834331e+01 1.586157e+00
      vertex   4.048454e+01 1.831596e+01 1.586157e+00
      vertex   4.032303e+01 1.794096e+01 1.586157e+00
    endloop
  endfacet
  facet normal 7.641843e-16 -1.391231e-16 -1.000000e+00
    outer loop
      vertex   3.894346e+01 1.834331e+01 1.586157e+00
      vertex   4.032303e+01 1.794096e+01 1.586157e+00
      vertex   3.882156e+01 1.767374e+01 1.586157e+00
    endloop
  endfacet
  facet normal 7.631337e-16 -1.332201e-16 -1.000000e+00
    outer loop
      vertex   3.882156e+01 1.767374e+01 1.586157e+00
      vertex   4.032303e+01 1.794096e+01 1.586157e+00
      vertex   4.025282e+01 1.753874e+01 1.586157e+00
    endloop
  endfacet
  facet normal 7.781863e-16 2.637026e-17 -1.000000e+00
    outer loop
      vertex   3.882156e+01 1.767374e+01 1.586157e+00
      vertex   4.025282e+01 1.753874e+01 1.586157e+00
      vertex   3.884461e+01 1.699354e+01 1.586157e+00
    endloop
  endfacet
  facet normal 0.000000e+00 0.000000e+00 -1.000000e+00
    outer loop
      vertex   3.974048e+01 1.519343e+01 1.586157e+00
      vertex   4.407657e+01 1.502324e+01 1.586157e+00
      vertex   4.026922e+01 1.476490e+01 1.586157e+00
    endloop
  endfacet
  facet normal 0.000000e+00 0.000000e+00 -1.000000e+00
    outer loop
      vertex   4.026922e+01 1.476490e+01 1.586157e+00
      vertex   4.407657e+01 1.502324e+01 1.586157e+00
      vertex   4.351587e+01 1.463747e+01 1.586157e+00
    endloop
  endfacet
  facet normal 0.000000e+00 0.000000e+00 -1.000000e+00
    outer loop
      vertex   4.026922e+01 1.476490e+01 1.586157e+00
      vertex   4.351587e+01 1.463747e+01 1.586157e+00
      vertex   4.087688e+01 1.445841e+01 1.586157e+00
    endloop
  endfacet
  facet normal 0.000000e+00 0.000000e+00 -1.000000e+00
    outer loop
      vertex   4.087688e+01 1.445841e+01 1.586157e+00
      vertex   4.351587e+01 1.463747e+01 1.586157e+00
      vertex   4.288605e+01 1.437955e+01 1.586157e+00
    endloop
  endfacet
  facet normal 0.000000e+00 0.000000e+00 -1.000000e+00
    outer loop
      vertex   4.087688e+01 1.445841e+01 1.586157e+00
      vertex   4.288605e+01 1.437955e+01 1.586157e+00
      vertex   4.153577e+01 1.428793e+01 1.586157e+00
    endloop
  endfacet
  facet normal 0.000000e+00 0.000000e+00 -1.000000e+00
    outer loop
      vertex   4.153577e+01 1.428793e+01 1.586157e+00
      vertex   4.288605e+01 1.437955e+01 1.586157e+00
      vertex   4.221583e+01 1.426124e+01 1.586157e+00
    endloop
  endfacet
  facet normal 0.000000e+00 0.000000e+00 -1.000000e+00
    outer loop
      vertex   4.464406e+01 1.922044e+01 1.586157e+00
      vertex   3.959352e+01 1.953037e+01 1.586157e+00
      vertex   4.424761e+01 1.970056e+01 1.586157e+00
    endloop
  endfacet
  facet normal -0.000000e+00 0.000000e+00 -1.000000e+00
    outer loop
      vertex   4.424761e+01 1.970056e+01 1.586157e+00
      vertex   3.959352e+01 1.953037e+01 1.586157e+00
      vertex   4.009203e+01 1.999370e+01 1.586157e+00
    endloop
  endfacet
  facet normal 0.000000e+00 0.000000e+00 -1.000000e+00
    outer loop
      vertex   4.424761e+01 1.970056e+01 1.586157e+00
      vertex   4.009203e+01 1.999370e+01 1.586157e+00
      vertex   4.376538e+01 2.009443e+01 1.586157e+00
    endloop
  endfacet
  facet normal -0.000000e+00 0.000000e+00 -1.000000e+00
    outer loop
      vertex   4.376538e+01 2.009443e+01 1.586157e+00
      vertex   4.009203e+01 1.999370e+01 1.586157e+00
      vertex   4.067755e+01 2.034063e+01 1.586157e+00
    endloop
  endfacet
  facet normal 0.000000e+00 0.000000e+00 -1.000000e+00
    outer loop
      vertex   4.376538e+01 2.009443e+01 1.586157e+00
      vertex   4.067755e+01 2.034063e+01 1.586157e+00
      vertex   4.321576e+01 2.038702e+01 1.586157e+00
    endloop
  endfacet
  facet normal -0.000000e+00 0.000000e+00 -1.000000e+00
    outer loop
      vertex   4.321576e+01 2.038702e+01 1.586157e+00
      vertex   4.067755e+01 2.034063e+01 1.586157e+00
      vertex   4.132339e+01 2.055532e+01 1.586157e+00
    endloop
  endfacet
  facet normal 0.000000e+00 0.000000e+00 -1.000000e+00
    outer loop
      vertex   4.321576e+01 2.038702e+01 1.586157e+00
      vertex   4.132339e+01 2.055532e+01 1.586157e+00
      vertex   4.261975e+01 2.056717e+01 1.586157e+00
    endloop
  endfacet
  facet normal -0.000000e+00 0.000000e+00 -1.000000e+00
    outer loop
      vertex   4.261975e+01 2.056717e+01 1.586157e+00
      vertex   4.132339e+01 2.055532e+01 1.586157e+00
      vertex   4.200008e+01 2.062799e+01 1.586157e+00
    endloop
  endfacet
  facet normal -5.982981e-16 -3.226353e-16 -1.000000e+00
    outer loop
      vertex   4.464406e+01 1.922044e+01 1.586157e+00
      vertex   4.493959e+01 1.867240e+01 1.586157e+00
      vertex   4.295840e+01 1.890524e+01 1.586157e+00
    endloop
  endfacet
  facet normal 5.551115e-16 0.000000e+00 -1.000000e+00
    outer loop
      vertex   4.718707e+01 1.447414e+01 1.586157e+00
      vertex   4.518707e+01 1.745803e+01 1.586157e+00
      vertex   4.718707e+01 2.062799e+01 1.586157e+00
    endloop
  endfacet
  facet normal 0.000000e+00 3.502323e-16 -1.000000e+00
    outer loop
      vertex   4.718707e+01 2.062799e+01 1.586157e+00
      vertex   4.518707e+01 1.745803e+01 1.586157e+00
      vertex   4.518707e+01 2.062799e+01 1.586157e+00
    endloop
  endfacet
  facet normal 0.000000e+00 0.000000e+00 -1.000000e+00
    outer loop
      vertex   4.718707e+01 2.062799e+01 1.586157e+00
      vertex   4.518707e+01 2.062799e+01 1.586157e+00
      vertex   4.711892e+01 2.114563e+01 1.586157e+00
    endloop
  endfacet
  facet normal 3.483613e-16 -1.300102e-15 -1.000000e+00
    outer loop
      vertex   4.711892e+01 2.114563e+01 1.586157e+00
      vertex   4.518707e+01 2.062799e+01 1.586157e+00
      vertex   4.200008e+01 2.062799e+01 1.586157e+00
    endloop
  endfacet
  facet normal 2.081700e-16 8.622684e-17 -1.000000e+00
    outer loop
      vertex   4.711892e+01 2.114563e+01 1.586157e+00
      vertex   4.200008e+01 2.062799e+01 1.586157e+00
      vertex   4.691912e+01 2.162799e+01 1.586157e+00
    endloop
  endfacet
  facet normal 1.952430e-16 1.498152e-16 -1.000000e+00
    outer loop
      vertex   4.691912e+01 2.162799e+01 1.586157e+00
      vertex   4.200008e+01 2.062799e+01 1.586157e+00
      vertex   4.660128e+01 2.204220e+01 1.586157e+00
    endloop
  endfacet
  facet normal 1.385110e-16 3.343951e-16 -1.000000e+00
    outer loop
      vertex   4.660128e+01 2.204220e+01 1.586157e+00
      vertex   4.200008e+01 2.062799e+01 1.586157e+00
      vertex   4.518707e+01 2.262799e+01 1.586157e+00
    endloop
  endfacet
  facet normal 0.000000e+00 0.000000e+00 -1.000000e+00
    outer loop
      vertex   4.660128e+01 2.204220e+01 1.586157e+00
      vertex   4.518707e+01 2.262799e+01 1.586157e+00
      vertex   4.618707e+01 2.236004e+01 1.586157e+00
    endloop
  endfacet
  facet normal 0.000000e+00 0.000000e+00 -1.000000e+00
    outer loop
      vertex   4.618707e+01 2.236004e+01 1.586157e+00
      vertex   4.518707e+01 2.262799e+01 1.586157e+00
      vertex   4.570471e+01 2.255984e+01 1.586157e+00
    endloop
  endfacet
  facet normal 0.000000e+00 5.551115e-16 -1.000000e+00
    outer loop
      vertex   4.200008e+01 2.062799e+01 1.586157e+00
      vertex   -4.200008e+01 2.062799e+01 1.586157e+00
      vertex   4.518707e+01 2.262799e+01 1.586157e+00
    endloop
  endfacet
  facet normal -2.182201e-32 5.551115e-16 -1.000000e+00
    outer loop
      vertex   4.518707e+01 2.262799e+01 1.586157e+00
      vertex   -4.200008e+01 2.062799e+01 1.586157e+00
      vertex   -4.518739e+01 2.262799e+01 1.586157e+00
    endloop
  endfacet
  facet normal -1.385055e-16 3.343819e-16 -1.000000e+00
    outer loop
      vertex   -4.518739e+01 2.262799e+01 1.586157e+00
      vertex   -4.200008e+01 2.062799e+01 1.586157e+00
      vertex   -4.660160e+01 2.204220e+01 1.586157e+00
    endloop
  endfacet
  facet normal 0.000000e+00 0.000000e+00 -1.000000e+00
    outer loop
      vertex   -4.518739e+01 2.262799e+01 1.586157e+00
      vertex   -4.660160e+01 2.204220e+01 1.586157e+00
      vertex   -4.618739e+01 2.236004e+01 1.586157e+00
    endloop
  endfacet
  facet normal -3.483266e-16 -1.299972e-15 -1.000000e+00
    outer loop
      vertex   -4.518739e+01 2.062799e+01 1.586157e+00
      vertex   -4.711924e+01 2.114563e+01 1.586157e+00
      vertex   -4.200008e+01 2.062799e+01 1.586157e+00
    endloop
  endfacet
  facet normal -2.081576e-16 8.622170e-17 -1.000000e+00
    outer loop
      vertex   -4.200008e+01 2.062799e+01 1.586157e+00
      vertex   -4.711924e+01 2.114563e+01 1.586157e+00
      vertex   -4.691944e+01 2.162799e+01 1.586157e+00
    endloop
  endfacet
  facet normal -1.952321e-16 1.498069e-16 -1.000000e+00
    outer loop
      vertex   -4.200008e+01 2.062799e+01 1.586157e+00
      vertex   -4.691944e+01 2.162799e+01 1.586157e+00
      vertex   -4.660160e+01 2.204220e+01 1.586157e+00
    endloop
  endfacet
  facet normal 0.000000e+00 1.835681e-16 -1.000000e+00
    outer loop
      vertex   -4.518739e+01 1.457997e+01 1.586157e+00
      vertex   -4.718739e+01 1.457997e+01 1.586157e+00
      vertex   -4.518739e+01 2.062799e+01 1.586157e+00
    endloop
  endfacet
  facet normal 0.000000e+00 1.835681e-16 -1.000000e+00
    outer loop
      vertex   -4.518739e+01 2.062799e+01 1.586157e+00
      vertex   -4.718739e+01 1.457997e+01 1.586157e+00
      vertex   -4.718739e+01 2.062799e+01 1.586157e+00
    endloop
  endfacet
  facet normal 0.000000e+00 0.000000e+00 -1.000000e+00
    outer loop
      vertex   -4.518739e+01 2.062799e+01 1.586157e+00
      vertex   -4.718739e+01 2.062799e+01 1.586157e+00
      vertex   -4.711924e+01 2.114563e+01 1.586157e+00
    endloop
  endfacet
  facet normal 0.000000e+00 0.000000e+00 -1.000000e+00
    outer loop
      vertex   -4.618739e+01 2.236004e+01 1.586157e+00
      vertex   -4.570503e+01 2.255984e+01 1.586157e+00
      vertex   -4.518739e+01 2.262799e+01 1.586157e+00
    endloop
  endfacet
  facet normal 2.263721e-16 2.000573e-16 -1.000000e+00
    outer loop
      vertex   -4.518739e+01 -2.580005e+01 1.586157e+00
      vertex   -4.518739e+01 -3.134957e+01 1.586157e+00
      vertex   -4.616827e+01 -2.580005e+01 1.586157e+00
    endloop
  endfacet
  facet normal -7.401487e-16 2.922393e-17 -1.000000e+00
    outer loop
      vertex   -4.616827e+01 -2.580005e+01 1.586157e+00
      vertex   -4.518739e+01 -3.134957e+01 1.586157e+00
      vertex   -4.668739e+01 -3.134957e+01 1.586157e+00
    endloop
  endfacet
  facet normal -1.452891e-16 -2.642075e-17 -1.000000e+00
    outer loop
      vertex   -4.616827e+01 -2.580005e+01 1.586157e+00
      vertex   -4.668739e+01 -3.134957e+01 1.586157e+00
      vertex   -4.718739e+01 -2.860005e+01 1.586157e+00
    endloop
  endfacet
  facet normal 0.000000e+00 0.000000e+00 -1.000000e+00
    outer loop
      vertex   -4.718739e+01 -2.860005e+01 1.586157e+00
      vertex   -4.668739e+01 -3.134957e+01 1.586157e+00
      vertex   -4.718739e+01 -3.084957e+01 1.586157e+00
    endloop
  endfacet
  facet normal 1.000000e+00 -0.000000e+00 0.000000e+00
    outer loop
      vertex   -4.518739e+01 -2.220005e+01 1.586157e+00
      vertex   -4.518739e+01 -1.580003e+01 1.586157e+00
      vertex   -4.518739e+01 -2.220005e+01 5.686150e+00
    endloop
  endfacet
  facet normal 1.000000e+00 -0.000000e+00 0.000000e+00
    outer loop
      vertex   -4.518739e+01 -2.220005e+01 5.686150e+00
      vertex   -4.518739e+01 -1.580003e+01 1.586157e+00
      vertex   -4.518739e+01 -1.580003e+01 5.686150e+00
    endloop
  endfacet
  facet normal 1.000000e+00 0.000000e+00 -0.000000e+00
    outer loop
      vertex   -4.518739e+01 -2.220005e+01 5.686150e+00
      vertex   -4.518739e+01 -1.580003e+01 5.686150e+00
      vertex   -4.518739e+01 -2.226138e+01 6.152024e+00
    endloop
  endfacet
  facet normal 1.000000e+00 0.000000e+00 0.000000e+00
    outer loop
      vertex   -4.518739e+01 -2.226138e+01 6.152024e+00
      vertex   -4.518739e+01 -1.580003e+01 5.686150e+00
      vertex   -4.518739e+01 -1.573869e+01 6.152024e+00
    endloop
  endfacet
  facet normal 1.000000e+00 -0.000000e+00 -0.000000e+00
    outer loop
      vertex   -4.518739e+01 -2.226138e+01 6.152024e+00
      vertex   -4.518739e+01 -1.573869e+01 6.152024e+00
      vertex   -4.518739e+01 -2.244120e+01 6.586150e+00
    endloop
  endfacet
  facet normal 1.000000e+00 0.000000e+00 0.000000e+00
    outer loop
      vertex   -4.518739e+01 -2.244120e+01 6.586150e+00
      vertex   -4.518739e+01 -1.573869e+01 6.152024e+00
      vertex   -4.518739e+01 -1.555887e+01 6.586150e+00
    endloop
  endfacet
  facet normal 1.000000e+00 -0.000000e+00 -0.000000e+00
    outer loop
      vertex   -4.518739e+01 -2.244120e+01 6.586150e+00
      vertex   -4.518739e+01 -1.555887e+01 6.586150e+00
      vertex   -4.518739e+01 -2.272726e+01 6.958942e+00
    endloop
  endfacet
  facet normal 1.000000e+00 -0.000000e+00 0.000000e+00
    outer loop
      vertex   -4.518739e+01 -2.272726e+01 6.958942e+00
      vertex   -4.518739e+01 -1.555887e+01 6.586150e+00
      vertex   -4.518739e+01 -1.527282e+01 6.958942e+00
    endloop
  endfacet
  facet normal 1.000000e+00 0.000000e+00 -0.000000e+00
    outer loop
      vertex   -4.518739e+01 -2.272726e+01 6.958942e+00
      vertex   -4.518739e+01 -1.527282e+01 6.958942e+00
      vertex   -4.518739e+01 -2.310005e+01 7.244996e+00
    endloop
  endfacet
  facet normal 1.000000e+00 -0.000000e+00 0.000000e+00
    outer loop
      vertex   -4.518739e+01 -2.310005e+01 7.244996e+00
      vertex   -4.518739e+01 -1.527282e+01 6.958942e+00
      vertex   -4.518739e+01 -1.490003e+01 7.244996e+00
    endloop
  endfacet
  facet normal 1.000000e+00 0.000000e+00 -0.000000e+00
    outer loop
      vertex   -4.518739e+01 -2.310005e+01 7.244996e+00
      vertex   -4.518739e+01 -1.490003e+01 7.244996e+00
      vertex   -4.518739e+01 -2.353417e+01 7.424817e+00
    endloop
  endfacet
  facet normal 1.000000e+00 0.000000e+00 0.000000e+00
    outer loop
      vertex   -4.518739e+01 -2.353417e+01 7.424817e+00
      vertex   -4.518739e+01 -1.490003e+01 7.244996e+00
      vertex   -4.518739e+01 -1.446590e+01 7.424817e+00
    endloop
  endfacet
  facet normal 1.000000e+00 -0.000000e+00 -0.000000e+00
    outer loop
      vertex   -4.518739e+01 -2.353417e+01 7.424817e+00
      vertex   -4.518739e+01 -1.446590e+01 7.424817e+00
      vertex   -4.518739e+01 -2.400005e+01 7.486150e+00
    endloop
  endfacet
  facet normal 1.000000e+00 -0.000000e+00 0.000000e+00
    outer loop
      vertex   -4.518739e+01 -2.400005e+01 7.486150e+00
      vertex   -4.518739e+01 -1.446590e+01 7.424817e+00
      vertex   -4.518739e+01 -1.400003e+01 7.486150e+00
    endloop
  endfacet
  facet normal 1.000000e+00 0.000000e+00 -0.000000e+00
    outer loop
      vertex   -4.518739e+01 -2.400005e+01 7.486150e+00
      vertex   -4.518739e+01 -1.400003e+01 7.486150e+00
      vertex   -4.518739e+01 -3.134957e+01 1.728612e+01
    endloop
  endfacet
  facet normal 1.000000e+00 1.998223e-16 3.537589e-16
    outer loop
      vertex   -4.518739e+01 -3.134957e+01 1.728612e+01
      vertex   -4.518739e+01 -1.400003e+01 7.486150e+00
      vertex   -4.518739e+01 -6.773113e+00 2.348950e+01
    endloop
  endfacet
  facet normal 1.000000e+00 -8.505326e-17 1.482373e-15
    outer loop
      vertex   -4.518739e+01 -3.134957e+01 1.728612e+01
      vertex   -4.518739e+01 -6.773113e+00 2.348950e+01
      vertex   -4.518739e+01 -4.655918e+01 2.600000e+01
    endloop
  endfacet
  facet normal 1.000000e+00 -1.057557e-16 1.154283e-15
    outer loop
      vertex   -4.518739e+01 -4.655918e+01 2.600000e+01
      vertex   -4.518739e+01 -6.773113e+00 2.348950e+01
      vertex   -4.518739e+01 2.062799e+01 2.600000e+01
    endloop
  endfacet
  facet normal 1.000000e+00 0.000000e+00 0.000000e+00
    outer loop
      vertex   -4.518739e+01 2.062799e+01 2.600000e+01
      vertex   -4.518739e+01 -6.773113e+00 2.348950e+01
      vertex   -4.518739e+01 1.457997e+01 2.348950e+01
    endloop
  endfacet
  facet normal 1.000000e+00 0.000000e+00 0.000000e+00
    outer loop
      vertex   -4.518739e+01 2.062799e+01 2.600000e+01
      vertex   -4.518739e+01 1.457997e+01 2.348950e+01
      vertex   -4.518739e+01 2.062799e+01 1.586157e+00
    endloop
  endfacet
  facet normal 1.000000e+00 0.000000e+00 0.000000e+00
    outer loop
      vertex   -4.518739e+01 2.062799e+01 1.586157e+00
      vertex   -4.518739e+01 1.457997e+01 2.348950e+01
      vertex   -4.518739e+01 1.457997e+01 1.586157e+00
    endloop
  endfacet
  facet normal 1.000000e+00 5.517302e-17 4.190807e-16
    outer loop
      vertex   -4.518739e+01 -1.400003e+01 7.486150e+00
      vertex   -4.518739e+01 -1.353415e+01 7.424817e+00
      vertex   -4.518739e+01 -6.773113e+00 2.348950e+01
    endloop
  endfacet
  facet normal 1.000000e+00 1.560102e-16 3.766420e-16
    outer loop
      vertex   -4.518739e+01 -6.773113e+00 2.348950e+01
      vertex   -4.518739e+01 -1.353415e+01 7.424817e+00
      vertex   -4.518739e+01 -1.310003e+01 7.244996e+00
    endloop
  endfacet
  facet normal 1.000000e+00 2.584058e-16 3.367609e-16
    outer loop
      vertex   -4.518739e+01 -6.773113e+00 2.348950e+01
      vertex   -4.518739e+01 -1.310003e+01 7.244996e+00
      vertex   -4.518739e+01 -1.272724e+01 6.958942e+00
    endloop
  endfacet
  facet normal 1.000000e+00 3.812238e-16 2.925233e-16
    outer loop
      vertex   -4.518739e+01 -1.272724e+01 6.958942e+00
      vertex   -4.518739e+01 -1.244118e+01 6.586150e+00
      vertex   -4.518739e+01 -6.773113e+00 2.348950e+01
    endloop
  endfacet
  facet normal 1.000000e+00 1.253589e-15 0.000000e+00
    outer loop
      vertex   -4.518739e+01 -6.773113e+00 2.348950e+01
      vertex   -4.518739e+01 -1.244118e+01 6.586150e+00
      vertex   -4.518739e+01 -6.773113e+00 1.586157e+00
    endloop
  endfacet
  facet normal 1.000000e+00 1.975374e-15 8.182265e-16
    outer loop
      vertex   -4.518739e+01 -6.773113e+00 1.586157e+00
      vertex   -4.518739e+01 -1.244118e+01 6.586150e+00
      vertex   -4.518739e+01 -1.226136e+01 6.152024e+00
    endloop
  endfacet
  facet normal 1.000000e+00 -1.279528e-14 -1.693634e-14
    outer loop
      vertex   -4.518739e+01 -6.773113e+00 1.586157e+00
      vertex   -4.518739e+01 -1.226136e+01 6.152024e+00
      vertex   -4.518739e+01 -1.220003e+01 5.686150e+00
    endloop
  endfacet
  facet normal 1.000000e+00 1.309294e-15 1.733034e-15
    outer loop
      vertex   -4.518739e+01 -1.220003e+01 5.686150e+00
      vertex   -4.518739e+01 -1.220003e+01 1.586157e+00
      vertex   -4.518739e+01 -6.773113e+00 1.586157e+00
    endloop
  endfacet
  facet normal 1.000000e+00 0.000000e+00 1.630829e-15
    outer loop
      vertex   -4.518739e+01 -3.134957e+01 1.728612e+01
      vertex   -4.518739e+01 -4.655918e+01 2.600000e+01
      vertex   -4.518739e+01 -3.664956e+01 1.728612e+01
    endloop
  endfacet
  facet normal 1.000000e+00 -1.434047e-15 0.000000e+00
    outer loop
      vertex   -4.518739e+01 -3.664956e+01 1.728612e+01
      vertex   -4.518739e+01 -4.655918e+01 2.600000e+01
      vertex   -4.518739e+01 -4.655918e+01 1.586157e+00
    endloop
  endfacet
  facet normal 1.000000e+00 -1.434047e-15 0.000000e+00
    outer loop
      vertex   -4.518739e+01 -3.664956e+01 1.728612e+01
      vertex   -4.518739e+01 -4.655918e+01 1.586157e+00
      vertex   -4.518739e+01 -3.664956e+01 1.586157e+00
    endloop
  endfacet
  facet normal 1.000000e+00 0.000000e+00 0.000000e+00
    outer loop
      vertex   -4.518739e+01 -3.134957e+01 1.586157e+00
      vertex   -4.518739e+01 -2.555889e+01 6.586150e+00
      vertex   -4.518739e+01 -3.134957e+01 1.728612e+01
    endloop
  endfacet
  facet normal 1.000000e+00 0.000000e+00 0.000000e+00
    outer loop
      vertex   -4.518739e+01 -3.134957e+01 1.728612e+01
      vertex   -4.518739e+01 -2.555889e+01 6.586150e+00
      vertex   -4.518739e+01 -2.527284e+01 6.958942e+00
    endloop
  endfacet
  facet normal 1.000000e+00 0.000000e+00 0.000000e+00
    outer loop
      vertex   -4.518739e+01 -3.134957e+01 1.728612e+01
      vertex   -4.518739e+01 -2.527284e+01 6.958942e+00
      vertex   -4.518739e+01 -2.490005e+01 7.244996e+00
    endloop
  endfacet
  facet normal 1.000000e+00 0.000000e+00 -0.000000e+00
    outer loop
      vertex   -4.518739e+01 -2.580005e+01 1.586157e+00
      vertex   -4.518739e+01 -2.580005e+01 5.686150e+00
      vertex   -4.518739e+01 -3.134957e+01 1.586157e+00
    endloop
  endfacet
  facet normal 1.000000e+00 0.000000e+00 0.000000e+00
    outer loop
      vertex   -4.518739e+01 -3.134957e+01 1.586157e+00
      vertex   -4.518739e+01 -2.580005e+01 5.686150e+00
      vertex   -4.518739e+01 -2.573871e+01 6.152024e+00
    endloop
  endfacet
  facet normal 1.000000e+00 0.000000e+00 0.000000e+00
    outer loop
      vertex   -4.518739e+01 -3.134957e+01 1.586157e+00
      vertex   -4.518739e+01 -2.573871e+01 6.152024e+00
      vertex   -4.518739e+01 -2.555889e+01 6.586150e+00
    endloop
  endfacet
  facet normal 1.000000e+00 0.000000e+00 -0.000000e+00
    outer loop
      vertex   -4.518739e+01 -2.490005e+01 7.244996e+00
      vertex   -4.518739e+01 -2.446592e+01 7.424817e+00
      vertex   -4.518739e+01 -3.134957e+01 1.728612e+01
    endloop
  endfacet
  facet normal 1.000000e+00 0.000000e+00 0.000000e+00
    outer loop
      vertex   -4.518739e+01 -3.134957e+01 1.728612e+01
      vertex   -4.518739e+01 -2.446592e+01 7.424817e+00
      vertex   -4.518739e+01 -2.400005e+01 7.486150e+00
    endloop
  endfacet
  facet normal 0.000000e+00 0.000000e+00 -1.000000e+00
    outer loop
      vertex   4.518707e+01 1.745803e+01 2.600000e+01
      vertex   4.512293e+01 1.807736e+01 2.600000e+01
      vertex   4.518707e+01 2.062799e+01 2.600000e+01
    endloop
  endfacet
  facet normal 0.000000e+00 0.000000e+00 -1.000000e+00
    outer loop
      vertex   4.518707e+01 2.062799e+01 2.600000e+01
      vertex   4.512293e+01 1.807736e+01 2.600000e+01
      vertex   4.493959e+01 1.867240e+01 2.600000e+01
    endloop
  endfacet
  facet normal 0.000000e+00 0.000000e+00 -1.000000e+00
    outer loop
      vertex   4.518707e+01 2.062799e+01 2.600000e+01
      vertex   4.493959e+01 1.867240e+01 2.600000e+01
      vertex   4.464406e+01 1.922044e+01 2.600000e+01
    endloop
  endfacet
  facet normal 0.000000e+00 0.000000e+00 -1.000000e+00
    outer loop
      vertex   4.464406e+01 1.922044e+01 2.600000e+01
      vertex   4.424761e+01 1.970056e+01 2.600000e+01
      vertex   4.518707e+01 2.062799e+01 2.600000e+01
    endloop
  endfacet
  facet normal 0.000000e+00 0.000000e+00 -1.000000e+00
    outer loop
      vertex   4.518707e+01 2.062799e+01 2.600000e+01
      vertex   4.424761e+01 1.970056e+01 2.600000e+01
      vertex   4.376538e+01 2.009443e+01 2.600000e+01
    endloop
  endfacet
  facet normal 0.000000e+00 0.000000e+00 -1.000000e+00
    outer loop
      vertex   4.518707e+01 2.062799e+01 2.600000e+01
      vertex   4.376538e+01 2.009443e+01 2.600000e+01
      vertex   4.321576e+01 2.038702e+01 2.600000e+01
    endloop
  endfacet
  facet normal 0.000000e+00 0.000000e+00 -1.000000e+00
    outer loop
      vertex   4.321576e+01 2.038702e+01 2.600000e+01
      vertex   4.261975e+01 2.056717e+01 2.600000e+01
      vertex   4.518707e+01 2.062799e+01 2.600000e+01
    endloop
  endfacet
  facet normal 0.000000e+00 0.000000e+00 -1.000000e+00
    outer loop
      vertex   4.518707e+01 2.062799e+01 2.600000e+01
      vertex   4.261975e+01 2.056717e+01 2.600000e+01
      vertex   4.200008e+01 2.062799e+01 2.600000e+01
    endloop
  endfacet
  facet normal -9.914449e-01 1.305262e-01 0.000000e+00
    outer loop
      vertex   -4.711924e+01 2.114563e+01 2.700000e+01
      vertex   -4.711924e+01 2.114563e+01 1.852872e+01
      vertex   -4.718739e+01 2.062799e+01 2.700000e+01
    endloop
  endfacet
  facet normal -9.914449e-01 1.305262e-01 -5.491001e-17
    outer loop
      vertex   -4.718739e+01 2.062799e+01 2.700000e+01
      vertex   -4.711924e+01 2.114563e+01 1.852872e+01
      vertex   -4.711924e+01 2.114563e+01 1.005744e+01
    endloop
  endfacet
  facet normal -9.914449e-01 1.305262e-01 0.000000e+00
    outer loop
      vertex   -4.718739e+01 2.062799e+01 2.700000e+01
      vertex   -4.711924e+01 2.114563e+01 1.005744e+01
      vertex   -4.718739e+01 2.062799e+01 1.586157e+00
    endloop
  endfacet
  facet normal -9.914449e-01 1.305262e-01 1.662989e-15
    outer loop
      vertex   -4.718739e+01 2.062799e+01 1.586157e+00
      vertex   -4.711924e+01 2.114563e+01 1.005744e+01
      vertex   -4.711924e+01 2.114563e+01 1.586157e+00
    endloop
  endfacet
  facet normal -9.238795e-01 3.826834e-01 1.549839e-15
    outer loop
      vertex   -4.711924e+01 2.114563e+01 1.586157e+00
      vertex   -4.711924e+01 2.114563e+01 1.005744e+01
      vertex   -4.691944e+01 2.162799e+01 1.586157e+00
    endloop
  endfacet
  facet normal -9.238795e-01 3.826834e-01 0.000000e+00
    outer loop
      vertex   -4.691944e+01 2.162799e+01 1.586157e+00
      vertex   -4.711924e+01 2.114563e+01 1.005744e+01
      vertex   -4.691944e+01 2.162799e+01 1.005744e+01
    endloop
  endfacet
  facet normal -7.933533e-01 6.087614e-01 0.000000e+00
    outer loop
      vertex   -4.691944e+01 2.162799e+01 1.586157e+00
      vertex   -4.691944e+01 2.162799e+01 1.005744e+01
      vertex   -4.660160e+01 2.204220e+01 1.586157e+00
    endloop
  endfacet
  facet normal -7.933533e-01 6.087614e-01 0.000000e+00
    outer loop
      vertex   -4.660160e+01 2.204220e+01 1.586157e+00
      vertex   -4.691944e+01 2.162799e+01 1.005744e+01
      vertex   -4.660160e+01 2.204220e+01 1.005744e+01
    endloop
  endfacet
  facet normal -6.087614e-01 7.933533e-01 0.000000e+00
    outer loop
      vertex   -4.660160e+01 2.204220e+01 1.586157e+00
      vertex   -4.660160e+01 2.204220e+01 1.005744e+01
      vertex   -4.618739e+01 2.236004e+01 1.586157e+00
    endloop
  endfacet
  facet normal -6.087614e-01 7.933533e-01 0.000000e+00
    outer loop
      vertex   -4.618739e+01 2.236004e+01 1.586157e+00
      vertex   -4.660160e+01 2.204220e+01 1.005744e+01
      vertex   -4.618739e+01 2.236004e+01 1.005744e+01
    endloop
  endfacet
  facet normal -3.826834e-01 9.238795e-01 0.000000e+00
    outer loop
      vertex   -4.618739e+01 2.236004e+01 1.586157e+00
      vertex   -4.618739e+01 2.236004e+01 1.005744e+01
      vertex   -4.570503e+01 2.255984e+01 1.586157e+00
    endloop
  endfacet
  facet normal -3.826834e-01 9.238795e-01 0.000000e+00
    outer loop
      vertex   -4.570503e+01 2.255984e+01 1.586157e+00
      vertex   -4.618739e+01 2.236004e+01 1.005744e+01
      vertex   -4.570503e+01 2.255984e+01 1.005744e+01
    endloop
  endfacet
  facet normal -1.305262e-01 9.914449e-01 0.000000e+00
    outer loop
      vertex   -4.570503e+01 2.255984e+01 1.586157e+00
      vertex   -4.570503e+01 2.255984e+01 1.005744e+01
      vertex   -4.518739e+01 2.262799e+01 1.586157e+00
    endloop
  endfacet
  facet normal -1.305262e-01 9.914449e-01 0.000000e+00
    outer loop
      vertex   -4.518739e+01 2.262799e+01 1.586157e+00
      vertex   -4.570503e+01 2.255984e+01 1.005744e+01
      vertex   -4.570503e+01 2.255984e+01 1.852872e+01
    endloop
  endfacet
  facet normal -1.305262e-01 9.914449e-01 0.000000e+00
    outer loop
      vertex   -4.518739e+01 2.262799e+01 1.586157e+00
      vertex   -4.570503e+01 2.255984e+01 1.852872e+01
      vertex   -4.518739e+01 2.262799e+01 2.700000e+01
    endloop
  endfacet
  facet normal -1.305262e-01 9.914449e-01 4.157472e-16
    outer loop
      vertex   -4.518739e+01 2.262799e+01 2.700000e+01
      vertex   -4.570503e+01 2.255984e+01 1.852872e+01
      vertex   -4.570503e+01 2.255984e+01 2.700000e+01
    endloop
  endfacet
  facet normal -3.826834e-01 9.238795e-01 3.874596e-16
    outer loop
      vertex   -4.570503e+01 2.255984e+01 2.700000e+01
      vertex   -4.570503e+01 2.255984e+01 1.852872e+01
      vertex   -4.618739e+01 2.236004e+01 2.700000e+01
    endloop
  endfacet
  facet normal -3.826834e-01 9.238795e-01 0.000000e+00
    outer loop
      vertex   -4.618739e+01 2.236004e+01 2.700000e+01
      vertex   -4.570503e+01 2.255984e+01 1.852872e+01
      vertex   -4.618739e+01 2.236004e+01 1.852872e+01
    endloop
  endfacet
  facet normal -6.087614e-01 7.933533e-01 0.000000e+00
    outer loop
      vertex   -4.618739e+01 2.236004e+01 2.700000e+01
      vertex   -4.618739e+01 2.236004e+01 1.852872e+01
      vertex   -4.660160e+01 2.204220e+01 2.700000e+01
    endloop
  endfacet
  facet normal -6.087614e-01 7.933533e-01 0.000000e+00
    outer loop
      vertex   -4.660160e+01 2.204220e+01 2.700000e+01
      vertex   -4.618739e+01 2.236004e+01 1.852872e+01
      vertex   -4.660160e+01 2.204220e+01 1.852872e+01
    endloop
  endfacet
  facet normal -7.933533e-01 6.087614e-01 0.000000e+00
    outer loop
      vertex   -4.660160e+01 2.204220e+01 2.700000e+01
      vertex   -4.660160e+01 2.204220e+01 1.852872e+01
      vertex   -4.691944e+01 2.162799e+01 2.700000e+01
    endloop
  endfacet
  facet normal -7.933533e-01 6.087614e-01 0.000000e+00
    outer loop
      vertex   -4.691944e+01 2.162799e+01 2.700000e+01
      vertex   -4.660160e+01 2.204220e+01 1.852872e+01
      vertex   -4.691944e+01 2.162799e+01 1.852872e+01
    endloop
  endfacet
  facet normal -9.238795e-01 3.826834e-01 0.000000e+00
    outer loop
      vertex   -4.691944e+01 2.162799e+01 2.700000e+01
      vertex   -4.691944e+01 2.162799e+01 1.852872e+01
      vertex   -4.711924e+01 2.114563e+01 2.700000e+01
    endloop
  endfacet
  facet normal -9.238795e-01 3.826834e-01 0.000000e+00
    outer loop
      vertex   -4.711924e+01 2.114563e+01 2.700000e+01
      vertex   -4.691944e+01 2.162799e+01 1.852872e+01
      vertex   -4.711924e+01 2.114563e+01 1.852872e+01
    endloop
  endfacet
  facet normal -9.238795e-01 3.826834e-01 -1.600235e-16
    outer loop
      vertex   -4.691944e+01 2.162799e+01 1.005744e+01
      vertex   -4.711924e+01 2.114563e+01 1.005744e+01
      vertex   -4.711924e+01 2.114563e+01 1.852872e+01
    endloop
  endfacet
  facet normal -9.238795e-01 3.826834e-01 0.000000e+00
    outer loop
      vertex   -4.691944e+01 2.162799e+01 1.005744e+01
      vertex   -4.711924e+01 2.114563e+01 1.852872e+01
      vertex   -4.691944e+01 2.162799e+01 1.852872e+01
    endloop
  endfacet
  facet normal -7.933533e-01 6.087614e-01 0.000000e+00
    outer loop
      vertex   -4.660160e+01 2.204220e+01 1.005744e+01
      vertex   -4.691944e+01 2.162799e+01 1.005744e+01
      vertex   -4.691944e+01 2.162799e+01 1.852872e+01
    endloop
  endfacet
  facet normal -7.933533e-01 6.087614e-01 0.000000e+00
    outer loop
      vertex   -4.660160e+01 2.204220e+01 1.005744e+01
      vertex   -4.691944e+01 2.162799e+01 1.852872e+01
      vertex   -4.660160e+01 2.204220e+01 1.852872e+01
    endloop
  endfacet
  facet normal -6.087614e-01 7.933533e-01 0.000000e+00
    outer loop
      vertex   -4.618739e+01 2.236004e+01 1.005744e+01
      vertex   -4.660160e+01 2.204220e+01 1.005744e+01
      vertex   -4.660160e+01 2.204220e+01 1.852872e+01
    endloop
  endfacet
  facet normal -6.087614e-01 7.933533e-01 -1.778896e-16
    outer loop
      vertex   -4.618739e+01 2.236004e+01 1.005744e+01
      vertex   -4.660160e+01 2.204220e+01 1.852872e+01
      vertex   -4.618739e+01 2.236004e+01 1.852872e+01
    endloop
  endfacet
  facet normal -3.826834e-01 9.238795e-01 6.589202e-17
    outer loop
      vertex   -4.570503e+01 2.255984e+01 1.005744e+01
      vertex   -4.618739e+01 2.236004e+01 1.005744e+01
      vertex   -4.618739e+01 2.236004e+01 1.852872e+01
    endloop
  endfacet
  facet normal -3.826834e-01 9.238795e-01 0.000000e+00
    outer loop
      vertex   -4.570503e+01 2.255984e+01 1.005744e+01
      vertex   -4.618739e+01 2.236004e+01 1.852872e+01
      vertex   -4.570503e+01 2.255984e+01 1.852872e+01
    endloop
  endfacet
  facet normal 1.114756e-15 -1.000000e+00 0.000000e+00
    outer loop
      vertex   4.200008e+01 2.062799e+01 1.586157e+00
      vertex   4.518707e+01 2.062799e+01 1.586157e+00
      vertex   4.200008e+01 2.062799e+01 2.600000e+01
    endloop
  endfacet
  facet normal 1.114756e-15 -1.000000e+00 0.000000e+00
    outer loop
      vertex   4.200008e+01 2.062799e+01 2.600000e+01
      vertex   4.518707e+01 2.062799e+01 1.586157e+00
      vertex   4.518707e+01 2.062799e+01 2.600000e+01
    endloop
  endfacet
  facet normal -3.931104e-17 1.000000e+00 0.000000e+00
    outer loop
      vertex   -4.518739e+01 2.262799e+01 2.700000e+01
      vertex   4.518707e+01 2.262799e+01 2.700000e+01
      vertex   -4.518739e+01 2.262799e+01 1.586157e+00
    endloop
  endfacet
  facet normal -3.931104e-17 1.000000e+00 0.000000e+00
    outer loop
      vertex   -4.518739e+01 2.262799e+01 1.586157e+00
      vertex   4.518707e+01 2.262799e+01 2.700000e+01
      vertex   4.518707e+01 2.262799e+01 1.586157e+00
    endloop
  endfacet
  facet normal 1.305262e-01 9.914449e-01 0.000000e+00
    outer loop
      vertex   4.570471e+01 2.255984e+01 2.700000e+01
      vertex   4.570471e+01 2.255984e+01 1.852872e+01
      vertex   4.518707e+01 2.262799e+01 2.700000e+01
    endloop
  endfacet
  facet normal 1.305262e-01 9.914449e-01 -1.098200e-16
    outer loop
      vertex   4.518707e+01 2.262799e+01 2.700000e+01
      vertex   4.570471e+01 2.255984e+01 1.852872e+01
      vertex   4.570471e+01 2.255984e+01 1.005744e+01
    endloop
  endfacet
  facet normal 1.305262e-01 9.914449e-01 0.000000e+00
    outer loop
      vertex   4.518707e+01 2.262799e+01 2.700000e+01
      vertex   4.570471e+01 2.255984e+01 1.005744e+01
      vertex   4.518707e+01 2.262799e+01 1.586157e+00
    endloop
  endfacet
  facet normal 1.305262e-01 9.914449e-01 0.000000e+00
    outer loop
      vertex   4.518707e+01 2.262799e+01 1.586157e+00
      vertex   4.570471e+01 2.255984e+01 1.005744e+01
      vertex   4.570471e+01 2.255984e+01 1.586157e+00
    endloop
  endfacet
  facet normal 3.826834e-01 9.238795e-01 -0.000000e+00
    outer loop
      vertex   4.570471e+01 2.255984e+01 1.586157e+00
      vertex   4.570471e+01 2.255984e+01 1.005744e+01
      vertex   4.618707e+01 2.236004e+01 1.586157e+00
    endloop
  endfacet
  facet normal 3.826834e-01 9.238795e-01 -0.000000e+00
    outer loop
      vertex   4.618707e+01 2.236004e+01 1.586157e+00
      vertex   4.570471e+01 2.255984e+01 1.005744e+01
      vertex   4.618707e+01 2.236004e+01 1.005744e+01
    endloop
  endfacet
  facet normal 6.087614e-01 7.933533e-01 -0.000000e+00
    outer loop
      vertex   4.618707e+01 2.236004e+01 1.586157e+00
      vertex   4.618707e+01 2.236004e+01 1.005744e+01
      vertex   4.660128e+01 2.204220e+01 1.586157e+00
    endloop
  endfacet
  facet normal 6.087614e-01 7.933533e-01 -0.000000e+00
    outer loop
      vertex   4.660128e+01 2.204220e+01 1.586157e+00
      vertex   4.618707e+01 2.236004e+01 1.005744e+01
      vertex   4.660128e+01 2.204220e+01 1.005744e+01
    endloop
  endfacet
  facet normal 7.933533e-01 6.087614e-01 -0.000000e+00
    outer loop
      vertex   4.660128e+01 2.204220e+01 1.586157e+00
      vertex   4.660128e+01 2.204220e+01 1.005744e+01
      vertex   4.691912e+01 2.162799e+01 1.586157e+00
    endloop
  endfacet
  facet normal 7.933533e-01 6.087614e-01 -0.000000e+00
    outer loop
      vertex   4.691912e+01 2.162799e+01 1.586157e+00
      vertex   4.660128e+01 2.204220e+01 1.005744e+01
      vertex   4.691912e+01 2.162799e+01 1.005744e+01
    endloop
  endfacet
  facet normal 9.238795e-01 3.826834e-01 -0.000000e+00
    outer loop
      vertex   4.691912e+01 2.162799e+01 1.586157e+00
      vertex   4.691912e+01 2.162799e+01 1.005744e+01
      vertex   4.711892e+01 2.114563e+01 1.586157e+00
    endloop
  endfacet
  facet normal 9.238795e-01 3.826834e-01 -0.000000e+00
    outer loop
      vertex   4.711892e+01 2.114563e+01 1.586157e+00
      vertex   4.691912e+01 2.162799e+01 1.005744e+01
      vertex   4.711892e+01 2.114563e+01 1.005744e+01
    endloop
  endfacet
  facet normal 9.914449e-01 1.305262e-01 -0.000000e+00
    outer loop
      vertex   4.711892e+01 2.114563e+01 1.586157e+00
      vertex   4.711892e+01 2.114563e+01 1.005744e+01
      vertex   4.718707e+01 2.062799e+01 1.586157e+00
    endloop
  endfacet
  facet normal 9.914449e-01 1.305262e-01 0.000000e+00
    outer loop
      vertex   4.718707e+01 2.062799e+01 1.586157e+00
      vertex   4.711892e+01 2.114563e+01 1.005744e+01
      vertex   4.711892e+01 2.114563e+01 1.852872e+01
    endloop
  endfacet
  facet normal 9.914449e-01 1.305262e-01 -0.000000e+00
    outer loop
      vertex   4.718707e+01 2.062799e+01 1.586157e+00
      vertex   4.711892e+01 2.114563e+01 1.852872e+01
      vertex   4.718707e+01 2.062799e+01 2.700000e+01
    endloop
  endfacet
  facet normal 9.914449e-01 1.305262e-01 -1.662989e-15
    outer loop
      vertex   4.718707e+01 2.062799e+01 2.700000e+01
      vertex   4.711892e+01 2.114563e+01 1.852872e+01
      vertex   4.711892e+01 2.114563e+01 2.700000e+01
    endloop
  endfacet
  facet normal 9.238795e-01 3.826834e-01 -1.549839e-15
    outer loop
      vertex   4.711892e+01 2.114563e+01 2.700000e+01
      vertex   4.711892e+01 2.114563e+01 1.852872e+01
      vertex   4.691912e+01 2.162799e+01 2.700000e+01
    endloop
  endfacet
  facet normal 9.238795e-01 3.826834e-01 0.000000e+00
    outer loop
      vertex   4.691912e+01 2.162799e+01 2.700000e+01
      vertex   4.711892e+01 2.114563e+01 1.852872e+01
      vertex   4.691912e+01 2.162799e+01 1.852872e+01
    endloop
  endfacet
  facet normal 7.933533e-01 6.087614e-01 0.000000e+00
    outer loop
      vertex   4.691912e+01 2.162799e+01 2.700000e+01
      vertex   4.691912e+01 2.162799e+01 1.852872e+01
      vertex   4.660128e+01 2.204220e+01 2.700000e+01
    endloop
  endfacet
  facet normal 7.933533e-01 6.087614e-01 0.000000e+00
    outer loop
      vertex   4.660128e+01 2.204220e+01 2.700000e+01
      vertex   4.691912e+01 2.162799e+01 1.852872e+01
      vertex   4.660128e+01 2.204220e+01 1.852872e+01
    endloop
  endfacet
  facet normal 6.087614e-01 7.933533e-01 0.000000e+00
    outer loop
      vertex   4.660128e+01 2.204220e+01 2.700000e+01
      vertex   4.660128e+01 2.204220e+01 1.852872e+01
      vertex   4.618707e+01 2.236004e+01 2.700000e+01
    endloop
  endfacet
  facet normal 6.087614e-01 7.933533e-01 0.000000e+00
    outer loop
      vertex   4.618707e+01 2.236004e+01 2.700000e+01
      vertex   4.660128e+01 2.204220e+01 1.852872e+01
      vertex   4.618707e+01 2.236004e+01 1.852872e+01
    endloop
  endfacet
  facet normal 3.826834e-01 9.238795e-01 0.000000e+00
    outer loop
      vertex   4.618707e+01 2.236004e+01 2.700000e+01
      vertex   4.618707e+01 2.236004e+01 1.852872e+01
      vertex   4.570471e+01 2.255984e+01 2.700000e+01
    endloop
  endfacet
  facet normal 3.826834e-01 9.238795e-01 0.000000e+00
    outer loop
      vertex   4.570471e+01 2.255984e+01 2.700000e+01
      vertex   4.618707e+01 2.236004e+01 1.852872e+01
      vertex   4.570471e+01 2.255984e+01 1.852872e+01
    endloop
  endfacet
  facet normal 3.826834e-01 9.238795e-01 -3.200469e-16
    outer loop
      vertex   4.618707e+01 2.236004e+01 1.005744e+01
      vertex   4.570471e+01 2.255984e+01 1.005744e+01
      vertex   4.570471e+01 2.255984e+01 1.852872e+01
    endloop
  endfacet
  facet normal 3.826834e-01 9.238795e-01 -0.000000e+00
    outer loop
      vertex   4.618707e+01 2.236004e+01 1.005744e+01
      vertex   4.570471e+01 2.255984e+01 1.852872e+01
      vertex   4.618707e+01 2.236004e+01 1.852872e+01
    endloop
  endfacet
  facet normal 6.087614e-01 7.933533e-01 0.000000e+00
    outer loop
      vertex   4.660128e+01 2.204220e+01 1.005744e+01
      vertex   4.618707e+01 2.236004e+01 1.005744e+01
      vertex   4.618707e+01 2.236004e+01 1.852872e+01
    endloop
  endfacet
  facet normal 6.087614e-01 7.933533e-01 -0.000000e+00
    outer loop
      vertex   4.660128e+01 2.204220e+01 1.005744e+01
      vertex   4.618707e+01 2.236004e+01 1.852872e+01
      vertex   4.660128e+01 2.204220e+01 1.852872e+01
    endloop
  endfacet
  facet normal 7.933533e-01 6.087614e-01 0.000000e+00
    outer loop
      vertex   4.691912e+01 2.162799e+01 1.005744e+01
      vertex   4.660128e+01 2.204220e+01 1.005744e+01
      vertex   4.660128e+01 2.204220e+01 1.852872e+01
    endloop
  endfacet
  facet normal 7.933533e-01 6.087614e-01 -0.000000e+00
    outer loop
      vertex   4.691912e+01 2.162799e+01 1.005744e+01
      vertex   4.660128e+01 2.204220e+01 1.852872e+01
      vertex   4.691912e+01 2.162799e+01 1.852872e+01
    endloop
  endfacet
  facet normal 9.238795e-01 3.826834e-01 0.000000e+00
    outer loop
      vertex   4.711892e+01 2.114563e+01 1.005744e+01
      vertex   4.691912e+01 2.162799e+01 1.005744e+01
      vertex   4.691912e+01 2.162799e+01 1.852872e+01
    endloop
  endfacet
  facet normal 9.238795e-01 3.826834e-01 -0.000000e+00
    outer loop
      vertex   4.711892e+01 2.114563e+01 1.005744e+01
      vertex   4.691912e+01 2.162799e+01 1.852872e+01
      vertex   4.711892e+01 2.114563e+01 1.852872e+01
    endloop
  endfacet
endsolid
